time,pm2_5,pm10,carbon_monoxide,nitrogen_dioxide,sulphur_dioxide,ozone,us_aqi,european_aqi,dust,ammonia,temperature_2m,relative_humidity_2m,apparent_temperature,precipitation,rain,surface_pressure,wind_speed_10m,wind_direction_10m,weather_code,boundary_layer_height
2025-10-01T00:00,41.6,79.2,1012.0,42.7,27.4,38.0,120,55,78.0,,28.8,72,33.4,0.0,0.0,979.2,7.0,212,2,40.0
2025-10-01T01:00,41.3,70.8,805.0,43.3,26.3,35.0,119,55,61.0,,28.5,73,33.0,0.0,0.0,978.5,6.5,231,3,45.0
2025-10-01T02:00,41.2,66.1,640.0,44.0,25.5,31.0,118,55,48.0,,28.0,74,32.5,0.0,0.0,977.7,6.6,253,0,30.0
2025-10-01T03:00,41.0,62.4,557.0,45.6,24.7,25.0,117,55,42.0,,27.5,76,31.9,0.0,0.0,977.7,7.0,249,0,25.0
2025-10-01T04:00,41.9,62.6,515.0,47.3,24.1,19.0,118,55,40.0,,27.1,78,31.7,0.0,0.0,977.7,5.5,253,0,45.0
2025-10-01T05:00,33.4,51.1,518.0,27.4,19.1,44.0,119,51,34.0,,24.6,93,29.2,0.0,0.0,979.3,7.7,3,3,45.0
2025-10-01T06:00,35.3,47.6,606.0,28.9,22.6,47.0,118,52,25.0,,24.5,91,29.5,0.0,0.0,979.5,3.2,43,0,40.0
2025-10-01T07:00,36.4,43.9,740.0,30.6,27.7,53.0,118,52,14.0,,25.3,88,30.7,0.0,0.0,980.0,1.4,113,0,95.0
2025-10-01T08:00,34.5,38.6,807.0,30.5,32.8,65.0,118,51,8.0,,27.0,81,32.5,0.0,0.0,980.8,1.0,31,0,335.0
2025-10-01T09:00,33.4,44.1,734.0,26.7,38.3,87.0,118,51,14.0,,28.5,72,33.6,0.0,0.0,981.2,2.2,346,1,600.0
2025-10-01T10:00,33.8,49.7,593.0,20.9,43.9,115.0,118,55,26.0,,29.9,65,34.8,0.0,0.0,981.1,1.9,343,0,755.0
2025-10-01T11:00,36.8,55.8,490.0,16.1,47.0,141.0,118,71,37.0,,30.7,63,36.6,0.0,0.0,980.6,3.1,320,1,880.0
2025-10-01T12:00,40.7,65.2,467.0,12.8,45.8,165.0,118,85,46.0,,32.1,58,38.4,0.1,0.1,980.1,1.7,342,51,970.0
2025-10-01T13:00,45.8,74.5,481.0,10.5,42.1,188.0,118,108,54.0,,32.7,53,38.6,0.1,0.1,979.3,0.3,135,51,1015.0
2025-10-01T14:00,47.1,78.2,510.0,9.8,39.0,202.0,118,122,61.0,,33.5,49,38.1,0.0,0.0,978.1,1.2,63,1,1105.0
2025-10-01T15:00,48.9,85.9,553.0,11.3,37.8,204.0,119,124,68.0,,28.5,75,32.3,2.6,2.6,978.1,13.7,141,63,1050.0
2025-10-01T16:00,50.5,92.0,611.0,14.4,37.3,198.0,119,118,73.0,,27.9,76,33.2,0.0,0.0,978.0,2.2,132,1,985.0
2025-10-01T17:00,50.3,74.3,664.0,18.2,34.1,174.0,143,94,47.0,,27.8,74,32.6,0.0,0.0,977.9,3.8,329,1,285.0
2025-10-01T18:00,57.5,78.2,697.0,27.4,38.1,150.0,159,75,44.0,,28.2,74,33.4,0.0,0.0,978.2,1.9,202,1,85.0
2025-10-01T19:00,65.0,85.4,725.0,40.3,43.7,117.0,164,68,40.0,,28.2,77,33.4,0.0,0.0,979.0,4.3,156,0,75.0
2025-10-01T20:00,74.3,93.6,776.0,50.9,47.9,88.0,160,72,38.0,,28.0,79,33.7,0.0,0.0,980.3,2.7,238,0,85.0
2025-10-01T21:00,80.3,101.5,886.0,57.3,49.6,68.0,147,75,40.0,,27.9,80,33.8,0.0,0.0,980.9,2.3,176,0,100.0
2025-10-01T22:00,82.0,105.9,1019.0,61.4,49.9,53.0,126,76,45.0,,27.7,79,32.6,0.0,0.0,981.1,6.3,156,0,105.0
2025-10-01T23:00,80.1,104.3,1090.0,63.2,49.2,41.0,130,75,47.0,,26.4,83,30.8,0.0,0.0,981.3,8.5,174,0,115.0
2025-10-02T00:00,75.7,98.7,1052.0,61.5,47.2,34.0,133,73,45.0,,26.6,83,31.3,0.0,0.0,980.7,8.0,203,0,120.0
2025-10-02T01:00,70.1,92.0,953.0,57.4,44.3,32.0,137,70,42.0,,26.5,82,31.3,0.0,0.0,980.3,5.6,209,0,120.0
2025-10-02T02:00,64.3,83.8,851.0,54.7,42.1,29.0,140,67,38.0,,26.3,84,31.5,0.0,0.0,980.3,3.3,186,0,100.0
2025-10-02T03:00,60.1,76.8,740.0,55.6,40.8,23.0,142,65,35.0,,26.2,85,31.6,0.0,0.0,980.5,2.3,151,0,85.0
2025-10-02T04:00,57.7,73.3,627.0,57.7,40.3,16.0,144,64,32.0,,25.3,85,29.3,0.1,0.1,981.4,9.1,129,51,25.0
2025-10-02T05:00,35.2,43.4,587.0,22.6,20.6,68.0,146,52,16.0,,24.4,90,29.3,0.0,0.0,981.1,2.6,309,1,25.0
2025-10-02T06:00,31.8,40.0,701.0,25.1,24.6,70.0,146,50,16.0,,25.1,87,30.1,0.0,0.0,982.2,2.4,132,0,35.0
2025-10-02T07:00,34.0,42.1,889.0,28.4,30.3,73.0,146,51,16.0,,26.4,80,31.3,0.0,0.0,983.1,2.2,99,0,95.0
2025-10-02T08:00,36.7,45.9,986.0,29.1,35.4,86.0,146,52,18.0,,28.7,70,33.2,0.0,0.0,984.0,4.5,16,0,225.0
2025-10-02T09:00,39.9,58.2,900.0,24.8,39.9,115.0,146,55,22.0,,30.3,63,34.9,0.0,0.0,984.3,4.1,41,0,495.0
2025-10-02T10:00,42.8,62.2,724.0,18.0,43.9,152.0,147,76,28.0,,31.7,56,36.1,0.0,0.0,984.3,5.8,74,0,860.0
2025-10-02T11:00,40.4,57.9,572.0,12.4,45.6,185.0,147,105,34.0,,31.1,56,35.6,0.0,0.0,984.3,6.4,108,2,1080.0
2025-10-02T12:00,39.0,57.2,478.0,9.3,43.5,209.0,148,129,39.0,,32.4,51,36.4,0.0,0.0,984.1,8.5,95,1,1170.0
2025-10-02T13:00,39.3,59.6,409.0,7.6,39.1,229.0,148,149,43.0,,32.3,52,36.3,0.2,0.2,983.7,7.2,86,51,1145.0
2025-10-02T14:00,40.4,63.6,382.0,7.5,35.6,238.0,147,158,46.0,,31.6,55,35.2,0.3,0.3,982.9,7.4,93,51,800.0
2025-10-02T15:00,41.2,64.7,420.0,9.5,34.3,234.0,146,154,46.0,,31.9,54,35.6,0.0,0.0,982.4,5.4,120,1,555.0
2025-10-02T16:00,41.8,65.2,500.0,13.2,33.8,220.0,168,140,44.0,,31.5,50,34.1,0.3,0.3,982.4,8.3,132,51,510.0
2025-10-02T17:00,60.3,81.7,574.0,20.3,31.4,162.0,190,82,41.0,,28.8,73,33.6,0.1,0.1,982.5,6.2,165,51,505.0
2025-10-02T18:00,57.5,70.3,629.0,23.1,31.3,142.0,197,71,32.0,,28.0,72,32.0,0.0,0.0,983.3,8.1,155,1,95.0
2025-10-02T19:00,53.2,61.2,678.0,26.9,31.1,115.0,196,62,19.0,,27.7,73,32.3,0.0,0.0,984.1,3.6,131,3,190.0
2025-10-02T20:00,51.3,56.1,707.0,29.6,30.6,94.0,184,61,9.0,,27.8,73,32.4,0.0,0.0,984.8,4.3,92,3,230.0
2025-10-02T21:00,48.2,50.9,703.0,30.3,29.8,85.0,166,59,3.0,,27.7,75,32.1,0.0,0.0,985.8,6.5,92,2,230.0
2025-10-02T22:00,45.1,46.4,680.0,29.8,28.7,81.0,141,57,0.0,,27.3,79,31.8,0.0,0.0,986.1,7.5,105,3,245.0
2025-10-02T23:00,42.3,43.0,662.0,28.8,27.4,78.0,135,56,1.0,,27.2,87,32.6,0.0,0.0,986.3,8.0,106,0,235.0
2025-10-03T00:00,39.6,40.0,659.0,27.1,25.6,75.0,131,54,8.0,,26.5,91,32.4,0.0,0.0,986.4,4.8,119,3,245.0
2025-10-03T01:00,38.1,48.4,662.0,24.9,23.5,73.0,127,53,18.0,,26.4,90,32.1,0.0,0.0,985.7,5.3,80,1,245.0
2025-10-03T02:00,36.8,49.7,667.0,23.4,21.7,70.0,124,52,25.0,,25.9,93,31.6,0.0,0.0,985.5,5.5,71,1,255.0
2025-10-03T03:00,36.3,49.6,669.0,23.0,20.2,63.0,121,52,27.0,,25.4,94,30.5,0.0,0.0,985.5,7.6,76,0,195.0
2025-10-03T04:00,35.2,49.6,673.0,23.3,19.0,55.0,118,52,26.0,,25.0,94,30.2,0.0,0.0,985.3,5.7,79,0,215.0
2025-10-03T05:00,32.7,45.8,691.0,24.6,18.4,47.0,116,50,25.0,,25.0,94,30.1,0.0,0.0,985.6,6.3,93,0,215.0
2025-10-03T06:00,33.1,48.8,752.0,25.8,21.5,51.0,116,50,24.0,,25.1,94,30.4,0.0,0.0,985.9,4.7,81,0,195.0
2025-10-03T07:00,33.8,46.2,827.0,27.4,25.9,58.0,116,51,22.0,,25.8,89,31.1,0.0,0.0,986.6,4.3,92,0,270.0
2025-10-03T08:00,31.5,42.4,841.0,27.0,29.6,73.0,116,49,21.0,,27.4,79,32.4,0.0,0.0,987.3,4.9,88,1,400.0
2025-10-03T09:00,29.1,39.7,736.0,23.1,32.5,102.0,115,48,22.0,,29.1,68,33.5,0.0,0.0,987.6,5.2,78,1,635.0
2025-10-03T10:00,28.3,39.9,570.0,17.3,34.7,139.0,114,70,23.0,,30.5,60,34.6,0.0,0.0,987.8,5.6,73,3,860.0
2025-10-03T11:00,29.2,42.1,444.0,12.5,35.3,169.0,113,89,25.0,,31.1,56,35.5,0.0,0.0,987.9,6.0,93,2,1025.0
2025-10-03T12:00,29.6,44.1,400.0,9.5,32.8,186.0,112,106,26.0,,32.5,52,37.1,0.0,0.0,987.2,5.3,102,2,805.0
2025-10-03T13:00,29.9,45.4,395.0,7.6,28.6,194.0,111,114,27.0,,33.2,49,37.7,0.0,0.0,986.2,4.7,97,2,1090.0
2025-10-03T14:00,29.7,44.0,404.0,7.4,25.6,197.0,110,117,28.0,,33.6,48,37.3,0.0,0.0,985.1,5.2,78,1,1110.0
2025-10-03T15:00,29.8,42.1,425.0,8.9,25.0,194.0,109,114,30.0,,33.5,47,36.8,0.0,0.0,984.3,6.8,72,1,1190.0
2025-10-03T16:00,30.4,43.1,461.0,12.0,25.7,184.0,133,104,32.0,,32.5,50,35.5,0.0,0.0,983.9,8.2,71,1,220.0
2025-10-03T17:00,28.6,49.6,491.0,17.5,21.3,134.0,155,67,41.0,,31.6,55,35.4,0.0,0.0,983.8,4.9,28,1,200.0
2025-10-03T18:00,31.7,48.5,493.0,25.4,22.2,111.0,160,51,34.0,,31.1,57,35.1,0.0,0.0,984.6,4.8,45,0,95.0
2025-10-03T19:00,37.1,50.3,489.0,36.6,23.4,79.0,156,53,24.0,,30.8,59,34.9,0.0,0.0,985.0,4.7,43,0,70.0
2025-10-03T20:00,42.0,51.5,529.0,47.7,25.0,51.0,139,55,18.0,,30.3,63,34.6,0.0,0.0,985.9,4.8,53,3,55.0
2025-10-03T21:00,49.2,58.2,654.0,59.1,27.3,33.0,110,60,18.0,,29.5,67,34.2,0.0,0.0,986.2,4.1,61,0,45.0
2025-10-03T22:00,57.7,68.9,822.0,70.4,30.0,19.0,98,65,22.0,,28.8,73,34.1,0.0,0.0,986.3,2.4,73,3,35.0
2025-10-03T23:00,65.0,80.1,960.0,76.4,31.3,11.0,99,68,28.0,,29.0,74,34.6,0.0,0.0,985.6,2.8,45,3,30.0
2025-10-04T00:00,68.5,87.8,1030.0,74.1,30.3,11.0,101,69,36.0,,29.0,74,34.5,0.0,0.0,985.6,3.4,47,3,25.0
2025-10-04T01:00,65.7,89.2,1069.0,66.5,28.0,17.0,104,68,46.0,,28.0,78,32.9,0.1,0.1,985.5,7.1,135,51,25.0
2025-10-04T02:00,61.7,90.6,1114.0,58.3,26.0,24.0,107,66,55.0,,27.0,83,32.4,0.0,0.0,985.3,3.7,169,3,25.0
2025-10-04T03:00,59.6,91.5,1195.0,50.0,24.6,31.0,110,65,62.0,,26.5,85,31.9,0.0,0.0,985.1,3.2,177,3,15.0
2025-10-04T04:00,59.5,93.6,1281.0,41.1,23.5,39.0,112,65,67.0,,26.3,86,31.9,0.0,0.0,985.0,2.0,270,3,25.0
2025-10-04T05:00,65.7,86.4,1316.0,63.9,22.5,4.0,115,68,38.0,,26.8,83,32.2,0.0,0.0,985.1,2.8,325,3,35.0
2025-10-04T06:00,66.4,88.2,1276.0,57.6,23.9,23.0,118,68,47.0,,27.0,81,32.2,0.0,0.0,985.7,3.0,303,0,50.0
2025-10-04T07:00,69.2,93.4,1185.0,48.5,25.8,50.0,122,70,60.0,,27.6,76,32.6,0.0,0.0,985.9,3.1,301,0,95.0
2025-10-04T08:00,61.0,98.7,1053.0,38.7,27.3,79.0,125,66,73.0,,29.5,64,33.7,0.0,0.0,986.3,3.7,299,0,270.0
2025-10-04T09:00,53.0,86.1,848.0,27.5,28.7,112.0,128,62,78.0,,31.2,53,34.3,0.0,0.0,986.3,7.0,293,0,650.0
2025-10-04T10:00,51.0,98.3,602.0,15.5,29.7,147.0,131,74,84.0,,32.6,47,35.3,0.0,0.0,985.6,9.0,292,0,870.0
2025-10-04T11:00,50.9,108.7,422.0,6.9,29.0,172.0,133,92,114.0,,33.3,45,36.6,0.0,0.0,985.5,9.5,295,0,1100.0
2025-10-04T12:00,50.6,131.3,361.0,3.6,25.0,181.0,136,101,180.0,,34.2,40,36.8,0.0,0.0,984.2,10.7,305,0,1275.0
2025-10-04T13:00,50.8,176.5,366.0,3.7,19.2,179.0,138,99,271.0,,34.6,38,36.8,0.0,0.0,983.2,11.9,308,0,1280.0
2025-10-04T14:00,53.6,244.9,387.0,5.0,14.9,174.0,140,94,377.0,,34.6,37,35.9,0.0,0.0,982.2,12.2,313,0,1310.0
2025-10-04T15:00,61.9,330.6,410.0,7.3,13.5,166.0,142,116,511.0,,34.3,39,35.6,0.0,0.0,981.3,11.9,311,0,1285.0
2025-10-04T16:00,70.8,407.9,449.0,10.9,13.5,154.0,146,137,661.0,,33.6,42,35.0,0.0,0.0,981.1,12.2,311,0,1175.0
2025-10-04T17:00,65.2,332.5,491.0,17.1,17.6,130.0,150,117,523.0,,32.3,47,34.4,0.0,0.0,980.8,10.4,300,0,255.0
2025-10-04T18:00,72.2,359.5,536.0,21.9,18.3,114.0,151,124,549.0,,31.3,52,34.1,0.0,0.0,981.0,7.5,287,0,70.0
2025-10-04T19:00,77.8,378.1,586.0,28.5,19.2,93.0,152,129,583.0,,30.6,56,33.9,0.0,0.0,981.5,6.5,264,0,50.0
2025-10-04T20:00,81.0,389.3,631.0,33.7,20.0,76.0,153,132,598.0,,30.3,57,33.7,0.0,0.0,982.5,6.1,275,0,45.0
2025-10-04T21:00,82.4,386.5,677.0,36.3,20.7,68.0,155,131,580.0,,30.0,58,33.3,0.0,0.0,983.0,6.4,297,0,45.0
2025-10-04T22:00,82.7,369.7,719.0,37.5,21.3,66.0,156,127,543.0,,29.1,62,32.5,0.0,0.0,983.2,6.5,283,0,45.0
2025-10-04T23:00,81.3,342.7,735.0,37.7,21.6,64.0,156,119,503.0,,28.3,65,31.7,0.0,0.0,983.0,6.5,270,0,45.0
2025-10-05T00:00,78.7,316.6,703.0,36.4,21.2,64.0,157,112,464.0,,27.6,67,31.0,0.0,0.0,982.6,6.7,278,0,45.0
2025-10-05T01:00,75.9,293.4,644.0,34.1,20.5,65.0,157,106,422.0,,27.0,69,30.3,0.0,0.0,981.9,6.8,287,0,45.0
2025-10-05T02:00,73.3,271.9,605.0,32.4,19.8,64.0,157,101,380.0,,26.4,70,29.5,0.0,0.0,981.4,7.0,273,0,50.0
2025-10-05T03:00,70.8,252.4,602.0,32.1,19.3,59.0,158,95,338.0,,25.7,73,28.9,0.0,0.0,981.0,6.5,257,0,60.0
2025-10-05T04:00,68.9,231.9,618.0,32.4,18.8,52.0,158,90,297.0,,25.2,76,28.4,0.0,0.0,981.4,6.3,257,0,80.0
2025-10-05T05:00,63.1,174.6,650.0,28.8,18.9,52.0,158,75,213.0,,25.4,85,29.5,0.0,0.0,981.8,8.3,270,0,115.0
2025-10-05T06:00,62.2,164.8,725.0,29.8,19.8,55.0,158,72,205.0,,25.6,82,29.4,0.0,0.0,982.9,8.4,279,0,175.0
2025-10-05T07:00,63.8,153.7,816.0,30.9,21.0,60.0,158,69,194.0,,26.5,75,30.2,0.0,0.0,983.9,7.2,264,0,295.0
2025-10-05T08:00,61.5,159.3,840.0,29.4,22.1,75.0,158,70,188.0,,28.4,64,31.4,0.0,0.0,984.5,8.9,264,0,435.0
2025-10-05T09:00,60.8,201.2,734.0,22.9,23.0,108.0,158,82,195.0,,30.4,58,33.1,0.0,0.0,984.8,12.5,277,0,660.0
2025-10-05T10:00,60.3,201.6,562.0,13.7,23.7,150.0,158,82,207.0,,31.8,51,34.3,0.1,0.1,985.0,12.6,298,51,920.0
2025-10-05T11:00,58.0,164.8,429.0,7.0,23.6,181.0,159,101,210.0,,31.0,50,33.9,0.0,0.0,985.2,9.7,318,1,1080.0
2025-10-05T12:00,52.2,137.8,381.0,4.5,22.2,191.0,159,111,193.0,,32.2,48,36.0,0.6,0.6,984.4,5.3,325,53,1125.0
2025-10-05T13:00,46.1,118.7,372.0,4.4,20.1,190.0,159,110,166.0,,33.4,42,36.6,0.0,0.0,983.6,5.5,293,1,1145.0
2025-10-05T14:00,41.9,118.3,378.0,5.8,18.4,183.0,159,103,151.0,,33.9,37,35.7,0.0,0.0,982.4,7.0,282,1,1190.0
2025-10-05T15:00,39.0,124.8,376.0,7.8,17.4,172.0,158,92,158.0,,33.7,38,35.2,0.0,0.0,981.6,7.8,265,0,1000.0
2025-10-05T16:00,37.8,131.8,387.0,11.3,16.9,155.0,158,78,176.0,,32.9,41,34.5,0.0,0.0,981.0,8.8,258,0,890.0
2025-10-05T17:00,46.9,194.6,454.0,16.4,18.2,127.0,157,80,289.0,,32.4,44,34.5,0.0,0.0,980.7,7.3,277,0,165.0
2025-10-05T18:00,53.0,201.2,636.0,30.4,21.4,102.0,156,82,285.0,,31.1,50,34.0,0.0,0.0,981.2,4.9,278,0,25.0
2025-10-05T19:00,63.6,206.8,873.0,50.0,25.9,68.0,156,83,282.0,,30.4,57,34.2,0.0,0.0,981.8,3.3,283,0,15.0
2025-10-05T20:00,75.7,224.4,1023.0,66.7,30.8,41.0,155,88,286.0,,29.7,58,33.3,0.0,0.0,982.5,3.4,227,0,20.0
2025-10-05T21:00,88.9,256.1,1018.0,78.2,36.6,27.0,155,96,310.0,,28.9,60,32.3,0.0,0.0,983.1,4.4,218,0,30.0
2025-10-05T22:00,99.4,279.4,926.0,86.7,42.7,20.0,155,103,343.0,,28.0,68,32.3,0.0,0.0,983.5,2.6,214,0,35.0
2025-10-05T23:00,105.0,292.4,805.0,90.5,45.9,16.0,156,106,357.0,,23.7,82,25.6,0.0,0.0,985.4,14.0,223,3,45.0
2025-10-06T00:00,104.3,283.1,643.0,87.9,43.9,16.0,156,103,335.0,,22.6,90,24.7,6.9,6.9,984.8,14.3,329,63,40.0
2025-10-06T01:00,97.6,248.7,452.0,80.6,39.0,19.0,157,94,296.0,,22.8,91,26.4,0.0,0.0,984.9,6.2,253,2,40.0
2025-10-06T02:00,82.9,222.1,326.0,72.1,34.6,23.0,158,87,264.0,,22.8,92,27.0,0.1,0.1,984.7,2.4,17,51,50.0
2025-10-06T03:00,75.0,210.9,305.0,62.1,31.9,27.0,158,84,253.0,,22.9,91,27.4,0.2,0.2,984.4,0.2,270,51,105.0
2025-10-06T04:00,71.0,201.6,349.0,50.8,29.7,33.0,158,82,251.0,,22.8,91,27.0,0.0,0.0,983.7,1.9,73,2,95.0
2025-10-06T05:00,55.8,164.8,427.0,20.8,16.8,55.0,158,72,208.0,,24.2,83,28.4,0.0,0.0,983.6,1.4,130,0,130.0
2025-10-06T06:00,50.5,135.5,556.0,23.9,18.3,58.0,158,64,196.0,,24.3,83,28.6,0.0,0.0,984.5,1.3,352,0,140.0
2025-10-06T07:00,54.4,127.6,719.0,28.0,20.4,62.0,158,62,177.0,,25.0,76,28.9,0.0,0.0,984.7,1.7,72,3,140.0
2025-10-06T08:00,53.2,133.6,836.0,30.0,22.6,70.0,157,64,155.0,,26.1,70,29.4,0.0,0.0,985.3,4.1,157,3,225.0
2025-10-06T09:00,45.4,108.0,872.0,28.0,24.8,84.0,157,57,122.0,,26.1,70,29.5,0.0,0.0,985.7,3.5,192,3,250.0
2025-10-06T10:00,38.1,85.0,863.0,23.8,27.0,102.0,157,53,86.0,,27.0,67,30.2,0.0,0.0,986.0,5.1,228,3,430.0
2025-10-06T11:00,34.1,68.7,830.0,20.2,29.2,120.0,156,60,66.0,,29.2,52,30.9,0.0,0.0,986.4,9.3,209,3,655.0
2025-10-06T12:00,34.6,67.1,763.0,17.7,31.8,139.0,155,70,75.0,,25.5,73,28.9,1.3,1.3,985.7,4.9,274,61,560.0
2025-10-06T13:00,35.3,83.8,674.0,15.7,34.2,157.0,155,79,101.0,,24.8,81,28.3,1.8,1.8,986.0,7.1,285,61,400.0
2025-10-06T14:00,37.8,104.5,616.0,15.0,35.2,167.0,155,87,129.0,,23.5,93,27.5,2.4,2.4,984.9,7.2,295,61,430.0
2025-10-06T15:00,40.7,128.5,601.0,16.1,33.5,163.0,154,83,165.0,,24.5,86,28.2,0.7,0.7,984.4,7.8,296,53,335.0
2025-10-06T16:00,44.2,150.9,617.0,18.5,30.3,150.0,154,75,203.0,,24.3,86,28.2,1.1,1.1,983.7,5.8,64,55,275.0
2025-10-06T17:00,39.9,83.4,688.0,27.8,34.1,113.0,155,54,83.0,,23.6,90,27.1,0.1,0.1,983.5,9.5,65,51,260.0
2025-10-06T18:00,41.2,62.4,879.0,30.9,36.4,100.0,154,55,66.0,,22.7,95,26.3,0.0,0.0,984.2,8.1,65,3,205.0
2025-10-06T19:00,42.5,59.1,1126.0,35.1,39.5,82.0,154,56,43.0,,22.7,94,26.1,0.0,0.0,984.6,8.5,83,3,165.0
2025-10-06T20:00,45.3,58.3,1253.0,38.2,41.0,67.0,153,57,25.0,,22.6,94,26.2,0.0,0.0,985.1,7.5,101,1,150.0
2025-10-06T21:00,44.6,54.2,1163.0,39.5,39.9,57.0,153,57,16.0,,22.4,96,25.9,0.0,0.0,985.3,8.4,115,3,115.0
2025-10-06T22:00,45.5,52.6,954.0,39.6,37.2,51.0,151,57,13.0,,22.3,96,25.7,0.0,0.0,985.5,8.7,124,1,110.0
2025-10-06T23:00,43.5,48.8,748.0,38.3,34.2,47.0,149,56,10.0,,22.6,96,26.6,0.0,0.0,985.6,6.6,99,3,135.0
2025-10-07T00:00,37.8,42.1,563.0,34.5,30.9,47.0,142,53,7.0,,22.7,96,26.6,0.0,0.0,985.3,6.4,115,2,155.0
2025-10-07T01:00,31.9,35.2,380.0,29.3,27.4,50.0,135,50,6.0,,22.1,97,26.6,0.0,0.0,984.9,1.5,83,1,150.0
2025-10-07T02:00,28.6,31.4,267.0,25.7,24.6,52.0,128,48,5.0,,21.7,98,26.0,0.0,0.0,984.7,1.4,50,3,170.0
2025-10-07T03:00,27.1,29.2,268.0,25.0,22.8,49.0,123,47,4.0,,22.1,98,26.1,0.0,0.0,984.5,5.0,92,3,175.0
2025-10-07T04:00,27.2,29.1,338.0,25.8,21.8,45.0,118,47,3.0,,22.3,96,26.1,0.4,0.4,983.9,6.0,136,51,95.0
2025-10-07T05:00,16.9,18.6,407.0,14.6,11.3,72.0,113,41,3.0,,22.1,97,25.8,0.0,0.0,984.0,7.2,155,3,85.0
2025-10-07T06:00,17.4,19.0,467.0,17.3,12.4,71.0,109,41,3.0,,22.0,98,25.6,0.2,0.2,984.4,7.7,152,51,95.0
2025-10-07T07:00,17.9,19.3,527.0,20.9,14.1,69.0,106,42,2.0,,22.5,92,25.8,0.5,0.5,985.7,7.9,197,53,125.0
2025-10-07T08:00,15.9,17.0,544.0,22.6,16.2,71.0,102,41,2.0,,23.1,90,26.2,0.3,0.3,986.0,9.8,160,51,195.0
2025-10-07T09:00,12.9,14.0,483.0,20.4,19.1,80.0,99,36,1.0,,24.3,85,27.8,0.1,0.1,986.3,8.5,153,51,415.0
2025-10-07T10:00,12.1,14.1,379.0,16.3,22.4,92.0,96,36,1.0,,25.6,80,29.1,0.1,0.1,986.6,9.0,154,51,680.0
2025-10-07T11:00,13.6,16.5,301.0,13.3,24.7,102.0,94,42,5.0,,26.9,68,30.2,0.1,0.1,986.4,6.6,163,51,920.0
2025-10-07T12:00,13.6,19.8,254.0,12.1,25.3,109.0,92,49,16.0,,27.5,67,31.6,0.0,0.0,985.7,5.4,174,1,1030.0
2025-10-07T13:00,16.1,30.4,232.0,11.9,24.9,113.0,91,53,30.0,,28.2,65,32.7,0.0,0.0,985.0,4.4,161,0,730.0
2025-10-07T14:00,19.3,40.7,283.0,13.5,24.3,114.0,89,54,41.0,,28.5,63,32.2,0.0,0.0,984.2,6.4,162,3,810.0
2025-10-07T15:00,21.8,48.9,459.0,17.5,23.6,110.0,88,50,45.0,,26.3,71,29.1,0.8,0.8,983.7,9.6,98,53,590.0
2025-10-07T16:00,26.1,51.8,707.0,23.3,22.7,103.0,86,46,45.0,,25.7,74,29.2,0.0,0.0,983.7,5.5,161,2,260.0
2025-10-07T17:00,27.8,50.3,918.0,27.1,24.8,109.0,85,49,42.0,,22.3,83,24.7,2.5,2.5,984.9,6.9,307,63,225.0
2025-10-07T18:00,35.2,56.7,1068.0,33.4,26.8,95.0,84,52,39.0,,21.9,87,24.7,0.2,0.2,984.6,5.8,81,51,150.0
2025-10-07T19:00,40.4,62.4,1181.0,42.1,29.5,75.0,83,55,36.0,,21.4,92,23.9,0.0,0.0,985.4,9.5,101,0,185.0
2025-10-07T20:00,43.7,60.8,1218.0,48.9,31.4,59.0,83,56,32.0,,21.1,93,24.0,0.0,0.0,986.2,6.6,106,0,230.0
2025-10-07T21:00,41.9,55.6,1120.0,52.0,31.7,50.0,83,55,28.0,,21.0,95,24.0,0.0,0.0,986.6,6.1,67,0,185.0
2025-10-07T22:00,43.5,55.3,946.0,53.2,31.1,44.0,83,56,24.0,,20.7,96,24.2,0.0,0.0,986.7,2.3,157,0,130.0
2025-10-07T23:00,45.9,56.9,836.0,53.6,30.1,38.0,83,58,21.0,,21.0,98,24.8,0.0,0.0,986.8,3.2,133,1,85.0
2025-10-08T00:00,47.5,58.4,881.0,54.0,28.3,31.0,83,59,19.0,,21.1,98,24.8,0.0,0.0,986.5,3.2,161,0,80.0
2025-10-08T01:00,49.7,61.0,989.0,53.7,26.2,24.0,84,60,18.0,,21.1,97,24.7,0.0,0.0,986.2,3.8,225,0,90.0
2025-10-08T02:00,51.5,61.0,1028.0,51.2,25.6,22.0,85,61,18.0,,21.0,97,24.4,0.0,0.0,985.8,5.2,245,1,65.0
2025-10-08T03:00,50.2,60.1,917.0,45.0,28.0,26.0,87,60,20.0,,20.8,98,23.7,0.0,0.0,985.5,7.6,256,3,30.0
2025-10-08T04:00,49.4,60.1,737.0,36.6,31.8,34.0,89,60,24.0,,20.6,98,23.9,0.0,0.0,985.5,4.7,298,3,30.0
2025-10-08T05:00,39.1,47.6,598.0,30.2,26.6,44.0,90,54,16.0,,20.4,99,23.8,0.0,0.0,986.1,3.7,313,3,35.0
2025-10-08T06:00,40.3,49.9,552.0,29.5,33.0,47.0,92,54,20.0,,20.7,97,24.0,0.0,0.0,986.8,4.5,337,3,40.0
2025-10-08T07:00,41.1,52.6,548.0,28.3,41.8,51.0,94,55,25.0,,21.3,94,24.5,0.0,0.0,987.0,5.0,325,2,90.0
2025-10-08T08:00,37.1,52.5,543.0,26.6,47.5,59.0,96,53,29.0,,22.3,86,25.4,0.0,0.0,987.8,5.1,312,1,280.0
2025-10-08T09:00,30.6,46.7,521.0,23.8,47.6,74.0,97,49,31.0,,23.2,84,26.3,0.0,0.0,988.6,5.9,315,1,500.0
2025-10-08T10:00,29.9,47.6,498.0,20.3,44.6,93.0,99,49,32.0,,24.1,80,27.7,0.0,0.0,988.8,2.6,344,3,700.0
2025-10-08T11:00,31.8,50.2,475.0,17.4,40.9,109.0,100,50,35.0,,24.9,76,28.9,0.0,0.0,988.6,1.5,339,3,845.0
2025-10-08T12:00,34.3,55.5,436.0,15.1,36.6,120.0,102,60,42.0,,25.7,70,29.6,0.0,0.0,987.7,0.4,243,3,935.0
2025-10-08T13:00,36.1,60.5,397.0,13.3,31.5,128.0,104,64,51.0,,25.7,67,28.7,0.0,0.0,986.6,2.8,252,3,975.0
2025-10-08T14:00,38.5,68.7,410.0,13.5,27.7,131.0,106,66,58.0,,24.5,71,26.4,0.1,0.1,986.0,9.2,321,51,985.0
2025-10-08T15:00,38.6,66.6,516.0,16.4,26.0,126.0,108,63,61.0,,23.6,77,25.9,0.1,0.1,985.5,7.7,339,51,870.0
2025-10-08T16:00,38.2,62.6,675.0,21.2,25.4,115.0,110,55,61.0,,24.2,76,27.1,0.0,0.0,985.3,5.1,328,0,740.0
2025-10-08T17:00,43.1,64.5,815.0,27.6,23.3,97.0,111,56,41.0,,24.0,81,27.4,0.0,0.0,985.6,4.5,358,1,115.0
2025-10-08T18:00,47.5,60.8,921.0,32.5,24.4,84.0,113,59,32.0,,23.7,82,27.0,0.0,0.0,985.9,5.7,302,0,295.0
2025-10-08T19:00,47.8,55.9,1008.0,39.3,26.0,66.0,114,59,19.0,,23.4,82,26.5,0.0,0.0,986.5,5.5,316,0,245.0
2025-10-08T20:00,46.2,51.2,1053.0,44.4,26.7,51.0,115,58,9.0,,22.8,83,25.8,0.0,0.0,987.1,4.8,315,0,170.0
2025-10-08T21:00,45.8,49.0,1044.0,46.7,26.1,43.0,115,58,5.0,,22.0,86,25.0,0.0,0.0,987.4,3.9,338,0,125.0
2025-10-08T22:00,47.6,50.3,994.0,47.3,24.8,38.0,116,59,4.0,,21.4,88,24.5,0.0,0.0,987.8,2.9,330,0,85.0
2025-10-08T23:00,48.1,50.8,916.0,46.1,23.0,35.0,116,59,5.0,,21.8,89,25.1,0.0,0.0,988.5,4.0,309,0,155.0
2025-10-09T00:00,46.3,49.6,787.0,42.2,20.5,35.0,116,58,7.0,,22.0,89,25.2,0.0,0.0,988.7,4.7,286,0,130.0
2025-10-09T01:00,44.5,49.6,631.0,36.5,17.6,38.0,116,57,11.0,,21.7,91,24.8,0.0,0.0,988.2,5.6,287,0,130.0
2025-10-09T02:00,42.3,50.5,532.0,31.9,15.4,40.0,116,56,15.0,,21.4,92,24.6,0.0,0.0,988.1,5.0,296,0,125.0
2025-10-09T03:00,40.3,51.5,535.0,29.6,14.4,39.0,115,54,19.0,,21.1,93,24.2,0.0,0.0,988.3,4.4,300,0,120.0
2025-10-09T04:00,39.1,51.9,595.0,28.5,14.2,38.0,114,54,22.0,,20.7,94,23.8,0.0,0.0,988.5,4.1,311,0,125.0
2025-10-09T05:00,35.3,48.7,663.0,24.0,14.7,47.0,113,52,25.0,,20.6,92,23.4,0.0,0.0,988.8,4.7,286,0,110.0
2025-10-09T06:00,37.8,48.0,747.0,25.0,16.5,51.0,112,53,22.0,,20.8,92,23.6,0.0,0.0,989.4,5.0,308,0,130.0
2025-10-09T07:00,41.0,48.0,839.0,26.2,19.0,59.0,112,55,17.0,,21.4,91,24.4,0.0,0.0,989.8,5.6,310,0,195.0
2025-10-09T08:00,39.0,46.2,861.0,25.4,21.6,72.0,112,54,14.0,,22.7,88,26.2,0.0,0.0,990.4,5.1,315,0,285.0
2025-10-09T09:00,33.8,57.4,754.0,20.8,24.7,98.0,112,51,10.0,,24.2,83,27.5,0.1,0.1,990.9,7.4,347,51,560.0
2025-10-09T10:00,25.1,31.8,577.0,14.2,27.8,130.0,113,65,7.0,,25.0,78,28.0,0.2,0.2,990.7,8.7,353,51,560.0
2025-10-09T11:00,24.7,31.7,435.0,9.1,29.2,154.0,112,77,13.0,,26.4,68,29.6,0.1,0.1,990.3,8.7,315,51,880.0
2025-10-09T12:00,25.5,34.2,355.0,6.5,27.3,166.0,111,86,31.0,,27.5,58,30.3,0.0,0.0,989.6,8.5,318,1,1195.0
2025-10-09T13:00,26.4,43.5,311.0,5.4,23.7,170.0,110,90,57.0,,28.2,50,30.2,0.0,0.0,988.9,7.7,323,0,1485.0
2025-10-09T14:00,29.5,75.0,324.0,6.5,21.0,168.0,109,88,87.0,,28.2,49,29.5,0.0,0.0,987.8,8.3,316,0,1660.0
2025-10-09T15:00,31.1,91.7,428.0,10.9,20.4,161.0,108,81,116.0,,28.0,49,28.9,0.0,0.0,987.2,8.4,318,0,1610.0
2025-10-09T16:00,33.1,117.8,590.0,17.5,20.8,147.0,108,74,150.0,,27.4,53,28.8,0.0,0.0,987.0,7.1,319,0,1425.0
2025-10-09T17:00,32.7,136.0,737.0,24.7,20.7,118.0,120,64,197.0,,26.3,61,28.2,0.0,0.0,986.7,6.8,287,0,300.0
2025-10-09T18:00,44.5,172.8,862.0,30.2,21.6,103.0,125,74,276.0,,24.6,66,26.4,0.0,0.0,987.0,6.6,292,0,175.0
2025-10-09T19:00,53.8,236.6,972.0,37.5,22.7,82.0,119,91,388.0,,23.8,68,25.4,0.0,0.0,987.6,7.5,285,0,170.0
2025-10-09T20:00,63.1,323.2,1014.0,41.7,23.1,67.0,106,114,490.0,,23.1,69,24.4,0.0,0.0,988.0,8.6,285,0,200.0
2025-10-09T21:00,72.6,407.9,942.0,39.9,22.0,63.0,108,137,584.0,,22.5,70,23.6,0.0,0.0,987.9,8.6,286,0,185.0
2025-10-09T22:00,79.4,456.3,803.0,34.9,20.1,65.0,111,150,668.0,,21.8,73,23.0,0.0,0.0,988.0,7.8,296,0,170.0
2025-10-09T23:00,81.3,452.6,677.0,30.0,18.3,68.0,114,149,699.0,,21.8,79,23.4,0.0,0.0,988.2,7.9,294,0,170.0
2025-10-10T00:00,78.5,416.3,588.0,25.6,16.8,71.0,118,139,640.0,,21.5,80,23.2,0.0,0.0,988.1,7.4,292,0,160.0
2025-10-10T01:00,72.9,359.5,513.0,21.3,15.4,75.0,121,124,528.0,,21.0,81,22.8,0.0,0.0,987.8,6.7,289,0,140.0
2025-10-10T02:00,65.4,291.5,468.0,18.5,14.6,77.0,124,106,423.0,,20.6,82,22.4,0.0,0.0,987.4,6.1,293,0,125.0
2025-10-10T03:00,58.6,231.0,450.0,17.8,14.5,74.0,126,90,342.0,,20.1,83,21.8,0.0,0.0,987.1,5.6,285,0,110.0
2025-10-10T04:00,53.9,189.1,462.0,18.7,15.0,69.0,128,78,268.0,,19.5,85,21.1,0.0,0.0,987.0,5.2,274,0,90.0
2025-10-10T05:00,49.9,161.1,531.0,19.5,15.2,68.0,130,71,206.0,,19.4,89,21.4,0.0,0.0,987.5,5.1,280,0,85.0
2025-10-10T06:00,49.5,139.2,728.0,23.3,16.7,66.0,131,65,189.0,,19.5,89,21.6,0.0,0.0,987.7,4.6,283,0,85.0
2025-10-10T07:00,52.2,124.8,980.0,28.1,18.9,64.0,133,61,165.0,,20.5,86,22.5,0.0,0.0,988.1,6.1,282,0,115.0
2025-10-10T08:00,50.2,125.7,1101.0,29.6,21.4,73.0,134,62,141.0,,22.1,81,24.7,0.0,0.0,988.9,4.2,280,0,175.0
2025-10-10T09:00,44.4,107.8,962.0,24.3,24.6,102.0,135,57,118.0,,24.0,75,26.8,0.0,0.0,989.2,4.4,279,0,285.0
2025-10-10T10:00,35.4,82.9,692.0,15.6,28.0,142.0,136,71,96.0,,25.7,65,28.5,0.0,0.0,989.1,5.2,290,0,835.0
2025-10-10T11:00,31.7,74.7,481.0,8.9,29.9,172.0,137,92,83.0,,27.0,56,29.9,0.0,0.0,989.2,5.6,297,0,1180.0
2025-10-10T12:00,31.3,76.6,390.0,5.6,28.8,186.0,138,106,85.0,,27.8,51,30.7,0.0,0.0,988.6,4.8,299,0,1435.0
2025-10-10T13:00,31.7,81.5,360.0,4.3,26.2,190.0,138,110,96.0,,28.3,46,30.6,0.0,0.0,987.8,4.7,302,0,1650.0
2025-10-10T14:00,32.0,86.1,404.0,6.2,24.1,186.0,139,106,105.0,,28.5,43,29.8,0.0,0.0,986.8,5.0,305,0,1700.0
2025-10-10T15:00,32.1,92.0,564.0,12.8,23.4,172.0,139,92,107.0,,28.4,43,29.0,0.0,0.0,986.3,5.4,307,0,1705.0
2025-10-10T16:00,32.6,98.5,798.0,22.6,23.3,149.0,139,75,108.0,,27.8,48,29.0,0.0,0.0,986.2,4.7,310,0,1675.0
2025-10-10T17:00,40.7,88.0,996.0,35.0,24.6,122.0,143,61,91.0,,26.3,55,27.8,0.0,0.0,986.3,5.0,311,0,200.0
2025-10-10T18:00,53.0,102.7,1097.0,45.3,26.5,102.0,147,62,95.0,,24.4,61,25.7,0.0,0.0,986.3,5.7,314,0,145.0
2025-10-10T19:00,58.8,109.0,1161.0,59.4,29.1,73.0,141,64,101.0,,23.3,67,24.9,0.0,0.0,986.6,5.1,318,0,90.0
2025-10-10T20:00,59.1,116.9,1257.0,68.5,30.7,52.0,142,65,110.0,,23.0,66,24.8,0.0,0.0,986.7,2.7,337,0,40.0
2025-10-10T21:00,60.3,125.7,1462.0,68.1,30.6,45.0,141,65,124.0,,22.5,68,24.3,0.0,0.0,986.8,2.2,346,0,30.0
2025-10-10T22:00,60.1,134.1,1698.0,62.8,29.6,45.0,140,65,140.0,,22.4,67,24.4,0.0,0.0,986.9,0.5,225,0,10.0
2025-10-10T23:00,60.8,141.6,1804.0,57.5,28.2,45.0,138,66,151.0,,21.8,73,24.0,0.0,0.0,986.9,1.0,248,0,15.0
2025-10-11T00:00,60.5,144.8,1669.0,53.6,26.5,44.0,136,67,154.0,,21.4,74,23.5,0.0,0.0,986.9,1.5,256,0,15.0
2025-10-11T01:00,59.5,143.0,1404.0,49.6,24.4,43.0,134,66,152.0,,20.5,79,22.4,0.0,0.0,986.5,3.2,270,0,25.0
2025-10-11T02:00,57.6,136.9,1176.0,46.1,22.7,43.0,132,65,146.0,,19.9,82,21.6,0.0,0.0,986.4,4.1,257,0,35.0
2025-10-11T03:00,55.6,128.1,1023.0,43.1,21.3,41.0,132,63,135.0,,19.6,82,21.1,0.0,0.0,986.3,4.4,249,0,40.0
2025-10-11T04:00,54.6,119.2,907.0,40.6,20.2,40.0,131,62,120.0,,19.2,83,20.7,0.0,0.0,986.4,4.5,256,0,45.0
2025-10-11T05:00,59.5,132.7,885.0,43.4,20.8,37.0,131,65,134.0,,19.4,88,21.2,0.0,0.0,986.9,5.0,268,0,65.0
2025-10-11T06:00,61.0,115.0,1063.0,43.7,21.8,43.0,132,66,108.0,,19.9,85,21.7,0.0,0.0,987.4,5.1,276,0,75.0
2025-10-11T07:00,62.9,98.0,1334.0,43.7,23.3,54.0,134,66,73.0,,20.8,83,22.6,0.0,0.0,988.0,6.4,278,0,90.0
2025-10-11T08:00,55.8,82.0,1434.0,40.5,25.0,71.0,135,63,50.0,,22.7,78,25.3,0.0,0.0,988.8,4.0,278,0,135.0
2025-10-11T09:00,39.7,65.9,1182.0,30.9,27.5,102.0,135,54,50.0,,25.0,68,27.5,0.0,0.0,989.2,4.7,286,0,305.0
2025-10-11T10:00,32.5,64.3,759.0,18.1,30.1,141.0,135,71,61.0,,26.6,58,28.8,0.0,0.0,989.2,6.0,299,1,1085.0
2025-10-11T11:00,30.0,66.6,439.0,8.6,31.3,169.0,135,89,70.0,,27.2,53,28.7,0.0,0.0,989.0,6.7,279,0,1400.0
2025-10-11T12:00,29.5,64.3,335.0,4.7,29.5,181.0,134,101,70.0,,28.0,50,30.3,0.0,0.0,988.4,6.1,293,1,1550.0
2025-10-11T13:00,29.5,64.7,334.0,4.0,26.2,183.0,134,103,69.0,,28.8,47,30.7,0.0,0.0,987.7,6.0,309,1,1780.0
2025-10-11T14:00,29.5,68.0,375.0,6.1,23.8,178.0,134,98,75.0,,29.0,44,29.8,0.0,0.0,986.9,7.3,314,1,1895.0
2025-10-11T15:00,30.2,79.4,438.0,11.5,23.2,166.0,134,86,89.0,,28.8,44,29.3,0.0,0.0,986.2,9.3,323,1,1750.0
2025-10-11T16:00,31.9,97.3,543.0,19.8,23.4,147.0,133,74,110.0,,27.9,50,28.7,0.0,0.0,986.2,9.2,327,0,1205.0
2025-10-11T17:00,37.5,146.7,686.0,23.2,22.7,126.0,136,67,209.0,,27.0,59,29.3,0.0,0.0,986.1,4.5,268,0,170.0
2025-10-11T18:00,47.8,173.7,923.0,29.8,23.4,108.0,141,74,265.0,,25.3,65,27.4,0.0,0.0,986.0,5.9,258,0,105.0
2025-10-11T19:00,55.8,225.4,1198.0,38.7,24.3,84.0,134,88,343.0,,24.4,67,26.3,0.0,0.0,986.4,6.6,257,0,125.0
2025-10-11T20:00,61.2,281.3,1341.0,44.1,24.4,66.0,132,103,417.0,,23.7,69,25.4,0.0,0.0,986.8,6.9,256,0,140.0
2025-10-11T21:00,65.7,331.6,1241.0,43.0,23.0,60.0,132,116,486.0,,23.0,70,24.5,0.0,0.0,986.8,7.1,260,0,130.0
2025-10-11T22:00,69.2,366.9,1009.0,38.4,20.8,60.0,133,126,549.0,,22.5,72,24.0,0.0,0.0,986.8,7.0,280,1,145.0
2025-10-11T23:00,70.3,378.1,804.0,33.7,18.8,61.0,134,129,581.0,,23.2,73,24.9,0.0,0.0,987.1,8.1,302,1,215.0
2025-10-12T00:00,69.2,366.9,678.0,29.5,17.3,63.0,135,126,560.0,,23.1,73,25.1,0.0,0.0,987.0,6.0,311,1,175.0
2025-10-12T01:00,67.3,340.9,579.0,25.3,16.0,66.0,136,119,508.0,,22.3,77,24.5,0.0,0.0,986.2,4.5,293,0,115.0
2025-10-12T02:00,65.0,308.3,517.0,22.2,15.2,67.0,137,110,458.0,,21.6,78,23.5,0.0,0.0,986.1,4.9,287,0,105.0
2025-10-12T03:00,62.9,279.4,492.0,20.9,15.0,64.0,137,103,421.0,,21.0,78,22.7,0.0,0.0,985.8,4.9,287,0,95.0
2025-10-12T04:00,62.6,261.7,503.0,20.8,15.4,60.0,138,98,386.0,,20.5,79,22.0,0.0,0.0,985.8,5.4,290,0,95.0
2025-10-12T05:00,70.5,299.9,561.0,20.4,16.4,61.0,139,108,429.0,,20.6,86,22.7,0.0,0.0,986.4,5.4,310,0,115.0
2025-10-12T06:00,74.0,285.9,721.0,23.8,17.8,59.0,140,104,417.0,,21.0,84,23.2,0.0,0.0,987.1,5.0,314,0,120.0
2025-10-12T07:00,78.9,255.2,926.0,28.3,19.8,58.0,142,96,397.0,,22.1,79,24.2,0.0,0.0,987.7,6.3,305,0,140.0
2025-10-12T08:00,80.3,272.9,1018.0,29.5,21.8,68.0,143,101,361.0,,23.7,75,26.4,0.0,0.0,988.3,4.2,301,0,195.0
2025-10-12T09:00,73.8,240.3,888.0,24.4,24.1,101.0,146,92,288.0,,25.6,68,28.4,0.0,0.0,988.7,4.2,301,0,315.0
2025-10-12T10:00,54.6,160.7,643.0,16.0,26.5,145.0,149,73,197.0,,27.5,59,30.3,0.0,0.0,988.4,5.3,315,0,730.0
2025-10-12T11:00,36.3,109.4,449.0,9.4,27.4,178.0,150,98,141.0,,29.0,49,31.5,0.0,0.0,988.3,6.5,304,0,1370.0
2025-10-12T12:00,33.6,109.0,367.0,6.2,25.7,190.0,151,110,145.0,,30.1,42,32.3,0.0,0.0,987.6,6.9,307,0,1715.0
2025-10-12T13:00,33.1,123.9,334.0,4.8,22.6,191.0,151,111,183.0,,30.6,39,32.1,0.0,0.0,986.7,8.5,314,0,1885.0
2025-10-12T14:00,36.2,153.7,328.0,5.6,20.5,186.0,151,106,227.0,,30.7,38,31.3,0.0,0.0,986.1,9.7,320,0,1920.0
2025-10-12T15:00,40.4,190.0,334.0,8.6,20.2,176.0,151,96,270.0,,30.3,39,30.5,0.0,0.0,985.7,9.9,325,0,1840.0
2025-10-12T16:00,44.2,217.5,367.0,13.8,20.8,159.0,151,86,318.0,,29.6,43,30.3,0.0,0.0,985.8,8.5,328,0,1690.0
2025-10-12T17:00,52.2,267.3,446.0,18.2,20.4,133.0,152,99,413.0,,28.0,48,29.0,0.0,0.0,985.6,6.5,316,0,375.0
2025-10-12T18:00,62.9,299.0,620.0,26.4,21.9,113.0,154,108,454.0,,26.3,56,27.9,0.0,0.0,986.0,5.5,302,0,200.0
2025-10-12T19:00,71.5,332.5,840.0,37.4,23.8,85.0,153,117,512.0,,25.5,61,27.3,0.0,0.0,986.4,5.5,281,0,130.0
2025-10-12T20:00,78.0,376.3,977.0,44.5,24.9,65.0,153,128,567.0,,25.0,63,26.6,0.0,0.0,986.9,6.5,273,0,140.0
2025-10-12T21:00,82.9,416.3,958.0,44.0,24.2,59.0,154,139,626.0,,24.4,65,26.0,0.0,0.0,987.2,6.7,276,0,130.0
2025-10-12T22:00,86.8,449.8,856.0,39.4,22.7,60.0,156,148,683.0,,23.4,69,25.1,0.0,0.0,987.0,5.8,290,0,110.0
2025-10-12T23:00,87.5,455.4,762.0,34.8,21.1,62.0,158,149,697.0,,22.9,74,25.1,0.0,0.0,987.5,5.3,315,0,120.0
2025-10-13T00:00,85.2,425.6,701.0,30.8,19.8,63.0,159,141,642.0,,22.9,73,24.9,0.0,0.0,987.1,4.8,329,0,115.0
2025-10-13T01:00,81.0,373.5,648.0,26.8,18.4,65.0,161,128,546.0,,22.3,74,24.2,0.0,0.0,986.7,4.8,318,0,105.0
2025-10-13T02:00,75.4,314.8,615.0,24.1,17.6,66.0,161,112,449.0,,22.1,73,24.0,0.0,0.0,986.6,4.0,321,0,85.0
2025-10-13T03:00,69.4,258.0,593.0,23.4,17.3,64.0,161,97,362.0,,21.9,72,23.6,0.0,0.0,986.3,3.9,338,0,65.0
2025-10-13T04:00,63.6,209.1,592.0,24.0,17.5,62.0,161,84,275.0,,21.6,72,23.2,0.0,0.0,986.4,3.7,313,0,55.0
2025-10-13T05:00,67.8,202.1,656.0,28.9,19.7,56.0,160,82,249.0,,20.4,85,22.6,0.0,0.0,986.9,4.2,277,0,45.0
2025-10-13T06:00,71.2,183.9,876.0,33.7,21.8,57.0,158,77,211.0,,20.5,86,22.9,0.0,0.0,987.6,3.5,291,0,40.0
2025-10-13T07:00,77.1,154.1,1161.0,39.9,24.8,61.0,156,74,158.0,,21.8,81,24.2,0.0,0.0,988.4,4.0,280,0,55.0
2025-10-13T08:00,67.1,127.1,1285.0,41.2,27.4,75.0,156,69,114.0,,23.8,73,26.6,0.0,0.0,989.3,2.7,290,0,130.0
2025-10-13T09:00,51.6,96.2,1093.0,32.8,29.7,110.0,156,61,89.0,,26.1,63,28.9,0.0,0.0,989.8,2.8,310,0,280.0
2025-10-13T10:00,41.9,76.8,740.0,19.4,31.7,155.0,155,78,74.0,,28.3,52,30.8,0.0,0.0,989.8,3.3,324,0,990.0
2025-10-13T11:00,36.7,70.3,470.0,9.3,32.3,188.0,155,108,65.0,,29.7,41,31.7,0.0,0.0,989.5,3.9,326,0,1675.0
2025-10-13T12:00,34.3,68.7,384.0,5.4,30.2,200.0,155,120,62.0,,30.9,36,32.9,0.0,0.0,988.7,3.8,315,0,1865.0
2025-10-13T13:00,33.2,68.0,380.0,4.7,26.6,201.0,155,121,65.0,,31.5,34,33.2,0.0,0.0,988.3,3.7,305,0,1975.0
2025-10-13T14:00,32.6,67.5,397.0,6.3,24.2,195.0,155,115,68.0,,31.7,33,32.7,0.0,0.0,987.3,3.9,304,0,2130.0
2025-10-13T15:00,32.8,68.9,409.0,9.7,24.0,185.0,155,105,67.0,,31.6,33,31.9,0.0,0.0,986.8,4.5,307,0,2145.0
2025-10-13T16:00,34.2,70.8,440.0,15.2,25.0,170.0,155,90,66.0,,30.9,34,31.1,0.0,0.0,986.5,5.4,312,0,2150.0
2025-10-13T17:00,36.9,71.7,505.0,24.2,27.0,148.0,161,74,67.0,,28.7,53,31.3,0.0,0.0,986.9,2.7,318,0,190.0
2025-10-13T18:00,48.9,79.9,632.0,37.5,28.7,120.0,167,60,68.0,,27.4,53,29.6,0.0,0.0,987.2,1.4,337,0,70.0
2025-10-13T19:00,59.3,94.3,791.0,55.9,31.1,81.0,162,65,71.0,,27.0,54,29.4,0.0,0.0,987.7,0.4,297,0,20.0
2025-10-13T20:00,68.7,111.1,911.0,70.4,33.1,50.0,153,69,81.0,,26.2,55,28.4,0.0,0.0,988.0,0.4,207,0,20.0
2025-10-13T21:00,78.2,131.3,959.0,78.4,34.8,34.0,153,74,100.0,,25.2,59,27.3,0.0,0.0,988.1,1.7,193,0,35.0
2025-10-13T22:00,85.4,152.7,967.0,82.5,36.1,27.0,153,78,127.0,,24.1,63,25.9,0.0,0.0,987.9,3.4,196,0,35.0
2025-10-13T23:00,84.3,168.6,959.0,81.5,36.0,25.0,153,77,157.0,,23.1,73,25.4,0.0,0.0,987.8,4.0,207,0,30.0
2025-10-14T00:00,78.2,183.0,935.0,72.3,33.2,31.0,153,77,194.0,,22.9,73,25.1,0.0,0.0,987.6,3.5,294,0,35.0
2025-10-14T01:00,72.4,201.2,894.0,58.0,29.0,41.0,152,82,236.0,,23.0,70,25.3,0.0,0.0,987.1,1.8,281,0,35.0
2025-10-14T02:00,68.9,213.3,856.0,46.7,25.5,49.0,152,85,270.0,,22.4,71,24.2,0.0,0.0,986.4,3.8,287,0,70.0
2025-10-14T03:00,67.5,223.1,801.0,41.1,23.3,48.0,152,87,296.0,,21.8,70,23.2,0.0,0.0,985.9,4.7,293,0,90.0
2025-10-14T04:00,67.8,230.5,750.0,38.5,22.0,44.0,152,89,315.0,,21.2,72,22.5,0.0,0.0,985.6,4.8,307,0,90.0
2025-10-14T05:00,64.5,198.4,781.0,39.5,21.1,47.0,152,81,249.0,,21.1,78,23.0,0.0,0.0,985.8,4.2,295,0,65.0
2025-10-14T06:00,68.7,208.6,1012.0,41.8,21.7,49.0,152,84,243.0,,21.3,80,23.5,0.0,0.0,986.3,3.1,291,0,45.0
2025-10-14T07:00,74.3,191.4,1326.0,44.4,22.7,52.0,152,79,234.0,,22.8,73,25.0,0.0,0.0,986.9,3.8,265,0,45.0
2025-10-14T08:00,71.0,190.9,1454.0,43.0,24.4,67.0,152,79,224.0,,25.1,65,27.6,0.0,0.0,987.8,2.4,261,0,115.0
2025-10-14T09:00,63.6,207.7,1207.0,33.5,27.6,102.0,152,83,213.0,,27.7,52,29.8,0.0,0.0,988.3,2.2,279,0,470.0
2025-10-14T10:00,46.2,175.6,775.0,19.9,31.4,148.0,152,75,200.0,,29.6,36,30.4,0.0,0.0,988.6,3.6,297,0,1420.0
2025-10-14T11:00,38.9,134.6,452.0,9.8,33.8,184.0,152,104,185.0,,30.3,33,31.2,0.0,0.0,988.4,5.0,283,0,1570.0
2025-10-14T12:00,37.7,118.0,368.0,5.9,33.3,202.0,152,122,165.0,,31.3,31,32.5,0.0,0.0,987.8,4.8,285,0,1700.0
2025-10-14T13:00,38.2,109.2,395.0,5.4,31.4,209.0,152,129,143.0,,31.9,29,32.7,0.0,0.0,987.1,5.1,287,0,1940.0
2025-10-14T14:00,38.1,101.0,440.0,7.5,30.3,209.0,153,129,123.0,,32.0,29,32.2,0.0,0.0,986.2,5.0,296,0,1975.0
2025-10-14T15:00,38.6,95.7,464.0,11.0,31.0,202.0,153,122,107.0,,31.8,29,31.4,0.0,0.0,985.7,5.1,309,0,1990.0
2025-10-14T16:00,40.0,89.9,506.0,17.0,32.5,188.0,153,108,93.0,,31.1,30,30.8,0.0,0.0,985.8,4.9,324,0,1975.0
2025-10-14T17:00,38.9,92.4,596.0,26.7,28.6,151.0,168,76,104.0,,29.5,33,29.5,0.0,0.0,986.2,2.9,7,0,170.0
2025-10-14T18:00,56.2,106.2,770.0,47.6,31.9,117.0,176,63,105.0,,27.9,45,29.3,0.0,0.0,986.4,1.3,56,0,155.0
2025-10-14T19:00,71.2,124.8,991.0,76.3,36.5,69.0,171,71,106.0,,27.4,45,28.8,0.0,0.0,986.9,0.8,117,0,130.0
2025-10-14T20:00,81.5,139.7,1183.0,97.8,40.2,33.0,154,79,111.0,,26.7,47,28.0,0.0,0.0,987.2,1.2,141,0,80.0
2025-10-14T21:00,88.0,154.1,1324.0,105.0,42.3,19.0,154,82,122.0,,25.9,50,27.2,0.0,0.0,987.2,1.6,153,0,70.0
2025-10-14T22:00,95.2,169.0,1436.0,104.9,43.6,15.0,154,82,137.0,,25.6,50,26.8,0.0,0.0,987.1,0.9,169,0,65.0
2025-10-14T23:00,99.2,180.7,1505.0,103.4,43.9,14.0,155,84,152.0,,25.0,59,27.1,0.0,0.0,987.1,0.9,191,0,15.0
2025-10-15T00:00,100.4,189.1,1497.0,102.0,42.8,12.0,155,84,165.0,,24.6,60,26.7,0.0,0.0,986.7,0.7,194,0,15.0
2025-10-15T01:00,99.9,195.6,1447.0,99.0,40.9,12.0,156,84,179.0,,24.3,59,26.2,0.0,0.0,986.3,1.1,180,0,15.0
2025-10-15T02:00,98.0,201.6,1441.0,95.7,39.3,12.0,157,83,193.0,,24.3,59,26.1,0.0,0.0,985.9,0.7,166,0,15.0
2025-10-15T03:00,96.4,208.6,1523.0,92.0,38.5,10.0,157,84,211.0,,23.9,60,25.7,0.0,0.0,985.6,0.4,117,0,30.0
2025-10-15T04:00,95.9,217.0,1649.0,87.9,38.1,8.0,158,86,230.0,,23.2,62,24.9,0.0,0.0,985.4,0.2,360,0,55.0
2025-10-15T05:00,99.2,209.1,1777.0,90.5,40.4,12.0,159,84,204.0,,21.8,73,23.8,0.0,0.0,985.9,2.2,294,0,55.0
2025-10-15T06:00,106.4,223.1,1966.0,90.0,41.5,22.0,160,87,194.0,,21.2,77,23.1,0.0,0.0,986.6,3.4,252,0,40.0
2025-10-15T07:00,118.3,214.7,2157.0,88.4,43.0,38.0,161,91,179.0,,22.6,71,24.5,0.0,0.0,987.6,4.0,243,0,35.0
2025-10-15T08:00,95.2,182.1,2124.0,80.5,43.9,62.0,163,82,162.0,,25.0,61,27.1,0.0,0.0,988.5,2.3,288,0,100.0
2025-10-15T09:00,70.8,190.0,1660.0,60.2,44.1,100.0,163,79,143.0,,27.5,50,29.2,0.0,0.0,989.2,2.2,284,0,305.0
2025-10-15T10:00,51.2,157.9,973.0,33.5,43.6,145.0,164,73,123.0,,29.6,35,30.3,0.0,0.0,989.1,2.9,277,0,1700.0
2025-10-15T11:00,31.4,86.6,464.0,13.7,42.3,180.0,164,100,107.0,,30.5,31,31.1,0.0,0.0,988.7,4.9,276,0,2080.0
2025-10-15T12:00,30.5,76.8,322.0,6.6,39.3,198.0,164,118,98.0,,31.3,28,32.0,0.0,0.0,988.1,5.2,274,0,2140.0
2025-10-15T13:00,31.2,76.4,358.0,6.3,35.3,206.0,163,126,92.0,,31.8,28,32.3,0.0,0.0,987.3,5.4,270,0,2220.0
2025-10-15T14:00,32.0,76.4,411.0,8.5,32.3,205.0,163,125,87.0,,31.9,28,31.8,0.0,0.0,986.4,5.8,270,0,2245.0
2025-10-15T15:00,32.4,76.4,413.0,11.9,31.1,195.0,163,115,80.0,,31.6,28,31.1,0.0,0.0,986.2,6.0,279,0,2240.0
2025-10-15T16:00,33.4,74.7,431.0,17.7,31.0,178.0,163,98,74.0,,30.9,29,30.3,0.0,0.0,986.0,6.0,297,0,2180.0
2025-10-15T17:00,38.3,86.8,506.0,25.9,29.9,155.0,163,78,94.0,,29.5,33,29.4,0.0,0.0,986.0,3.6,357,0,295.0
2025-10-15T18:00,49.0,93.8,687.0,37.4,31.2,127.0,171,64,99.0,,27.5,46,28.8,0.0,0.0,986.4,2.3,32,0,95.0
2025-10-15T19:00,56.3,108.7,924.0,53.2,33.0,87.0,168,63,106.0,,27.2,48,28.9,0.0,0.0,986.7,0.4,180,0,25.0
2025-10-15T20:00,61.5,122.5,1111.0,65.0,34.2,57.0,162,66,115.0,,26.4,46,27.6,0.0,0.0,987.0,0.6,124,0,60.0
2025-10-15T21:00,64.0,129.9,1216.0,69.2,34.4,45.0,161,67,125.0,,25.7,48,26.8,0.0,0.0,986.9,1.2,63,0,50.0
2025-10-15T22:00,66.6,138.3,1271.0,69.4,34.1,42.0,161,68,137.0,,25.4,48,26.3,0.0,0.0,986.8,1.5,111,0,55.0
2025-10-15T23:00,65.2,146.7,1267.0,68.0,33.5,41.0,160,68,151.0,,24.2,58,25.7,0.0,0.0,986.6,2.3,180,0,25.0
2025-10-16T00:00,63.3,156.0,1163.0,64.9,32.7,42.0,159,70,168.0,,23.1,64,24.5,0.0,0.0,986.3,3.5,208,0,25.0
2025-10-16T01:00,63.1,165.8,1000.0,60.2,31.8,45.0,158,72,187.0,,22.2,67,23.6,0.0,0.0,986.0,3.9,242,0,25.0
2025-10-16T02:00,62.9,172.8,892.0,56.2,30.6,47.0,156,74,203.0,,21.3,71,22.7,0.0,0.0,985.6,4.0,270,0,30.0
2025-10-16T03:00,62.4,178.3,873.0,53.8,29.0,46.0,155,76,215.0,,20.8,70,21.8,0.0,0.0,985.5,4.7,254,0,40.0
2025-10-16T04:00,61.5,182.5,908.0,52.1,27.3,45.0,154,77,224.0,,20.3,70,21.1,0.0,0.0,985.4,4.9,274,0,55.0
2025-10-16T05:00,73.8,177.9,1008.0,69.2,32.9,32.0,153,75,191.0,,20.2,75,21.3,0.0,0.0,986.0,4.8,281,0,65.0
2025-10-16T06:00,71.9,167.6,1271.0,67.6,32.5,35.0,153,73,170.0,,20.5,72,21.7,0.0,0.0,986.6,4.3,270,0,55.0
2025-10-16T07:00,75.2,157.4,1599.0,64.7,31.9,41.0,152,73,143.0,,22.0,65,22.8,0.0,0.0,987.3,5.8,263,0,50.0
2025-10-16T08:00,68.7,139.7,1710.0,57.8,31.5,58.0,150,69,131.0,,24.6,57,25.9,0.0,0.0,988.0,3.6,276,0,90.0
2025-10-16T09:00,53.7,147.6,1390.0,42.9,31.7,98.0,148,67,153.0,,27.5,46,28.5,0.0,0.0,988.7,3.5,305,0,285.0
2025-10-16T10:00,47.6,158.8,853.0,24.0,32.2,150.0,147,75,191.0,,29.4,38,30.1,0.0,0.0,988.9,4.2,306,0,1510.0
2025-10-16T11:00,43.5,153.7,452.0,10.1,32.2,189.0,146,109,213.0,,30.3,34,31.2,0.0,0.0,988.4,5.3,308,0,1585.0
2025-10-16T12:00,42.8,140.2,347.0,5.1,31.2,207.0,147,127,204.0,,31.1,32,32.3,0.0,0.0,987.5,5.4,310,0,1565.0
2025-10-16T13:00,43.8,132.2,378.0,5.0,29.8,212.0,149,132,180.0,,31.5,32,32.6,0.0,0.0,986.8,5.5,306,0,1735.0
2025-10-16T14:00,44.4,124.8,425.0,7.6,29.1,210.0,150,130,157.0,,31.7,32,32.1,0.0,0.0,985.9,5.8,304,0,1745.0
2025-10-16T15:00,45.2,119.2,443.0,11.6,29.8,202.0,150,122,139.0,,31.4,33,31.5,0.0,0.0,985.7,6.3,305,0,1745.0
2025-10-16T16:00,47.1,112.9,476.0,18.3,31.2,187.0,151,107,122.0,,30.7,35,30.8,0.0,0.0,985.6,6.9,309,0,1760.0
2025-10-16T17:00,46.9,121.5,535.0,25.2,27.2,158.0,169,79,145.0,,29.5,36,29.5,0.0,0.0,985.9,5.7,288,0,470.0
2025-10-16T18:00,60.3,127.1,636.0,39.0,29.3,128.0,179,65,143.0,,28.0,42,28.7,0.0,0.0,986.1,3.8,315,0,225.0
2025-10-16T19:00,69.6,139.7,763.0,57.8,32.2,88.0,176,70,141.0,,27.0,50,28.3,0.0,0.0,986.8,3.5,336,0,130.0
2025-10-16T20:00,73.3,148.1,883.0,70.1,33.8,58.0,159,72,143.0,,26.7,51,28.3,0.0,0.0,987.4,1.7,328,0,75.0
2025-10-16T21:00,73.3,153.2,1004.0,70.4,33.1,50.0,153,72,152.0,,26.4,53,28.3,0.0,0.0,987.8,0.9,323,0,75.0
2025-10-16T22:00,71.7,156.5,1118.0,64.3,31.2,52.0,153,71,165.0,,26.0,54,28.0,0.0,0.0,987.8,0.4,153,0,55.0
2025-10-16T23:00,68.5,163.0,1172.0,57.2,28.8,55.0,153,71,179.0,,25.8,56,27.9,0.0,0.0,987.5,0.6,342,0,75.0
2025-10-17T00:00,64.3,171.4,1118.0,50.0,25.9,56.0,153,74,194.0,,25.2,56,27.1,0.0,0.0,987.6,0.8,297,0,65.0
2025-10-17T01:00,62.4,177.0,1005.0,42.0,22.7,59.0,153,75,210.0,,24.0,59,25.6,0.0,0.0,987.2,1.9,236,0,40.0
2025-10-17T02:00,60.8,181.1,921.0,36.0,20.2,60.0,153,76,224.0,,22.3,66,23.6,0.0,0.0,987.0,3.7,241,0,35.0
2025-10-17T03:00,59.8,185.3,885.0,33.1,18.9,59.0,153,77,239.0,,21.1,71,22.4,0.0,0.0,986.9,4.4,258,0,35.0
2025-10-17T04:00,59.6,189.5,878.0,32.3,18.4,57.0,153,79,252.0,,20.4,74,21.6,0.0,0.0,986.9,4.8,259,0,45.0
2025-10-17T05:00,64.7,206.3,937.0,33.0,19.3,59.0,153,83,263.0,,20.7,77,22.1,0.0,0.0,987.6,6.3,267,0,70.0
2025-10-17T06:00,67.8,194.6,1156.0,37.8,20.8,58.0,153,80,236.0,,20.8,77,22.3,0.0,0.0,988.4,4.7,279,0,60.0
2025-10-17T07:00,73.8,177.0,1441.0,44.0,22.8,59.0,152,75,198.0,,22.0,71,23.5,0.0,0.0,989.2,5.4,284,0,65.0
2025-10-17T08:00,68.5,160.7,1546.0,45.0,25.1,71.0,152,71,175.0,,24.4,61,26.2,0.0,0.0,989.9,3.4,288,0,125.0
2025-10-17T09:00,57.3,164.8,1294.0,36.0,27.8,107.0,152,72,179.0,,27.2,50,28.7,0.0,0.0,990.4,3.5,298,0,265.0
2025-10-17T10:00,50.4,161.6,863.0,21.8,30.7,154.0,153,77,197.0,,29.5,45,31.2,0.0,0.0,990.2,4.0,321,0,1095.0
2025-10-17T11:00,45.1,153.7,538.0,11.0,32.3,191.0,153,111,210.0,,30.6,39,32.3,0.0,0.0,989.9,5.9,315,0,1520.0
2025-10-17T12:00,43.5,151.3,445.0,6.6,31.6,208.0,153,128,209.0,,31.5,37,33.5,0.0,0.0,989.0,5.4,320,0,1665.0
2025-10-17T13:00,44.0,148.5,458.0,5.5,29.8,213.0,153,133,202.0,,32.1,36,33.8,0.0,0.0,988.2,5.7,325,0,1860.0
2025-10-17T14:00,44.1,143.9,489.0,6.9,28.5,211.0,153,131,195.0,,32.3,35,33.4,0.0,0.0,987.1,5.7,332,0,1995.0
2025-10-17T15:00,44.4,142.0,491.0,10.6,28.6,201.0,153,121,187.0,,32.1,35,32.8,0.0,0.0,986.7,5.5,341,0,2030.0
2025-10-17T16:00,46.0,142.0,510.0,16.7,29.3,183.0,154,103,178.0,,31.4,36,32.0,0.0,0.0,986.5,6.2,350,0,1975.0
2025-10-17T17:00,51.5,144.8,598.0,26.2,29.0,155.0,172,78,181.0,,30.1,39,31.0,0.0,0.0,986.7,4.7,332,0,545.0
2025-10-17T18:00,65.4,156.0,788.0,42.3,31.5,123.0,179,70,189.0,,28.4,49,30.2,0.0,0.0,987.1,3.2,313,0,240.0
2025-10-17T19:00,77.3,177.9,1047.0,64.4,34.9,79.0,174,75,202.0,,27.5,53,29.5,0.0,0.0,987.5,3.2,286,0,155.0
2025-10-17T20:00,85.9,202.6,1320.0,79.4,37.0,46.0,156,82,222.0,,27.0,55,29.1,0.0,0.0,987.9,2.5,274,0,105.0
2025-10-17T21:00,92.0,228.2,1662.0,81.5,36.9,35.0,154,89,255.0,,26.2,55,28.2,0.0,0.0,987.9,2.2,246,0,55.0
2025-10-17T22:00,92.0,243.1,2018.0,76.7,35.4,35.0,154,93,295.0,,25.1,57,26.5,0.0,0.0,988.0,3.9,257,0,60.0
2025-10-17T23:00,86.6,262.6,2173.0,69.6,33.1,38.0,155,98,333.0,,24.8,62,26.7,0.0,0.0,987.9,4.1,241,0,65.0
2025-10-18T00:00,82.2,284.1,1961.0,60.3,29.5,42.0,155,104,367.0,,24.6,63,26.6,0.0,0.0,987.5,3.6,273,0,55.0
2025-10-18T01:00,79.6,299.9,1547.0,48.7,25.0,48.0,156,108,399.0,,23.9,65,25.7,0.0,0.0,987.5,4.2,306,0,55.0
2025-10-18T02:00,77.8,300.8,1208.0,40.1,21.6,51.0,156,108,417.0,,23.2,69,25.2,0.0,0.0,987.0,3.7,284,0,45.0
2025-10-18T03:00,76.6,298.0,1030.0,36.4,19.9,49.0,157,107,419.0,,22.5,71,24.4,0.0,0.0,986.9,3.8,281,0,40.0
2025-10-18T04:00,75.9,291.5,927.0,35.7,19.2,44.0,157,106,408.0,,21.7,75,23.7,0.0,0.0,987.2,3.5,279,0,40.0
2025-10-18T05:00,90.8,353.9,912.0,59.2,26.0,24.0,158,122,490.0,,21.7,80,24.0,0.0,0.0,987.5,4.4,258,0,55.0
2025-10-18T06:00,91.5,324.1,1069.0,60.3,27.0,29.0,159,114,429.0,,21.6,79,23.8,0.0,0.0,988.1,4.7,272,0,70.0
2025-10-18T07:00,96.6,285.9,1314.0,61.1,28.5,37.0,159,104,345.0,,22.4,75,24.5,0.0,0.0,988.7,4.9,262,0,90.0
2025-10-18T08:00,87.5,242.1,1412.0,57.2,30.7,57.0,160,93,289.0,,24.6,64,26.8,0.0,0.0,989.5,3.1,263,0,135.0
2025-10-18T09:00,73.1,266.4,1206.0,43.8,34.4,98.0,160,99,290.0,,27.4,52,29.2,0.0,0.0,990.0,3.4,270,0,300.0
2025-10-18T10:00,61.2,253.3,852.0,25.7,38.8,151.0,161,96,317.0,,29.6,44,31.2,0.0,0.0,989.9,3.8,273,0,925.0
2025-10-18T11:00,53.0,225.8,588.0,12.2,41.6,192.0,161,112,331.0,,30.9,38,32.9,0.0,0.0,989.5,3.4,286,0,1645.0
2025-10-18T12:00,50.8,204.4,516.0,7.1,41.1,212.0,162,132,312.0,,32.2,34,34.3,0.0,0.0,988.5,2.2,279,0,2130.0
2025-10-18T13:00,49.6,188.1,532.0,6.5,39.0,221.0,162,141,279.0,,32.9,31,34.6,0.0,0.0,987.3,1.5,225,0,2380.0
2025-10-18T14:00,49.4,176.0,564.0,8.8,37.6,221.0,162,141,248.0,,33.2,30,33.9,0.0,0.0,986.2,2.2,194,0,2475.0
2025-10-18T15:00,50.2,170.0,568.0,12.5,37.7,213.0,162,133,223.0,,33.2,29,33.4,0.0,0.0,985.6,3.8,163,0,2510.0
2025-10-18T16:00,51.8,157.4,587.0,19.1,38.5,196.0,162,116,199.0,,32.4,30,32.3,0.0,0.0,985.6,5.5,153,0,2345.0
2025-10-18T17:00,56.2,143.4,678.0,29.0,34.9,158.0,177,79,170.0,,30.8,32,31.3,0.0,0.0,985.9,1.3,146,0,100.0
2025-10-18T18:00,72.6,150.4,924.0,51.5,38.0,120.0,187,71,159.0,,28.7,44,30.1,0.0,0.0,986.2,2.3,219,0,110.0
2025-10-18T19:00,86.1,159.3,1243.0,82.6,42.4,69.0,182,78,144.0,,28.1,50,30.3,0.0,0.0,986.7,1.7,229,0,80.0
2025-10-18T20:00,98.5,169.0,1440.0,106.4,46.7,29.0,163,83,136.0,,27.6,51,29.7,0.0,0.0,987.1,1.5,315,0,80.0
2025-10-18T21:00,109.0,182.1,1413.0,115.6,51.0,14.0,163,88,139.0,,27.1,53,29.2,0.0,0.0,987.2,1.3,304,0,45.0
2025-10-18T22:00,118.3,196.5,1266.0,117.5,55.2,12.0,164,91,148.0,,27.2,55,29.7,0.0,0.0,987.3,0.7,284,0,30.0
2025-10-18T23:00,125.3,210.5,1112.0,117.8,58.0,11.0,165,94,162.0,,26.9,56,29.4,0.0,0.0,987.1,0.9,349,0,60.0
2025-10-19T00:00,128.1,223.1,969.0,118.3,58.5,8.0,166,95,180.0,,25.8,59,28.2,0.0,0.0,986.8,1.1,270,0,50.0
2025-10-19T01:00,128.1,235.6,820.0,117.3,57.6,6.0,167,95,203.0,,24.8,63,27.1,0.0,0.0,986.4,1.5,263,0,40.0
2025-10-19T02:00,129.0,250.5,729.0,115.0,56.3,5.0,169,96,227.0,,23.9,67,26.3,0.0,0.0,986.2,1.5,240,0,30.0
2025-10-19T03:00,129.5,264.5,710.0,110.9,54.4,2.0,170,99,257.0,,23.2,69,25.4,0.0,0.0,986.1,2.6,214,0,30.0
2025-10-19T04:00,128.1,277.5,749.0,105.5,52.0,0.0,172,102,288.0,,23.3,70,25.9,0.0,0.0,986.2,0.6,236,0,15.0
2025-10-19T05:00,108.0,278.5,869.0,80.2,33.4,8.0,173,102,318.0,,23.0,76,25.9,0.0,0.0,986.7,1.8,24,0,40.0
2025-10-19T06:00,112.7,284.1,1179.0,79.9,33.3,15.0,174,104,294.0,,23.7,72,26.6,0.0,0.0,987.3,0.9,37,0,40.0
2025-10-19T07:00,121.5,268.2,1571.0,78.8,33.7,27.0,174,100,262.0,,24.6,68,27.2,0.0,0.0,988.2,2.7,132,0,60.0
2025-10-19T08:00,105.0,234.7,1738.0,72.8,38.1,49.0,175,91,242.0,,26.4,61,29.1,0.0,0.0,988.9,2.3,184,0,120.0
2025-10-19T09:00,84.3,232.4,1464.0,57.3,51.2,92.0,176,90,250.0,,28.8,50,31.1,0.0,0.0,989.6,1.6,207,0,395.0
2025-10-19T10:00,65.7,224.4,965.0,37.0,68.2,146.0,176,88,269.0,,30.6,40,32.2,0.0,0.0,989.5,2.0,225,0,1340.0
2025-10-19T11:00,60.8,203.5,591.0,21.3,78.3,188.0,176,108,276.0,,31.4,37,33.6,0.0,0.0,988.8,2.3,238,0,1840.0
2025-10-19T12:00,61.7,182.1,496.0,13.8,75.0,211.0,176,131,256.0,,32.7,34,34.8,0.0,0.0,988.2,1.7,238,1,2140.0
2025-10-19T13:00,61.9,169.0,525.0,11.1,64.8,222.0,177,142,223.0,,33.3,32,35.1,0.0,0.0,987.4,1.3,188,1,2335.0
2025-10-19T14:00,61.2,159.7,563.0,12.2,56.6,223.0,177,143,192.0,,33.6,30,34.3,0.0,0.0,986.2,2.8,145,1,2490.0
2025-10-19T15:00,60.5,151.8,533.0,17.0,53.5,212.0,177,132,167.0,,33.5,29,33.4,0.0,0.0,985.5,6.5,141,1,2515.0
2025-10-19T16:00,61.7,137.4,511.0,25.7,52.4,190.0,178,110,143.0,,32.3,32,32.0,0.0,0.0,985.1,10.1,136,2,2105.0
2025-10-19T17:00,69.8,133.2,614.0,49.1,49.1,143.0,178,72,123.0,,30.5,38,31.5,0.0,0.0,985.3,2.4,48,0,305.0
2025-10-19T18:00,80.1,147.6,946.0,64.4,51.6,113.0,182,75,125.0,,29.0,51,31.7,0.0,0.0,985.8,0.9,307,0,45.0
2025-10-19T19:00,92.4,158.8,1403.0,85.5,55.1,71.0,179,81,129.0,,28.3,52,30.7,0.0,0.0,986.1,1.8,307,0,125.0
2025-10-19T20:00,99.0,169.5,1785.0,101.4,58.5,39.0,179,84,136.0,,27.5,52,29.3,0.0,0.0,986.3,3.1,336,0,120.0
2025-10-19T21:00,106.2,183.9,2016.0,106.7,61.7,27.0,179,86,148.0,,27.0,52,28.9,0.0,0.0,986.3,2.4,343,0,95.0
2025-10-19T22:00,115.0,200.2,2173.0,106.8,64.9,25.0,179,90,163.0,,26.7,54,28.8,0.0,0.0,986.7,1.0,329,0,55.0
2025-10-19T23:00,122.5,216.5,2284.0,106.4,67.2,23.0,179,93,178.0,,26.5,57,29.0,0.0,0.0,986.3,0.8,45,0,25.0
2025-10-20T00:00,126.2,229.1,2363.0,106.7,68.0,19.0,179,94,192.0,,26.2,55,28.3,0.0,0.0,986.3,0.4,207,0,10.0
2025-10-20T01:00,129.5,239.3,2396.0,106.6,68.0,16.0,179,96,205.0,,26.0,55,28.2,0.0,0.0,986.1,0.3,225,0,10.0
2025-10-20T02:00,131.8,247.7,2378.0,107.4,68.6,13.0,179,97,217.0,,26.0,54,28.0,0.0,0.0,986.0,0.6,108,0,35.0
2025-10-20T03:00,133.6,255.2,2271.0,110.7,70.8,7.0,179,97,230.0,,25.2,56,27.1,0.0,0.0,986.1,0.3,225,0,60.0
2025-10-20T04:00,136.4,262.6,2111.0,114.8,73.6,1.0,179,99,243.0,,24.0,60,25.6,0.0,0.0,986.0,2.5,300,0,70.0
2025-10-20T05:00,118.5,261.7,2004.0,95.7,45.4,4.0,179,98,267.0,,22.9,72,25.1,0.0,0.0,986.9,3.4,254,0,55.0
2025-10-20T06:00,126.7,270.1,2053.0,93.4,44.8,15.0,179,100,239.0,,22.8,74,25.3,0.0,0.0,987.3,1.8,246,0,35.0
2025-10-20T07:00,136.0,253.3,2154.0,89.4,44.1,31.0,180,98,201.0,,24.1,67,26.6,0.0,0.0,988.3,1.5,210,0,35.0
2025-10-20T08:00,106.4,204.0,2099.0,80.5,44.9,56.0,180,87,183.0,,26.2,58,28.5,0.0,0.0,988.9,1.5,135,0,125.0
2025-10-20T09:00,75.4,205.4,1728.0,62.2,49.3,97.0,180,83,209.0,,28.7,48,30.6,0.0,0.0,989.7,2.3,108,0,330.0
2025-10-20T10:00,63.3,214.2,1201.0,39.1,55.2,146.0,180,85,255.0,,30.5,40,31.8,0.0,0.0,989.4,3.9,114,0,1335.0
2025-10-20T11:00,56.5,202.1,784.0,21.2,57.3,183.0,180,103,280.0,,31.6,35,32.9,0.0,0.0,988.9,5.8,112,0,2270.0
2025-10-20T12:00,52.3,177.9,584.0,12.6,51.9,201.0,180,121,262.0,,32.8,31,33.6,0.0,0.0,988.3,7.1,109,0,2530.0
2025-10-20T13:00,48.3,156.0,494.0,9.3,42.8,207.0,179,127,222.0,,33.1,30,33.4,0.0,0.0,987.5,8.0,110,0,2610.0
2025-10-20T14:00,46.0,141.1,463.0,9.7,35.7,205.0,179,125,186.0,,33.0,29,32.6,0.0,0.0,986.4,8.3,112,0,2490.0
2025-10-20T15:00,44.2,129.5,465.0,13.8,33.1,193.0,179,113,160.0,,32.6,30,32.2,0.0,0.0,985.9,8.2,112,0,2370.0
2025-10-20T16:00,44.7,115.9,525.0,21.6,32.5,171.0,178,91,138.0,,32.1,30,31.7,0.0,0.0,985.9,8.0,117,0,2010.0
2025-10-20T17:00,54.2,123.9,672.0,27.2,27.1,131.0,178,66,135.0,,30.7,36,30.6,0.0,0.0,985.8,8.5,84,0,1140.0
2025-10-20T18:00,61.5,117.1,962.0,35.0,27.7,111.0,177,66,122.0,,29.6,41,30.6,0.0,0.0,986.4,4.3,62,0,580.0
2025-10-20T19:00,64.5,113.9,1338.0,45.9,28.6,82.0,177,67,103.0,,28.7,47,30.3,0.0,0.0,987.1,3.5,39,0,325.0
2025-10-20T20:00,66.6,111.8,1654.0,54.1,29.2,60.0,176,68,87.0,,28.0,51,30.0,0.0,0.0,987.2,3.3,41,0,220.0
2025-10-20T21:00,70.1,112.2,1868.0,57.2,29.2,51.0,175,70,76.0,,27.3,55,29.5,0.0,0.0,987.5,3.1,45,0,180.0
2025-10-20T22:00,73.3,110.8,2022.0,57.8,29.0,47.0,174,72,67.0,,26.5,57,28.5,0.0,0.0,987.7,3.2,71,0,155.0
2025-10-20T23:00,75.4,107.3,2093.0,57.8,28.7,45.0,173,73,61.0,,25.6,64,28.0,0.0,0.0,987.7,3.9,74,0,120.0
2025-10-21T00:00,77.3,108.3,2030.0,58.0,28.6,41.0,171,74,59.0,,24.8,68,27.4,0.0,0.0,987.5,3.4,90,0,95.0
2025-10-21T01:00,79.9,111.8,1884.0,57.7,28.5,39.0,170,75,60.0,,24.2,71,26.8,0.0,0.0,987.7,3.5,105,0,85.0
2025-10-21T02:00,82.4,114.3,1783.0,57.0,28.2,36.0,168,76,61.0,,23.6,74,26.4,0.0,0.0,987.7,3.5,99,0,70.0
2025-10-21T03:00,83.8,113.2,1819.0,55.5,27.4,33.0,167,77,60.0,,23.2,77,26.0,0.0,0.0,987.9,3.3,112,0,65.0
2025-10-21T04:00,83.6,112.9,1900.0,53.7,26.5,29.0,165,77,58.0,,22.7,79,25.6,0.0,0.0,987.8,3.3,131,0,60.0
2025-10-21T05:00,70.1,112.5,1882.0,29.4,24.0,53.0,164,70,81.0,,23.2,78,25.8,0.0,0.0,988.3,5.8,112,3,95.0
2025-10-21T06:00,77.5,106.2,1678.0,36.1,25.9,50.0,162,74,70.0,,23.8,77,26.7,0.0,0.0,989.0,4.1,165,2,135.0
2025-10-21T07:00,86.1,111.1,1374.0,44.8,28.7,47.0,161,78,56.0,,24.1,74,27.0,0.0,0.0,989.8,3.6,273,1,145.0
2025-10-21T08:00,84.5,109.4,1089.0,47.9,32.2,58.0,159,77,47.0,,25.9,64,28.6,0.0,0.0,990.7,2.6,168,0,175.0
2025-10-21T09:00,79.9,109.7,844.0,40.1,37.6,95.0,159,75,49.0,,28.3,52,30.4,0.0,0.0,990.9,3.8,180,1,605.0
2025-10-21T10:00,75.0,102.9,618.0,26.7,43.7,146.0,159,73,56.0,,30.1,43,31.5,0.0,0.0,990.8,4.9,156,1,1480.0
2025-10-21T11:00,69.6,100.6,464.0,16.0,46.4,185.0,159,105,60.0,,30.3,40,31.4,0.0,0.0,990.2,7.0,132,1,1725.0
2025-10-21T12:00,63.6,94.1,417.0,10.6,42.5,203.0,159,123,59.0,,30.4,39,31.2,0.1,0.1,989.5,5.4,146,51,1680.0
2025-10-21T13:00,62.4,89.9,441.0,7.8,35.3,209.0,160,129,56.0,,30.4,39,30.9,0.1,0.1,988.8,7.1,146,51,1730.0
2025-10-21T14:00,61.2,87.3,484.0,8.1,30.3,207.0,160,127,51.0,,30.1,40,30.8,0.1,0.1,987.9,7.0,148,51,1585.0
2025-10-21T15:00,61.2,79.9,536.0,12.0,29.9,195.0,161,115,44.0,,29.9,41,30.7,0.1,0.1,987.5,5.6,165,51,1540.0
2025-10-21T16:00,63.8,82.4,607.0,19.0,31.7,174.0,161,94,35.0,,29.3,42,30.1,0.0,0.0,987.4,6.0,177,0,985.0
2025-10-21T17:00,93.4,117.3,676.0,40.1,40.9,150.0,163,81,46.0,,30.1,37,30.8,0.0,0.0,987.0,2.9,248,2,1550.0
2025-10-21T18:00,106.6,130.4,720.0,56.3,43.4,118.0,172,87,41.0,,29.2,42,30.0,0.0,0.0,987.6,5.3,298,0,710.0
2025-10-21T19:00,125.7,144.4,761.0,78.5,46.7,74.0,167,94,35.0,,28.2,49,29.8,0.0,0.0,988.1,4.6,342,0,290.0
2025-10-21T20:00,134.1,149.5,844.0,94.7,48.8,40.0,166,98,30.0,,27.5,54,29.4,0.0,0.0,988.6,5.1,45,0,185.0
2025-10-21T21:00,137.8,154.6,1008.0,99.0,48.4,27.0,168,99,28.0,,26.6,59,28.7,0.0,0.0,988.6,5.2,65,0,155.0
2025-10-21T22:00,141.6,156.5,1214.0,97.2,46.6,24.0,170,101,26.0,,25.7,65,28.6,0.0,0.0,988.7,1.8,53,0,80.0
2025-10-21T23:00,143.4,157.9,1395.0,94.8,45.0,23.0,172,101,26.0,,25.9,67,29.3,0.0,0.0,988.7,0.7,166,1,15.0
2025-10-22T00:00,143.4,157.9,1539.0,93.2,43.8,20.0,174,101,26.0,,25.6,69,29.0,0.0,0.0,988.5,0.5,90,0,15.0
2025-10-22T01:00,143.0,157.4,1658.0,90.9,42.6,18.0,176,101,27.0,,25.2,69,28.5,0.0,0.0,988.7,1.0,45,0,80.0
2025-10-22T02:00,144.4,159.3,1720.0,89.0,42.2,16.0,178,102,28.0,,25.0,74,28.8,0.0,0.0,988.8,0.6,18,0,115.0
2025-10-22T03:00,147.1,162.5,1672.0,88.2,42.7,13.0,180,103,30.0,,24.7,75,28.6,0.0,0.0,988.7,0.0,270,0,120.0
2025-10-22T04:00,149.9,166.2,1568.0,87.8,43.9,10.0,182,104,32.0,,24.0,77,27.4,0.0,0.0,988.8,1.2,321,0,100.0
2025-10-22T05:00,158.3,178.3,1533.0,97.2,46.7,6.0,184,107,38.0,,23.8,85,28.1,0.0,0.0,988.6,0.9,143,0,40.0
2025-10-22T06:00,159.3,178.8,1703.0,94.2,47.3,16.0,186,108,38.0,,23.5,87,27.9,0.0,0.0,989.3,0.5,225,0,15.0
2025-10-22T07:00,166.2,185.8,1943.0,89.1,48.2,32.0,189,110,39.0,,24.1,84,28.0,0.0,0.0,990.2,3.9,292,0,70.0
2025-10-22T08:00,150.4,174.2,1977.0,79.0,49.3,57.0,191,104,45.0,,25.7,75,29.5,0.0,0.0,990.9,3.6,303,0,135.0
2025-10-22T09:00,116.6,164.8,1594.0,58.9,51.4,99.0,193,91,63.0,,28.2,61,31.4,0.0,0.0,991.3,3.9,304,0,355.0
2025-10-22T10:00,98.7,163.4,1005.0,33.6,53.8,150.0,194,83,87.0,,30.2,46,32.2,0.0,0.0,991.2,4.1,299,0,1280.0
2025-10-22T11:00,85.2,138.3,560.0,14.9,53.5,188.0,195,108,102.0,,30.8,46,33.0,0.0,0.0,990.7,6.8,299,0,1675.0
2025-10-22T12:00,78.7,122.0,416.0,7.8,48.4,203.0,195,123,99.0,,31.4,40,32.6,0.0,0.0,989.5,6.6,305,1,1630.0
2025-10-22T13:00,75.9,117.1,416.0,7.1,40.8,204.0,196,124,89.0,,32.0,35,32.9,0.0,0.0,988.6,6.6,292,1,1865.0
2025-10-22T14:00,74.3,117.8,443.0,9.1,34.6,198.0,196,118,85.0,,32.1,31,31.8,0.0,0.0,987.6,7.3,286,0,1855.0
2025-10-22T15:00,73.1,122.9,455.0,12.9,31.5,184.0,197,104,96.0,,31.9,30,31.4,0.0,0.0,986.9,8.1,291,0,1885.0
2025-10-22T16:00,74.3,131.8,493.0,19.3,29.8,162.0,197,82,115.0,,31.2,32,30.6,0.0,0.0,986.8,9.2,301,0,1835.0
2025-10-22T17:00,85.7,163.0,569.0,33.9,25.7,116.0,197,78,149.0,,30.3,32,29.5,0.0,0.0,986.6,9.0,296,0,570.0
2025-10-22T18:00,88.0,169.0,721.0,37.3,25.7,101.0,197,79,175.0,,29.5,32,28.5,0.0,0.0,987.1,8.8,311,0,495.0
2025-10-22T19:00,84.1,187.2,909.0,41.8,25.6,81.0,197,78,212.0,,28.8,32,28.1,0.0,0.0,987.8,6.0,314,0,265.0
2025-10-22T20:00,78.0,212.3,1027.0,44.4,25.0,65.0,195,85,257.0,,27.8,34,27.2,0.0,0.0,988.3,5.1,309,0,160.0
2025-10-22T21:00,77.3,246.8,1016.0,43.7,23.7,58.0,194,94,318.0,,26.9,38,26.5,0.0,0.0,988.6,5.6,291,0,120.0
2025-10-22T22:00,76.4,278.5,935.0,41.0,21.9,54.0,192,102,386.0,,25.8,43,25.7,0.0,0.0,988.4,5.2,301,0,100.0
2025-10-22T23:00,75.9,302.7,846.0,37.7,20.2,53.0,190,109,429.0,,25.0,52,25.9,0.0,0.0,988.5,4.4,308,0,120.0
2025-10-23T00:00,74.0,305.5,759.0,33.4,18.6,53.0,188,109,430.0,,24.6,52,25.1,0.0,0.0,988.5,5.4,300,0,120.0
2025-10-23T01:00,72.2,290.6,666.0,28.5,17.1,55.0,186,105,405.0,,24.0,51,24.1,0.0,0.0,988.3,6.1,302,0,110.0
2025-10-23T02:00,70.8,268.2,603.0,25.2,16.2,56.0,184,100,369.0,,23.3,51,23.3,0.0,0.0,987.8,5.6,295,0,100.0
2025-10-23T03:00,68.7,240.3,572.0,24.2,15.9,54.0,181,92,321.0,,22.6,53,22.5,0.0,0.0,987.6,5.6,285,0,90.0
2025-10-23T04:00,65.9,206.8,570.0,24.8,16.3,51.0,179,83,261.0,,22.0,54,22.0,0.0,0.0,987.6,5.0,300,0,85.0
2025-10-23T05:00,64.7,230.5,634.0,20.6,16.3,62.0,177,89,309.0,,21.6,64,22.4,0.0,0.0,987.9,4.8,281,0,80.0
2025-10-23T06:00,69.6,228.2,847.0,26.7,17.9,53.0,174,89,293.0,,21.2,68,22.1,0.0,0.0,988.6,4.8,295,0,90.0
2025-10-23T07:00,77.1,226.3,1124.0,34.9,20.3,42.0,171,88,269.0,,21.8,66,22.6,0.0,0.0,989.3,6.3,301,0,115.0
2025-10-23T08:00,79.4,206.3,1246.0,38.4,23.3,47.0,169,83,237.0,,23.7,59,24.9,0.0,0.0,990.0,4.0,306,0,150.0
2025-10-23T09:00,77.5,197.4,1061.0,33.0,27.9,83.0,166,81,189.0,,26.5,50,27.7,0.0,0.0,990.4,4.1,326,0,235.0
2025-10-23T10:00,63.1,145.3,721.0,23.1,33.1,136.0,165,68,133.0,,29.2,42,30.0,0.0,0.0,990.3,5.8,340,0,705.0
2025-10-23T11:00,52.2,99.7,462.0,14.8,35.5,175.0,164,95,92.0,,30.9,32,31.0,0.0,0.0,989.9,8.6,337,0,2135.0
2025-10-23T12:00,40.7,77.8,382.0,9.5,32.6,190.0,163,110,77.0,,31.4,28,31.1,0.0,0.0,989.1,8.2,334,0,2350.0
2025-10-23T13:00,36.9,75.0,384.0,5.8,27.0,192.0,162,112,77.0,,31.7,27,31.3,0.0,0.0,988.2,7.3,320,0,2420.0
2025-10-23T14:00,36.2,78.2,408.0,6.2,22.9,186.0,161,106,82.0,,31.8,26,30.9,0.0,0.0,987.1,7.4,304,0,2500.0
2025-10-23T15:00,37.0,85.2,430.0,13.1,22.2,171.0,160,91,90.0,,31.4,26,30.0,0.0,0.0,986.8,8.5,295,0,2435.0
2025-10-23T16:00,39.7,96.2,473.0,24.0,22.9,147.0,159,74,104.0,,30.5,28,29.0,0.0,0.0,986.7,9.7,297,0,1865.0
2025-10-23T17:00,58.1,117.8,556.0,38.2,24.6,118.0,158,64,115.0,,29.7,27,27.9,0.0,0.0,986.8,9.2,298,0,1010.0
2025-10-23T18:00,63.8,134.1,708.0,40.2,24.9,105.0,157,67,133.0,,28.8,28,27.2,0.0,0.0,987.6,8.2,308,0,490.0
2025-10-23T19:00,66.1,152.3,898.0,43.0,25.4,86.0,156,69,158.0,,28.2,30,27.1,0.0,0.0,987.9,5.0,314,0,355.0
2025-10-23T20:00,66.8,159.7,1051.0,45.8,25.7,70.0,156,71,177.0,,27.3,33,26.8,0.0,0.0,988.2,2.3,309,0,110.0
2025-10-23T21:00,68.9,159.7,1134.0,48.6,25.8,59.0,155,71,185.0,,26.6,34,26.2,0.0,0.0,988.3,1.4,293,0,55.0
2025-10-23T22:00,71.9,166.7,1180.0,51.4,25.7,51.0,155,72,187.0,,25.0,38,24.4,0.0,0.0,988.1,3.6,273,0,50.0
2025-10-23T23:00,72.2,171.4,1214.0,52.9,25.4,45.0,155,74,188.0,,24.3,47,24.4,0.0,0.0,988.2,4.1,272,0,60.0
2025-10-24T00:00,70.5,171.8,1253.0,51.9,24.7,41.0,155,74,190.0,,23.4,52,23.6,0.0,0.0,987.9,4.0,260,0,45.0
2025-10-24T01:00,71.2,173.2,1280.0,49.6,23.9,39.0,155,74,190.0,,22.5,56,23.1,0.0,0.0,987.5,3.3,248,0,30.0
2025-10-24T02:00,74.0,175.1,1264.0,48.8,23.5,36.0,155,75,189.0,,21.6,59,22.1,0.0,0.0,987.4,4.2,258,0,35.0
2025-10-24T03:00,76.8,176.0,1145.0,51.0,23.6,29.0,155,75,188.0,,20.8,64,21.2,0.0,0.0,987.2,5.2,266,0,50.0
2025-10-24T04:00,79.2,177.0,984.0,54.6,24.2,21.0,155,75,184.0,,20.2,66,20.5,0.0,0.0,987.3,5.5,243,0,45.0
2025-10-24T05:00,104.5,238.4,935.0,76.7,33.7,2.0,155,92,247.0,,20.2,73,21.0,0.0,0.0,987.8,6.0,265,0,55.0
2025-10-24T06:00,108.3,240.3,1150.0,74.5,34.1,8.0,157,92,215.0,,20.2,72,21.0,0.0,0.0,988.5,5.4,255,0,60.0
2025-10-24T07:00,114.3,219.3,1477.0,70.7,34.6,18.0,158,90,172.0,,21.2,66,21.9,0.0,0.0,989.2,6.0,253,0,65.0
2025-10-24T08:00,98.7,174.6,1609.0,63.0,35.4,39.0,159,83,142.0,,23.5,58,24.6,0.0,0.0,990.1,2.9,263,0,105.0
2025-10-24T09:00,76.4,160.7,1344.0,47.5,37.0,81.0,159,73,140.0,,26.6,45,27.4,0.0,0.0,990.5,2.4,279,0,185.0
2025-10-24T10:00,60.1,146.2,884.0,28.1,38.9,134.0,159,67,151.0,,29.2,35,29.7,0.0,0.0,990.2,2.3,302,0,615.0
2025-10-24T11:00,51.6,132.2,532.0,13.5,39.1,174.0,159,94,156.0,,30.5,27,30.6,0.0,0.0,989.8,3.1,280,0,2140.0
2025-10-24T12:00,49.9,119.2,414.0,7.2,36.1,191.0,159,111,144.0,,31.6,24,31.7,0.0,0.0,989.0,3.7,305,0,2200.0
2025-10-24T13:00,48.8,110.1,403.0,5.8,31.5,195.0,160,115,125.0,,32.1,23,31.8,0.0,0.0,987.9,4.3,315,0,2395.0
2025-10-24T14:00,48.2,104.1,424.0,7.9,28.1,191.0,160,111,109.0,,32.2,22,31.1,0.0,0.0,986.9,4.8,326,0,2505.0
2025-10-24T15:00,48.2,99.7,451.0,13.5,27.0,178.0,160,98,97.0,,31.8,24,30.5,0.0,0.0,986.2,5.8,326,0,2495.0
2025-10-24T16:00,49.9,96.9,509.0,22.6,27.2,158.0,161,79,87.0,,30.8,26,29.6,0.0,0.0,986.1,6.5,330,0,2430.0
2025-10-24T17:00,66.1,100.6,595.0,45.0,32.9,131.0,161,68,67.0,,29.0,29,28.3,0.0,0.0,986.2,3.2,360,0,265.0
2025-10-24T18:00,78.0,110.8,692.0,53.8,34.0,107.0,161,74,60.0,,28.0,40,28.9,0.0,0.0,986.6,0.6,304,0,45.0
2025-10-24T19:00,88.5,115.9,815.0,66.0,35.5,74.0,162,79,51.0,,27.3,39,27.7,0.0,0.0,986.9,1.4,140,0,45.0
2025-10-24T20:00,92.9,117.6,1012.0,75.8,36.8,47.0,162,81,47.0,,26.1,43,26.4,0.0,0.0,987.0,3.5,125,0,60.0
2025-10-24T21:00,98.7,124.8,1384.0,80.8,37.5,33.0,163,83,50.0,,25.3,50,26.4,0.0,0.0,987.4,1.7,122,0,50.0
2025-10-24T22:00,104.1,134.1,1828.0,83.3,38.0,26.0,164,86,58.0,,24.8,52,25.9,0.0,0.0,987.5,1.3,172,0,35.0
2025-10-24T23:00,106.4,142.0,2083.0,84.7,38.4,21.0,165,87,67.0,,23.8,53,24.5,0.0,0.0,987.2,3.3,193,0,40.0
2025-10-25T00:00,106.9,147.6,1988.0,85.0,38.9,18.0,166,87,77.0,,23.0,54,23.2,0.0,0.0,986.8,5.1,197,0,50.0
2025-10-25T01:00,108.3,154.6,1704.0,84.2,39.3,18.0,167,87,88.0,,22.2,53,22.0,0.0,0.0,986.2,6.0,209,0,45.0
2025-10-25T02:00,110.1,162.1,1448.0,83.5,39.9,17.0,168,88,98.0,,21.6,55,21.5,0.0,0.0,985.9,5.2,241,0,45.0
2025-10-25T03:00,112.0,169.0,1254.0,83.5,40.5,14.0,169,89,109.0,,20.9,58,20.9,0.0,0.0,985.8,4.9,246,0,45.0
2025-10-25T04:00,113.9,175.6,1089.0,83.5,41.3,10.0,170,90,120.0,,20.1,62,20.3,0.0,0.0,986.1,3.8,259,0,40.0
2025-10-25T05:00,139.2,186.3,1074.0,97.2,42.5,0.0,171,100,89.0,,19.7,76,20.9,0.0,0.0,987.2,3.4,295,0,55.0
2025-10-25T06:00,147.1,195.6,1390.0,92.0,40.8,10.0,172,103,84.0,,19.9,76,21.5,0.0,0.0,987.7,1.3,278,0,40.0
2025-10-25T07:00,151.8,192.8,1856.0,84.2,38.6,26.0,173,105,78.0,,21.2,69,22.7,0.0,0.0,988.3,1.7,212,0,20.0
2025-10-25T08:00,127.6,169.0,2050.0,72.9,38.3,50.0,175,95,78.0,,23.7,59,25.2,0.0,0.0,989.0,1.5,339,0,80.0
2025-10-25T09:00,98.0,152.7,1690.0,55.1,42.4,90.0,175,83,93.0,,26.7,46,27.8,0.0,0.0,989.5,1.3,352,0,200.0
2025-10-25T10:00,77.1,143.9,1059.0,33.8,48.5,138.0,176,74,115.0,,29.2,36,29.8,0.0,0.0,989.6,1.1,18,0,1670.0
2025-10-25T11:00,62.6,128.5,580.0,17.7,51.0,174.0,177,94,127.0,,29.8,30,30.5,0.0,0.0,989.2,1.0,211,0,1990.0
2025-10-25T12:00,54.1,111.1,438.0,9.7,46.3,191.0,177,111,122.0,,31.2,27,31.8,0.0,0.0,988.4,2.5,225,0,2270.0
2025-10-25T13:00,52.5,104.5,449.0,6.8,38.2,195.0,177,115,108.0,,31.6,26,31.6,0.0,0.0,987.5,4.6,225,0,2305.0
2025-10-25T14:00,51.6,100.1,486.0,9.1,32.3,191.0,177,111,94.0,,31.7,26,31.0,0.0,0.0,986.6,5.7,235,0,2315.0
2025-10-25T15:00,50.9,95.5,501.0,17.8,31.1,176.0,177,96,82.0,,31.3,26,30.2,0.0,0.0,986.1,6.4,245,0,2315.0
2025-10-25T16:00,52.6,90.3,542.0,31.6,32.2,152.0,177,76,69.0,,30.4,27,29.4,0.0,0.0,986.2,5.2,276,0,2215.0
2025-10-25T17:00,78.9,121.5,632.0,49.5,39.4,133.0,177,74,82.0,,28.8,30,28.1,0.0,0.0,986.0,2.9,300,0,220.0
2025-10-25T18:00,91.5,129.9,793.0,64.0,40.5,104.0,178,81,77.0,,27.4,33,26.8,0.0,0.0,986.4,3.6,354,0,350.0
2025-10-25T19:00,103.6,138.3,1003.0,84.2,42.2,64.0,178,85,71.0,,26.7,35,26.1,0.0,0.0,986.9,3.8,31,0,240.0
2025-10-25T20:00,115.0,149.9,1215.0,100.3,44.6,33.0,179,90,66.0,,26.0,40,26.0,0.0,0.0,987.3,2.7,70,0,100.0
2025-10-25T21:00,126.2,162.1,1443.0,108.9,48.4,21.0,179,94,65.0,,25.4,41,25.5,0.0,0.0,987.8,2.0,90,0,70.0
2025-10-25T22:00,133.6,170.0,1675.0,113.4,52.8,18.0,180,97,67.0,,24.6,44,24.8,0.0,0.0,988.1,2.1,110,0,55.0
2025-10-25T23:00,136.4,172.3,1824.0,114.9,55.6,17.0,181,99,68.0,,24.1,49,24.6,0.0,0.0,988.2,1.9,112,0,40.0
2025-10-26T00:00,136.0,171.8,1838.0,112.8,55.5,17.0,182,98,68.0,,23.5,52,24.3,0.0,0.0,988.3,1.1,108,0,30.0
2025-10-26T01:00,135.5,171.4,1770.0,107.7,53.7,19.0,183,98,68.0,,22.4,55,23.0,0.0,0.0,988.1,2.4,126,0,35.0
2025-10-26T02:00,135.5,171.4,1697.0,102.2,51.7,20.0,184,98,68.0,,21.3,59,21.5,0.0,0.0,987.9,4.5,127,0,35.0
2025-10-26T03:00,136.4,174.2,1601.0,97.0,49.9,18.0,184,99,70.0,,21.0,59,20.9,0.0,0.0,987.9,6.5,136,0,50.0
2025-10-26T04:00,139.7,178.8,1499.0,91.5,48.0,16.0,185,100,73.0,,20.0,64,20.2,0.0,0.0,987.8,5.0,125,0,45.0
2025-10-26T05:00,139.2,175.6,1521.0,76.2,41.7,25.0,186,100,68.0,,19.3,69,19.8,0.0,0.0,988.0,4.3,123,0,45.0
2025-10-26T06:00,141.6,175.1,1851.0,76.1,40.0,33.0,186,101,65.0,,18.9,70,19.3,0.0,0.0,988.5,4.8,117,0,50.0
2025-10-26T07:00,148.1,178.8,2303.0,75.2,37.8,46.0,186,103,61.0,,20.2,66,20.6,0.0,0.0,989.2,5.2,151,0,55.0
2025-10-26T08:00,128.5,159.7,2452.0,69.4,37.3,66.0,185,95,59.0,,22.7,59,23.6,0.0,0.0,990.1,3.6,120,0,90.0
2025-10-26T09:00,103.1,136.4,1991.0,54.2,40.9,98.0,186,85,61.0,,25.8,47,26.5,0.0,0.0,990.4,2.9,97,0,195.0
2025-10-26T10:00,76.4,110.8,1225.0,34.1,46.2,137.0,186,73,65.0,,28.2,38,28.5,0.0,0.0,990.3,4.0,111,0,645.0
2025-10-26T11:00,55.6,91.5,646.0,18.7,48.2,166.0,186,86,69.0,,29.6,33,30.2,0.0,0.0,989.9,3.8,139,0,1385.0
2025-10-26T12:00,49.6,91.5,463.0,10.9,43.3,181.0,185,101,72.0,,30.7,28,31.3,0.0,0.0,989.1,2.7,143,0,1655.0
2025-10-26T13:00,47.1,86.8,465.0,7.7,35.1,187.0,185,107,74.0,,31.4,25,31.3,0.0,0.0,988.2,4.0,144,0,1980.0
2025-10-26T14:00,46.4,83.8,513.0,9.8,29.5,184.0,185,104,73.0,,31.6,24,30.5,0.0,0.0,987.4,5.7,145,0,2165.0
2025-10-26T15:00,47.0,82.4,572.0,18.8,29.0,170.0,185,90,66.0,,31.2,24,29.6,0.0,0.0,986.8,7.1,144,0,2155.0
2025-10-26T16:00,51.1,81.3,677.0,33.2,31.2,147.0,185,74,56.0,,30.4,25,28.8,0.0,0.0,986.3,6.8,140,0,2000.0
2025-10-26T17:00,63.8,88.5,789.0,59.9,36.5,114.0,185,67,48.0,,29.0,34,29.4,0.0,0.0,986.7,0.8,117,0,40.0
2025-10-26T18:00,78.5,104.8,865.0,70.2,38.6,92.0,184,74,49.0,,27.7,36,27.9,0.0,0.0,987.0,0.9,11,0,50.0
2025-10-26T19:00,95.0,121.1,948.0,84.6,41.5,62.0,184,82,50.0,,26.8,40,27.0,0.0,0.0,987.3,2.5,45,0,265.0
2025-10-26T20:00,105.9,132.7,1133.0,96.1,44.2,38.0,184,86,51.0,,26.2,44,26.8,0.0,0.0,988.1,1.6,90,0,145.0
2025-10-26T21:00,115.0,144.4,1568.0,102.2,46.4,27.0,183,90,53.0,,25.6,46,26.3,0.0,0.0,988.4,1.8,135,0,95.0
2025-10-26T22:00,121.5,151.8,2103.0,105.4,48.4,23.0,183,93,55.0,,24.9,49,25.8,0.0,0.0,988.2,1.5,111,3,60.0
2025-10-26T23:00,121.1,150.9,2388.0,107.1,49.2,20.0,183,92,56.0,,23.7,53,24.2,0.0,0.0,988.3,4.1,139,3,60.0
2025-10-27T00:00,117.6,145.3,2180.0,107.3,48.1,17.0,182,91,55.0,,22.6,59,23.3,0.0,0.0,988.0,4.3,132,2,50.0
2025-10-27T01:00,115.3,142.0,1721.0,105.9,45.8,16.0,182,90,52.0,,22.0,61,22.7,0.0,0.0,987.7,4.2,110,2,50.0
2025-10-27T02:00,116.4,143.0,1382.0,104.1,43.9,14.0,181,91,50.0,,21.5,62,22.2,0.0,0.0,987.5,4.4,122,0,45.0
2025-10-27T03:00,119.7,146.2,1310.0,102.5,43.1,10.0,181,92,50.0,,21.4,63,22.2,0.0,0.0,987.1,3.4,115,0,40.0
2025-10-27T04:00,123.4,150.4,1358.0,100.5,42.7,6.0,180,93,50.0,,20.9,65,21.9,0.0,0.0,987.2,2.5,111,0,45.0
2025-10-27T05:00,112.9,135.0,1451.0,96.2,37.5,7.0,180,89,42.0,,20.6,66,21.6,0.0,0.0,987.3,2.0,95,0,50.0
2025-10-27T06:00,124.3,147.1,1650.0,91.6,36.9,14.0,179,94,41.0,,20.3,68,21.3,0.0,0.0,987.8,2.2,55,0,60.0
2025-10-27T07:00,137.8,156.5,1894.0,84.6,36.3,26.0,178,99,41.0,,21.3,66,22.5,0.0,0.0,988.9,2.2,90,0,60.0
2025-10-27T08:00,116.6,143.4,1933.0,73.8,37.1,48.0,178,91,50.0,,23.4,57,24.4,0.0,0.0,989.7,3.3,49,0,100.0
2025-10-27T09:00,89.2,122.0,1563.0,55.7,41.0,89.0,178,80,78.0,,26.1,48,26.9,0.0,0.0,990.5,3.9,56,0,195.0
2025-10-27T10:00,70.5,113.9,988.0,33.8,46.2,140.0,177,70,116.0,,28.5,39,28.8,0.0,0.0,990.4,4.3,68,1,840.0
2025-10-27T11:00,67.5,140.6,565.0,17.9,48.9,177.0,177,97,141.0,,29.1,38,29.5,0.0,0.0,990.1,6.0,73,3,1480.0
2025-10-27T12:00,64.3,142.5,456.0,11.3,46.5,190.0,177,110,142.0,,30.3,34,30.3,0.0,0.0,989.3,6.5,92,3,1720.0
2025-10-27T13:00,61.5,130.4,498.0,10.7,41.6,189.0,178,109,130.0,,30.0,35,29.6,0.0,0.0,988.8,8.2,113,3,1900.0
2025-10-27T14:00,60.1,121.5,564.0,15.1,38.1,179.0,178,99,119.0,,28.8,41,28.5,0.0,0.0,987.9,11.2,135,3,1625.0
2025-10-27T15:00,60.1,120.1,619.0,27.3,38.1,156.0,179,78,111.0,,25.9,51,25.4,0.0,0.0,988.1,14.3,146,3,485.0
2025-10-27T16:00,64.5,119.7,697.0,44.6,39.5,125.0,179,67,104.0,,24.8,48,24.4,0.0,0.0,988.1,9.2,147,3,295.0
2025-10-27T17:00,68.9,226.3,771.0,31.3,31.8,113.0,179,88,301.0,,25.8,47,25.3,0.0,0.0,988.5,10.7,163,3,425.0
2025-10-27T18:00,72.4,246.8,832.0,32.5,33.7,104.0,180,94,289.0,,24.7,49,24.1,0.0,0.0,988.8,10.9,158,3,410.0
2025-10-27T19:00,72.2,232.8,889.0,34.2,36.4,90.0,179,90,270.0,,23.8,57,23.8,0.0,0.0,989.4,9.7,161,3,375.0
2025-10-27T20:00,70.5,200.2,944.0,35.6,38.3,79.0,179,81,245.0,,23.2,64,24.0,0.0,0.0,989.7,7.7,155,3,320.0
2025-10-27T21:00,71.0,173.7,1008.0,36.6,38.6,72.0,178,74,207.0,,22.7,69,24.0,0.0,0.0,990.2,6.4,158,3,265.0
2025-10-27T22:00,73.3,157.4,1070.0,37.4,38.2,67.0,176,72,163.0,,22.3,71,23.9,0.0,0.0,990.4,5.2,168,3,205.0
2025-10-27T23:00,75.9,143.0,1094.0,37.8,37.8,63.0,175,73,127.0,,22.1,74,23.7,0.0,0.0,990.4,6.4,164,3,240.0
2025-10-28T00:00,78.7,135.0,1043.0,37.2,37.7,60.0,174,74,107.0,,21.9,76,24.0,0.0,0.0,990.5,4.0,153,3,200.0
2025-10-28T01:00,82.2,131.3,955.0,36.3,37.5,58.0,172,76,95.0,,21.6,78,23.9,0.0,0.0,990.2,2.8,125,3,130.0
2025-10-28T02:00,86.4,132.2,907.0,37.1,37.6,53.0,171,78,86.0,,21.3,81,23.7,0.0,0.0,990.0,2.5,159,3,80.0
2025-10-28T03:00,91.0,135.5,920.0,41.4,37.8,42.0,171,80,80.0,,21.3,82,24.2,0.0,0.0,989.7,0.4,333,3,30.0
2025-10-28T04:00,95.2,136.9,972.0,47.4,38.1,30.0,170,82,78.0,,21.4,79,23.8,0.0,0.0,989.3,2.6,25,3,95.0
2025-10-28T05:00,95.9,133.6,1079.0,43.3,35.8,38.0,169,82,71.0,,22.0,80,24.7,0.0,0.0,989.9,1.8,84,3,95.0
2025-10-28T06:00,103.8,138.3,1320.0,42.8,38.4,43.0,168,86,63.0,,22.0,78,24.7,0.0,0.0,990.7,1.9,61,3,120.0
2025-10-28T07:00,110.6,136.0,1615.0,41.9,42.0,50.0,168,88,52.0,,22.3,75,24.6,0.0,0.0,991.3,3.4,65,3,140.0
2025-10-28T08:00,89.9,113.2,1741.0,39.3,44.1,60.0,167,80,44.0,,22.7,74,24.9,0.0,0.0,991.5,4.0,51,3,185.0
2025-10-28T09:00,68.7,88.9,1544.0,33.7,43.9,76.0,166,69,42.0,,23.4,70,25.5,0.0,0.0,991.8,4.4,52,3,280.0
2025-10-28T10:00,54.8,74.7,1176.0,26.5,42.2,94.0,166,62,43.0,,24.7,63,26.6,0.0,0.0,991.8,4.0,100,3,675.0
2025-10-28T11:00,48.1,72.4,875.0,20.4,39.6,111.0,165,59,47.0,,25.4,58,27.1,0.0,0.0,991.4,3.5,111,3,895.0
2025-10-28T12:00,48.7,80.3,722.0,15.7,35.3,126.0,165,63,57.0,,25.5,57,27.0,0.0,0.0,990.6,4.3,95,3,835.0
2025-10-28T13:00,48.9,86.4,635.0,12.1,30.0,139.0,164,70,71.0,,26.2,53,27.4,0.0,0.0,989.8,6.0,106,3,1065.0
2025-10-28T14:00,47.3,88.5,601.0,11.5,26.2,143.0,164,72,79.0,,26.3,55,27.6,0.0,0.0,989.3,6.5,103,3,930.0
2025-10-28T15:00,45.8,87.5,611.0,15.0,25.0,135.0,163,68,77.0,,26.6,53,27.9,0.0,0.0,988.8,6.0,99,3,1055.0
2025-10-28T16:00,46.7,84.3,675.0,21.5,25.2,119.0,163,59,69.0,,26.3,55,27.6,0.0,0.0,988.6,6.7,109,3,1070.0
2025-10-28T17:00,55.6,91.5,807.0,36.4,31.3,90.0,162,63,69.0,,24.8,66,26.7,0.0,0.0,988.8,6.9,135,3,420.0
2025-10-28T18:00,68.9,96.2,1063.0,48.7,33.1,71.0,162,69,63.0,,23.9,72,26.2,0.0,0.0,989.1,5.4,138,3,270.0
2025-10-28T19:00,80.1,105.7,1388.0,65.6,35.7,44.0,162,75,54.0,,23.4,75,25.5,0.0,0.0,989.7,6.8,145,3,260.0
2025-10-28T20:00,87.1,112.2,1625.0,78.9,38.0,23.0,162,79,48.0,,22.6,80,25.1,0.0,0.0,989.9,5.6,149,3,225.0
2025-10-28T21:00,92.9,117.3,1702.0,84.7,39.5,13.0,163,81,47.0,,22.1,84,24.7,0.0,0.0,990.5,5.6,163,3,195.0
2025-10-28T22:00,98.3,122.9,1693.0,86.9,40.7,9.0,163,83,48.0,,21.6,87,24.7,0.0,0.0,990.2,2.9,180,3,110.0
2025-10-28T23:00,101.5,128.1,1659.0,87.9,41.7,6.0,164,85,50.0,,21.3,86,24.1,0.0,0.0,990.4,3.6,171,3,105.0
2025-10-29T00:00,105.9,135.0,1622.0,89.0,43.0,3.0,165,86,53.0,,21.0,88,24.0,0.0,0.0,990.2,2.4,207,3,70.0
2025-10-29T01:00,111.5,143.0,1562.0,89.1,44.1,1.0,166,89,57.0,,20.9,89,24.0,0.0,0.0,989.8,1.6,270,3,40.0
2025-10-29T02:00,114.6,144.4,1475.0,87.1,44.3,0.0,166,90,57.0,,20.8,90,23.8,0.0,0.0,989.5,1.9,292,3,45.0
2025-10-29T03:00,110.8,136.0,1331.0,81.9,42.6,0.0,167,88,51.0,,20.7,89,23.6,0.0,0.0,989.2,2.7,332,3,95.0
2025-10-29T04:00,105.2,126.7,1160.0,74.8,39.9,2.0,168,86,42.0,,20.7,88,23.4,0.0,0.0,988.6,3.0,346,3,125.0
2025-10-29T05:00,94.5,149.0,1058.0,50.0,33.2,12.0,168,82,102.0,,20.2,87,22.6,0.0,0.0,988.6,3.5,339,3,120.0
2025-10-29T06:00,97.1,136.9,1109.0,48.5,33.9,13.0,168,83,89.0,,20.3,86,22.7,0.0,0.0,988.8,3.0,346,1,115.0
2025-10-29T07:00,99.7,136.0,1228.0,46.0,35.0,15.0,168,84,72.0,,21.1,81,23.3,0.0,0.0,989.5,3.8,335,0,115.0
2025-10-29T08:00,96.2,131.8,1252.0,41.6,36.8,29.0,168,82,68.0,,22.8,73,25.0,0.0,0.0,989.7,3.6,330,0,250.0
2025-10-29T09:00,84.8,122.9,1075.0,33.5,40.4,65.0,168,77,91.0,,25.0,64,26.9,0.0,0.0,990.0,5.5,341,2,515.0
2025-10-29T10:00,72.2,122.9,804.0,23.4,44.7,112.0,168,71,128.0,,26.9,55,28.1,0.0,0.0,989.5,8.6,349,0,710.0
2025-10-29T11:00,72.6,153.2,595.0,15.6,46.8,151.0,169,76,155.0,,27.7,53,29.6,0.0,0.0,989.2,7.6,5,0,1025.0
2025-10-29T12:00,72.9,157.4,512.0,10.9,44.5,174.0,169,94,160.0,,28.6,50,30.6,0.0,0.0,988.7,6.7,360,0,1215.0
2025-10-29T13:00,70.1,150.4,492.0,8.4,40.0,189.0,170,109,155.0,,29.2,47,31.0,0.0,0.0,987.6,6.1,360,3,1295.0
2025-10-29T14:00,67.1,144.4,495.0,9.5,36.9,193.0,171,113,150.0,,29.2,46,30.6,0.0,0.0,986.6,5.6,356,3,1330.0
2025-10-29T15:00,66.1,145.3,514.0,15.0,36.8,184.0,171,104,147.0,,29.0,46,30.2,0.0,0.0,986.0,6.3,7,3,1160.0
2025-10-29T16:00,67.5,144.8,557.0,24.0,38.0,165.0,172,85,143.0,,28.4,48,29.8,0.0,0.0,985.9,5.6,2,3,1170.0
2025-10-29T17:00,77.5,153.7,609.0,35.1,35.2,124.0,173,74,147.0,,27.9,48,29.4,0.0,0.0,986.3,3.6,18,3,1045.0
2025-10-29T18:00,90.1,171.8,669.0,45.4,36.5,102.0,173,80,162.0,,27.1,52,28.8,0.0,0.0,986.2,3.4,25,3,390.0
2025-10-29T19:00,101.5,195.1,739.0,59.7,38.1,72.0,174,85,185.0,,26.7,54,28.4,0.0,0.0,986.5,4.0,30,2,320.0
2025-10-29T20:00,109.9,221.7,811.0,70.8,39.0,48.0,175,88,213.0,,26.0,61,28.5,0.0,0.0,987.0,1.9,49,2,215.0
2025-10-29T21:00,117.1,249.6,897.0,76.1,38.5,36.0,175,95,248.0,,25.9,60,28.5,0.0,0.0,987.4,0.7,346,0,205.0
2025-10-29T22:00,123.4,275.7,985.0,78.2,37.3,29.0,176,102,289.0,,25.3,61,27.5,0.0,0.0,987.3,2.4,351,0,160.0
2025-10-29T23:00,127.1,302.7,1026.0,77.4,35.6,26.0,177,109,329.0,,24.8,66,27.2,0.0,0.0,987.4,2.8,18,3,115.0
2025-10-30T00:00,129.9,326.0,977.0,72.7,33.2,26.0,177,115,372.0,,24.7,63,26.7,0.0,0.0,987.1,4.3,24,3,120.0
2025-10-30T01:00,129.0,341.8,882.0,65.1,30.4,29.0,178,119,415.0,,24.1,66,26.2,0.0,0.0,986.8,4.1,23,3,100.0
2025-10-30T02:00,124.8,359.5,818.0,57.5,28.2,33.0,179,124,440.0,,24.0,67,26.0,0.0,0.0,986.8,4.7,32,3,110.0
2025-10-30T03:00,120.6,366.9,798.0,49.5,26.8,38.0,179,126,446.0,,23.5,69,25.4,0.0,0.0,986.4,5.5,41,3,120.0
2025-10-30T04:00,117.1,357.6,810.0,41.6,25.9,45.0,179,123,434.0,,23.1,72,25.1,0.0,0.0,986.9,4.8,65,3,140.0
2025-10-30T05:00,91.5,170.0,895.0,26.4,24.8,63.0,180,81,149.0,,22.9,78,25.7,0.0,0.0,987.1,3.0,128,3,135.0
2025-10-30T06:00,89.6,136.4,1143.0,31.6,25.9,57.0,180,80,112.0,,22.6,80,25.5,0.0,0.0,987.6,2.7,217,3,100.0
2025-10-30T07:00,92.4,119.2,1464.0,38.5,27.7,51.0,179,81,60.0,,23.0,78,26.0,0.0,0.0,988.2,1.9,221,3,90.0
2025-10-30T08:00,87.1,99.2,1629.0,42.2,30.4,54.0,179,79,23.0,,23.4,76,26.7,0.0,0.0,988.8,0.7,166,3,150.0
2025-10-30T09:00,78.7,85.2,1493.0,39.2,34.6,76.0,179,74,14.0,,24.8,72,28.2,0.0,0.0,989.4,0.6,326,3,275.0
2025-10-30T10:00,71.2,82.7,1200.0,32.9,39.9,107.0,179,71,20.0,,26.1,68,29.4,0.0,0.0,989.4,2.6,129,3,535.0
2025-10-30T11:00,69.4,82.0,953.0,28.4,45.0,132.0,179,70,24.0,,27.3,65,30.5,0.0,0.0,988.9,4.9,141,3,885.0
2025-10-30T12:00,68.9,78.0,811.0,27.2,49.9,146.0,179,73,21.0,,27.3,61,30.0,0.1,0.1,988.2,4.6,149,51,850.0
2025-10-30T13:00,69.8,78.0,715.0,27.8,54.7,154.0,178,77,17.0,,26.9,63,29.6,0.0,0.0,987.5,5.0,150,3,700.0
2025-10-30T14:00,70.3,77.5,685.0,30.1,58.5,157.0,178,79,14.0,,26.7,64,29.5,0.0,0.0,986.7,4.5,130,3,505.0
2025-10-30T15:00,70.8,77.1,735.0,33.3,60.6,155.0,179,78,12.0,,26.4,65,29.3,0.0,0.0,986.0,3.7,141,3,430.0
2025-10-30T16:00,72.6,78.5,852.0,38.4,61.7,147.0,179,74,11.0,,26.1,66,29.1,0.0,0.0,985.9,2.7,148,3,360.0
2025-10-30T17:00,83.6,87.3,1013.0,50.7,62.8,114.0,179,77,7.0,,24.9,75,28.5,0.0,0.0,986.1,2.2,132,3,275.0
2025-10-30T18:00,103.4,106.9,1227.0,69.8,69.0,88.0,179,85,7.0,,24.8,77,28.4,0.0,0.0,986.1,2.9,112,1,235.0
2025-10-30T19:00,121.5,124.8,1487.0,96.3,77.7,53.0,179,93,7.0,,24.0,83,27.7,0.0,0.0,986.7,3.9,114,3,170.0
2025-10-30T20:00,137.8,141.6,1747.0,117.4,85.5,25.0,180,99,7.0,,23.5,88,27.3,0.0,0.0,987.3,5.7,143,3,155.0
2025-10-30T21:00,153.7,156.9,2040.0,127.7,91.8,13.0,181,105,6.0,,23.2,91,27.4,0.0,0.0,987.7,3.9,152,3,115.0
2025-10-30T22:00,164.4,167.2,2334.0,132.5,97.3,9.0,182,110,6.0,,23.1,93,27.4,0.0,0.0,987.8,3.9,152,3,130.0
2025-10-30T23:00,163.0,165.8,2491.0,134.9,100.5,7.0,183,109,5.0,,22.9,95,26.9,0.0,0.0,988.1,6.3,156,3,255.0
2025-10-31T00:00,161.1,163.4,2420.0,135.2,100.6,4.0,184,108,5.0,,22.9,94,26.8,0.0,0.0,987.8,5.8,158,3,275.0
2025-10-31T01:00,161.6,163.9,2213.0,133.1,98.4,3.0,185,109,4.0,,22.7,94,26.8,0.0,0.0,987.6,4.4,161,3,255.0
2025-10-31T02:00,160.7,162.5,2006.0,130.1,95.5,2.0,186,108,4.0,,22.5,94,26.5,0.0,0.0,987.3,4.4,189,3,235.0
2025-10-31T03:00,159.7,162.1,1851.0,127.1,92.1,0.0,187,108,4.0,,22.3,95,26.4,0.0,0.0,987.0,3.4,205,3,190.0
2025-10-31T04:00,157.4,159.7,1697.0,123.3,88.0,0.0,188,107,5.0,,22.1,96,26.4,0.0,0.0,986.7,1.8,186,3,135.0
2025-10-31T05:00,97.1,105.0,1530.0,54.3,43.5,19.0,190,83,15.0,,21.6,96,25.7,0.0,0.0,986.4,1.1,288,3,35.0
2025-10-31T06:00,102.7,112.5,1331.0,52.0,44.3,23.0,190,85,20.0,,21.4,97,25.5,0.0,0.0,986.8,1.8,233,3,110.0
2025-10-31T07:00,108.7,121.1,1119.0,48.5,45.4,30.0,190,87,28.0,,22.2,95,25.9,0.0,0.0,987.4,5.2,258,3,145.0
2025-10-31T08:00,91.3,109.0,936.0,43.1,45.5,45.0,191,81,33.0,,23.2,90,26.9,0.0,0.0,987.8,6.4,280,3,255.0
2025-10-31T09:00,65.4,87.8,798.0,34.2,44.0,75.0,191,68,34.0,,24.9,79,28.3,0.0,0.0,988.0,6.5,309,1,515.0
2025-10-31T10:00,55.6,72.6,690.0,23.3,41.6,114.0,190,63,33.0,,26.6,68,29.8,0.0,0.0,988.1,5.3,308,1,825.0
2025-10-31T11:00,56.5,73.8,602.0,14.9,38.8,146.0,190,73,33.0,,27.9,61,30.9,0.0,0.0,987.4,4.4,282,0,1010.0
2025-10-31T12:00,56.1,76.4,529.0,10.2,35.4,167.0,189,87,35.0,,29.1,55,32.1,0.1,0.1,986.5,3.9,313,51,1165.0
2025-10-31T13:00,54.4,76.1,478.0,8.0,31.6,180.0,189,100,38.0,,29.9,51,32.6,0.0,0.0,985.7,4.0,309,3,1350.0
2025-10-31T14:00,53.3,76.6,457.0,8.4,28.7,184.0,189,104,45.0,,30.3,48,32.6,0.0,0.0,985.1,4.0,291,2,1485.0
2025-10-31T15:00,52.4,82.4,472.0,11.1,27.1,176.0,188,96,60.0,,30.3,47,32.2,0.0,0.0,984.7,5.8,300,1,1495.0
2025-10-31T16:00,52.5,91.7,518.0,16.4,26.5,159.0,188,80,79.0,,29.7,47,31.2,0.0,0.0,984.5,6.9,307,1,1465.0
2025-10-31T17:00,84.8,120.1,593.0,37.2,32.5,121.0,187,77,68.0,,28.2,55,30.7,0.0,0.0,984.9,4.3,272,1,185.0
2025-10-31T18:00,99.9,139.7,716.0,58.4,37.5,91.0,187,84,70.0,,26.9,64,30.0,0.0,0.0,985.2,3.6,264,0,105.0
2025-10-31T19:00,117.3,160.2,867.0,87.2,44.2,50.0,187,91,73.0,,26.1,68,29.3,0.0,0.0,985.6,4.0,243,0,85.0
2025-10-31T20:00,126.2,170.0,983.0,105.1,47.7,21.0,187,94,83.0,,25.5,70,28.4,0.0,0.0,986.1,4.9,234,0,80.0
2025-10-31T21:00,124.8,172.8,1043.0,102.5,45.2,16.0,186,94,104.0,,24.8,71,27.4,0.0,0.0,986.5,6.2,224,0,85.0
2025-10-31T22:00,120.1,183.0,1067.0,89.0,39.5,24.0,186,92,132.0,,24.0,73,26.4,0.0,0.0,986.5,6.6,221,0,95.0
2025-10-31T23:00,114.8,198.8,1055.0,75.3,33.9,31.0,184,90,160.0,,23.4,81,26.3,0.0,0.0,986.4,5.5,229,0,60.0
2025-11-01T00:00,109.9,210.9,986.0,64.0,29.3,35.0,183,88,188.0,,23.0,82,25.9,0.0,0.0,986.2,4.8,233,0,55.0
2025-11-01T01:00,107.8,223.5,880.0,52.6,24.9,38.0,181,88,217.0,,22.7,82,25.3,0.0,0.0,986.0,5.8,240,0,60.0
2025-11-01T02:00,105.7,232.4,799.0,43.7,21.4,40.0,180,90,236.0,,22.0,85,24.8,0.0,0.0,985.9,5.2,266,0,75.0
2025-11-01T03:00,104.8,236.6,744.0,38.5,19.2,40.0,178,91,244.0,,21.2,89,24.0,0.0,0.0,986.2,5.2,268,0,100.0
2025-11-01T04:00,103.6,235.2,714.0,35.8,17.9,38.0,176,91,243.0,,20.8,92,23.6,0.0,0.0,986.1,5.4,264,0,95.0
2025-11-01T05:00,116.4,273.8,771.0,50.2,21.6,22.0,175,101,292.0,,20.9,95,23.9,0.0,0.0,986.1,5.7,252,0,75.0
2025-11-01T06:00,117.3,258.0,1029.0,51.8,23.2,24.0,175,97,251.0,,20.8,96,23.9,0.0,0.0,986.7,5.3,294,0,75.0
2025-11-01T07:00,122.5,237.5,1373.0,53.4,25.4,28.0,176,93,194.0,,21.3,91,24.1,0.0,0.0,987.4,6.1,273,0,80.0
2025-11-01T08:00,117.3,194.6,1519.0,50.5,27.1,45.0,176,91,147.0,,23.1,81,26.2,0.0,0.0,988.4,4.0,262,0,100.0
2025-11-01T09:00,100.4,173.2,1269.0,38.8,27.9,87.0,177,84,119.0,,26.0,64,28.5,0.0,0.0,988.9,4.3,268,0,195.0
2025-11-01T10:00,83.6,151.8,820.0,22.5,28.1,141.0,178,77,102.0,,28.4,48,29.8,0.0,0.0,988.9,5.6,285,0,660.0
2025-11-01T11:00,71.9,119.2,479.0,10.3,27.4,181.0,179,101,91.0,,29.8,36,30.2,0.0,0.0,988.3,7.9,291,0,1880.0
2025-11-01T12:00,63.8,102.0,377.0,4.8,24.8,194.0,179,114,86.0,,30.6,31,30.5,0.0,0.0,987.4,8.9,297,0,2030.0
2025-11-01T13:00,59.8,100.1,382.0,3.2,21.3,193.0,180,113,88.0,,30.9,29,30.2,0.0,0.0,986.5,9.8,298,0,2220.0
2025-11-01T14:00,59.0,108.5,413.0,6.0,19.1,183.0,180,103,96.0,,30.8,29,29.4,0.0,0.0,985.9,10.2,301,0,2240.0
2025-11-01T15:00,60.1,124.3,443.0,15.5,19.3,164.0,180,84,111.0,,30.4,29,29.1,0.0,0.0,985.7,10.2,301,0,2145.0
2025-11-01T16:00,63.3,138.3,498.0,29.3,20.7,138.0,180,69,132.0,,29.6,30,28.2,0.0,0.0,985.6,9.6,300,0,2050.0
2025-11-01T17:00,98.3,195.1,571.0,42.3,21.7,102.0,180,83,186.0,,27.0,47,27.7,0.0,0.0,985.7,5.4,320,0,310.0
2025-11-01T18:00,104.8,209.5,682.0,44.1,23.1,92.0,181,86,205.0,,25.6,52,26.4,0.0,0.0,986.0,5.7,323,0,195.0
2025-11-01T19:00,108.0,224.4,812.0,46.5,24.9,78.0,181,88,230.0,,24.7,55,25.5,0.0,0.0,986.2,5.4,296,0,125.0
2025-11-01T20:00,109.4,240.3,889.0,46.9,25.9,68.0,181,92,249.0,,24.1,56,24.7,0.0,0.0,986.7,6.1,282,0,105.0
2025-11-01T21:00,111.8,251.5,874.0,44.2,25.4,66.0,180,95,258.0,,23.5,58,24.1,0.0,0.0,986.9,6.0,273,0,80.0
2025-11-01T22:00,112.7,253.3,807.0,39.5,24.0,69.0,180,96,261.0,,23.0,58,23.5,0.0,0.0,986.9,6.0,263,0,65.0
2025-11-01T23:00,111.1,244.0,741.0,34.3,22.3,73.0,180,93,253.0,,22.0,68,23.2,0.0,0.0,986.7,5.2,266,0,50.0
2025-11-02T00:00,107.1,224.9,688.0,28.2,20.3,79.0,180,88,225.0,,21.4,68,22.2,0.0,0.0,986.5,5.8,279,0,65.0
2025-11-02T01:00,102.2,201.2,636.0,21.6,18.0,85.0,179,85,187.0,,21.2,68,21.9,0.0,0.0,986.3,6.2,282,0,75.0
2025-11-02T02:00,97.6,180.7,604.0,16.8,16.2,89.0,179,83,157.0,,20.9,69,21.5,0.0,0.0,986.0,6.5,270,0,80.0
2025-11-02T03:00,93.6,169.5,579.0,14.5,15.1,88.0,179,81,147.0,,20.1,72,20.8,0.0,0.0,986.0,6.2,280,0,80.0
2025-11-02T04:00,90.8,166.2,572.0,14.0,14.5,83.0,179,80,147.0,,19.6,73,20.2,0.0,0.0,985.6,6.1,275,0,85.0
2025-11-02T05:00,93.6,171.8,641.0,16.0,16.1,74.0,178,81,147.0,,19.4,79,20.4,0.0,0.0,986.2,5.9,268,0,85.0
2025-11-02T06:00,95.5,162.5,880.0,24.4,18.2,63.0,178,82,129.0,,19.3,80,20.4,0.0,0.0,986.7,5.6,272,0,75.0
2025-11-02T07:00,100.6,158.3,1194.0,35.5,21.1,50.0,177,84,104.0,,19.9,78,21.0,0.0,0.0,987.5,6.3,275,0,85.0
2025-11-02T08:00,99.4,144.8,1350.0,40.5,23.4,51.0,176,84,86.0,,21.6,73,23.0,0.0,0.0,988.3,6.1,275,0,140.0
2025-11-02T09:00,93.8,137.4,1196.0,33.4,24.7,82.0,176,82,77.0,,23.8,65,25.3,0.0,0.0,988.9,5.9,282,0,225.0
2025-11-02T10:00,88.0,129.5,884.0,20.2,25.3,127.0,176,79,76.0,,25.8,58,27.4,0.0,0.0,988.7,5.9,284,0,410.0
2025-11-02T11:00,77.1,123.4,640.0,9.9,25.0,161.0,176,81,89.0,,27.6,50,29.0,0.0,0.0,988.3,8.8,287,0,1270.0
2025-11-02T12:00,69.4,129.0,551.0,5.6,23.1,173.0,176,93,125.0,,28.8,39,28.8,0.0,0.0,987.7,12.3,300,0,1445.0
2025-11-02T13:00,65.9,147.6,530.0,4.3,20.2,174.0,176,94,176.0,,29.3,36,28.7,0.0,0.0,986.9,12.8,305,0,1520.0
2025-11-02T14:00,65.7,182.5,539.0,6.1,18.1,168.0,176,88,227.0,,29.4,35,28.2,0.0,0.0,986.2,12.7,303,0,1535.0
2025-11-02T15:00,66.8,220.7,575.0,12.8,17.7,154.0,176,87,275.0,,29.1,35,28.0,0.0,0.0,986.1,12.2,301,0,1460.0
2025-11-02T16:00,69.8,251.5,640.0,22.7,18.0,132.0,177,95,323.0,,28.1,39,27.5,0.0,0.0,985.6,9.8,301,0,1290.0
2025-11-02T17:00,91.7,307.3,710.0,31.3,17.7,101.0,177,110,414.0,,26.2,48,26.5,0.0,0.0,985.6,7.6,289,0,345.0
2025-11-02T18:00,97.3,321.3,792.0,34.0,18.7,91.0,177,114,430.0,,24.6,54,25.2,0.0,0.0,985.9,6.8,282,0,175.0
2025-11-02T19:00,99.9,334.3,878.0,37.7,20.1,78.0,176,117,451.0,,23.7,56,24.2,0.0,0.0,986.2,7.0,273,0,135.0
2025-11-02T20:00,101.3,340.9,914.0,39.8,21.0,67.0,176,119,454.0,,23.1,56,23.3,0.0,0.0,986.3,7.2,276,0,130.0
2025-11-02T21:00,101.7,333.4,861.0,39.2,21.0,63.0,176,117,427.0,,22.5,56,22.4,0.0,0.0,986.7,7.4,283,0,130.0
2025-11-02T22:00,99.7,308.3,757.0,37.0,20.6,62.0,176,110,382.0,,21.8,57,21.5,0.0,0.0,986.4,7.9,286,0,135.0
2025-11-02T23:00,97.1,274.7,664.0,34.4,20.0,61.0,175,101,335.0,,21.6,60,21.6,0.0,0.0,986.3,8.2,280,0,130.0
2025-11-03T00:00,93.8,240.3,594.0,31.1,19.3,60.0,175,92,288.0,,21.2,60,21.0,0.0,0.0,986.0,8.5,272,0,120.0
2025-11-03T01:00,90.8,212.8,534.0,27.3,18.4,60.0,174,85,238.0,,20.6,61,20.1,0.0,0.0,985.5,9.1,263,0,120.0
2025-11-03T02:00,87.8,193.2,510.0,24.5,17.8,59.0,174,80,198.0,,19.7,64,19.2,0.0,0.0,985.1,9.2,263,0,115.0
2025-11-03T03:00,85.2,179.7,519.0,23.1,17.4,57.0,174,78,174.0,,19.0,66,18.5,0.0,0.0,984.9,8.8,268,0,115.0
2025-11-03T04:00,82.4,168.6,563.0,22.7,17.1,54.0,174,76,158.0,,18.5,68,18.0,0.0,0.0,984.7,8.5,265,0,110.0
2025-11-03T05:00,83.8,169.5,671.0,20.1,17.3,57.0,173,77,161.0,,18.2,72,17.9,0.0,0.0,984.5,8.3,265,0,105.0
2025-11-03T06:00,86.6,164.8,929.0,26.2,19.0,50.0,173,78,143.0,,17.9,73,17.6,0.0,0.0,984.9,8.0,261,0,100.0
2025-11-03T07:00,90.3,157.9,1252.0,34.3,21.3,42.0,173,80,117.0,,18.3,70,17.9,0.0,0.0,985.6,8.3,257,0,105.0
2025-11-03T08:00,88.0,140.2,1410.0,37.9,23.3,47.0,172,79,98.0,,19.9,69,20.0,0.0,0.0,986.1,8.1,258,0,130.0
2025-11-03T09:00,82.7,130.9,1256.0,32.8,24.9,78.0,172,76,87.0,,22.3,60,22.8,0.0,0.0,987.0,5.9,268,0,190.0
2025-11-03T10:00,76.1,121.5,938.0,23.2,26.1,122.0,172,73,82.0,,24.8,52,25.3,0.0,0.0,986.9,6.0,267,0,290.0
2025-11-03T11:00,68.7,114.8,671.0,15.3,26.3,154.0,171,77,89.0,,27.2,46,28.1,0.0,0.0,986.3,7.0,273,0,465.0
2025-11-03T12:00,59.8,115.9,522.0,10.2,24.8,165.0,171,85,117.0,,28.8,40,29.5,0.0,0.0,985.4,8.7,278,0,1035.0
2025-11-03T13:00,54.1,128.5,423.0,6.7,22.4,163.0,171,83,157.0,,29.9,35,29.7,0.0,0.0,984.6,10.8,281,0,1550.0
2025-11-03T14:00,50.1,148.5,386.0,7.5,20.4,155.0,171,78,193.0,,30.5,28,28.4,0.0,0.0,983.5,14.1,293,0,1640.0
2025-11-03T15:00,47.6,169.0,433.0,14.7,19.1,138.0,170,73,219.0,,30.0,28,28.0,0.0,0.0,983.3,13.3,295,0,1565.0
2025-11-03T16:00,49.7,186.3,541.0,26.1,18.3,114.0,169,78,240.0,,28.7,32,27.3,0.0,0.0,983.1,10.3,293,0,1275.0
2025-11-03T17:00,65.0,181.6,662.0,40.1,20.7,85.0,169,76,225.0,,26.3,42,26.1,0.0,0.0,983.0,6.9,300,0,325.0
2025-11-03T18:00,70.5,190.9,764.0,48.5,23.5,71.0,168,79,241.0,,25.2,46,25.0,0.0,0.0,983.4,6.9,317,0,240.0
2025-11-03T19:00,76.4,207.2,877.0,60.1,27.7,52.0,167,83,264.0,,24.3,51,24.6,0.0,0.0,983.7,5.7,316,0,145.0
2025-11-03T20:00,85.4,236.1,1043.0,69.0,32.1,37.0,167,91,287.0,,24.1,50,24.6,0.0,0.0,984.2,2.7,290,0,60.0
2025-11-03T21:00,97.3,263.6,1327.0,72.6,37.5,31.0,166,98,314.0,,23.5,51,24.1,0.0,0.0,984.7,1.6,243,0,20.0
2025-11-03T22:00,108.5,286.8,1662.0,73.5,43.2,28.0,166,104,341.0,,22.7,53,23.2,0.0,0.0,984.7,2.0,243,0,20.0
2025-11-03T23:00,117.1,306.4,1892.0,73.5,46.4,26.0,166,110,355.0,,23.0,54,23.7,0.0,0.0,984.8,1.7,212,0,15.0
2025-11-04T00:00,121.1,313.9,1944.0,72.9,45.2,22.0,167,112,348.0,,21.7,57,22.5,0.0,0.0,984.6,0.4,207,0,10.0
2025-11-04T01:00,120.6,304.5,1890.0,71.4,41.5,18.0,168,109,327.0,,21.0,59,21.7,0.0,0.0,984.3,0.4,180,0,10.0
2025-11-04T02:00,115.9,279.4,1790.0,70.3,38.1,14.0,169,103,302.0,,20.1,63,20.5,0.0,0.0,984.5,2.5,159,0,15.0
2025-11-04T03:00,109.9,250.5,1607.0,70.4,35.5,11.0,169,95,272.0,,19.3,67,19.7,0.0,0.0,984.3,3.6,131,3,20.0
2025-11-04T04:00,105.0,226.3,1378.0,70.8,33.0,9.0,170,88,239.0,,19.5,69,19.8,0.0,0.0,984.1,5.3,128,2,45.0
2025-11-04T05:00,100.4,233.3,1268.0,63.5,30.0,11.0,171,90,249.0,,18.9,74,19.4,0.0,0.0,984.6,5.1,144,3,50.0
2025-11-04T06:00,101.5,227.7,1434.0,60.8,30.9,13.0,171,89,225.0,,19.9,68,20.2,0.0,0.0,985.1,6.8,140,1,70.0
2025-11-04T07:00,103.6,224.4,1719.0,56.8,32.3,17.0,172,88,193.0,,20.1,67,20.0,0.0,0.0,986.1,9.0,160,1,125.0
2025-11-04T08:00,103.8,195.1,1817.0,51.5,33.6,32.0,172,86,172.0,,21.8,65,22.1,0.0,0.0,986.5,8.5,156,0,150.0
2025-11-04T09:00,97.3,207.2,1528.0,44.0,35.2,66.0,173,83,177.0,,23.6,61,24.9,0.0,0.0,986.9,3.8,155,0,185.0
2025-11-04T10:00,82.9,201.2,1051.0,35.2,36.7,110.0,173,82,193.0,,25.7,54,27.3,0.0,0.0,986.8,2.0,135,0,290.0
2025-11-04T11:00,65.7,167.6,679.0,27.5,37.4,144.0,173,73,195.0,,27.5,47,29.0,0.0,0.0,986.4,3.9,196,0,505.0
2025-11-04T12:00,48.1,122.0,524.0,19.7,36.3,163.0,173,83,168.0,,28.7,42,30.0,0.0,0.0,985.6,4.2,162,0,1010.0
2025-11-04T13:00,39.3,95.5,472.0,13.0,34.3,172.0,173,92,126.0,,28.7,44,29.2,0.0,0.0,984.7,10.6,156,0,1435.0
2025-11-04T14:00,35.0,83.6,478.0,13.3,32.9,170.0,172,90,94.0,,28.2,46,28.3,0.0,0.0,983.8,11.0,165,0,920.0
2025-11-04T15:00,32.8,78.7,534.0,25.9,33.0,151.0,172,76,80.0,,27.9,43,27.8,0.0,0.0,983.5,9.4,162,0,765.0
2025-11-04T16:00,35.2,77.5,648.0,45.4,33.8,120.0,171,60,75.0,,26.9,47,27.3,0.0,0.0,983.4,7.1,159,0,555.0
2025-11-04T17:00,67.8,112.7,792.0,56.6,39.5,109.0,171,69,87.0,,25.4,62,27.3,0.0,0.0,982.9,5.2,153,0,130.0
2025-11-04T18:00,71.7,120.1,987.0,56.4,37.2,94.0,171,71,91.0,,24.7,60,25.9,0.0,0.0,983.2,6.8,140,0,165.0
2025-11-04T19:00,71.7,123.4,1213.0,56.1,33.9,74.0,171,71,96.0,,23.6,64,25.0,0.0,0.0,984.4,5.8,160,0,125.0
2025-11-04T20:00,73.1,124.3,1377.0,55.9,31.2,56.0,171,72,97.0,,23.0,67,24.3,0.0,0.0,984.9,6.8,169,0,130.0
2025-11-04T21:00,76.4,123.4,1425.0,56.4,29.8,44.0,171,73,88.0,,22.1,71,23.6,0.0,0.0,985.4,5.4,180,1,95.0
2025-11-04T22:00,81.3,120.6,1411.0,57.0,28.9,35.0,170,76,75.0,,21.6,73,23.2,0.0,0.0,985.5,4.7,198,0,80.0
2025-11-04T23:00,84.1,118.7,1410.0,55.9,28.1,29.0,169,77,65.0,,21.8,80,24.3,0.0,0.0,985.4,3.7,203,2,55.0
2025-11-05T00:00,86.8,119.2,1461.0,51.6,26.9,26.0,168,78,63.0,,21.3,83,23.7,0.0,0.0,984.9,3.8,199,0,45.0
2025-11-05T01:00,90.1,123.4,1525.0,45.5,25.7,27.0,167,80,65.0,,21.5,82,24.1,0.0,0.0,985.0,2.4,228,0,50.0
2025-11-05T02:00,93.8,129.9,1560.0,40.5,25.0,27.0,166,82,68.0,,21.4,81,23.5,0.0,0.0,985.1,6.1,34,0,100.0
2025-11-05T03:00,97.3,133.2,1520.0,36.8,25.0,26.0,166,83,74.0,,20.2,86,21.9,0.0,0.0,985.0,6.7,44,0,130.0
2025-11-05T04:00,100.8,140.6,1451.0,34.2,25.6,26.0,165,84,82.0,,19.4,88,21.1,0.0,0.0,984.7,5.9,76,0,125.0
2025-11-05T05:00,103.4,133.6,1450.0,42.2,26.7,26.0,165,85,57.0,,19.0,92,21.1,0.0,0.0,984.6,4.0,141,0,45.0
2025-11-05T06:00,108.3,143.0,1637.0,45.8,28.1,27.0,165,87,59.0,,18.9,92,21.1,0.0,0.0,985.0,3.2,164,0,40.0
2025-11-05T07:00,117.6,155.1,1893.0,50.4,30.3,31.0,165,91,62.0,,20.0,88,22.2,0.0,0.0,985.6,4.0,180,0,40.0
2025-11-05T08:00,122.5,155.1,1954.0,51.0,35.1,45.0,166,93,62.0,,22.1,80,24.5,0.0,0.0,986.1,4.3,222,0,95.0
2025-11-05T09:00,119.2,162.5,1631.0,44.1,46.3,81.0,166,92,56.0,,24.2,72,26.9,0.0,0.0,986.7,3.2,236,0,225.0
2025-11-05T10:00,83.1,115.3,1114.0,33.3,60.1,128.0,167,77,47.0,,26.1,63,28.8,0.0,0.0,986.6,3.1,273,0,380.0
2025-11-05T11:00,61.5,82.7,710.0,23.7,65.8,162.0,167,82,41.0,,28.1,55,30.6,0.0,0.0,986.3,5.4,290,0,750.0
2025-11-05T12:00,53.3,73.6,544.0,15.9,55.9,172.0,167,92,39.0,,29.3,43,30.4,0.0,0.0,985.8,8.0,301,1,1865.0
2025-11-05T13:00,42.5,62.6,492.0,9.3,38.0,168.0,167,88,39.0,,29.5,37,29.1,0.0,0.0,985.1,9.4,310,0,1965.0
2025-11-05T14:00,37.7,59.0,480.0,7.9,24.5,158.0,167,79,41.0,,29.4,35,28.6,0.0,0.0,984.4,10.2,316,0,1965.0
2025-11-05T15:00,36.6,60.8,496.0,15.3,20.7,141.0,167,71,42.0,,28.9,36,28.0,0.0,0.0,984.2,10.9,320,0,1980.0
2025-11-05T16:00,38.3,65.9,553.0,27.8,21.3,117.0,167,57,46.0,,28.0,39,27.4,0.0,0.0,984.2,10.2,330,0,1845.0
2025-11-05T17:00,49.8,129.0,621.0,32.2,20.8,96.0,167,62,152.0,,27.1,40,26.6,0.0,0.0,984.0,8.1,309,0,480.0
2025-11-05T18:00,57.7,184.4,717.0,31.2,21.0,92.0,167,77,261.0,,25.9,45,25.5,0.0,0.0,984.6,9.2,313,0,435.0
2025-11-05T19:00,69.4,270.1,825.0,29.6,21.3,86.0,167,100,409.0,,24.8,47,24.2,0.0,0.0,985.4,9.7,317,0,410.0
2025-11-05T20:00,81.3,351.1,865.0,27.6,21.2,81.0,166,122,512.0,,23.8,49,23.1,0.0,0.0,986.0,8.9,320,0,415.0
2025-11-05T21:00,88.5,380.0,779.0,25.0,20.3,80.0,167,129,524.0,,22.8,50,22.1,0.0,0.0,986.4,8.8,325,0,365.0
2025-11-05T22:00,90.1,361.4,624.0,21.9,19.1,80.0,167,124,490.0,,22.0,51,21.1,0.0,0.0,986.6,8.9,320,0,345.0
2025-11-05T23:00,88.2,331.6,494.0,19.1,17.7,80.0,167,116,456.0,,21.3,60,21.0,0.0,0.0,986.9,8.4,312,0,285.0
2025-11-06T00:00,85.9,310.1,421.0,16.4,16.2,80.0,167,111,439.0,,20.5,60,19.8,0.0,0.0,987.1,9.8,308,0,355.0
2025-11-06T01:00,84.5,303.6,372.0,14.0,14.6,81.0,167,109,422.0,,19.6,57,18.5,0.0,0.0,987.0,9.8,310,0,330.0
2025-11-06T02:00,83.1,300.8,347.0,12.4,13.5,80.0,167,108,405.0,,18.8,50,16.9,0.0,0.0,986.8,9.4,308,0,320.0
2025-11-06T03:00,81.7,295.2,334.0,11.7,13.1,78.0,167,107,390.0,,17.7,48,15.4,0.0,0.0,986.6,9.5,302,0,270.0
2025-11-06T04:00,79.9,283.1,345.0,11.8,13.3,74.0,166,103,374.0,,16.8,51,14.6,0.0,0.0,986.7,9.4,300,0,245.0
2025-11-06T05:00,70.8,223.5,411.0,14.2,14.4,68.0,166,88,281.0,,16.4,64,14.8,0.0,0.0,987.0,10.2,296,0,245.0
2025-11-06T06:00,69.6,203.5,604.0,20.2,16.1,59.0,165,82,242.0,,15.8,66,14.4,0.0,0.0,987.7,8.9,299,0,225.0
2025-11-06T07:00,69.8,181.6,853.0,28.1,18.4,49.0,164,76,187.0,,16.1,66,14.7,0.0,0.0,988.6,8.9,297,0,210.0
2025-11-06T08:00,67.3,143.4,974.0,31.6,20.3,49.0,162,69,141.0,,17.7,63,16.7,0.0,0.0,989.5,7.6,284,0,230.0
2025-11-06T09:00,58.1,129.0,846.0,26.2,21.4,71.0,161,64,109.0,,19.8,56,19.0,0.0,0.0,989.9,7.2,282,0,430.0
2025-11-06T10:00,44.0,94.1,592.0,16.4,22.1,104.0,159,57,85.0,,22.1,47,20.9,0.0,0.0,990.2,8.4,295,0,695.0
2025-11-06T11:00,33.1,74.5,394.0,8.9,22.4,130.0,158,65,79.0,,24.1,38,22.7,0.0,0.0,989.9,10.2,300,0,905.0
2025-11-06T12:00,32.5,83.4,321.0,5.9,22.1,143.0,157,72,99.0,,25.2,32,23.9,0.0,0.0,989.1,9.5,302,0,1015.0
2025-11-06T13:00,32.9,100.1,306.0,5.4,21.3,148.0,156,74,136.0,,25.9,29,24.2,0.0,0.0,988.4,9.6,300,0,1090.0
2025-11-06T14:00,35.0,127.1,328.0,7.8,20.8,147.0,156,74,176.0,,26.1,29,23.8,0.0,0.0,987.7,9.9,302,0,1130.0
2025-11-06T15:00,40.5,164.8,399.0,15.1,20.8,135.0,156,72,214.0,,25.7,30,23.3,0.0,0.0,987.3,10.7,303,0,1125.0
2025-11-06T16:00,46.7,193.7,508.0,25.5,21.1,117.0,156,80,254.0,,24.8,33,22.8,0.0,0.0,987.0,9.3,306,0,1060.0
2025-11-06T17:00,49.2,171.8,598.0,34.9,22.2,95.0,156,74,230.0,,22.9,42,21.6,0.0,0.0,987.3,6.8,295,0,410.0
2025-11-06T18:00,56.6,199.8,653.0,36.6,22.3,87.0,156,81,263.0,,21.7,47,20.8,0.0,0.0,987.8,6.3,290,0,280.0
2025-11-06T19:00,61.5,226.8,689.0,38.9,22.4,76.0,156,88,308.0,,21.0,50,20.0,0.0,0.0,988.4,7.2,288,0,225.0
2025-11-06T20:00,64.5,245.9,698.0,39.3,22.0,68.0,156,94,337.0,,20.2,52,19.1,0.0,0.0,988.7,7.6,285,0,190.0
2025-11-06T21:00,66.1,252.4,669.0,36.5,20.7,66.0,155,95,337.0,,19.7,52,18.3,0.0,0.0,988.8,8.4,286,0,195.0
2025-11-06T22:00,66.1,245.9,613.0,32.0,18.9,68.0,155,94,322.0,,19.1,52,17.5,0.0,0.0,988.7,8.4,289,0,195.0
2025-11-06T23:00,63.8,224.9,557.0,27.5,17.3,69.0,154,88,298.0,,18.7,53,17.1,0.0,0.0,989.0,9.1,292,0,225.0
2025-11-07T00:00,60.1,197.0,501.0,23.4,16.1,70.0,153,81,262.0,,17.8,55,16.2,0.0,0.0,988.6,8.4,293,0,195.0
2025-11-07T01:00,56.7,172.3,444.0,19.4,15.0,70.0,153,74,218.0,,17.0,56,15.3,0.0,0.0,988.1,8.3,290,0,180.0
2025-11-07T02:00,54.1,157.4,415.0,16.6,14.4,70.0,152,70,189.0,,16.4,58,14.7,0.0,0.0,988.0,8.1,288,0,175.0
2025-11-07T03:00,53.6,156.5,415.0,15.0,14.1,69.0,151,70,191.0,,15.8,60,14.1,0.0,0.0,987.9,7.7,288,0,170.0
2025-11-07T04:00,54.7,165.8,443.0,14.5,14.2,67.0,150,72,208.0,,15.4,61,13.7,0.0,0.0,988.0,7.6,285,0,160.0
2025-11-07T05:00,55.1,165.8,516.0,15.1,14.9,67.0,147,72,201.0,,15.4,65,13.8,0.0,0.0,988.5,8.7,283,0,170.0
2025-11-07T06:00,57.3,166.7,691.0,20.7,16.7,60.0,146,72,190.0,,14.8,67,13.2,0.0,0.0,989.2,8.2,279,0,155.0
2025-11-07T07:00,61.0,165.8,912.0,28.0,19.2,52.0,145,72,175.0,,15.0,66,13.3,0.0,0.0,990.0,9.0,273,0,155.0
2025-11-07T08:00,62.6,150.4,1032.0,31.5,21.7,55.0,144,68,160.0,,16.5,62,15.0,0.0,0.0,990.5,8.3,275,0,190.0
2025-11-07T09:00,60.3,160.7,960.0,27.3,24.3,80.0,143,71,144.0,,18.9,54,17.5,0.0,0.0,991.2,7.6,284,0,255.0
2025-11-07T10:00,53.9,139.7,787.0,19.1,26.9,117.0,143,65,127.0,,21.3,46,20.0,0.0,0.0,991.2,7.5,287,0,365.0
2025-11-07T11:00,42.6,105.7,637.0,12.6,28.4,146.0,144,73,118.0,,24.4,39,23.4,0.0,0.0,991.0,9.0,283,0,510.0
2025-11-07T12:00,36.3,91.5,543.0,8.9,28.1,160.0,145,80,120.0,,26.1,32,24.9,0.0,0.0,990.5,9.3,285,0,720.0
2025-11-07T13:00,34.5,95.7,472.0,6.9,26.6,166.0,146,86,128.0,,27.0,27,25.2,0.0,0.0,989.9,9.6,286,0,945.0
2025-11-07T14:00,34.0,108.0,454.0,8.6,25.3,163.0,146,83,141.0,,27.3,24,24.6,0.0,0.0,989.2,10.0,287,0,1120.0
2025-11-07T15:00,35.5,126.7,526.0,16.9,24.5,146.0,146,73,156.0,,27.0,25,24.4,0.0,0.0,988.9,9.6,290,0,1150.0
2025-11-07T16:00,38.9,140.6,649.0,28.8,23.8,121.0,145,65,174.0,,25.9,29,23.7,0.0,0.0,988.8,8.4,289,0,875.0
2025-11-07T17:00,50.4,151.3,739.0,41.4,24.7,94.0,144,68,188.0,,24.0,36,22.3,0.0,0.0,988.9,7.7,288,0,350.0
2025-11-07T18:00,53.8,172.3,760.0,39.6,23.5,88.0,145,74,215.0,,22.7,40,21.1,0.0,0.0,989.4,7.6,295,0,305.0
2025-11-07T19:00,55.3,191.4,747.0,37.1,21.9,80.0,144,79,252.0,,21.5,43,19.9,0.0,0.0,990.0,7.3,293,0,235.0
2025-11-07T20:00,55.8,203.0,720.0,34.5,20.2,74.0,144,82,273.0,,20.5,45,18.9,0.0,0.0,990.2,7.4,293,0,190.0
2025-11-07T21:00,56.1,202.6,682.0,32.1,18.6,71.0,143,82,266.0,,19.5,47,17.9,0.0,0.0,990.1,6.8,288,0,150.0
2025-11-07T22:00,55.4,190.5,631.0,29.7,17.0,70.0,142,79,243.0,,18.7,48,17.0,0.0,0.0,990.0,7.0,288,0,140.0
2025-11-07T23:00,53.2,171.4,577.0,27.1,15.7,69.0,141,74,216.0,,18.3,51,16.5,0.0,0.0,990.1,8.0,286,0,155.0
2025-11-08T00:00,50.5,149.9,513.0,23.9,14.6,69.0,140,68,185.0,,17.3,53,15.6,0.0,0.0,989.9,7.9,290,0,150.0
2025-11-08T01:00,47.4,129.9,447.0,20.4,13.8,69.0,139,63,150.0,,16.8,55,15.0,0.0,0.0,989.8,8.0,288,0,145.0
2025-11-08T02:00,44.7,112.0,409.0,17.8,13.4,69.0,138,58,121.0,,16.3,56,14.4,0.0,0.0,989.5,8.2,289,0,145.0
2025-11-08T03:00,43.0,98.3,387.0,15.8,13.4,70.0,137,56,103.0,,15.8,57,13.9,0.0,0.0,989.6,7.5,287,0,135.0
2025-11-08T04:00,43.0,91.0,394.0,14.6,13.7,70.0,135,56,91.0,,15.2,58,13.4,0.0,0.0,989.5,6.5,284,0,115.0
2025-11-08T05:00,43.4,92.4,499.0,15.1,14.8,71.0,134,56,90.0,,14.4,64,12.8,0.0,0.0,989.8,6.2,285,0,100.0
2025-11-08T06:00,48.4,93.4,827.0,22.3,16.9,61.0,133,59,82.0,,13.9,66,12.4,0.0,0.0,990.0,5.2,284,0,70.0
2025-11-08T07:00,56.5,98.0,1254.0,32.0,19.9,47.0,132,63,71.0,,14.8,61,13.3,0.0,0.0,991.0,5.4,264,0,60.0
2025-11-08T08:00,60.1,93.1,1476.0,36.7,22.8,47.0,132,65,61.0,,16.8,56,15.3,0.0,0.0,991.6,6.1,270,0,105.0
2025-11-08T09:00,56.6,91.0,1296.0,31.7,25.5,72.0,131,63,52.0,,19.4,47,18.1,0.0,0.0,992.4,4.7,274,0,165.0
2025-11-08T10:00,49.9,78.0,911.0,21.7,28.2,109.0,131,60,44.0,,22.0,38,20.5,0.0,0.0,992.5,5.5,281,0,375.0
2025-11-08T11:00,40.3,62.4,605.0,13.8,29.7,138.0,131,69,42.0,,24.6,29,22.8,0.0,0.0,992.1,8.3,286,0,780.0
2025-11-08T12:00,36.8,59.8,482.0,9.7,29.4,152.0,130,76,48.0,,25.9,25,24.0,0.0,0.0,991.5,9.4,293,0,930.0
2025-11-08T13:00,37.0,66.6,438.0,7.8,28.0,157.0,130,79,60.0,,26.6,23,24.2,0.0,0.0,991.0,10.1,295,0,1040.0
2025-11-08T14:00,37.8,77.3,442.0,9.6,26.7,154.0,131,77,75.0,,26.8,22,23.6,0.0,0.0,990.0,10.7,299,0,1080.0
2025-11-08T15:00,39.1,92.7,505.0,18.1,25.8,139.0,131,70,91.0,,26.4,23,23.3,0.0,0.0,989.8,10.4,302,0,1065.0
2025-11-08T16:00,42.0,106.6,617.0,30.5,24.9,116.0,131,56,110.0,,25.4,26,22.7,0.0,0.0,989.5,9.3,302,0,1020.0
2025-11-08T17:00,61.9,136.4,718.0,45.3,25.1,85.0,132,66,141.0,,23.2,34,21.3,0.0,0.0,989.6,6.0,295,0,360.0
2025-11-08T18:00,68.2,156.5,797.0,44.9,24.6,79.0,133,70,166.0,,22.1,39,20.5,0.0,0.0,989.8,5.7,294,0,270.0
2025-11-08T19:00,70.5,177.9,864.0,44.2,23.9,71.0,134,75,201.0,,21.2,42,19.7,0.0,0.0,990.3,6.0,299,0,185.0
2025-11-08T20:00,73.3,194.6,896.0,42.6,23.0,66.0,136,80,224.0,,20.2,45,18.7,0.0,0.0,990.6,6.1,304,0,145.0
2025-11-08T21:00,75.2,201.2,874.0,39.6,21.8,65.0,138,82,227.0,,19.3,49,18.0,0.0,0.0,990.7,5.7,298,0,110.0
2025-11-08T22:00,76.1,197.9,816.0,35.6,20.5,66.0,140,81,218.0,,18.7,49,17.3,0.0,0.0,990.3,5.9,297,0,105.0
2025-11-08T23:00,74.5,183.9,749.0,31.4,19.4,68.0,142,77,201.0,,18.1,54,16.8,0.0,0.0,990.3,6.1,289,0,95.0
2025-11-09T00:00,73.8,164.8,666.0,26.7,18.5,70.0,144,72,172.0,,17.5,53,15.9,0.0,0.0,989.6,6.7,290,0,100.0
2025-11-09T01:00,72.4,143.9,575.0,21.8,17.9,73.0,147,71,134.0,,16.9,54,15.2,0.0,0.0,989.4,7.1,297,0,110.0
2025-11-09T02:00,70.8,126.2,519.0,18.2,17.5,74.0,149,70,103.0,,16.3,55,14.6,0.0,0.0,989.1,6.4,299,0,100.0
2025-11-09T03:00,69.6,114.3,499.0,16.2,17.4,74.0,151,70,86.0,,15.7,57,14.0,0.0,0.0,988.7,6.3,294,0,95.0
2025-11-09T04:00,68.9,108.3,516.0,15.5,17.7,72.0,151,69,76.0,,15.1,59,13.4,0.0,0.0,988.4,6.2,285,0,90.0
2025-11-09T05:00,73.1,105.9,613.0,18.5,18.3,68.0,152,72,60.0,,14.2,67,12.8,0.0,0.0,988.5,6.0,286,0,95.0
2025-11-09T06:00,75.4,104.5,894.0,24.9,19.8,61.0,153,73,56.0,,14.1,66,12.6,0.0,0.0,989.0,5.8,275,0,85.0
2025-11-09T07:00,79.4,106.9,1255.0,33.3,22.0,52.0,154,75,50.0,,14.7,64,13.1,0.0,0.0,990.0,7.0,269,0,90.0
2025-11-09T08:00,79.2,103.8,1437.0,36.9,23.8,56.0,154,75,45.0,,16.4,60,15.1,0.0,0.0,990.7,6.5,265,0,130.0
2025-11-09T09:00,72.4,98.3,1270.0,30.9,25.1,86.0,155,71,40.0,,19.0,52,18.0,0.0,0.0,991.4,4.5,270,0,190.0
2025-11-09T10:00,59.3,83.6,924.0,20.0,26.2,129.0,156,65,36.0,,21.7,44,20.7,0.0,0.0,991.4,4.9,280,0,330.0
2025-11-09T11:00,37.8,59.0,643.0,11.6,26.6,162.0,156,82,40.0,,24.4,33,22.9,0.0,0.0,990.6,8.4,295,0,835.0
2025-11-09T12:00,34.5,63.3,510.0,7.5,26.0,176.0,156,96,59.0,,25.9,28,24.3,0.0,0.0,989.9,8.6,303,0,960.0
2025-11-09T13:00,33.9,75.4,442.0,5.9,24.7,179.0,156,99,86.0,,26.7,26,24.8,0.0,0.0,988.9,8.6,300,0,1055.0
2025-11-09T14:00,34.1,91.0,443.0,8.8,23.9,174.0,156,94,109.0,,26.8,25,24.3,0.0,0.0,988.2,9.0,299,0,1090.0
2025-11-09T15:00,36.9,110.1,548.0,19.6,24.0,156.0,155,78,124.0,,26.5,27,24.1,0.0,0.0,987.8,9.3,294,0,1070.0
2025-11-09T16:00,39.9,118.3,720.0,35.0,24.6,129.0,155,65,134.0,,25.6,30,23.4,0.0,0.0,987.5,9.0,290,0,955.0
2025-11-09T17:00,67.5,135.0,853.0,45.5,24.3,103.0,155,69,128.0,,23.5,38,22.1,0.0,0.0,987.6,6.2,277,0,270.0
2025-11-09T18:00,75.2,150.9,901.0,46.5,24.6,94.0,155,73,144.0,,22.4,41,21.0,0.0,0.0,987.9,6.9,277,0,215.0
2025-11-09T19:00,78.7,165.8,909.0,47.8,24.9,80.0,156,74,166.0,,21.4,42,19.8,0.0,0.0,988.4,7.3,279,0,180.0
2025-11-09T20:00,79.9,177.4,905.0,47.4,24.8,71.0,156,75,181.0,,20.5,43,18.7,0.0,0.0,988.8,7.1,285,0,165.0
2025-11-09T21:00,82.2,184.4,899.0,44.2,24.1,68.0,156,77,186.0,,19.6,45,17.9,0.0,0.0,988.9,6.4,281,0,120.0
2025-11-09T22:00,84.8,185.8,881.0,39.4,22.9,69.0,156,78,184.0,,19.1,45,17.3,0.0,0.0,988.7,6.6,281,0,105.0
2025-11-09T23:00,85.7,179.7,848.0,34.3,21.9,71.0,157,78,174.0,,18.5,48,16.8,0.0,0.0,989.0,6.7,279,0,115.0
2025-11-10T00:00,85.2,169.0,784.0,28.7,21.1,74.0,157,78,154.0,,17.8,51,16.1,0.0,0.0,988.3,6.9,298,0,125.0
2025-11-10T01:00,83.8,153.7,705.0,22.8,20.3,78.0,157,77,126.0,,16.8,55,15.2,0.0,0.0,988.0,6.3,307,0,110.0
2025-11-10T02:00,82.7,136.9,657.0,18.7,19.9,80.0,158,76,100.0,,16.1,58,14.6,0.0,0.0,987.8,5.9,308,0,95.0
2025-11-10T03:00,81.7,122.9,633.0,16.7,19.8,79.0,158,76,79.0,,15.6,59,14.1,0.0,0.0,987.4,5.8,306,0,85.0
2025-11-10T04:00,81.5,112.9,639.0,16.5,20.1,77.0,158,76,61.0,,15.0,61,13.5,0.0,0.0,987.2,5.5,289,0,65.0
2025-11-10T05:00,80.1,104.8,747.0,16.7,21.4,82.0,159,75,45.0,,14.2,69,12.9,0.0,0.0,987.6,5.6,272,0,55.0
2025-11-10T06:00,85.7,106.2,1085.0,25.4,23.1,71.0,159,78,41.0,,13.9,70,12.7,0.0,0.0,988.2,5.2,272,0,60.0
2025-11-10T07:00,95.5,114.1,1524.0,37.0,25.6,57.0,159,82,35.0,,14.5,68,13.2,0.0,0.0,989.0,5.8,263,0,65.0
2025-11-10T08:00,94.5,110.1,1745.0,42.5,27.9,58.0,160,82,29.0,,16.4,63,15.4,0.0,0.0,989.9,5.5,259,0,95.0
2025-11-10T09:00,88.9,102.7,1543.0,36.2,30.2,90.0,160,79,23.0,,19.3,52,18.4,0.0,0.0,990.6,4.1,270,0,160.0
2025-11-10T10:00,75.4,86.6,1122.0,23.9,32.4,138.0,161,73,18.0,,22.0,43,21.0,0.0,0.0,990.8,4.0,270,0,270.0
2025-11-10T11:00,51.1,60.3,780.0,14.2,33.4,174.0,161,94,17.0,,24.4,35,23.5,0.0,0.0,990.5,5.4,284,0,840.0
2025-11-10T12:00,44.0,56.1,614.0,8.8,32.2,188.0,162,108,24.0,,26.1,28,24.6,0.0,0.0,989.9,7.2,292,0,1020.0
2025-11-10T13:00,43.5,61.5,526.0,5.9,29.8,190.0,162,110,36.0,,26.7,25,24.8,0.0,0.0,989.0,8.4,290,0,1135.0
2025-11-10T14:00,43.5,68.0,519.0,9.0,28.1,182.0,162,102,46.0,,27.0,24,24.4,0.0,0.0,988.5,8.8,290,2,1210.0
2025-11-10T15:00,44.4,75.2,621.0,22.1,27.8,161.0,162,81,53.0,,26.6,24,24.0,0.0,0.0,988.1,8.8,285,2,1170.0
2025-11-10T16:00,48.3,79.6,804.0,41.2,28.2,129.0,163,65,58.0,,25.7,26,23.2,0.0,0.0,988.0,8.1,282,2,1030.0
2025-11-10T17:00,90.6,121.5,983.0,64.6,31.2,89.0,163,80,59.0,,23.4,35,21.9,0.0,0.0,988.1,4.7,279,1,175.0
2025-11-10T18:00,107.8,142.5,1152.0,72.7,34.5,72.0,164,87,64.0,,22.3,38,20.9,0.0,0.0,988.6,4.6,288,0,115.0
2025-11-10T19:00,120.6,159.3,1318.0,83.4,38.8,48.0,165,92,71.0,,21.3,43,20.3,0.0,0.0,989.0,4.0,302,0,85.0
2025-11-10T20:00,126.2,168.6,1413.0,89.0,40.8,32.0,166,94,79.0,,20.5,45,19.6,0.0,0.0,989.3,3.2,317,1,65.0
2025-11-10T21:00,125.7,172.8,1403.0,85.6,38.5,29.0,167,94,88.0,,19.9,47,18.9,0.0,0.0,989.6,3.3,331,1,60.0
2025-11-10T22:00,122.5,174.2,1324.0,77.0,33.9,33.0,168,93,96.0,,19.4,47,18.2,0.0,0.0,989.5,3.8,329,3,60.0
2025-11-10T23:00,116.6,171.8,1214.0,66.8,29.5,39.0,170,91,102.0,,19.0,50,18.0,0.0,0.0,989.7,3.2,308,3,55.0
2025-11-11T00:00,109.9,167.2,1058.0,54.6,26.0,46.0,170,88,103.0,,17.5,53,16.4,0.0,0.0,989.3,3.3,299,0,55.0
2025-11-11T01:00,105.7,162.1,872.0,40.8,22.8,56.0,171,86,102.0,,16.4,57,15.2,0.0,0.0,989.1,3.8,278,0,40.0
2025-11-11T02:00,103.6,156.0,743.0,30.5,20.5,62.0,172,85,96.0,,15.4,59,13.9,0.0,0.0,988.8,5.5,297,0,50.0
2025-11-11T03:00,102.2,148.1,684.0,25.7,19.3,63.0,172,85,84.0,,14.6,62,13.1,0.0,0.0,988.6,5.3,288,0,55.0
2025-11-11T04:00,101.0,138.8,683.0,24.3,19.1,62.0,173,84,69.0,,14.1,63,12.6,0.0,0.0,988.6,5.4,268,0,50.0
2025-11-11T05:00,105.2,143.4,788.0,26.7,19.9,60.0,174,86,71.0,,13.7,70,12.4,0.0,0.0,988.8,5.8,272,0,60.0
2025-11-11T06:00,107.3,137.8,1124.0,32.4,21.6,56.0,174,87,61.0,,13.7,70,12.3,0.0,0.0,989.3,5.9,272,0,60.0
2025-11-11T07:00,112.9,137.4,1565.0,39.8,24.1,53.0,175,89,46.0,,14.2,67,12.7,0.0,0.0,990.0,6.8,270,0,65.0
2025-11-11T08:00,109.0,127.6,1786.0,42.3,26.5,62.0,176,88,34.0,,16.4,61,15.0,0.0,0.0,990.8,7.0,267,0,95.0
2025-11-11T09:00,103.8,118.7,1576.0,35.2,29.0,96.0,176,86,25.0,,19.3,51,18.3,0.0,0.0,991.6,4.9,268,0,150.0
2025-11-11T10:00,90.6,103.8,1145.0,23.3,31.3,143.0,176,80,19.0,,22.2,42,21.0,0.0,0.0,991.7,5.2,276,0,275.0
2025-11-11T11:00,66.1,77.5,795.0,13.9,32.2,177.0,177,97,21.0,,24.8,34,23.6,0.0,0.0,991.3,7.1,286,0,845.0
2025-11-11T12:00,56.0,72.6,632.0,8.9,30.4,189.0,177,109,37.0,,26.4,28,24.7,0.0,0.0,990.8,9.2,301,0,1035.0
2025-11-11T13:00,53.1,80.8,549.0,6.4,27.2,189.0,178,109,61.0,,27.1,25,24.9,0.0,0.0,989.9,9.9,303,0,1150.0
2025-11-11T14:00,52.0,95.9,534.0,8.7,24.6,179.0,178,99,84.0,,27.4,23,24.5,0.0,0.0,989.1,10.3,299,0,1220.0
2025-11-11T15:00,52.4,114.1,610.0,19.6,23.6,156.0,178,78,103.0,,27.0,24,24.1,0.0,0.0,988.8,10.6,294,0,1175.0
2025-11-11T16:00,56.2,124.8,752.0,35.3,23.4,125.0,178,63,120.0,,26.0,27,23.4,0.0,0.0,988.6,9.4,293,0,1015.0
2025-11-11T17:00,85.2,142.0,874.0,48.5,24.1,96.0,179,78,108.0,,23.8,32,21.9,0.0,0.0,988.8,6.0,287,0,335.0
2025-11-11T18:00,91.3,153.2,953.0,47.0,24.2,89.0,179,81,120.0,,22.6,37,21.0,0.0,0.0,989.3,6.0,286,0,205.0
2025-11-11T19:00,94.5,164.8,1012.0,44.8,24.2,80.0,178,82,136.0,,21.4,42,19.9,0.0,0.0,989.8,6.8,281,0,160.0
2025-11-11T20:00,97.3,175.1,1030.0,41.8,24.0,73.0,177,83,145.0,,20.4,47,19.0,0.0,0.0,990.2,6.7,278,0,120.0
2025-11-11T21:00,101.5,180.2,988.0,37.6,23.4,72.0,176,85,143.0,,19.7,49,18.3,0.0,0.0,990.3,6.9,279,0,120.0
2025-11-11T22:00,105.2,180.2,906.0,32.6,22.5,73.0,176,86,135.0,,19.1,49,17.5,0.0,0.0,990.5,7.5,287,0,140.0
2025-11-11T23:00,106.9,173.2,824.0,27.8,21.7,75.0,175,87,123.0,,18.8,52,17.3,0.0,0.0,990.6,7.7,307,0,170.0
2025-11-12T00:00,107.1,163.0,742.0,23.2,21.1,77.0,175,87,106.0,,17.8,54,16.3,0.0,0.0,990.2,7.1,319,0,155.0
2025-11-12T01:00,107.1,152.7,659.0,18.9,20.6,79.0,175,87,86.0,,17.0,56,15.6,0.0,0.0,989.7,6.4,315,0,130.0
2025-11-12T02:00,106.9,145.3,614.0,15.8,20.3,80.0,175,87,71.0,,16.4,58,15.0,0.0,0.0,989.5,6.1,313,0,115.0
2025-11-12T03:00,106.6,141.1,608.0,14.1,20.2,80.0,175,87,64.0,,15.8,60,14.4,0.0,0.0,989.3,5.8,286,0,90.0
2025-11-12T04:00,105.9,138.8,640.0,13.7,20.4,80.0,175,86,61.0,,15.2,62,13.7,0.0,0.0,989.1,6.5,268,0,80.0
2025-11-12T05:00,100.8,131.3,748.0,14.1,21.6,85.0,175,84,56.0,,14.3,69,12.9,0.0,0.0,989.7,7.2,270,0,80.0
2025-11-12T06:00,105.5,132.7,1031.0,22.0,23.0,75.0,175,86,50.0,,14.0,70,12.5,0.0,0.0,989.9,7.6,270,0,90.0
2025-11-12T07:00,111.8,136.9,1391.0,32.6,25.1,62.0,175,89,43.0,,14.4,68,12.7,0.0,0.0,990.7,8.7,266,0,100.0
2025-11-12T08:00,111.8,131.8,1571.0,38.0,27.2,63.0,175,89,37.0,,16.3,62,14.8,0.0,0.0,991.4,7.8,265,0,130.0
2025-11-12T09:00,107.8,128.1,1407.0,33.2,29.6,92.0,175,87,34.0,,19.2,52,18.0,0.0,0.0,992.1,6.7,273,0,200.0
2025-11-12T10:00,96.2,115.9,1063.0,23.2,32.0,136.0,175,82,33.0,,22.2,43,20.9,0.0,0.0,992.4,7.1,279,0,350.0
2025-11-12T11:00,86.8,106.6,775.0,15.0,32.9,167.0,175,87,37.0,,24.9,36,23.4,0.0,0.0,992.2,9.6,284,0,975.0
2025-11-12T12:00,77.1,100.8,618.0,9.7,31.0,176.0,176,96,48.0,,26.6,29,24.6,0.0,0.0,991.7,11.8,293,0,1175.0
2025-11-12T13:00,68.9,99.7,516.0,6.2,27.6,174.0,177,94,63.0,,27.3,26,24.7,0.0,0.0,991.0,12.8,299,0,1260.0
2025-11-12T14:00,62.9,102.7,482.0,7.7,25.0,164.0,177,84,76.0,,27.5,24,24.4,0.0,0.0,990.3,12.8,299,0,1315.0
2025-11-12T15:00,61.0,108.5,548.0,18.2,24.2,144.0,177,72,84.0,,27.1,25,24.1,0.0,0.0,990.0,12.3,300,0,1265.0
2025-11-12T16:00,64.5,114.6,680.0,33.8,24.3,116.0,178,67,90.0,,26.2,26,23.5,0.0,0.0,989.9,10.7,299,0,1155.0
2025-11-12T17:00,102.4,141.1,796.0,49.5,26.7,86.0,178,85,73.0,,23.9,35,22.2,0.0,0.0,990.0,6.3,294,0,410.0
2025-11-12T18:00,107.6,148.1,866.0,50.1,27.3,79.0,178,87,78.0,,22.8,39,21.4,0.0,0.0,990.3,5.6,301,0,255.0
2025-11-12T19:00,111.3,155.5,919.0,50.9,28.0,68.0,179,89,84.0,,21.7,43,20.6,0.0,0.0,990.8,5.4,307,0,175.0
2025-11-12T20:00,115.3,163.0,953.0,50.4,28.4,61.0,179,90,89.0,,20.8,47,19.8,0.0,0.0,991.3,5.1,309,0,135.0
2025-11-12T21:00,120.1,170.0,961.0,48.2,28.1,59.0,180,92,92.0,,20.2,51,19.4,0.0,0.0,991.4,4.2,306,0,95.0
2025-11-12T22:00,124.8,175.6,950.0,44.7,27.3,59.0,181,94,93.0,,19.4,53,18.6,0.0,0.0,991.5,4.2,290,0,55.0
2025-11-12T23:00,126.7,175.1,944.0,40.2,26.4,61.0,181,95,90.0,,19.1,54,18.4,0.0,0.0,991.8,3.6,264,0,50.0
2025-11-13T00:00,126.2,170.0,954.0,33.8,25.2,65.0,182,94,81.0,,17.3,59,16.2,0.0,0.0,991.5,5.8,277,0,55.0
2025-11-13T01:00,125.3,162.5,968.0,26.4,23.9,70.0,182,94,69.0,,16.2,64,15.2,0.0,0.0,991.3,5.6,285,0,65.0
2025-11-13T02:00,123.9,154.6,975.0,21.0,23.0,74.0,183,94,57.0,,15.4,69,14.5,0.0,0.0,990.9,5.4,276,0,65.0
2025-11-13T03:00,122.0,147.6,936.0,18.4,22.6,75.0,183,93,48.0,,14.7,72,13.9,0.0,0.0,990.7,5.1,274,0,55.0
2025-11-13T04:00,121.5,143.0,889.0,17.8,22.7,74.0,184,93,40.0,,14.3,75,13.4,0.0,0.0,990.3,5.4,272,0,60.0
2025-11-13T05:00,119.7,137.8,938.0,18.4,23.8,76.0,184,92,33.0,,13.7,80,12.9,0.0,0.0,991.0,6.2,278,0,75.0
2025-11-13T06:00,124.3,139.7,1213.0,25.6,25.2,67.0,185,94,29.0,,13.2,81,12.4,0.0,0.0,991.5,5.5,279,0,75.0
2025-11-13T07:00,132.2,146.2,1584.0,35.1,27.3,57.0,185,97,25.0,,13.8,76,12.7,0.0,0.0,992.4,6.5,275,0,80.0
2025-11-13T08:00,130.9,142.5,1762.0,39.8,29.8,61.0,186,96,21.0,,15.7,68,14.7,0.0,0.0,993.4,6.3,268,0,110.0
2025-11-13T09:00,127.6,137.8,1565.0,35.1,33.2,95.0,187,95,19.0,,18.3,57,17.5,0.0,0.0,994.1,4.9,278,0,170.0
2025-11-13T10:00,116.2,126.7,1174.0,25.6,37.0,143.0,187,90,18.0,,21.2,47,20.3,0.0,0.0,994.2,4.9,278,0,290.0
2025-11-13T11:00,97.6,108.3,850.0,17.5,38.9,179.0,188,99,20.0,,23.8,37,22.5,0.0,0.0,994.1,8.1,288,0,890.0
2025-11-13T12:00,87.8,100.8,674.0,11.3,37.4,192.0,188,112,26.0,,25.2,33,23.7,0.0,0.0,993.5,9.4,296,0,1005.0
2025-11-13T13:00,79.4,96.6,563.0,6.6,34.0,192.0,188,112,34.0,,25.9,28,23.9,0.0,0.0,992.6,9.5,297,0,1140.0
2025-11-13T14:00,74.5,96.9,533.0,8.6,31.4,182.0,189,102,42.0,,26.3,26,23.6,0.0,0.0,991.6,9.7,299,0,1210.0
2025-11-13T15:00,72.4,99.7,623.0,23.0,30.8,158.0,189,79,47.0,,26.0,26,23.2,0.0,0.0,991.2,9.9,297,0,1185.0
2025-11-13T16:00,76.1,102.9,793.0,44.1,31.0,124.0,189,73,51.0,,25.1,29,22.7,0.0,0.0,991.0,8.9,294,0,1025.0
2025-11-13T17:00,100.8,126.7,937.0,57.5,31.1,102.0,190,84,48.0,,22.5,38,20.9,0.0,0.0,991.2,5.5,289,0,245.0
2025-11-13T18:00,106.6,134.6,1024.0,56.7,30.9,93.0,190,87,53.0,,21.5,40,19.9,0.0,0.0,991.7,6.2,285,0,195.0
2025-11-13T19:00,107.1,138.3,1085.0,55.3,30.7,80.0,190,87,59.0,,20.4,44,18.9,0.0,0.0,992.0,6.5,289,0,155.0
2025-11-13T20:00,107.6,141.6,1106.0,52.7,29.9,71.0,189,87,63.0,,19.3,48,17.8,0.0,0.0,992.4,6.5,284,0,115.0
2025-11-13T21:00,109.4,143.9,1070.0,48.2,28.4,68.0,189,88,63.0,,18.6,50,17.1,0.0,0.0,992.4,6.7,275,0,95.0
2025-11-13T22:00,110.1,143.0,995.0,42.4,26.4,68.0,189,88,60.0,,17.9,52,16.4,0.0,0.0,992.2,6.5,278,0,90.0
2025-11-13T23:00,108.0,137.8,918.0,36.5,24.4,69.0,189,87,55.0,,17.6,55,16.1,0.0,0.0,992.4,6.7,284,0,110.0
2025-11-14T00:00,104.8,130.4,840.0,30.1,22.5,71.0,188,86,48.0,,16.7,57,15.2,0.0,0.0,991.8,6.7,294,0,115.0
2025-11-14T01:00,101.0,122.0,761.0,23.6,20.7,74.0,187,84,39.0,,15.7,61,14.4,0.0,0.0,991.4,5.7,298,0,100.0
2025-11-14T02:00,97.3,114.1,711.0,19.0,19.4,75.0,187,83,31.0,,15.0,64,13.8,0.0,0.0,991.1,5.4,291,0,85.0
2025-11-14T03:00,94.1,107.3,680.0,16.8,18.5,72.0,186,82,25.0,,14.5,66,13.2,0.0,0.0,990.9,5.5,281,0,75.0
2025-11-14T04:00,91.7,102.4,680.0,16.6,18.1,68.0,185,81,21.0,,13.9,68,12.5,0.0,0.0,990.7,5.8,275,0,75.0
2025-11-14T05:00,98.5,107.1,776.0,20.7,19.5,61.0,184,83,16.0,,13.5,74,12.4,0.0,0.0,991.5,6.0,279,0,75.0
2025-11-14T06:00,101.0,107.6,1090.0,27.4,21.2,52.0,183,84,13.0,,13.3,75,12.2,0.0,0.0,991.9,5.6,270,0,70.0
2025-11-14T07:00,107.1,112.0,1499.0,36.3,23.6,42.0,183,87,9.0,,13.7,74,12.4,0.0,0.0,992.7,6.7,261,0,70.0
2025-11-14T08:00,105.9,109.4,1706.0,40.3,26.1,45.0,182,86,6.0,,15.6,67,14.5,0.0,0.0,993.5,6.2,260,0,100.0
2025-11-14T09:00,100.8,104.5,1519.0,34.9,29.1,76.0,181,84,6.0,,18.4,56,17.5,0.0,0.0,994.1,4.9,266,0,160.0
2025-11-14T10:00,88.2,92.7,1129.0,24.7,32.2,121.0,180,79,8.0,,21.1,46,20.0,0.0,0.0,994.0,5.2,274,0,275.0
2025-11-14T11:00,68.2,73.6,809.0,16.3,33.9,156.0,180,78,10.0,,23.5,37,22.3,0.0,0.0,994.0,7.0,282,0,765.0
2025-11-14T12:00,50.9,57.2,652.0,10.2,32.9,175.0,179,95,12.0,,25.1,29,23.2,0.0,0.0,993.0,8.6,290,0,1080.0
2025-11-14T13:00,45.3,52.9,564.0,5.9,30.5,184.0,178,104,15.0,,25.7,28,23.5,0.0,0.0,992.1,9.4,294,0,1160.0
2025-11-14T14:00,42.6,51.8,543.0,8.6,29.0,181.0,177,101,18.0,,26.0,26,23.4,0.0,0.0,991.4,9.5,295,0,1250.0
2025-11-14T15:00,41.8,53.2,612.0,23.8,29.4,160.0,176,80,20.0,,25.8,24,22.9,0.0,0.0,991.0,9.7,295,0,1245.0
2025-11-14T16:00,46.0,57.3,746.0,46.0,30.7,127.0,175,64,22.0,,24.9,27,22.3,0.0,0.0,990.9,8.9,295,0,1095.0
2025-11-14T17:00,85.9,95.7,869.0,65.8,32.2,89.0,174,78,18.0,,22.6,35,20.9,0.0,0.0,991.0,5.2,292,0,275.0
2025-11-14T18:00,99.0,109.2,964.0,70.1,34.0,75.0,173,84,18.0,,21.9,38,20.3,0.0,0.0,991.1,5.4,291,0,185.0
2025-11-14T19:00,107.1,117.3,1048.0,75.7,36.2,57.0,173,87,19.0,,20.8,42,19.3,0.0,0.0,991.7,5.6,285,0,130.0
2025-11-14T20:00,108.5,119.0,1090.0,76.6,36.8,44.0,173,87,19.0,,19.6,46,18.2,0.0,0.0,992.2,5.6,276,0,100.0
2025-11-14T21:00,105.9,116.4,1074.0,69.1,34.2,44.0,173,86,19.0,,18.8,50,17.4,0.0,0.0,992.2,5.6,270,0,85.0
2025-11-14T22:00,101.5,112.0,1016.0,56.9,29.8,49.0,173,85,19.0,,18.1,52,16.7,0.0,0.0,992.0,5.6,272,0,85.0
2025-11-14T23:00,96.6,107.1,942.0,45.6,26.0,55.0,173,83,19.0,,17.5,57,16.3,0.0,0.0,992.1,5.8,286,0,105.0
2025-11-15T00:00,93.4,103.1,838.0,36.3,23.5,59.0,173,81,18.0,,16.9,56,15.5,0.0,0.0,991.7,6.0,307,0,110.0
2025-11-15T01:00,91.7,100.6,718.0,27.9,21.5,62.0,172,81,16.0,,15.9,59,14.5,0.0,0.0,991.5,5.6,310,0,100.0
2025-11-15T02:00,91.3,99.0,642.0,22.0,20.2,63.0,172,81,14.0,,15.2,62,13.8,0.0,0.0,991.4,5.4,307,0,85.0
2025-11-15T03:00,91.3,98.0,612.0,19.3,19.6,61.0,172,81,13.0,,14.4,65,13.1,0.0,0.0,991.1,5.2,292,0,65.0
2025-11-15T04:00,91.7,98.0,626.0,19.2,19.6,58.0,172,81,12.0,,13.7,69,12.4,0.0,0.0,991.2,4.9,276,0,55.0
2025-11-15T05:00,97.8,102.0,743.0,22.4,20.8,52.0,172,83,8.0,,13.1,76,12.0,0.0,0.0,991.8,5.4,270,0,60.0
2025-11-15T06:00,103.8,107.6,1091.0,28.3,22.6,45.0,172,86,7.0,,12.8,77,11.6,0.0,0.0,992.5,5.6,263,0,60.0
2025-11-15T07:00,113.4,116.9,1542.0,36.0,25.2,37.0,172,89,6.0,,13.0,76,11.7,0.0,0.0,993.4,6.6,259,0,65.0
2025-11-15T08:00,111.8,114.6,1772.0,39.4,28.3,43.0,172,89,5.0,,15.1,67,14.0,0.0,0.0,994.2,6.2,262,0,90.0
2025-11-15T09:00,107.6,110.4,1575.0,34.3,32.5,77.0,172,87,5.0,,18.1,56,17.1,0.0,0.0,994.8,4.7,270,0,145.0
2025-11-15T10:00,95.0,98.5,1157.0,24.9,37.1,126.0,172,82,7.0,,21.0,45,19.8,0.0,0.0,995.2,5.1,280,0,255.0
2025-11-15T11:00,74.3,77.8,813.0,17.1,40.0,163.0,173,83,7.0,,23.6,36,22.3,0.0,0.0,995.0,6.7,284,0,640.0
2025-11-15T12:00,63.8,67.1,640.0,11.7,39.8,179.0,173,99,6.0,,25.3,29,23.7,0.0,0.0,994.3,7.5,294,0,945.0
2025-11-15T13:00,57.7,60.5,541.0,8.0,37.9,183.0,173,103,5.0,,26.1,28,24.1,0.0,0.0,993.3,8.8,303,0,1085.0
2025-11-15T14:00,53.0,55.2,523.0,9.7,36.0,176.0,173,96,4.0,,26.6,25,23.9,0.0,0.0,992.6,10.0,308,0,1145.0
2025-11-15T15:00,49.7,51.5,634.0,21.1,34.7,154.0,174,77,3.0,,26.4,25,23.6,0.0,0.0,992.0,10.3,310,0,1145.0
2025-11-15T16:00,50.5,51.9,826.0,37.9,33.4,120.0,174,60,2.0,,25.5,28,23.1,0.0,0.0,992.0,9.0,308,0,1115.0
2025-11-15T17:00,84.5,87.5,966.0,57.4,36.0,89.0,174,77,6.0,,22.8,39,21.6,0.0,0.0,991.8,5.2,290,0,255.0
2025-11-15T18:00,94.3,97.1,996.0,60.6,36.0,75.0,174,82,5.0,,22.2,39,20.7,0.0,0.0,992.3,5.9,284,0,190.0
2025-11-15T19:00,95.7,98.3,974.0,64.7,35.9,56.0,174,82,5.0,,21.2,42,19.6,0.0,0.0,992.7,6.8,282,0,160.0
2025-11-15T20:00,94.5,96.9,942.0,65.3,34.9,42.0,174,82,4.0,,20.3,45,18.7,0.0,0.0,993.2,7.2,276,0,125.0
2025-11-15T21:00,91.5,93.6,913.0,59.7,32.4,39.0,173,81,4.0,,19.5,47,17.9,0.0,0.0,993.6,7.0,273,0,110.0
2025-11-15T22:00,87.5,89.6,874.0,50.7,29.0,42.0,173,79,4.0,,18.7,49,17.2,0.0,0.0,993.9,6.3,285,0,115.0
2025-11-15T23:00,82.9,84.8,825.0,42.0,26.1,46.0,172,76,4.0,,17.3,58,16.2,0.0,0.0,994.0,5.4,312,0,135.0
2025-11-16T00:00,78.9,80.8,754.0,34.4,24.1,49.0,172,74,4.0,,16.2,59,15.0,0.0,0.0,993.7,5.2,304,0,90.0
2025-11-16T01:00,76.8,78.7,674.0,27.2,22.6,52.0,171,73,3.0,,15.3,63,14.1,0.0,0.0,993.6,4.8,292,0,60.0
2025-11-16T02:00,75.9,77.5,620.0,22.2,21.6,54.0,171,73,3.0,,14.6,67,13.5,0.0,0.0,993.6,4.6,288,0,50.0
2025-11-16T03:00,75.7,77.3,572.0,20.0,21.1,53.0,171,73,3.0,,13.9,69,12.9,0.0,0.0,993.6,4.0,270,0,40.0
2025-11-16T04:00,76.1,77.8,551.0,20.0,21.0,51.0,170,73,3.0,,13.3,70,12.0,0.0,0.0,993.5,4.7,263,0,45.0
2025-11-16T05:00,80.3,81.7,650.0,20.2,23.1,56.0,170,75,3.0,,12.5,80,11.5,0.0,0.0,994.3,4.9,270,0,50.0
2025-11-16T06:00,86.8,88.5,1017.0,26.7,24.8,49.0,169,78,3.0,,12.3,79,11.3,0.0,0.0,994.8,4.7,268,0,50.0
2025-11-16T07:00,96.9,98.5,1504.0,35.3,27.3,41.0,169,83,2.0,,12.8,75,11.5,0.0,0.0,995.5,6.1,267,0,60.0
2025-11-16T08:00,95.0,96.2,1766.0,39.3,30.0,45.0,168,82,2.0,,15.0,66,13.6,0.0,0.0,996.1,6.9,265,0,90.0
2025-11-16T09:00,89.4,90.8,1589.0,34.2,33.4,74.0,168,80,3.0,,18.0,55,16.9,0.0,0.0,996.7,4.8,281,0,145.0
2025-11-16T10:00,76.4,78.2,1186.0,24.4,37.0,116.0,167,73,3.0,,21.0,45,19.8,0.0,0.0,997.3,5.7,298,0,300.0
2025-11-16T11:00,60.3,62.4,851.0,16.3,38.6,147.0,167,74,4.0,,23.7,37,22.3,0.0,0.0,996.5,7.7,303,0,710.0
2025-11-16T12:00,49.7,51.6,679.0,10.9,36.5,158.0,166,79,4.0,,25.6,29,23.6,0.0,0.0,995.8,10.2,314,0,955.0
2025-11-16T13:00,42.7,44.4,575.0,7.3,32.4,159.0,166,80,3.0,,26.5,26,24.0,0.0,0.0,994.9,11.4,319,0,1105.0
2025-11-16T14:00,38.6,40.2,543.0,8.6,29.1,151.0,165,76,3.0,,26.8,24,23.7,0.0,0.0,994.0,11.6,319,0,1180.0
2025-11-16T15:00,36.8,38.1,623.0,19.0,27.7,132.0,165,66,3.0,,26.4,24,23.3,0.0,0.0,993.5,11.5,320,0,1165.0
2025-11-16T16:00,38.1,39.1,775.0,34.3,27.0,105.0,164,53,2.0,,25.5,26,22.8,0.0,0.0,993.2,9.8,314,0,1060.0
2025-11-16T17:00,52.2,53.8,887.0,44.1,26.9,80.0,164,61,3.0,,23.0,34,21.3,0.0,0.0,993.2,5.7,302,0,380.0
2025-11-16T18:00,59.6,61.0,908.0,47.1,27.4,71.0,163,65,3.0,,22.3,36,20.5,0.0,0.0,993.5,6.2,296,0,280.0
2025-11-16T19:00,62.4,63.8,889.0,51.0,28.1,58.0,162,66,2.0,,21.1,40,19.3,0.0,0.0,994.0,6.5,293,0,190.0
2025-11-16T20:00,64.5,65.7,865.0,53.1,28.4,48.0,161,67,2.0,,19.7,45,18.2,0.0,0.0,994.1,5.7,283,0,115.0
2025-11-16T21:00,67.5,68.9,850.0,51.9,28.0,44.0,160,69,2.0,,18.9,47,17.3,0.0,0.0,994.3,6.1,272,0,100.0
2025-11-16T22:00,70.8,72.2,830.0,48.9,27.2,43.0,159,70,2.0,,18.3,48,16.5,0.0,0.0,994.3,6.5,276,0,105.0
2025-11-16T23:00,72.2,73.6,798.0,45.1,26.1,43.0,159,71,2.0,,17.4,52,15.8,0.0,0.0,994.2,6.2,287,0,110.0
2025-11-17T00:00,72.2,73.6,736.0,40.0,24.6,44.0,159,71,2.0,,15.9,56,14.3,0.0,0.0,993.9,5.8,306,0,95.0
2025-11-17T01:00,72.9,74.3,661.0,34.3,22.9,45.0,158,71,3.0,,14.8,60,13.3,0.0,0.0,993.4,5.2,299,0,75.0
2025-11-17T02:00,74.7,76.1,618.0,30.7,21.7,45.0,158,72,3.0,,14.3,62,12.7,0.0,0.0,993.2,5.2,286,0,60.0
2025-11-17T03:00,77.3,78.7,596.0,30.9,21.2,40.0,158,74,3.0,,13.7,63,12.1,0.0,0.0,992.9,5.2,274,0,60.0
2025-11-17T04:00,79.6,81.3,606.0,33.3,21.2,33.0,158,75,3.0,,13.2,65,11.5,0.0,0.0,993.0,5.4,264,0,60.0
2025-11-17T05:00,80.8,82.4,726.0,28.7,22.5,41.0,158,75,3.0,,12.3,73,10.9,0.0,0.0,993.1,5.2,266,0,55.0
2025-11-17T06:00,91.0,92.7,1096.0,34.0,24.8,33.0,158,80,3.0,,12.3,73,10.8,0.0,0.0,993.6,5.5,261,0,55.0
2025-11-17T07:00,105.2,106.6,1576.0,40.9,28.2,24.0,159,86,2.0,,12.7,70,11.0,0.0,0.0,994.3,6.4,260,0,60.0
2025-11-17T08:00,103.6,104.5,1828.0,43.6,31.7,29.0,159,85,2.0,,14.8,63,13.2,0.0,0.0,995.0,6.8,268,0,85.0
2025-11-17T09:00,98.3,99.4,1635.0,38.2,35.4,62.0,159,83,3.0,,17.8,52,16.5,0.0,0.0,995.6,4.7,274,0,140.0
2025-11-17T10:00,90.1,91.7,1212.0,28.6,39.2,110.0,159,80,3.0,,20.6,42,19.3,0.0,0.0,996.1,4.4,289,0,235.0
2025-11-17T11:00,77.3,79.4,871.0,20.6,42.0,147.0,160,74,4.0,,23.2,36,22.0,0.0,0.0,995.4,4.4,300,0,695.0
2025-11-17T12:00,61.9,64.0,721.0,13.5,42.8,167.0,160,87,4.0,,25.0,30,23.6,0.0,0.0,994.9,5.9,315,0,930.0
2025-11-17T13:00,59.5,61.2,651.0,8.1,42.5,177.0,161,97,3.0,,25.7,29,24.1,0.0,0.0,993.9,6.5,312,0,1050.0
2025-11-17T14:00,58.6,60.1,642.0,12.4,42.9,173.0,161,93,3.0,,26.0,28,24.2,0.0,0.0,993.2,6.1,304,0,1110.0
2025-11-17T15:00,58.2,59.6,671.0,34.3,43.8,148.0,162,74,3.0,,25.8,29,24.0,0.0,0.0,993.0,5.6,303,0,1135.0
2025-11-17T16:00,65.2,66.4,760.0,65.8,45.3,109.0,162,68,2.0,,25.1,30,23.4,0.0,0.0,992.9,5.3,298,0,1085.0
2025-11-17T17:00,115.0,117.1,953.0,82.9,46.7,71.0,163,90,4.0,,22.7,43,22.0,0.0,0.0,992.9,3.5,309,0,410.0
2025-11-17T18:00,143.4,145.3,1305.0,89.1,53.1,58.0,165,101,4.0,,22.0,43,21.3,0.0,0.0,993.4,2.7,337,0,285.0
2025-11-17T19:00,164.4,166.7,1760.0,97.5,62.1,41.0,168,110,4.0,,21.3,45,20.7,0.0,0.0,994.1,1.3,45,0,115.0
2025-11-17T20:00,180.7,183.0,2200.0,102.9,69.1,28.0,171,116,4.0,,20.4,48,19.9,0.0,0.0,994.3,1.6,96,0,95.0
2025-11-17T21:00,193.2,195.6,2633.0,102.7,72.8,23.0,174,121,4.0,,19.6,52,19.1,0.0,0.0,994.4,1.5,144,0,75.0
2025-11-17T22:00,201.2,203.5,3050.0,99.6,74.5,23.0,178,124,4.0,,18.8,55,18.6,0.0,0.0,994.5,1.1,198,0,25.0
2025-11-17T23:00,204.0,206.3,3305.0,95.9,74.2,23.0,182,126,4.0,,17.7,60,17.3,0.0,0.0,994.3,2.0,225,0,25.0
2025-11-18T00:00,203.0,205.8,3303.0,92.2,71.1,22.0,186,125,4.0,,16.6,64,16.1,0.0,0.0,993.9,2.1,239,0,25.0
2025-11-18T01:00,202.1,204.4,3140.0,88.0,65.9,21.0,189,125,5.0,,16.0,66,15.5,0.0,0.0,993.4,2.1,255,0,30.0
2025-11-18T02:00,200.2,202.6,2953.0,84.0,60.9,20.0,193,124,5.0,,15.5,67,15.1,0.0,0.0,993.2,1.7,257,0,35.0
2025-11-18T03:00,195.6,198.4,2748.0,80.0,56.2,17.0,197,122,5.0,,15.1,68,14.6,0.0,0.0,992.8,1.8,264,0,35.0
2025-11-18T04:00,191.4,193.7,2520.0,76.2,51.7,14.0,201,121,4.0,,14.2,72,13.4,0.0,0.0,992.3,3.3,276,0,35.0
2025-11-18T05:00,184.9,187.2,2394.0,72.9,44.4,10.0,205,118,4.0,,14.5,70,13.9,0.0,0.0,992.5,2.3,266,0,45.0
2025-11-18T06:00,185.3,187.7,2524.0,74.2,44.5,13.0,210,118,3.0,,13.5,74,12.6,0.0,0.0,992.7,4.2,260,0,45.0
2025-11-18T07:00,190.5,192.3,2756.0,75.3,44.7,19.0,214,120,2.0,,13.6,74,12.5,0.0,0.0,993.4,5.1,260,0,50.0
2025-11-18T08:00,173.7,174.6,2757.0,71.5,45.8,36.0,217,113,2.0,,15.3,68,14.4,0.0,0.0,993.9,4.9,270,0,75.0
2025-11-18T09:00,149.9,151.3,2290.0,58.3,48.8,76.0,220,104,2.0,,18.0,58,17.3,0.0,0.0,994.4,3.5,285,0,135.0
2025-11-18T10:00,122.5,124.3,1592.0,40.1,52.7,127.0,222,93,3.0,,20.8,48,20.0,0.0,0.0,994.3,3.9,294,0,255.0
2025-11-18T11:00,96.6,98.5,1045.0,25.6,54.5,168.0,224,88,4.0,,23.4,40,22.4,0.0,0.0,993.6,5.6,292,0,665.0
2025-11-18T12:00,82.2,84.3,804.0,16.0,52.2,191.0,225,111,4.0,,24.9,34,23.8,0.0,0.0,992.7,6.9,298,0,885.0
2025-11-18T13:00,76.1,78.0,715.0,10.2,47.9,203.0,225,123,3.0,,25.6,34,24.2,0.0,0.0,991.5,7.6,301,0,975.0
2025-11-18T14:00,71.9,73.8,696.0,13.2,44.8,200.0,226,120,3.0,,25.8,34,24.3,0.0,0.0,990.6,7.7,301,0,1045.0
2025-11-18T15:00,70.1,71.7,725.0,31.3,43.9,176.0,227,96,3.0,,25.7,36,24.3,0.0,0.0,990.2,7.8,302,0,1060.0
2025-11-18T16:00,74.5,75.7,825.0,58.4,44.1,138.0,227,72,2.0,,24.9,41,24.0,0.0,0.0,990.0,7.5,310,0,1040.0
2025-11-18T17:00,107.1,108.7,980.0,78.2,45.5,106.0,228,87,3.0,,22.6,54,22.8,0.0,0.0,989.8,4.6,324,0,430.0
2025-11-18T18:00,124.3,125.7,1195.0,85.8,49.7,87.0,227,94,3.0,,21.9,59,22.4,0.0,0.0,990.2,3.4,357,0,280.0
2025-11-18T19:00,141.6,143.0,1466.0,96.1,55.4,60.0,226,101,3.0,,21.4,61,22.2,0.0,0.0,990.6,2.2,42,0,150.0
2025-11-18T20:00,156.9,158.3,1758.0,103.1,59.8,38.0,225,107,3.0,,20.9,63,21.9,0.0,0.0,990.7,0.9,90,0,85.0
2025-11-18T21:00,170.0,171.8,2142.0,104.4,62.2,25.0,224,112,3.0,,19.9,66,20.8,0.0,0.0,990.8,0.9,217,0,35.0
2025-11-18T22:00,178.3,179.7,2549.0,102.5,63.3,17.0,223,115,3.0,,18.5,70,18.8,0.0,0.0,990.7,3.8,239,0,45.0
2025-11-18T23:00,177.9,179.3,2732.0,98.2,61.5,12.0,223,115,3.0,,17.1,77,17.5,0.0,0.0,990.7,3.9,242,0,35.0
2025-11-19T00:00,169.0,170.4,2513.0,90.9,54.9,11.0,221,112,3.0,,16.2,80,16.6,0.0,0.0,990.3,3.2,251,0,35.0
2025-11-19T01:00,159.7,161.1,2072.0,81.2,45.5,14.0,220,108,2.0,,15.6,83,15.9,0.0,0.0,990.2,3.0,253,0,30.0
2025-11-19T02:00,152.7,154.1,1699.0,72.8,37.8,16.0,218,105,2.0,,15.2,83,15.3,0.0,0.0,989.9,4.0,262,0,35.0
2025-11-19T03:00,148.1,149.5,1455.0,66.5,33.3,16.0,216,103,2.0,,14.7,84,14.6,0.0,0.0,989.9,4.4,261,0,45.0
2025-11-19T04:00,143.9,145.3,1280.0,61.3,30.6,15.0,214,102,2.0,,14.2,83,14.0,0.0,0.0,990.0,4.0,249,0,40.0
2025-11-19T05:00,159.3,160.7,1285.0,65.4,37.3,10.0,212,108,2.0,,13.6,84,13.3,0.0,0.0,990.4,3.7,256,0,35.0
2025-11-19T06:00,164.8,166.2,1667.0,67.8,39.1,6.0,211,110,2.0,,13.3,83,12.8,0.0,0.0,991.1,4.0,262,0,40.0
2025-11-19T07:00,182.5,183.9,2230.0,70.7,41.9,2.0,210,117,1.0,,13.8,79,13.2,0.0,0.0,992.3,4.2,263,0,40.0
2025-11-19T08:00,186.7,187.7,2498.0,69.1,46.0,17.0,210,119,1.0,,15.7,71,15.5,0.0,0.0,993.3,2.2,279,0,60.0
2025-11-19T09:00,149.0,149.5,2175.0,59.0,52.6,68.0,211,104,1.0,,18.7,59,18.8,0.0,0.0,994.2,0.4,297,0,130.0
2025-11-19T10:00,116.4,117.3,1558.0,44.5,60.6,138.0,211,91,2.0,,21.7,50,21.8,0.0,0.0,994.6,1.1,108,0,240.0
2025-11-19T11:00,93.4,94.5,1058.0,33.1,66.7,192.0,210,112,2.0,,24.0,46,23.7,0.0,0.0,994.1,5.3,100,0,815.0
2025-11-19T12:00,73.1,74.3,825.0,24.9,69.1,218.0,210,138,2.0,,25.3,40,25.0,0.0,0.0,993.4,5.9,102,1,985.0
2025-11-19T13:00,68.5,69.4,709.0,19.9,69.6,228.0,210,148,2.0,,25.9,38,25.4,0.0,0.0,992.7,5.4,110,0,1090.0
2025-11-19T14:00,65.9,66.8,680.0,25.3,70.2,222.0,209,142,2.0,,26.0,37,25.4,0.0,0.0,991.6,4.8,119,0,1160.0
2025-11-19T15:00,65.2,66.1,754.0,49.7,71.5,193.0,209,113,2.0,,25.8,37,25.2,0.0,0.0,991.1,4.4,125,0,1155.0
2025-11-19T16:00,73.1,73.8,914.0,84.6,73.0,147.0,209,74,1.0,,25.1,40,24.5,0.0,0.0,991.2,4.8,132,0,1085.0
2025-11-19T17:00,116.4,117.6,1078.0,105.9,60.6,102.0,209,91,2.0,,23.4,48,23.3,0.0,0.0,991.0,4.4,150,0,235.0
2025-11-19T18:00,145.3,146.7,1207.0,111.9,64.7,82.0,209,102,2.0,,22.5,56,22.9,0.0,0.0,991.3,3.5,159,0,155.0
2025-11-19T19:00,162.5,163.4,1341.0,119.9,70.3,54.0,210,109,2.0,,21.8,59,22.8,0.0,0.0,991.8,0.9,180,0,20.0
2025-11-19T20:00,172.8,173.7,1511.0,124.3,74.6,33.0,211,113,2.0,,21.1,63,22.3,0.0,0.0,992.1,0.4,153,0,15.0
2025-11-19T21:00,181.1,182.1,1761.0,121.8,76.7,25.0,212,116,2.0,,20.4,64,21.4,0.0,0.0,992.1,0.6,146,0,35.0
2025-11-19T22:00,188.6,190.0,2049.0,115.6,77.5,22.0,212,119,2.0,,20.0,65,20.9,0.0,0.0,992.1,0.7,166,0,35.0
2025-11-19T23:00,192.8,194.2,2277.0,109.9,77.2,21.0,213,121,2.0,,18.8,71,19.7,0.0,0.0,991.9,1.2,207,0,20.0
2025-11-20T00:00,193.7,195.1,2409.0,106.2,75.6,19.0,213,121,2.0,,18.1,73,18.9,0.0,0.0,991.6,1.3,236,0,20.0
2025-11-20T01:00,193.7,194.6,2482.0,103.1,73.0,17.0,214,121,2.0,,17.4,76,18.0,0.0,0.0,991.3,2.5,262,0,35.0
2025-11-20T02:00,191.4,192.8,2510.0,100.0,70.1,15.0,216,121,2.0,,16.4,80,16.6,0.0,0.0,991.1,4.2,265,0,50.0
2025-11-20T03:00,189.1,190.5,2454.0,96.3,66.3,12.0,217,120,2.0,,16.0,79,16.1,0.0,0.0,991.1,4.2,260,0,50.0
2025-11-20T04:00,187.2,188.6,2353.0,92.7,62.3,8.0,219,119,2.0,,15.3,81,15.2,0.0,0.0,990.9,4.6,257,0,50.0
2025-11-20T05:00,204.0,205.4,2341.0,123.3,79.6,1.0,221,126,2.0,,14.4,85,14.4,0.0,0.0,991.2,4.4,251,0,45.0
2025-11-20T06:00,207.2,208.6,2581.0,123.6,79.4,0.0,223,127,2.0,,14.1,85,14.0,0.0,0.0,992.0,4.2,265,0,50.0
2025-11-20T07:00,220.3,221.2,2910.0,123.1,79.3,0.0,224,132,1.0,,14.4,84,14.2,0.0,0.0,992.8,4.5,263,0,55.0
2025-11-20T08:00,209.1,209.5,2974.0,115.8,80.4,20.0,226,128,1.0,,16.2,76,16.3,0.0,0.0,993.7,3.4,264,0,70.0
2025-11-20T09:00,181.6,182.5,2512.0,95.9,83.9,79.0,227,117,1.0,,19.2,65,19.8,0.0,0.0,994.5,1.5,249,0,100.0
2025-11-20T10:00,155.5,156.5,1784.0,69.2,88.5,157.0,228,106,2.0,,22.2,54,22.8,0.0,0.0,994.7,1.1,252,0,270.0
2025-11-20T11:00,128.1,129.0,1218.0,47.2,91.6,221.0,230,141,2.0,,24.4,46,24.3,0.0,0.0,994.2,4.7,180,0,965.0
2025-11-20T12:00,109.4,110.8,986.0,30.8,91.6,259.0,231,179,2.0,,25.6,42,25.6,0.0,0.0,993.5,5.3,172,0,1135.0
2025-11-20T13:00,106.2,107.6,916.0,19.1,90.1,282.0,233,202,2.0,,26.0,41,25.9,0.0,0.0,992.7,4.9,176,0,1250.0
2025-11-20T14:00,104.8,106.2,922.0,20.8,89.2,284.0,235,204,2.0,,26.1,40,25.9,0.0,0.0,992.1,4.5,180,0,1305.0
2025-11-20T15:00,105.5,106.9,953.0,44.8,88.8,253.0,236,173,2.0,,25.7,41,25.4,0.0,0.0,991.6,4.9,180,0,1250.0
2025-11-20T16:00,119.7,121.1,1060.0,82.3,88.9,201.0,238,121,2.0,,25.0,43,24.6,0.0,0.0,991.4,5.6,186,0,1080.0
2025-11-20T17:00,156.9,158.8,1306.0,98.8,78.4,140.0,240,107,3.0,,23.4,50,23.4,0.0,0.0,991.3,4.9,180,0,195.0
2025-11-20T18:00,186.7,189.1,1827.0,109.1,80.3,109.0,241,119,3.0,,22.0,57,22.4,0.0,0.0,992.1,4.1,203,0,85.0
2025-11-20T19:00,207.2,209.5,2486.0,123.3,82.8,67.0,243,127,4.0,,21.0,62,21.4,0.0,0.0,992.3,4.1,225,0,50.0
2025-11-20T20:00,218.4,220.3,2938.0,133.5,83.5,33.0,245,131,4.0,,20.6,63,21.3,0.0,0.0,992.7,2.0,225,0,30.0
2025-11-20T21:00,221.7,224.0,2977.0,136.0,80.8,17.0,247,133,4.0,,20.1,66,21.1,0.0,0.0,992.9,0.5,180,0,10.0
2025-11-20T22:00,221.2,223.5,2809.0,134.5,76.4,10.0,249,132,4.0,,19.2,68,20.1,0.0,0.0,992.9,0.7,104,0,20.0
2025-11-20T23:00,219.3,221.7,2702.0,131.9,72.0,6.0,250,132,4.0,,18.3,72,19.1,0.0,0.0,992.6,0.7,166,0,15.0
2025-11-21T00:00,217.0,219.8,2790.0,128.9,68.0,2.0,251,131,4.0,,17.5,73,18.2,0.0,0.0,992.6,0.6,236,0,10.0
2025-11-21T01:00,217.0,219.3,2940.0,124.9,64.2,1.0,252,131,5.0,,16.8,75,17.3,0.0,0.0,992.3,1.5,234,0,15.0
2025-11-21T02:00,217.5,220.3,3019.0,121.2,61.8,0.0,253,131,5.0,,16.4,75,16.8,0.0,0.0,992.4,1.4,230,0,15.0
2025-11-21T03:00,217.9,221.2,2961.0,118.2,61.5,0.0,254,131,5.0,,16.2,74,16.5,0.0,0.0,992.2,0.9,217,0,10.0
2025-11-21T04:00,219.8,222.6,2833.0,115.5,62.6,0.0,255,132,5.0,,15.9,75,16.2,0.0,0.0,992.3,0.9,217,0,10.0
2025-11-21T05:00,215.6,218.4,2705.0,105.3,57.2,1.0,257,130,5.0,,15.1,78,15.2,0.0,0.0,992.8,2.3,209,0,15.0
2025-11-21T06:00,213.3,216.5,2650.0,103.4,57.1,2.0,257,129,4.0,,14.5,81,14.3,0.0,0.0,993.6,4.1,209,0,25.0
2025-11-21T07:00,212.3,215.1,2596.0,100.1,56.8,6.0,257,129,3.0,,15.0,79,14.8,0.0,0.0,994.2,4.6,201,0,30.0
2025-11-21T08:00,193.2,195.1,2393.0,92.1,55.8,24.0,257,121,3.0,,17.7,69,17.5,0.0,0.0,995.3,5.3,190,0,70.0
2025-11-21T09:00,171.8,173.7,1884.0,75.7,52.8,70.0,256,113,4.0,,20.5,62,20.9,0.0,0.0,995.9,3.2,180,0,175.0
2025-11-21T10:00,146.7,149.5,1228.0,54.6,49.0,131.0,256,103,5.0,,22.8,55,23.2,0.0,0.0,996.2,4.7,180,0,585.0
2025-11-21T11:00,118.3,122.0,748.0,37.3,47.3,179.0,256,99,6.0,,24.5,46,24.2,0.0,0.0,995.7,6.1,180,0,1165.0
2025-11-21T12:00,96.2,99.4,596.0,23.3,49.3,208.0,255,128,6.0,,25.6,40,25.5,0.0,0.0,994.9,4.7,184,0,1295.0
2025-11-21T13:00,90.8,93.4,621.0,13.1,53.5,224.0,255,144,5.0,,26.1,38,25.9,0.0,0.0,994.0,3.5,195,0,1410.0
2025-11-21T14:00,89.2,91.7,696.0,16.1,57.9,224.0,254,144,4.0,,26.2,38,25.9,0.0,0.0,993.2,3.1,216,0,1560.0
2025-11-21T15:00,89.9,92.2,796.0,43.1,62.1,198.0,253,118,4.0,,26.0,38,25.6,0.0,0.0,992.8,3.4,223,0,1575.0
2025-11-21T16:00,102.0,104.1,946.0,83.2,66.6,154.0,253,85,4.0,,25.4,39,24.9,0.0,0.0,992.7,4.6,234,0,1465.0
2025-11-21T17:00,156.0,158.3,1092.0,115.7,64.1,98.0,252,106,5.0,,23.5,50,23.8,0.0,0.0,992.5,3.2,214,0,180.0
2025-11-21T18:00,188.6,191.4,1210.0,120.9,69.9,81.0,252,119,5.0,,22.9,55,23.9,0.0,0.0,992.9,0.7,284,0,20.0
2025-11-21T19:00,210.5,213.7,1325.0,127.7,77.7,57.0,252,128,5.0,,21.6,57,22.1,0.0,0.0,993.1,2.0,5,0,75.0
2025-11-21T20:00,223.5,226.8,1452.0,129.8,81.7,40.0,252,133,5.0,,20.6,61,21.1,0.0,0.0,993.3,2.7,28,0,85.0
2025-11-21T21:00,226.8,230.0,1611.0,123.2,78.5,37.0,252,135,5.0,,20.1,62,20.5,0.0,0.0,993.2,2.8,79,0,80.0
2025-11-21T22:00,223.5,226.8,1783.0,111.9,71.6,41.0,253,133,5.0,,19.3,66,19.8,0.0,0.0,993.0,3.1,90,0,60.0
2025-11-21T23:00,219.3,222.6,1925.0,101.9,65.2,44.0,253,132,5.0,,18.6,72,19.2,0.0,0.0,993.1,2.9,60,0,60.0
2025-11-22T00:00,215.6,218.9,2027.0,94.7,60.2,43.0,253,130,5.0,,18.2,73,19.0,0.0,0.0,992.7,1.3,90,0,35.0
2025-11-22T01:00,215.1,218.4,2099.0,88.9,55.8,42.0,253,130,6.0,,17.8,74,18.7,0.0,0.0,992.5,0.9,143,0,25.0
2025-11-22T02:00,217.5,221.2,2125.0,85.7,53.7,40.0,253,131,6.0,,17.4,76,18.3,0.0,0.0,992.2,0.3,225,0,10.0
2025-11-22T03:00,220.7,224.4,2038.0,86.4,55.0,37.0,253,132,6.0,,16.7,78,17.5,0.0,0.0,991.8,0.9,270,0,25.0
2025-11-22T04:00,223.1,226.3,1905.0,89.7,58.6,33.0,253,133,6.0,,15.9,80,16.3,0.0,0.0,991.4,2.1,255,0,25.0
2025-11-22T05:00,208.6,211.9,1908.0,77.8,51.4,37.0,253,127,5.0,,14.8,84,15.0,0.0,0.0,991.3,3.0,253,0,30.0
2025-11-22T06:00,220.3,223.1,2270.0,86.0,57.9,32.0,253,132,5.0,,14.1,87,14.2,0.0,0.0,991.6,3.5,246,0,25.0
2025-11-22T07:00,237.0,240.3,2768.0,96.3,66.8,27.0,253,139,4.0,,14.4,86,14.3,0.0,0.0,992.0,4.4,251,0,30.0
2025-11-22T08:00,241.2,243.1,2919.0,96.7,73.7,41.0,254,140,4.0,,16.7,76,16.6,0.0,0.0,992.7,5.2,258,0,50.0
2025-11-22T09:00,210.5,212.8,2374.0,77.8,77.6,92.0,256,128,4.0,,20.0,63,20.3,0.0,0.0,993.4,4.0,260,0,105.0
2025-11-22T10:00,168.1,170.9,1483.0,49.0,79.4,161.0,257,111,5.0,,22.9,51,22.9,0.0,0.0,993.6,4.7,254,0,405.0
2025-11-22T11:00,134.6,137.8,807.0,26.2,77.1,210.0,258,130,6.0,,24.6,37,23.5,0.0,0.0,993.3,5.8,274,0,1310.0
2025-11-22T12:00,117.3,121.1,583.0,13.9,67.4,223.0,259,143,7.0,,25.7,32,24.5,0.0,0.0,992.7,6.0,297,0,1575.0
2025-11-22T13:00,106.2,110.6,575.0,7.6,53.5,216.0,260,136,8.0,,26.1,30,24.4,0.0,0.0,991.7,7.1,297,0,1850.0
2025-11-22T14:00,98.3,102.9,635.0,9.8,43.3,199.0,261,119,9.0,,26.2,29,24.2,0.0,0.0,990.9,7.7,295,0,1920.0
2025-11-22T15:00,94.1,98.5,718.0,25.6,40.2,170.0,261,90,8.0,,25.8,29,23.6,0.0,0.0,990.5,8.2,289,0,1880.0
2025-11-22T16:00,102.9,106.4,869.0,49.8,40.8,131.0,261,85,7.0,,25.0,30,22.9,0.0,0.0,990.5,7.9,283,0,1635.0
2025-11-22T17:00,151.3,156.5,1071.0,83.0,48.8,88.0,261,105,9.0,,22.7,43,21.9,0.0,0.0,990.5,4.1,272,0,135.0
2025-11-22T18:00,173.2,177.9,1382.0,88.9,53.3,71.0,261,113,8.0,,21.8,46,21.2,0.0,0.0,990.7,3.6,270,0,85.0
2025-11-22T19:00,191.4,196.0,1744.0,96.7,59.3,48.0,260,121,8.0,,21.4,48,21.0,0.0,0.0,991.3,2.0,260,0,65.0
2025-11-22T20:00,204.4,208.6,1970.0,100.9,63.0,30.0,260,126,7.0,,20.8,50,20.5,0.0,0.0,991.8,1.4,270,0,45.0
2025-11-22T21:00,212.3,216.1,1948.0,98.7,62.7,23.0,259,129,7.0,,20.1,51,19.8,0.0,0.0,991.9,1.4,320,0,55.0
2025-11-22T22:00,216.1,219.3,1790.0,92.9,60.1,21.0,258,130,6.0,,19.4,53,19.0,0.0,0.0,991.8,1.6,360,0,60.0
2025-11-22T23:00,214.2,217.5,1637.0,86.0,56.2,22.0,258,130,6.0,,19.0,56,18.8,0.0,0.0,991.7,1.1,360,0,60.0
2025-11-23T00:00,207.7,210.5,1523.0,78.2,50.2,25.0,258,127,5.0,,17.8,59,17.4,0.0,0.0,991.5,2.1,15,0,55.0
2025-11-23T01:00,197.9,200.2,1414.0,69.2,42.8,29.0,257,123,5.0,,17.0,63,16.7,0.0,0.0,991.6,2.0,360,0,45.0
2025-11-23T02:00,186.7,188.6,1353.0,61.0,37.2,34.0,257,119,4.0,,16.1,68,15.9,0.0,0.0,991.3,1.5,291,0,30.0
2025-11-23T03:00,176.5,178.3,1329.0,52.7,33.9,38.0,255,115,4.0,,14.6,74,14.1,0.0,0.0,991.0,3.5,258,0,25.0
2025-11-23T04:00,170.4,172.3,1353.0,45.2,32.3,42.0,253,112,3.0,,13.7,78,13.1,0.0,0.0,991.0,3.9,254,0,25.0
2025-11-23T05:00,208.2,210.5,1501.0,65.6,44.4,16.0,251,127,4.0,,13.2,82,12.8,0.0,0.0,991.2,3.5,279,0,30.0
2025-11-23T06:00,220.7,223.5,1952.0,70.7,50.4,12.0,251,132,4.0,,13.2,82,12.8,0.0,0.0,992.0,2.5,278,0,25.0
2025-11-23T07:00,242.1,244.9,2528.0,77.2,58.6,10.0,251,141,3.0,,13.5,80,13.1,0.0,0.0,992.5,3.2,270,0,30.0
2025-11-23T08:00,247.7,249.6,2767.0,77.5,65.5,24.0,251,143,3.0,,15.8,70,15.2,0.0,0.0,993.3,4.0,265,0,40.0
2025-11-23T09:00,209.5,211.4,2354.0,66.2,70.3,72.0,252,128,3.0,,19.3,57,19.1,0.0,0.0,994.1,2.2,270,0,95.0
2025-11-23T10:00,170.0,172.3,1605.0,48.6,73.6,138.0,252,112,4.0,,22.1,46,21.8,0.0,0.0,994.3,1.8,259,0,255.0
2025-11-23T11:00,137.4,139.7,1005.0,33.7,73.6,187.0,252,107,5.0,,24.0,39,23.4,0.0,0.0,993.9,2.7,250,0,1260.0
2025-11-23T12:00,128.5,131.3,730.0,22.3,68.1,209.0,252,129,6.0,,25.5,31,24.4,0.0,0.0,993.1,5.1,260,0,1505.0
2025-11-23T13:00,117.8,121.1,604.0,13.5,59.4,214.0,252,134,6.0,,25.9,29,24.1,0.0,0.0,992.2,7.2,269,0,1615.0
2025-11-23T14:00,104.3,107.6,581.0,13.2,52.1,206.0,253,126,6.0,,25.9,28,23.7,0.0,0.0,991.4,7.8,275,0,1550.0
2025-11-23T15:00,96.9,99.9,674.0,28.0,48.1,178.0,253,98,6.0,,25.4,29,23.2,0.0,0.0,990.9,8.1,282,0,1380.0
2025-11-23T16:00,104.3,106.6,870.0,51.3,45.6,137.0,253,86,5.0,,24.4,33,22.5,0.0,0.0,990.7,7.9,287,0,1130.0
2025-11-23T17:00,154.1,156.9,1083.0,73.5,50.0,99.0,253,106,5.0,,22.3,42,21.3,0.0,0.0,990.4,4.9,278,0,195.0
2025-11-23T18:00,168.1,170.9,1314.0,76.6,50.8,84.0,253,111,5.0,,21.5,46,20.7,0.0,0.0,991.1,4.4,282,0,130.0
2025-11-23T19:00,174.6,177.0,1561.0,80.5,51.7,62.0,253,114,4.0,,20.4,52,19.7,0.0,0.0,991.5,4.3,287,0,100.0
2025-11-23T20:00,181.1,183.5,1740.0,82.0,51.6,46.0,252,116,4.0,,19.4,56,18.9,0.0,0.0,992.0,4.3,303,0,85.0
2025-11-23T21:00,187.2,189.1,1802.0,79.1,49.6,39.0,251,119,4.0,,18.4,60,17.9,0.0,0.0,992.2,4.2,310,0,75.0
2025-11-23T22:00,189.5,191.9,1796.0,73.7,46.5,37.0,250,120,4.0,,17.8,63,17.5,0.0,0.0,992.2,3.1,324,0,70.0
2025-11-23T23:00,186.7,189.1,1774.0,67.6,43.2,37.0,249,119,4.0,,17.2,66,16.9,0.0,0.0,992.1,3.3,324,0,80.0
2025-11-24T00:00,180.7,183.0,1759.0,60.5,39.4,39.0,248,116,4.0,,16.3,69,16.0,0.0,0.0,991.9,3.1,315,0,60.0
2025-11-24T01:00,174.6,177.4,1728.0,52.6,35.3,43.0,247,114,5.0,,15.7,71,15.5,0.0,0.0,991.9,2.5,291,0,30.0
2025-11-24T02:00,170.9,173.7,1674.0,46.5,32.4,45.0,246,112,5.0,,14.8,75,14.3,0.0,0.0,991.8,3.6,288,0,30.0
2025-11-24T03:00,168.1,170.9,1538.0,42.9,30.9,44.0,245,111,5.0,,13.9,79,13.4,0.0,0.0,991.9,3.8,281,0,30.0
2025-11-24T04:00,166.2,169.0,1378.0,41.2,30.5,41.0,245,110,5.0,,13.2,81,12.5,0.0,0.0,992.0,4.5,270,0,35.0
2025-11-24T05:00,175.6,178.3,1358.0,41.9,34.7,36.0,245,114,5.0,,12.4,88,11.8,0.0,0.0,992.5,4.5,268,0,45.0
2025-11-24T06:00,181.1,183.9,1660.0,48.6,38.7,30.0,244,116,4.0,,12.2,88,11.7,0.0,0.0,993.3,4.0,273,0,45.0
2025-11-24T07:00,196.0,198.8,2101.0,57.2,44.2,25.0,242,122,4.0,,12.7,84,12.1,0.0,0.0,994.0,4.5,268,0,45.0
2025-11-24T08:00,195.1,197.0,2297.0,59.4,49.0,37.0,240,122,3.0,,14.7,75,14.1,0.0,0.0,994.8,4.5,277,0,65.0
2025-11-24T09:00,171.4,173.2,2002.0,49.2,52.4,84.0,238,113,3.0,,17.8,62,17.5,0.0,0.0,995.5,2.6,282,0,120.0
2025-11-24T10:00,133.2,135.0,1462.0,32.6,55.0,149.0,236,97,3.0,,20.6,52,20.3,0.0,0.0,995.9,2.2,294,0,245.0
2025-11-24T11:00,97.3,99.0,1028.0,19.5,56.0,198.0,235,118,3.0,,22.8,42,22.0,0.0,0.0,995.2,3.9,313,0,870.0
2025-11-24T12:00,79.4,80.8,824.0,12.3,54.6,221.0,233,141,3.0,,24.2,36,23.3,0.0,0.0,994.5,4.6,309,0,1075.0
2025-11-24T13:00,72.6,74.0,726.0,8.6,51.8,228.0,231,148,3.0,,24.8,31,23.3,0.0,0.0,993.5,5.5,306,0,1310.0
2025-11-24T14:00,68.9,70.3,710.0,11.4,49.3,222.0,229,142,3.0,,25.0,30,23.1,0.0,0.0,992.7,6.3,301,0,1420.0
2025-11-24T15:00,65.7,67.1,779.0,24.6,47.3,199.0,228,119,3.0,,24.8,29,22.6,0.0,0.0,992.4,6.9,301,0,1405.0
2025-11-24T16:00,68.5,69.4,931.0,44.3,45.8,162.0,226,82,2.0,,23.9,31,21.9,0.0,0.0,992.4,6.9,300,0,1100.0
2025-11-24T17:00,87.1,88.5,1131.0,61.4,47.7,125.0,225,79,2.0,,21.5,44,20.5,0.0,0.0,992.2,4.4,297,0,195.0
2025-11-24T18:00,100.8,102.0,1436.0,69.3,49.6,105.0,222,84,2.0,,20.7,47,19.8,0.0,0.0,992.7,3.9,298,0,145.0
2025-11-24T19:00,112.5,113.9,1790.0,80.1,52.3,76.0,219,89,2.0,,20.0,49,19.3,0.0,0.0,993.2,2.7,302,0,110.0
2025-11-24T20:00,123.4,124.8,1990.0,86.8,53.9,54.0,217,93,2.0,,19.0,52,18.3,0.0,0.0,993.8,3.1,310,0,95.0
2025-11-24T21:00,133.2,134.6,1914.0,86.2,54.2,43.0,214,97,2.0,,18.1,55,17.3,0.0,0.0,994.3,3.3,306,0,75.0
2025-11-24T22:00,139.7,141.1,1685.0,81.6,53.4,38.0,212,100,2.0,,17.2,58,16.4,0.0,0.0,994.2,3.4,295,0,60.0
2025-11-24T23:00,139.2,140.2,1468.0,75.6,51.0,36.0,210,100,2.0,,16.4,63,15.7,0.0,0.0,994.3,3.4,295,0,55.0
2025-11-25T00:00,131.3,132.2,1307.0,68.4,45.5,37.0,208,97,2.0,,15.3,66,14.5,0.0,0.0,993.9,3.6,273,0,40.0
2025-11-25T01:00,123.9,124.8,1159.0,59.9,38.4,40.0,206,94,2.0,,14.5,67,13.3,0.0,0.0,994.0,4.8,292,0,55.0
2025-11-25T02:00,118.7,119.7,1060.0,52.3,32.8,43.0,204,91,2.0,,13.6,72,12.6,0.0,0.0,993.7,4.0,273,0,50.0
2025-11-25T03:00,115.9,117.1,1006.0,45.8,30.0,44.0,202,90,2.0,,12.8,75,11.7,0.0,0.0,993.4,4.5,272,0,45.0
2025-11-25T04:00,114.8,115.7,1001.0,40.2,28.8,44.0,200,90,2.0,,12.2,77,11.1,0.0,0.0,993.5,4.4,282,0,45.0
2025-11-25T05:00,116.2,117.3,1101.0,35.6,28.7,41.0,198,90,2.0,,11.6,82,10.6,0.0,0.0,993.5,4.3,275,0,45.0
2025-11-25T06:00,123.4,124.3,1437.0,39.9,31.0,37.0,196,93,2.0,,11.4,83,10.3,0.0,0.0,994.1,4.5,272,0,45.0
2025-11-25T07:00,132.7,133.6,1878.0,45.5,34.4,33.0,195,97,1.0,,11.8,80,10.5,0.0,0.0,994.6,5.9,272,0,60.0
2025-11-25T08:00,126.2,126.7,2081.0,46.4,37.4,45.0,193,94,1.0,,13.7,72,12.4,0.0,0.0,995.4,6.5,268,0,85.0
2025-11-25T09:00,115.0,115.5,1820.0,38.4,40.1,86.0,191,90,1.0,,16.7,59,15.7,0.0,0.0,996.0,4.3,275,0,130.0
2025-11-25T10:00,96.4,97.1,1322.0,25.8,42.6,143.0,189,83,1.0,,19.5,50,18.5,0.0,0.0,996.2,4.8,285,0,255.0
2025-11-25T11:00,71.7,72.4,928.0,15.9,43.7,186.0,188,106,1.0,,21.9,42,20.5,0.0,0.0,995.2,7.1,297,0,900.0
2025-11-25T12:00,54.8,55.5,761.0,10.1,42.4,206.0,187,126,1.0,,23.3,36,21.6,0.0,0.0,994.5,8.3,303,0,1015.0
2025-11-25T13:00,49.2,49.9,697.0,7.0,39.9,212.0,186,132,2.0,,23.8,35,22.0,0.0,0.0,993.1,8.3,303,0,1115.0
2025-11-25T14:00,48.0,48.8,707.0,9.6,38.1,207.0,186,127,2.0,,24.0,34,22.0,0.0,0.0,992.1,8.6,300,0,1140.0
2025-11-25T15:00,47.8,48.8,806.0,21.3,37.9,187.0,185,107,2.0,,23.6,34,21.5,0.0,0.0,991.6,8.7,297,0,1115.0
2025-11-25T16:00,51.0,51.7,979.0,38.7,38.6,155.0,184,78,1.0,,22.8,35,20.7,0.0,0.0,991.4,8.3,294,0,1015.0
2025-11-25T17:00,65.7,66.1,1151.0,51.4,38.5,119.0,184,68,1.0,,20.7,44,19.3,0.0,0.0,991.3,5.0,291,0,300.0
2025-11-25T18:00,81.0,81.5,1321.0,58.1,40.0,101.0,183,76,1.0,,20.0,46,18.6,0.0,0.0,991.6,5.2,290,0,220.0
2025-11-25T19:00,89.9,90.3,1491.0,66.9,42.0,76.0,183,80,1.0,,18.9,51,17.7,0.0,0.0,992.1,5.3,282,0,145.0
2025-11-25T20:00,92.9,93.1,1587.0,70.7,42.6,58.0,182,81,1.0,,17.8,55,16.7,0.0,0.0,992.1,5.4,278,0,115.0
2025-11-25T21:00,92.2,92.7,1562.0,65.3,40.8,54.0,181,81,1.0,,16.9,60,15.8,0.0,0.0,992.2,5.3,282,0,105.0
2025-11-25T22:00,92.0,92.4,1464.0,54.9,37.8,57.0,180,81,1.0,,16.0,63,15.0,0.0,0.0,991.8,5.2,290,0,95.0
2025-11-25T23:00,90.3,90.8,1360.0,45.2,34.8,61.0,179,80,1.0,,15.3,68,14.3,0.0,0.0,991.7,5.2,290,0,85.0
2025-11-26T00:00,88.2,88.5,1258.0,37.8,32.3,63.0,177,79,1.0,,14.8,67,13.6,0.0,0.0,991.5,5.4,291,0,95.0
2025-11-26T01:00,87.8,88.0,1151.0,31.1,29.9,65.0,176,79,1.0,,14.1,69,13.0,0.0,0.0,991.6,5.2,286,0,90.0
2025-11-26T02:00,88.5,88.9,1082.0,26.3,28.2,66.0,175,79,1.0,,13.3,73,12.2,0.0,0.0,991.3,4.7,279,0,75.0
2025-11-26T03:00,89.4,90.1,1042.0,23.2,27.3,65.0,174,80,1.0,,12.5,76,11.5,0.0,0.0,991.4,4.1,268,0,50.0
2025-11-26T04:00,91.0,91.5,1040.0,21.9,27.1,64.0,173,80,1.0,,11.9,79,10.8,0.0,0.0,991.5,4.0,262,0,40.0
2025-11-26T05:00,97.1,97.8,1153.0,24.6,28.5,58.0,172,83,1.0,,11.4,85,10.4,0.0,0.0,991.9,4.5,275,0,40.0
2025-11-26T06:00,105.7,106.4,1526.0,33.7,32.3,47.0,172,86,1.0,,11.2,86,10.2,0.0,0.0,993.0,4.1,268,0,45.0
2025-11-26T07:00,123.4,124.3,2013.0,45.8,37.6,35.0,171,93,1.0,,11.5,83,10.6,0.0,0.0,993.8,4.0,267,0,45.0
2025-11-26T08:00,129.9,130.9,2249.0,51.4,42.5,40.0,171,96,1.0,,13.5,74,12.6,0.0,0.0,994.9,4.3,292,0,65.0
2025-11-26T09:00,122.0,122.5,1994.0,44.5,46.5,79.0,171,93,1.0,,16.5,62,15.9,0.0,0.0,995.5,2.6,304,0,120.0
2025-11-26T10:00,110.4,111.3,1487.0,31.1,50.1,136.0,171,88,2.0,,19.3,51,18.8,0.0,0.0,995.8,2.0,315,0,270.0
2025-11-26T11:00,93.6,94.8,1082.0,20.4,52.5,180.0,172,100,2.0,,21.2,43,20.2,0.0,0.0,995.2,2.9,313,0,680.0
2025-11-26T12:00,70.3,71.5,910.0,13.7,53.1,201.0,172,121,2.0,,22.9,35,21.8,0.0,0.0,994.6,3.4,313,0,830.0
2025-11-26T13:00,61.5,62.9,840.0,9.7,52.5,210.0,173,130,3.0,,23.6,32,22.2,0.0,0.0,993.5,3.6,307,0,925.0
2025-11-26T14:00,60.1,61.7,834.0,13.6,52.3,205.0,173,125,3.0,,23.9,31,22.2,0.0,0.0,992.8,3.9,298,0,1065.0
2025-11-26T15:00,59.5,61.0,901.0,30.8,52.5,181.0,174,101,3.0,,23.7,31,21.9,0.0,0.0,992.8,4.8,299,0,1050.0
2025-11-26T16:00,67.1,68.2,1033.0,55.9,53.0,143.0,174,72,2.0,,22.9,33,21.0,0.0,0.0,992.8,5.4,307,0,925.0
2025-11-26T17:00,84.5,85.9,1164.0,76.0,56.4,108.0,174,77,2.0,,20.6,45,19.6,0.0,0.0,992.6,3.5,336,0,330.0
2025-11-26T18:00,109.7,111.1,1261.0,85.7,60.6,87.0,175,88,2.0,,19.6,46,18.4,0.0,0.0,993.4,4.0,3,0,280.0
2025-11-26T19:00,131.3,132.2,1358.0,99.1,66.6,57.0,176,97,2.0,,18.8,51,17.8,0.0,0.0,994.0,4.0,18,0,200.0
2025-11-26T20:00,149.0,150.4,1488.0,108.8,72.6,34.0,177,104,2.0,,18.4,52,17.5,0.0,0.0,994.3,2.8,18,0,145.0
2025-11-26T21:00,166.2,167.6,1691.0,111.4,78.5,23.0,179,110,2.0,,17.6,54,16.7,0.0,0.0,994.5,2.7,28,0,85.0
2025-11-26T22:00,183.5,184.4,1926.0,110.4,84.3,19.0,181,117,2.0,,17.2,56,16.7,0.0,0.0,994.8,1.0,22,0,50.0
2025-11-26T23:00,195.1,196.5,2110.0,109.1,88.3,16.0,184,122,2.0,,16.4,60,15.9,0.0,0.0,994.9,0.6,162,0,35.0
2025-11-27T00:00,198.8,200.2,2191.0,109.0,90.0,14.0,187,124,2.0,,15.9,61,15.3,0.0,0.0,994.8,0.4,207,0,25.0
2025-11-27T01:00,198.4,199.8,2221.0,108.5,89.8,14.0,190,123,3.0,,15.6,62,15.1,0.0,0.0,994.8,0.4,270,0,20.0
2025-11-27T02:00,196.0,197.4,2266.0,106.5,87.9,14.0,193,122,3.0,,14.8,65,14.2,0.0,0.0,994.2,0.6,288,0,35.0
2025-11-27T03:00,191.9,193.2,2318.0,101.8,83.1,12.0,196,121,3.0,,14.0,67,13.4,0.0,0.0,993.9,0.8,297,0,35.0
2025-11-27T04:00,189.5,190.9,2386.0,95.6,76.5,10.0,200,120,3.0,,13.4,70,12.7,0.0,0.0,994.0,1.0,301,0,35.0
2025-11-27T05:00,185.8,186.7,2566.0,84.9,55.6,8.0,203,118,2.0,,13.3,71,12.7,0.0,0.0,994.4,0.6,326,0,30.0
2025-11-27T06:00,187.2,188.1,3080.0,85.3,53.8,11.0,207,119,2.0,,12.8,74,12.1,0.0,0.0,995.1,1.1,351,0,35.0
2025-11-27T07:00,194.2,194.6,3707.0,85.1,51.6,17.0,211,122,1.0,,12.6,77,12.0,0.0,0.0,995.6,1.6,360,0,35.0
2025-11-27T08:00,179.7,180.2,3878.0,79.4,51.2,36.0,213,116,1.0,,14.5,71,13.9,0.0,0.0,996.4,2.8,45,0,45.0
2025-11-27T09:00,140.2,140.6,3154.0,62.6,54.6,82.0,216,100,1.0,,17.4,59,16.9,0.0,0.0,997.1,2.0,63,0,125.0
2025-11-27T10:00,98.3,99.0,1973.0,40.3,60.0,142.0,216,83,2.0,,19.9,47,19.0,0.0,0.0,997.2,3.0,65,0,395.0
2025-11-27T11:00,67.3,68.2,1083.0,23.9,63.9,186.0,216,106,2.0,,21.6,35,20.0,0.0,0.0,996.3,3.3,68,0,655.0
2025-11-27T12:00,56.0,56.9,799.0,16.9,64.7,202.0,215,122,2.0,,23.2,31,21.8,0.0,0.0,995.7,3.1,66,0,775.0
2025-11-27T13:00,50.4,51.5,805.0,15.8,64.1,202.0,214,122,2.0,,24.0,29,22.6,0.0,0.0,994.8,2.1,70,0,940.0
2025-11-27T14:00,47.7,48.9,902.0,22.1,63.6,191.0,214,111,2.0,,24.4,29,22.9,0.0,0.0,993.9,2.1,59,0,1045.0
2025-11-27T15:00,46.8,48.1,1077.0,40.2,63.6,165.0,213,85,2.0,,24.3,29,22.7,0.0,0.0,993.5,2.6,51,0,1090.0
2025-11-27T16:00,51.1,52.3,1342.0,65.6,63.6,128.0,213,64,2.0,,23.5,32,22.0,0.0,0.0,993.5,3.1,59,0,1080.0
2025-11-27T17:00,103.6,106.4,1535.0,90.4,65.0,93.0,212,85,5.0,,21.3,46,20.7,0.0,0.0,993.2,2.1,59,0,130.0
2025-11-27T18:00,129.9,132.7,1574.0,97.9,68.3,74.0,213,96,5.0,,20.3,49,19.8,0.0,0.0,993.8,2.2,35,0,190.0
2025-11-27T19:00,147.6,149.9,1542.0,107.8,72.5,47.0,214,103,4.0,,19.3,54,18.9,0.0,0.0,994.3,2.5,21,0,155.0
2025-11-27T20:00,157.4,159.3,1524.0,112.7,73.4,28.0,214,107,4.0,,18.6,58,18.3,0.0,0.0,994.5,2.5,4,0,130.0
2025-11-27T21:00,159.3,161.1,1572.0,108.5,68.3,24.0,215,108,4.0,,17.7,62,17.4,0.0,0.0,994.6,2.9,338,0,95.0
2025-11-27T22:00,154.6,156.5,1635.0,99.3,59.8,27.0,214,106,3.0,,16.9,66,16.5,0.0,0.0,994.4,3.4,360,0,85.0
2025-11-27T23:00,142.5,143.9,1648.0,89.3,51.7,32.0,213,101,3.0,,16.2,71,15.9,0.0,0.0,994.4,3.3,347,0,70.0
2025-11-28T00:00,129.5,130.9,1564.0,79.7,44.7,37.0,211,96,3.0,,15.3,74,14.9,0.0,0.0,993.7,3.7,337,0,65.0
2025-11-28T01:00,122.0,123.4,1430.0,69.3,38.1,44.0,208,93,2.0,,14.7,75,14.2,0.0,0.0,993.6,3.8,343,0,60.0
2025-11-28T02:00,117.1,118.3,1325.0,59.2,33.1,50.0,205,91,2.0,,14.2,76,13.7,0.0,0.0,993.2,3.1,315,0,50.0
2025-11-28T03:00,113.4,114.6,1246.0,48.2,30.3,56.0,202,89,2.0,,13.4,79,12.8,0.0,0.0,993.0,3.9,292,0,50.0
2025-11-28T04:00,110.4,111.3,1195.0,37.4,29.2,62.0,199,88,1.0,,12.5,84,11.8,0.0,0.0,992.7,4.8,285,0,60.0
2025-11-28T05:00,101.3,102.2,1265.0,22.3,27.9,79.0,196,85,2.0,,11.8,88,11.2,0.0,0.0,992.9,3.9,286,0,50.0
2025-11-28T06:00,105.5,106.2,1605.0,30.7,31.0,69.0,194,86,2.0,,11.5,88,10.8,0.0,0.0,993.3,3.8,287,0,40.0
2025-11-28T07:00,115.9,116.6,2065.0,41.8,35.4,56.0,191,90,1.0,,12.1,84,11.3,0.0,0.0,993.8,4.1,270,0,40.0
2025-11-28T08:00,115.7,116.4,2282.0,46.9,39.6,59.0,189,90,1.0,,14.2,73,13.1,0.0,0.0,994.8,6.3,267,0,80.0
2025-11-28T09:00,107.6,108.0,2024.0,40.1,43.8,92.0,187,87,1.0,,16.7,63,15.9,0.0,0.0,995.4,5.0,283,0,155.0
2025-11-28T10:00,86.1,86.8,1523.0,27.2,47.8,140.0,186,78,2.0,,19.3,53,18.4,0.0,0.0,995.4,4.8,295,0,265.0
2025-11-28T11:00,60.1,61.2,1108.0,17.2,49.7,175.0,186,95,2.0,,21.8,44,20.7,0.0,0.0,994.9,5.2,299,1,425.0
2025-11-28T12:00,46.9,48.8,890.0,12.6,47.7,184.0,186,104,3.0,,23.6,36,22.2,0.0,0.0,993.9,5.3,315,2,540.0
2025-11-28T13:00,42.7,44.8,758.0,10.9,43.5,179.0,185,99,4.0,,24.6,32,22.8,0.0,0.0,992.7,6.4,317,1,660.0
2025-11-28T14:00,40.5,42.7,709.0,13.3,40.4,167.0,185,87,4.0,,25.2,30,23.3,0.0,0.0,992.0,7.0,310,1,790.0
2025-11-28T15:00,40.3,42.3,775.0,22.7,39.8,146.0,185,73,4.0,,25.2,29,23.1,0.0,0.0,991.4,7.6,313,0,815.0
2025-11-28T16:00,42.7,44.5,925.0,36.2,40.3,119.0,185,59,3.0,,24.3,33,22.4,0.0,0.0,991.3,7.7,306,0,690.0
2025-11-28T17:00,61.5,63.1,1059.0,53.4,46.1,91.0,185,66,3.0,,20.8,54,20.6,0.0,0.0,991.3,4.0,273,0,105.0
2025-11-28T18:00,68.7,70.1,1152.0,53.5,44.6,82.0,183,69,3.0,,20.5,52,19.9,0.0,0.0,991.7,4.7,286,0,135.0
2025-11-28T19:00,69.4,70.5,1230.0,53.4,42.3,69.0,181,70,2.0,,19.8,54,19.2,0.0,0.0,991.9,5.1,293,0,135.0
2025-11-28T20:00,68.7,69.6,1271.0,51.6,39.4,59.0,179,69,2.0,,19.1,57,18.4,0.0,0.0,991.9,5.6,299,0,130.0
2025-11-28T21:00,67.5,68.5,1257.0,47.0,35.4,56.0,177,69,2.0,,18.4,60,17.7,0.0,0.0,992.1,5.5,302,0,125.0
2025-11-28T22:00,66.6,67.8,1205.0,40.7,30.9,57.0,174,68,2.0,,17.6,64,17.0,0.0,0.0,992.0,5.4,312,0,125.0
2025-11-28T23:00,65.0,66.1,1145.0,34.7,27.0,58.0,171,68,2.0,,16.5,71,16.0,0.0,0.0,991.9,5.2,292,0,95.0
2025-11-29T00:00,63.6,64.5,1076.0,29.5,24.4,59.0,169,67,2.0,,15.9,71,15.3,0.0,0.0,991.6,5.6,303,0,100.0
2025-11-29T01:00,62.9,63.8,998.0,24.6,22.4,61.0,167,66,1.0,,15.5,71,14.6,0.0,0.0,991.4,6.2,306,0,115.0
2025-11-29T02:00,62.6,63.3,944.0,20.8,21.2,62.0,165,66,1.0,,15.0,72,14.0,0.0,0.0,991.0,6.5,302,0,110.0
2025-11-29T03:00,61.9,62.6,907.0,18.0,20.6,63.0,164,66,1.0,,14.7,71,13.5,0.0,0.0,991.0,7.3,300,0,110.0
2025-11-29T04:00,61.2,61.9,895.0,16.4,20.6,63.0,162,66,1.0,,14.4,71,13.0,0.0,0.0,990.8,7.4,302,0,110.0
2025-11-29T05:00,64.0,64.7,956.0,18.8,22.0,57.0,161,67,1.0,,13.9,73,12.5,0.0,0.0,990.7,7.8,304,0,110.0
2025-11-29T06:00,64.3,65.0,1180.0,24.4,24.0,51.0,159,67,1.0,,13.7,73,12.3,0.0,0.0,991.4,7.5,310,0,110.0
2025-11-29T07:00,67.8,68.2,1479.0,31.8,26.9,44.0,158,69,1.0,,13.7,73,12.3,0.0,0.0,992.2,7.5,303,0,110.0
2025-11-29T08:00,71.9,72.2,1637.0,35.6,29.7,48.0,157,71,1.0,,15.1,68,13.8,0.0,0.0,993.0,8.0,295,0,130.0
2025-11-29T09:00,68.2,68.5,1532.0,32.3,32.5,74.0,155,69,1.0,,17.4,60,16.4,0.0,0.0,993.6,6.2,306,0,180.0
2025-11-29T10:00,63.3,64.0,1286.0,25.3,35.3,111.0,154,67,2.0,,20.1,49,19.0,0.0,0.0,993.7,6.2,314,0,275.0
2025-11-29T11:00,54.1,55.3,1051.0,19.1,36.2,139.0,154,70,2.0,,23.0,41,21.7,0.0,0.0,993.1,6.6,311,0,395.0
2025-11-29T12:00,43.1,44.7,849.0,14.0,33.9,150.0,153,75,2.0,,25.1,32,23.3,0.0,0.0,992.2,8.2,319,0,925.0
2025-11-29T13:00,39.6,41.6,658.0,9.8,29.8,151.0,153,76,3.0,,25.9,30,23.6,0.0,0.0,991.2,10.9,326,0,1325.0
2025-11-29T14:00,37.6,39.5,557.0,10.0,26.7,145.0,153,73,3.0,,25.9,32,23.6,0.0,0.0,990.3,11.5,321,0,1415.0
2025-11-29T15:00,36.4,38.1,605.0,17.9,25.8,128.0,153,64,3.0,,25.4,34,23.4,0.0,0.0,990.1,11.2,316,0,1350.0
2025-11-29T16:00,37.0,38.5,744.0,30.3,26.0,102.0,153,53,2.0,,24.5,36,22.7,0.0,0.0,989.8,9.4,312,0,1185.0
2025-11-29T17:00,47.0,48.2,874.0,47.5,30.5,74.0,153,58,2.0,,22.5,42,21.4,0.0,0.0,989.9,5.2,297,0,330.0
2025-11-29T18:00,52.6,53.7,972.0,49.4,30.8,65.0,152,61,2.0,,21.5,44,20.4,0.0,0.0,990.3,5.2,292,0,245.0
2025-11-29T19:00,55.2,56.1,1061.0,51.8,31.1,53.0,152,63,2.0,,20.5,47,19.4,0.0,0.0,990.6,5.5,287,0,175.0
2025-11-29T20:00,54.8,55.6,1114.0,51.7,30.8,45.0,151,62,2.0,,19.5,50,18.2,0.0,0.0,990.6,6.1,282,0,150.0
2025-11-29T21:00,53.0,53.7,1118.0,47.1,29.3,45.0,151,62,2.0,,18.6,52,17.2,0.0,0.0,990.7,6.3,285,0,140.0
2025-11-29T22:00,52.9,53.4,1086.0,40.0,27.2,49.0,151,61,1.0,,17.7,53,16.3,0.0,0.0,990.5,5.8,286,0,125.0
2025-11-29T23:00,53.1,53.6,1031.0,33.3,25.2,54.0,150,62,1.0,,16.6,58,15.3,0.0,0.0,990.4,5.8,284,0,110.0
2025-11-30T00:00,53.1,53.4,940.0,27.7,23.6,58.0,150,62,1.0,,16.1,57,14.5,0.0,0.0,990.2,6.5,304,0,150.0
2025-11-30T01:00,53.6,53.8,827.0,22.5,22.1,63.0,148,62,1.0,,15.1,58,13.4,0.0,0.0,990.0,5.5,308,2,145.0
2025-11-30T02:00,54.1,54.5,743.0,18.7,21.2,66.0,148,62,1.0,,14.0,60,12.3,0.0,0.0,989.7,4.7,298,2,125.0
2025-11-30T03:00,55.2,55.5,687.0,16.4,20.9,67.0,147,63,1.0,,13.4,60,11.6,0.0,0.0,989.5,4.7,288,3,100.0
2025-11-30T04:00,56.6,56.9,661.0,15.6,21.2,66.0,146,63,1.0,,12.8,61,11.0,0.0,0.0,989.3,5.0,285,3,95.0
2025-11-30T05:00,58.6,59.0,721.0,16.1,22.7,68.0,145,64,1.0,,12.5,68,10.8,0.0,0.0,989.8,5.5,289,3,110.0
2025-11-30T06:00,63.1,63.6,962.0,23.1,25.6,60.0,145,67,1.0,,11.7,71,10.0,0.0,0.0,990.5,5.6,272,3,95.0
2025-11-30T07:00,70.5,71.0,1289.0,32.5,29.5,51.0,145,70,1.0,,11.9,71,10.0,0.0,0.0,991.1,6.8,268,3,95.0
2025-11-30T08:00,76.6,77.1,1470.0,37.3,33.0,53.0,145,73,1.0,,13.4,65,11.5,0.0,0.0,991.8,7.4,267,3,135.0
2025-11-30T09:00,74.3,75.0,1372.0,33.4,35.7,79.0,146,72,1.0,,15.8,56,14.1,0.0,0.0,992.4,6.7,275,3,195.0
2025-11-30T10:00,68.7,69.4,1129.0,25.0,37.9,117.0,146,69,2.0,,18.5,47,16.6,0.0,0.0,992.5,7.1,276,3,275.0
2025-11-30T11:00,54.9,56.2,908.0,17.8,38.4,146.0,147,73,2.0,,21.2,38,18.9,0.0,0.0,992.1,8.5,275,3,430.0
2025-11-30T12:00,39.2,40.5,749.0,12.8,36.1,160.0,147,80,2.0,,23.0,32,20.3,0.0,0.0,991.3,10.4,285,3,920.0
2025-11-30T13:00,36.1,37.0,612.0,9.1,32.2,166.0,146,86,1.0,,23.6,31,20.6,0.0,0.0,990.3,12.5,288,3,1005.0
2025-11-30T14:00,34.8,35.6,550.0,9.3,29.3,164.0,146,84,1.0,,23.4,31,20.4,0.0,0.0,989.4,12.9,288,3,990.0
2025-11-30T15:00,33.9,34.6,609.0,16.0,28.3,150.0,146,75,1.0,,23.2,31,20.1,0.0,0.0,989.1,12.8,290,3,980.0
2025-11-30T16:00,36.0,36.4,742.0,26.6,28.2,129.0,146,65,1.0,,22.5,32,19.7,0.0,0.0,988.9,10.6,293,2,915.0
2025-11-30T17:00,45.6,46.1,860.0,37.7,29.9,103.0,145,57,1.0,,20.4,39,18.4,0.0,0.0,988.8,6.9,284,1,430.0
2025-11-30T18:00,57.2,57.6,940.0,42.9,32.0,91.0,145,64,1.0,,19.5,42,17.5,0.0,0.0,989.1,7.3,286,0,300.0
2025-11-30T19:00,63.3,63.8,1005.0,50.0,34.8,75.0,146,67,1.0,,18.3,45,16.4,0.0,0.0,989.6,6.6,291,0,180.0
2025-11-30T20:00,69.4,69.6,1035.0,54.4,36.7,62.0,147,70,1.0,,17.2,47,15.3,0.0,0.0,989.9,5.8,296,0,125.0
2025-11-30T21:00,75.0,75.4,1015.0,54.1,36.9,57.0,148,73,1.0,,16.5,48,14.4,0.0,0.0,990.2,6.1,300,0,120.0
2025-11-30T22:00,79.9,80.1,961.0,51.1,36.1,55.0,150,75,1.0,,15.7,48,13.5,0.0,0.0,990.2,5.9,297,0,105.0
2025-11-30T23:00,80.6,81.0,898.0,46.7,34.7,55.0,151,75,1.0,,15.1,51,13.1,0.0,0.0,990.4,5.1,302,0,90.0
2025-12-01T00:00,77.8,78.0,816.0,39.8,32.3,58.0,152,74,1.0,,13.9,51,11.6,0.0,0.0,990.0,5.7,316,0,85.0
2025-12-01T01:00,76.1,76.4,725.0,31.5,29.2,63.0,152,73,1.0,,13.2,53,10.9,0.0,0.0,989.9,5.2,326,0,85.0
2025-12-01T02:00,76.6,76.8,685.0,26.0,27.5,65.0,153,73,1.0,,12.6,55,10.5,0.0,0.0,989.6,4.2,329,0,70.0
2025-12-01T03:00,78.7,79.2,664.0,24.8,27.7,62.0,154,74,1.0,,12.1,58,10.2,0.0,0.0,989.5,3.3,324,0,55.0
2025-12-01T04:00,82.0,82.2,692.0,26.4,29.1,56.0,155,76,1.0,,11.6,60,9.8,0.0,0.0,989.4,3.1,347,0,45.0
2025-12-01T05:00,91.3,91.5,925.0,29.6,32.8,52.0,155,81,1.0,,11.0,69,9.6,0.0,0.0,989.9,1.6,333,0,30.0
2025-12-01T06:00,102.2,102.7,1623.0,40.3,39.4,40.0,156,85,1.0,,10.2,73,9.0,0.0,0.0,990.2,0.7,256,0,15.0
2025-12-01T07:00,126.2,126.7,2525.0,54.6,48.5,26.0,157,94,1.0,,10.0,75,8.6,0.0,0.0,990.8,2.1,239,0,20.0
2025-12-01T08:00,141.6,141.6,2998.0,61.1,55.1,30.0,159,101,1.0,,12.2,65,10.6,0.0,0.0,991.5,3.7,247,0,45.0
2025-12-01T09:00,117.1,117.6,2644.0,52.6,57.3,71.0,161,91,1.0,,15.2,54,13.9,0.0,0.0,992.5,1.8,259,0,115.0
2025-12-01T10:00,91.3,91.7,1861.0,36.4,57.0,131.0,162,81,1.0,,18.1,44,16.7,0.0,0.0,992.5,1.8,270,0,220.0
2025-12-01T11:00,71.9,72.6,1211.0,23.3,55.6,177.0,163,97,1.0,,21.1,34,19.4,0.0,0.0,992.1,2.7,278,0,465.0
2025-12-01T12:00,59.0,59.5,878.0,15.2,52.4,197.0,163,117,1.0,,23.2,28,21.2,0.0,0.0,991.2,4.8,281,0,715.0
2025-12-01T13:00,49.0,49.5,678.0,10.2,48.1,202.0,164,122,1.0,,24.1,26,21.7,0.0,0.0,990.1,6.0,286,0,895.0
2025-12-01T14:00,43.5,43.9,615.0,13.1,45.4,194.0,164,114,1.0,,24.3,26,21.8,0.0,0.0,989.2,6.5,289,0,1000.0
2025-12-01T15:00,42.0,42.5,737.0,28.8,45.0,168.0,165,88,1.0,,24.0,27,21.6,0.0,0.0,988.4,6.5,289,0,1020.0
2025-12-01T16:00,48.5,48.9,996.0,52.4,46.4,129.0,165,65,1.0,,23.1,30,21.1,0.0,0.0,988.2,5.0,289,0,720.0
2025-12-01T17:00,84.5,85.2,1255.0,73.8,52.2,87.0,165,77,1.0,,20.8,40,19.7,0.0,0.0,987.9,2.2,305,0,180.0
2025-12-01T18:00,112.0,112.7,1472.0,84.9,60.5,68.0,166,89,1.0,,20.0,43,18.9,0.0,0.0,988.5,1.8,354,0,150.0
2025-12-01T19:00,135.0,136.0,1690.0,100.0,71.9,41.0,168,98,1.0,,18.8,47,17.6,0.0,0.0,989.2,2.7,42,0,110.0
2025-12-01T20:00,152.3,153.2,1893.0,109.9,79.5,20.0,170,105,1.0,,17.9,51,16.8,0.0,0.0,989.7,2.7,86,0,85.0
2025-12-01T21:00,163.4,164.4,2110.0,109.9,80.4,11.0,173,109,1.0,,17.1,55,16.0,0.0,0.0,990.0,3.5,105,0,70.0
2025-12-01T22:00,170.0,170.9,2312.0,104.7,77.5,9.0,175,112,2.0,,16.3,58,15.1,0.0,0.0,990.0,4.4,125,0,70.0
2025-12-01T23:00,172.8,173.7,2405.0,98.9,72.8,8.0,178,113,2.0,,15.9,61,14.8,0.0,0.0,990.2,3.8,115,0,55.0
2025-12-02T00:00,170.0,170.4,2314.0,93.9,66.0,8.0,181,112,2.0,,14.9,65,13.9,0.0,0.0,989.9,3.3,99,0,40.0
2025-12-02T01:00,165.3,166.2,2113.0,88.3,57.3,9.0,183,110,2.0,,14.1,69,13.1,0.0,0.0,989.7,4.2,72,0,45.0
2025-12-02T02:00,154.6,155.5,1928.0,82.1,49.6,11.0,186,106,2.0,,13.6,70,12.3,0.0,0.0,989.7,5.0,64,0,60.0
2025-12-02T03:00,141.1,142.0,1762.0,74.0,42.9,15.0,188,100,2.0,,13.4,69,12.4,0.0,0.0,989.5,3.1,80,0,55.0
2025-12-02T04:00,129.0,129.9,1611.0,65.3,37.2,20.0,190,96,1.0,,13.2,69,12.1,0.0,0.0,989.5,3.1,90,0,50.0
2025-12-02T05:00,110.6,111.5,1595.0,35.7,29.9,44.0,192,88,1.0,,12.8,74,11.9,0.0,0.0,989.4,3.1,87,0,40.0
2025-12-02T06:00,118.5,119.2,1882.0,45.9,35.1,34.0,192,91,1.0,,12.7,72,11.5,0.0,0.0,989.9,4.1,119,0,45.0
2025-12-02T07:00,138.8,139.7,2303.0,59.5,42.5,23.0,193,100,1.0,,12.9,71,11.7,0.0,0.0,990.6,3.6,131,0,45.0
2025-12-02T08:00,158.3,158.8,2468.0,66.3,49.4,28.0,193,107,1.0,,15.0,61,13.8,0.0,0.0,991.6,3.7,129,0,65.0
2025-12-02T09:00,137.4,137.8,2118.0,60.1,55.1,64.0,194,99,1.0,,18.0,51,17.0,0.0,0.0,992.2,2.2,132,0,130.0
2025-12-02T10:00,101.5,102.4,1513.0,47.1,60.3,117.0,194,85,1.0,,20.8,43,19.8,0.0,0.0,992.5,2.7,160,0,285.0
2025-12-02T11:00,77.1,77.8,1036.0,36.0,64.5,159.0,195,80,1.0,,22.8,46,22.4,0.0,0.0,991.8,4.0,185,0,545.0
2025-12-02T12:00,61.2,61.9,838.0,28.1,67.9,184.0,195,104,1.0,,24.2,46,24.4,0.0,0.0,990.8,3.5,204,0,870.0
2025-12-02T13:00,59.6,60.3,768.0,22.1,70.2,199.0,195,119,1.0,,24.9,45,25.0,0.0,0.0,989.6,3.3,229,0,1135.0
2025-12-02T14:00,61.7,62.4,763.0,22.6,70.4,198.0,195,118,1.0,,25.2,42,25.0,0.0,0.0,988.6,4.3,248,0,1645.0
2025-12-02T15:00,60.5,61.0,828.0,35.4,67.4,173.0,196,93,1.0,,25.0,41,24.4,0.0,0.0,988.0,6.1,268,0,1855.0
2025-12-02T16:00,65.0,65.7,957.0,54.7,62.4,132.0,196,68,1.0,,24.2,44,23.5,0.0,0.0,987.9,7.5,290,1,1365.0
2025-12-02T17:00,115.9,116.6,1065.0,80.7,68.8,83.0,197,90,1.0,,21.8,52,21.4,0.0,0.0,988.2,6.2,334,0,580.0
2025-12-02T18:00,118.0,118.7,1122.0,76.7,63.3,72.0,198,91,1.0,,20.9,51,20.1,0.0,0.0,989.1,6.3,342,0,555.0
2025-12-02T19:00,115.5,116.2,1158.0,70.9,55.4,57.0,198,90,1.0,,19.8,51,18.9,0.0,0.0,989.7,4.8,338,0,345.0
2025-12-02T20:00,111.3,111.8,1181.0,64.3,47.9,46.0,197,89,1.0,,18.6,55,17.8,0.0,0.0,990.3,4.5,337,0,205.0
2025-12-02T21:00,105.9,106.4,1203.0,56.6,41.3,44.0,196,86,1.0,,18.1,56,17.4,0.0,0.0,990.8,2.7,307,0,115.0
2025-12-02T22:00,101.5,102.2,1211.0,48.1,35.0,47.0,194,85,1.0,,16.7,59,15.7,0.0,0.0,991.1,4.5,286,0,90.0
2025-12-02T23:00,98.3,99.0,1181.0,40.3,29.7,50.0,192,83,1.0,,15.8,65,14.9,0.0,0.0,991.2,4.2,288,0,85.0
2025-12-03T00:00,95.7,96.6,1073.0,33.6,25.7,52.0,190,82,1.0,,14.4,67,13.3,0.0,0.0,990.9,4.5,293,0,75.0
2025-12-03T01:00,95.7,96.4,926.0,27.6,22.7,55.0,188,82,1.0,,13.7,67,12.3,0.0,0.0,991.0,5.0,305,0,90.0
2025-12-03T02:00,96.6,97.3,831.0,23.2,20.7,57.0,186,83,1.0,,12.8,68,11.3,0.0,0.0,991.2,4.4,302,0,80.0
2025-12-03T03:00,97.3,98.3,803.0,20.3,19.7,59.0,184,83,1.0,,12.1,69,10.6,0.0,0.0,991.0,4.0,306,0,65.0
2025-12-03T04:00,97.8,98.7,827.0,18.9,19.7,60.0,183,83,1.0,,11.3,71,9.7,0.0,0.0,991.0,4.2,313,0,70.0
2025-12-03T05:00,93.4,94.1,953.0,16.1,20.9,74.0,182,81,1.0,,10.8,77,9.3,0.0,0.0,991.6,4.5,317,0,80.0
2025-12-03T06:00,98.5,99.0,1311.0,23.8,24.3,65.0,181,83,1.0,,10.3,79,8.8,0.0,0.0,992.3,4.3,312,0,70.0
2025-12-03T07:00,108.7,109.2,1770.0,34.1,29.0,55.0,181,87,1.0,,10.4,78,8.9,0.0,0.0,993.3,4.2,295,0,65.0
2025-12-03T08:00,113.9,114.1,1991.0,39.4,33.5,60.0,180,90,1.0,,12.5,69,10.9,0.0,0.0,994.3,5.1,280,0,90.0
2025-12-03T09:00,112.9,113.4,1749.0,34.8,37.4,94.0,178,89,1.0,,15.1,59,13.8,0.0,0.0,995.2,3.7,293,0,150.0
2025-12-03T10:00,109.0,109.4,1269.0,25.0,41.1,143.0,178,88,1.0,,17.9,49,16.3,0.0,0.0,995.5,5.0,305,0,400.0
2025-12-03T11:00,99.2,99.7,882.0,17.1,43.5,180.0,178,100,1.0,,20.2,40,18.0,0.0,0.0,995.2,7.8,307,0,610.0
2025-12-03T12:00,78.5,78.9,704.0,12.1,44.0,196.0,179,116,1.0,,21.7,34,19.6,0.0,0.0,994.5,8.0,312,0,805.0
2025-12-03T13:00,68.9,69.4,619.0,8.8,43.2,201.0,179,121,1.0,,22.6,30,20.0,0.0,0.0,993.6,8.9,312,0,985.0
2025-12-03T14:00,64.0,64.7,609.0,10.7,42.3,194.0,179,114,1.0,,22.9,29,19.9,0.0,0.0,993.1,9.7,309,0,1065.0
2025-12-03T15:00,61.5,61.9,702.0,21.9,41.4,171.0,179,91,1.0,,22.4,30,19.5,0.0,0.0,992.9,10.4,304,0,1040.0
2025-12-03T16:00,63.3,63.8,871.0,38.1,40.4,136.0,179,68,1.0,,21.4,34,18.8,0.0,0.0,992.6,9.4,299,0,940.0
2025-12-03T17:00,76.8,77.3,1015.0,44.8,36.6,108.0,179,73,1.0,,19.5,41,17.5,0.0,0.0,992.5,6.2,287,0,340.0
2025-12-03T18:00,82.7,83.1,1104.0,43.6,36.2,99.0,178,76,1.0,,18.8,45,17.0,0.0,0.0,993.2,6.4,295,0,290.0
2025-12-03T19:00,85.7,85.9,1168.0,41.8,35.7,87.0,177,78,1.0,,17.8,49,16.1,0.0,0.0,993.6,6.1,293,0,195.0
2025-12-03T20:00,89.2,89.4,1200.0,39.1,35.1,79.0,176,80,1.0,,16.8,52,15.1,0.0,0.0,994.0,6.6,292,0,165.0
2025-12-03T21:00,93.1,93.4,1192.0,35.0,34.4,78.0,176,81,1.0,,15.8,55,14.1,0.0,0.0,994.1,6.0,295,0,135.0
2025-12-03T22:00,97.1,97.6,1152.0,30.0,33.7,81.0,175,83,1.0,,14.9,57,13.2,0.0,0.0,994.1,5.7,283,1,110.0
2025-12-03T23:00,99.9,100.1,1101.0,25.3,32.7,84.0,175,84,1.0,,13.9,63,12.3,0.0,0.0,994.2,5.7,281,2,110.0
2025-12-04T00:00,100.8,101.3,1034.0,21.2,31.2,85.0,175,84,1.0,,12.9,66,11.2,0.0,0.0,994.1,6.1,293,2,120.0
2025-12-04T01:00,102.0,102.4,956.0,17.4,29.5,86.0,175,85,1.0,,12.0,69,10.3,0.0,0.0,993.9,5.6,301,3,120.0
2025-12-04T02:00,102.7,103.1,905.0,14.6,28.3,87.0,176,85,1.0,,11.5,70,9.7,0.0,0.0,993.7,5.9,297,1,115.0
2025-12-04T03:00,103.1,103.4,880.0,12.6,27.8,87.0,176,85,1.0,,11.1,71,9.2,0.0,0.0,993.7,6.0,299,0,110.0
2025-12-04T04:00,102.9,103.4,881.0,11.5,27.9,87.0,176,85,1.0,,10.7,72,8.8,0.0,0.0,993.1,5.9,293,0,100.0
2025-12-04T05:00,107.6,108.0,950.0,13.4,29.4,87.0,176,87,1.0,,10.1,75,8.1,0.0,0.0,993.4,6.6,291,0,100.0
2025-12-04T06:00,110.1,110.6,1168.0,20.5,31.4,78.0,176,88,1.0,,9.8,75,7.6,0.0,0.0,993.9,7.2,292,0,105.0
2025-12-04T07:00,116.2,116.6,1453.0,30.1,34.3,68.0,177,90,1.0,,9.9,74,7.6,0.0,0.0,994.5,7.9,291,0,110.0
2025-12-04T08:00,118.3,118.5,1597.0,34.9,36.9,71.0,177,91,1.0,,11.4,68,9.0,0.0,0.0,995.1,9.1,280,0,140.0
2025-12-04T09:00,114.8,115.0,1470.0,30.5,39.4,100.0,177,90,1.0,,13.8,60,11.8,0.0,0.0,995.9,6.7,284,2,195.0
2025-12-04T10:00,103.1,103.6,1202.0,21.4,41.6,143.0,177,85,1.0,,16.4,51,14.4,0.0,0.0,995.8,7.3,293,3,385.0
2025-12-04T11:00,82.9,83.4,969.0,14.1,42.4,173.0,177,93,1.0,,19.2,44,16.9,0.0,0.0,995.4,9.4,299,2,495.0
2025-12-04T12:00,65.4,66.1,817.0,9.8,40.5,181.0,177,101,1.0,,20.8,38,18.4,0.0,0.0,994.6,9.8,294,0,625.0
2025-12-04T13:00,57.7,58.4,701.0,7.3,37.1,178.0,176,98,1.0,,21.6,34,19.0,0.0,0.0,993.8,10.5,292,0,790.0
2025-12-04T14:00,52.4,53.1,662.0,9.7,34.8,167.0,176,87,1.0,,21.9,32,19.0,0.0,0.0,993.1,10.5,292,0,870.0
2025-12-04T15:00,49.9,50.5,744.0,20.4,34.4,147.0,176,74,1.0,,21.5,33,18.7,0.0,0.0,992.6,10.4,293,0,860.0
2025-12-04T16:00,52.6,53.1,903.0,36.0,35.0,119.0,175,61,1.0,,20.6,36,17.9,0.0,0.0,992.4,10.0,296,0,845.0
2025-12-04T17:00,63.6,64.0,1044.0,42.2,34.1,98.0,175,67,1.0,,18.3,44,16.5,0.0,0.0,992.7,5.1,288,0,275.0
2025-12-04T18:00,78.9,79.4,1147.0,50.7,37.8,83.0,174,74,1.0,,17.5,47,15.8,0.0,0.0,993.0,4.9,278,0,145.0
2025-12-04T19:00,89.9,90.3,1232.0,62.2,42.8,62.0,174,80,1.0,,16.6,51,14.9,0.0,0.0,993.6,5.2,272,0,110.0
2025-12-04T20:00,98.3,98.7,1262.0,68.6,45.9,48.0,174,83,1.0,,15.7,54,13.9,0.0,0.0,994.0,5.9,268,0,95.0
2025-12-04T21:00,102.7,103.1,1201.0,65.8,45.4,46.0,175,85,1.0,,14.8,56,13.0,0.0,0.0,994.5,5.4,274,0,80.0
2025-12-04T22:00,103.1,103.4,1085.0,57.9,42.9,52.0,175,85,0.0,,14.0,58,12.1,0.0,0.0,994.5,5.5,287,0,75.0
2025-12-04T23:00,100.1,100.4,989.0,49.5,40.0,57.0,175,84,0.0,,13.5,62,12.0,0.0,0.0,994.8,4.0,297,0,55.0
2025-12-05T00:00,96.2,96.4,938.0,41.0,36.8,62.0,175,82,0.0,,12.3,65,10.6,0.0,0.0,994.6,4.6,296,0,45.0
2025-12-05T01:00,94.1,94.5,906.0,32.0,33.2,67.0,175,82,0.0,,11.5,67,9.7,0.0,0.0,994.6,4.9,287,0,50.0
2025-12-05T02:00,93.6,94.1,894.0,25.7,30.8,70.0,175,81,0.0,,10.9,68,9.0,0.0,0.0,994.3,4.8,281,0,50.0
2025-12-05T03:00,94.3,94.5,874.0,23.2,30.1,68.0,175,82,0.0,,10.2,70,8.3,0.0,0.0,994.3,4.3,270,0,40.0
2025-12-05T04:00,96.6,96.9,874.0,23.4,30.6,63.0,174,83,1.0,,9.5,74,7.5,0.0,0.0,994.2,4.7,272,0,45.0
2025-12-05T05:00,106.9,107.3,972.0,26.1,33.8,61.0,174,87,1.0,,8.9,80,7.0,0.0,0.0,994.5,4.9,274,0,50.0
2025-12-05T06:00,115.3,115.7,1299.0,34.6,37.7,52.0,174,90,1.0,,8.6,81,6.8,0.0,0.0,995.0,4.5,265,0,50.0
2025-12-05T07:00,131.3,131.8,1724.0,45.9,43.0,40.0,174,97,0.0,,8.7,80,6.8,0.0,0.0,995.7,4.7,263,0,50.0
2025-12-05T08:00,133.2,133.2,1935.0,50.8,47.5,46.0,175,97,0.0,,10.5,71,8.6,0.0,0.0,996.4,5.2,268,0,65.0
2025-12-05T09:00,122.5,122.9,1728.0,43.3,50.2,84.0,175,93,0.0,,13.7,59,12.1,0.0,0.0,997.4,3.6,273,0,105.0
2025-12-05T10:00,100.4,100.8,1307.0,29.4,51.9,139.0,175,84,1.0,,16.8,47,15.0,0.0,0.0,997.9,3.9,283,0,200.0
2025-12-05T11:00,78.5,79.2,966.0,18.5,52.8,181.0,175,101,1.0,,19.3,38,17.2,0.0,0.0,997.6,4.9,294,0,585.0
2025-12-05T12:00,63.3,64.3,805.0,12.9,52.6,202.0,175,122,1.0,,20.8,31,18.6,0.0,0.0,997.0,5.2,297,0,725.0
2025-12-05T13:00,58.0,58.8,723.0,10.3,51.5,211.0,175,131,1.0,,21.5,29,19.1,0.0,0.0,996.0,5.4,296,0,805.0
2025-12-05T14:00,56.8,57.5,718.0,12.8,50.5,207.0,175,127,1.0,,21.8,31,19.5,0.0,0.0,995.3,5.6,299,0,815.0
2025-12-05T15:00,56.5,57.2,825.0,24.5,50.1,185.0,175,105,1.0,,21.7,33,19.4,0.0,0.0,995.0,6.5,298,0,805.0
2025-12-05T16:00,59.6,60.1,1007.0,41.3,49.7,151.0,175,76,1.0,,20.8,37,18.6,0.0,0.0,994.7,7.5,291,0,630.0
2025-12-05T17:00,91.7,92.4,1154.0,52.7,49.7,122.0,176,81,1.0,,19.0,44,17.0,0.0,0.0,994.7,6.8,282,0,280.0
2025-12-05T18:00,99.7,100.4,1228.0,52.5,48.5,109.0,176,84,1.0,,18.2,48,16.6,0.0,0.0,994.7,5.2,282,0,200.0
2025-12-05T19:00,103.6,104.3,1266.0,52.0,46.7,90.0,177,85,1.0,,17.3,51,15.7,0.0,0.0,995.1,5.7,281,0,140.0
2025-12-05T20:00,103.6,104.3,1266.0,49.5,44.1,77.0,178,85,1.0,,16.2,56,14.6,0.0,0.0,995.3,5.6,285,0,115.0
2025-12-05T21:00,99.9,100.4,1218.0,43.6,40.3,74.0,178,84,1.0,,15.1,60,13.7,0.0,0.0,995.5,5.3,282,0,100.0
2025-12-05T22:00,96.2,96.9,1133.0,35.8,35.7,77.0,178,82,1.0,,14.4,62,12.9,0.0,0.0,995.4,5.6,277,0,90.0
2025-12-05T23:00,92.2,92.7,1042.0,28.8,31.9,80.0,177,81,1.0,,13.5,67,12.0,0.0,0.0,995.4,5.8,277,0,95.0
2025-12-06T00:00,88.2,88.7,946.0,23.4,29.4,82.0,177,79,1.0,,12.9,66,11.2,0.0,0.0,995.2,5.9,284,0,95.0
2025-12-06T01:00,85.7,86.1,844.0,18.7,27.7,84.0,177,78,1.0,,12.3,67,10.4,0.0,0.0,995.0,6.4,278,0,100.0
2025-12-06T02:00,83.6,84.3,771.0,15.3,26.6,85.0,177,77,1.0,,11.8,68,9.8,0.0,0.0,994.7,7.0,270,0,95.0
2025-12-06T03:00,81.7,82.2,726.0,12.9,26.1,86.0,176,76,1.0,,11.3,69,9.1,0.0,0.0,994.7,7.6,278,0,100.0
2025-12-06T04:00,79.9,80.3,710.0,11.7,26.3,86.0,176,75,1.0,,10.9,70,8.6,0.0,0.0,994.0,8.1,291,3,120.0
2025-12-06T05:00,83.6,84.1,758.0,13.0,28.0,84.0,175,77,1.0,,10.5,75,8.2,0.0,0.0,994.0,9.1,297,3,150.0
2025-12-06T06:00,85.0,85.7,940.0,19.4,29.8,77.0,175,78,1.0,,10.2,76,7.9,0.0,0.0,994.3,9.3,297,0,155.0
2025-12-06T07:00,88.9,89.4,1188.0,28.0,32.4,69.0,174,79,1.0,,10.4,74,7.9,0.0,0.0,994.6,10.4,290,0,170.0
2025-12-06T08:00,92.4,92.7,1329.0,32.4,34.6,72.0,173,81,1.0,,11.9,68,9.2,0.0,0.0,995.2,11.5,284,0,215.0
2025-12-06T09:00,90.3,90.6,1265.0,28.6,36.1,98.0,171,80,1.0,,14.2,58,11.9,0.0,0.0,995.8,9.3,285,0,270.0
2025-12-06T10:00,85.4,85.7,1095.0,20.7,37.2,135.0,170,78,1.0,,16.8,49,14.4,0.0,0.0,995.6,9.3,292,0,330.0
2025-12-06T11:00,78.2,78.7,944.0,14.4,37.5,164.0,170,84,1.0,,19.7,42,17.3,0.0,0.0,995.3,10.2,284,0,415.0
2025-12-06T12:00,68.7,69.2,845.0,11.1,36.5,180.0,170,100,1.0,,21.9,35,19.6,0.0,0.0,994.5,10.2,283,3,505.0
2025-12-06T13:00,60.1,60.8,765.0,9.4,34.8,187.0,170,107,2.0,,23.1,32,20.4,0.0,0.0,993.7,11.4,286,1,590.0
2025-12-06T14:00,56.1,57.0,726.0,10.8,33.3,185.0,170,105,2.0,,23.6,32,20.8,0.0,0.0,993.2,11.9,281,2,635.0
2025-12-06T15:00,53.6,54.6,758.0,17.8,32.5,167.0,170,87,2.0,,23.1,34,20.3,0.0,0.0,993.2,12.9,277,2,635.0
2025-12-06T16:00,54.5,55.3,831.0,27.9,31.9,140.0,170,70,1.0,,22.1,36,19.5,0.0,0.0,992.9,10.9,279,3,580.0
2025-12-06T17:00,58.8,60.1,884.0,33.3,32.9,108.0,170,64,2.0,,20.2,42,17.9,0.0,0.0,992.7,9.6,275,2,400.0
2025-12-06T18:00,62.6,63.6,887.0,33.8,33.9,100.0,169,66,2.0,,19.4,42,16.9,0.0,0.0,993.1,10.2,283,3,350.0
2025-12-06T19:00,66.4,67.5,869.0,34.4,35.3,89.0,168,68,2.0,,18.3,43,15.8,0.0,0.0,993.7,9.4,282,3,275.0
2025-12-06T20:00,70.5,71.7,858.0,33.8,36.0,81.0,167,70,2.0,,17.6,44,15.1,0.0,0.0,993.9,8.9,278,3,230.0
2025-12-06T21:00,75.7,76.6,871.0,31.3,35.7,79.0,166,73,2.0,,16.5,47,14.0,0.0,0.0,994.1,8.7,278,3,195.0
2025-12-06T22:00,79.4,80.3,891.0,27.6,34.7,80.0,165,75,2.0,,15.9,50,13.4,0.0,0.0,994.2,8.8,281,3,190.0
2025-12-06T23:00,80.6,81.5,895.0,24.0,33.4,80.0,165,75,2.0,,15.1,54,12.8,0.0,0.0,994.0,8.5,283,3,185.0
2025-12-07T00:00,80.3,81.3,863.0,20.5,31.5,79.0,164,75,2.0,,14.5,57,12.3,0.0,0.0,994.0,8.3,283,3,170.0
2025-12-07T01:00,80.6,81.3,816.0,17.0,29.2,77.0,164,75,1.0,,13.8,60,11.6,0.0,0.0,993.7,7.9,286,0,155.0
2025-12-07T02:00,80.6,81.5,793.0,14.5,27.5,75.0,164,75,1.0,,13.2,63,11.0,0.0,0.0,993.6,8.0,290,0,150.0
2025-12-07T03:00,80.8,81.3,794.0,12.9,26.6,73.0,164,75,1.0,,12.7,65,10.5,0.0,0.0,993.6,9.0,286,0,155.0
2025-12-07T04:00,80.8,81.5,818.0,12.2,26.2,71.0,164,75,1.0,,12.3,67,10.0,0.0,0.0,993.2,9.4,283,0,155.0
2025-12-07T05:00,82.4,82.9,909.0,12.7,27.6,72.0,164,76,1.0,,11.4,73,9.1,0.0,0.0,993.2,9.7,281,0,145.0
2025-12-07T06:00,86.1,86.6,1143.0,17.8,29.6,65.0,164,78,1.0,,10.8,76,8.6,0.0,0.0,993.6,9.0,280,0,130.0
2025-12-07T07:00,92.9,93.4,1442.0,24.7,32.5,57.0,164,81,1.0,,10.7,76,8.5,0.0,0.0,994.5,9.3,280,0,135.0
2025-12-07T08:00,96.2,96.6,1616.0,28.4,34.9,59.0,164,82,1.0,,12.1,70,9.8,0.0,0.0,995.1,10.4,271,0,160.0
2025-12-07T09:00,97.8,98.3,1555.0,25.9,36.7,82.0,164,83,1.0,,14.6,61,12.7,0.0,0.0,995.7,7.5,280,0,205.0
2025-12-07T10:00,94.1,94.8,1369.0,20.1,38.0,115.0,164,82,2.0,,17.4,52,15.5,0.0,0.0,996.0,7.9,283,0,280.0
2025-12-07T11:00,84.1,85.0,1193.0,15.4,38.6,142.0,164,77,2.0,,20.3,44,18.4,0.0,0.0,995.4,8.8,285,0,365.0
2025-12-07T12:00,70.3,71.5,1049.0,12.2,37.9,157.0,165,79,2.0,,22.4,39,20.6,0.0,0.0,994.5,9.0,290,0,440.0
2025-12-07T13:00,63.1,64.5,915.0,10.1,36.3,165.0,165,85,3.0,,23.7,35,21.6,0.0,0.0,993.4,9.3,289,0,495.0
2025-12-07T14:00,58.2,59.8,857.0,11.5,35.0,163.0,165,83,3.0,,24.1,35,22.1,0.0,0.0,992.4,9.6,287,0,540.0
2025-12-07T15:00,56.3,58.0,937.0,19.8,34.3,147.0,165,74,3.0,,23.7,38,21.8,0.0,0.0,992.0,9.9,286,1,550.0
2025-12-07T16:00,58.0,59.4,1094.0,31.7,33.9,121.0,165,64,2.0,,22.7,41,21.0,0.0,0.0,991.9,9.7,286,2,550.0
2025-12-07T17:00,57.4,58.1,1211.0,38.7,34.4,97.0,165,64,1.0,,20.8,49,19.7,0.0,0.0,991.9,7.0,283,3,320.0
2025-12-07T18:00,58.9,59.4,1242.0,37.5,34.3,92.0,165,64,1.0,,20.3,52,19.1,0.0,0.0,992.3,8.1,287,2,285.0
2025-12-07T19:00,59.3,59.8,1234.0,35.8,34.2,85.0,165,65,1.0,,19.3,55,18.0,0.0,0.0,992.9,8.6,281,1,240.0
2025-12-07T20:00,60.5,61.0,1210.0,33.5,33.8,80.0,165,65,1.0,,18.3,58,17.0,0.0,0.0,993.4,8.2,279,3,195.0
2025-12-07T21:00,62.6,63.3,1178.0,30.6,33.1,79.0,164,66,1.0,,17.4,60,16.1,0.0,0.0,993.6,7.6,274,1,155.0
2025-12-07T22:00,65.2,65.9,1130.0,27.2,32.2,80.0,164,68,1.0,,16.6,61,15.3,0.0,0.0,993.7,7.4,274,2,135.0
2025-12-07T23:00,65.7,66.4,1069.0,23.8,31.2,81.0,164,68,1.0,,15.9,63,14.5,0.0,0.0,993.4,7.9,283,3,140.0
2025-12-08T00:00,63.8,64.7,980.0,20.0,29.9,82.0,163,67,1.0,,15.2,64,13.6,0.0,0.0,993.2,8.0,297,3,130.0
2025-12-08T01:00,62.2,63.3,878.0,16.2,28.6,83.0,163,66,2.0,,15.0,63,13.2,0.0,0.0,992.7,8.5,298,3,140.0
2025-12-08T02:00,60.5,61.9,804.0,13.5,27.5,84.0,162,65,2.0,,14.6,62,12.7,0.0,0.0,992.6,8.4,293,3,135.0
2025-12-08T03:00,60.1,61.7,759.0,12.0,26.7,83.0,161,65,2.0,,14.2,63,12.2,0.0,0.0,992.4,8.5,291,0,140.0
2025-12-08T04:00,60.8,62.2,743.0,11.7,26.2,82.0,161,65,3.0,,13.7,65,11.7,0.0,0.0,992.2,8.7,288,0,135.0
2025-12-08T05:00,63.3,64.7,793.0,13.1,27.2,80.0,160,67,3.0,,12.8,69,10.7,0.0,0.0,992.4,9.4,283,0,130.0
2025-12-08T06:00,68.2,69.8,981.0,18.4,29.0,74.0,160,69,3.0,,12.2,72,10.1,0.0,0.0,993.2,9.3,286,0,130.0
2025-12-08T07:00,76.4,77.8,1236.0,25.5,31.5,67.0,159,73,3.0,,12.1,73,9.9,0.0,0.0,993.9,9.8,287,0,135.0
2025-12-08T08:00,80.8,82.2,1382.0,29.2,33.7,71.0,159,75,3.0,,13.5,67,11.2,0.0,0.0,994.8,10.8,281,0,155.0
2025-12-08T09:00,83.1,84.5,1319.0,26.5,35.2,97.0,158,77,3.0,,15.8,59,13.9,0.0,0.0,995.5,8.5,282,0,185.0
2025-12-08T10:00,79.9,81.7,1147.0,20.4,36.4,134.0,158,75,4.0,,18.6,49,16.7,0.0,0.0,996.0,8.6,290,0,255.0
2025-12-08T11:00,73.1,75.2,986.0,15.4,37.0,162.0,157,82,4.0,,21.5,41,19.6,0.0,0.0,995.5,9.0,285,0,345.0
2025-12-08T12:00,62.6,65.0,860.0,12.2,36.6,175.0,157,95,4.0,,23.6,36,21.8,0.0,0.0,994.6,9.5,291,0,470.0
2025-12-08T13:00,56.0,58.7,744.0,10.1,35.5,178.0,157,98,5.0,,24.9,32,22.7,0.0,0.0,993.6,10.2,293,0,610.0
2025-12-08T14:00,52.0,54.8,689.0,11.0,34.7,174.0,157,94,5.0,,25.2,31,22.7,0.0,0.0,992.8,11.7,297,0,710.0
2025-12-08T15:00,51.2,53.8,739.0,17.6,34.5,158.0,156,79,5.0,,24.7,32,22.1,0.0,0.0,992.7,12.6,298,0,775.0
2025-12-08T16:00,53.4,55.5,849.0,27.2,34.7,134.0,156,67,4.0,,23.7,35,21.3,0.0,0.0,992.6,11.1,297,0,695.0
2025-12-08T17:00,55.2,57.0,931.0,31.1,36.2,115.0,156,63,4.0,,21.8,42,20.1,0.0,0.0,992.6,8.4,286,0,480.0
2025-12-08T18:00,58.4,59.8,951.0,30.9,36.8,109.0,156,64,3.0,,20.7,47,19.0,0.0,0.0,993.2,9.4,287,0,335.0
2025-12-08T19:00,60.5,61.7,943.0,30.5,37.5,101.0,156,65,3.0,,19.5,50,17.9,0.0,0.0,993.3,9.0,282,0,230.0
2025-12-08T20:00,62.2,63.3,922.0,29.3,37.5,96.0,156,66,2.0,,18.6,51,16.8,0.0,0.0,993.2,8.7,276,0,185.0
2025-12-08T21:00,64.3,65.2,888.0,26.7,36.3,95.0,156,67,2.0,,17.7,52,15.7,0.0,0.0,993.3,9.7,280,0,205.0
2025-12-08T22:00,65.7,66.4,841.0,23.2,34.3,97.0,156,68,2.0,,16.8,53,14.7,0.0,0.0,993.3,9.6,286,0,210.0
2025-12-08T23:00,65.0,65.7,795.0,19.9,32.3,98.0,156,68,2.0,,15.9,56,13.8,0.0,0.0,993.5,9.7,285,0,200.0
2025-12-09T00:00,63.6,64.5,748.0,17.0,30.3,97.0,156,67,2.0,,15.0,58,12.7,0.0,0.0,993.1,9.5,281,0,185.0
2025-12-09T01:00,63.1,64.0,701.0,14.3,28.2,95.0,156,67,2.0,,14.3,60,12.0,0.0,0.0,992.9,9.8,278,0,175.0
2025-12-09T02:00,62.9,63.8,672.0,12.4,26.6,93.0,156,66,2.0,,13.7,63,11.3,0.0,0.0,992.6,10.1,276,0,175.0
2025-12-09T03:00,62.6,63.6,651.0,11.1,25.7,90.0,156,66,2.0,,13.2,65,10.9,0.0,0.0,992.3,10.3,276,0,180.0
2025-12-09T04:00,62.4,63.3,649.0,10.6,25.3,86.0,156,66,1.0,,12.8,67,10.5,0.0,0.0,991.9,10.5,275,0,180.0
2025-12-09T05:00,62.9,63.6,710.0,11.7,26.0,83.0,156,66,1.0,,12.1,71,9.7,0.0,0.0,991.9,10.8,274,0,165.0
2025-12-09T06:00,64.3,65.0,903.0,16.4,27.4,76.0,156,67,1.0,,11.7,72,9.4,0.0,0.0,992.5,10.4,272,0,160.0
2025-12-09T07:00,68.5,69.2,1161.0,22.7,29.3,67.0,156,69,1.0,,11.6,73,9.2,0.0,0.0,993.0,11.2,270,0,160.0
2025-12-09T08:00,69.8,70.5,1323.0,26.1,30.8,68.0,156,70,1.0,,12.8,68,10.2,0.0,0.0,993.8,12.7,263,0,190.0
2025-12-09T09:00,70.3,71.0,1310.0,24.1,31.6,87.0,156,70,1.0,,15.1,60,13.1,0.0,0.0,994.8,9.3,279,0,245.0
2025-12-09T10:00,64.5,65.2,1202.0,19.2,32.0,116.0,155,67,1.0,,17.9,51,16.0,0.0,0.0,995.1,8.9,288,0,345.0
2025-12-09T11:00,54.1,54.9,1079.0,15.0,31.9,138.0,155,69,1.0,,20.8,44,19.0,0.0,0.0,994.7,9.4,288,0,465.0
2025-12-09T12:00,41.8,42.6,940.0,11.7,30.9,150.0,154,75,1.0,,22.9,38,20.8,0.0,0.0,994.0,10.7,295,0,655.0
2025-12-09T13:00,35.5,36.4,787.0,9.2,29.4,156.0,154,78,2.0,,24.1,33,21.6,0.0,0.0,993.1,11.5,297,0,780.0
2025-12-09T14:00,31.9,32.9,704.0,10.3,28.4,153.0,153,77,2.0,,24.5,31,21.8,0.0,0.0,992.3,11.7,297,0,835.0
2025-12-09T15:00,30.3,31.4,744.0,18.1,28.1,137.0,152,69,2.0,,24.1,34,21.6,0.0,0.0,992.2,11.8,295,0,810.0
2025-12-09T16:00,33.2,34.2,853.0,29.5,28.3,112.0,152,52,2.0,,23.1,38,20.9,0.0,0.0,992.3,11.0,293,0,730.0
2025-12-09T17:00,41.3,42.6,958.0,36.4,30.0,91.0,151,55,2.0,,21.0,46,19.5,0.0,0.0,992.1,7.9,281,0,365.0
2025-12-09T18:00,45.4,46.4,1041.0,37.1,30.7,84.0,151,57,2.0,,20.3,49,18.9,0.0,0.0,992.7,8.3,283,0,285.0
2025-12-09T19:00,47.8,48.8,1120.0,37.9,31.7,75.0,150,59,2.0,,19.4,51,17.9,0.0,0.0,992.9,8.0,279,0,210.0
2025-12-09T20:00,50.4,51.3,1173.0,37.5,31.9,68.0,150,60,2.0,,18.7,52,17.1,0.0,0.0,993.0,8.3,283,0,190.0
2025-12-09T21:00,52.9,53.8,1188.0,35.2,31.0,67.0,149,61,2.0,,18.2,53,16.5,0.0,0.0,992.9,8.5,282,0,180.0
2025-12-09T22:00,54.9,55.9,1178.0,31.6,29.3,68.0,148,62,2.0,,17.5,55,15.7,0.0,0.0,992.8,8.9,284,0,170.0
2025-12-09T23:00,54.9,55.9,1151.0,27.9,27.6,69.0,147,62,2.0,,16.5,58,14.7,0.0,0.0,993.1,9.2,287,0,180.0
2025-12-10T00:00,53.3,54.4,1100.0,23.8,25.7,69.0,146,62,2.0,,15.3,62,13.4,0.0,0.0,992.7,9.3,288,1,165.0
2025-12-10T01:00,51.9,53.0,1033.0,19.6,23.8,70.0,144,61,2.0,,14.7,64,12.8,0.0,0.0,992.5,9.7,288,3,170.0
2025-12-10T02:00,50.8,51.8,987.0,16.5,22.5,69.0,143,60,2.0,,14.2,66,12.2,0.0,0.0,992.2,9.5,291,0,170.0
2025-12-10T03:00,50.2,51.2,959.0,14.9,22.2,67.0,142,60,2.0,,13.6,68,11.7,0.0,0.0,991.9,9.2,290,0,165.0
2025-12-10T04:00,50.5,51.6,951.0,14.5,22.5,64.0,141,60,2.0,,13.2,70,11.2,0.0,0.0,991.5,9.4,287,0,160.0
2025-12-10T05:00,49.1,50.2,1008.0,14.2,24.3,65.0,140,59,2.0,,12.6,71,10.5,0.0,0.0,991.6,9.4,281,0,145.0
2025-12-10T06:00,53.8,54.7,1202.0,19.3,26.8,58.0,138,62,2.0,,12.1,73,10.1,0.0,0.0,992.0,9.4,273,0,130.0
2025-12-10T07:00,61.9,62.6,1461.0,26.2,30.2,50.0,137,66,1.0,,11.8,75,9.7,0.0,0.0,992.9,9.7,273,0,135.0
2025-12-10T08:00,65.7,66.4,1611.0,29.8,33.2,53.0,136,68,1.0,,13.0,70,10.8,0.0,0.0,993.7,10.3,274,0,150.0
2025-12-10T09:00,68.2,68.7,1552.0,27.2,35.3,78.0,136,69,1.0,,15.2,61,13.6,0.0,0.0,994.6,6.5,283,0,185.0
2025-12-10T10:00,65.2,65.7,1384.0,21.4,36.9,114.0,136,68,1.0,,17.9,52,16.5,0.0,0.0,994.7,5.9,282,0,255.0
2025-12-10T11:00,58.9,59.5,1229.0,16.5,37.8,143.0,136,72,1.0,,20.7,44,19.3,0.0,0.0,994.3,5.6,285,0,380.0
2025-12-10T12:00,50.5,51.2,1110.0,12.0,37.4,159.0,136,80,1.0,,22.7,38,21.1,0.0,0.0,993.7,7.1,291,0,595.0
2025-12-10T13:00,45.5,46.3,1004.0,8.3,36.2,167.0,137,87,1.0,,23.7,36,21.9,0.0,0.0,992.8,7.6,289,0,705.0
2025-12-10T14:00,43.5,44.2,969.0,10.7,36.0,164.0,138,84,1.0,,24.1,35,22.1,0.0,0.0,992.3,8.9,291,0,760.0
2025-12-10T15:00,43.7,44.4,1063.0,24.1,37.2,144.0,139,72,1.0,,23.7,38,21.9,0.0,0.0,992.3,9.6,291,0,755.0
2025-12-10T16:00,49.4,49.9,1228.0,43.5,39.3,112.0,141,60,1.0,,22.8,43,21.5,0.0,0.0,992.1,8.2,284,0,660.0
2025-12-10T17:00,64.3,65.0,1345.0,44.2,38.1,91.0,142,67,1.0,,20.4,54,19.9,0.0,0.0,991.8,5.1,280,0,250.0
2025-12-10T18:00,75.2,75.7,1352.0,48.6,40.4,79.0,145,73,1.0,,20.3,53,19.5,0.0,0.0,992.4,5.7,283,0,220.0
2025-12-10T19:00,81.0,81.7,1312.0,54.7,43.6,63.0,148,76,1.0,,19.4,55,18.6,0.0,0.0,992.7,5.5,289,0,160.0
2025-12-10T20:00,88.7,89.4,1292.0,58.8,45.9,50.0,150,79,1.0,,18.4,58,17.6,0.0,0.0,993.0,5.2,297,0,110.0
2025-12-10T21:00,100.1,100.8,1334.0,59.6,46.8,44.0,152,84,1.0,,17.6,60,16.8,0.0,0.0,993.2,5.0,296,0,85.0
2025-12-10T22:00,108.7,109.4,1397.0,58.5,46.9,41.0,153,87,1.0,,17.0,61,16.1,0.0,0.0,993.0,5.4,300,1,80.0
2025-12-10T23:00,110.4,111.1,1422.0,55.8,45.8,39.0,155,88,1.0,,16.6,61,15.5,0.0,0.0,993.3,5.5,319,0,100.0
2025-12-11T00:00,111.3,112.2,1372.0,50.8,42.9,38.0,156,89,1.0,,15.2,64,13.9,0.0,0.0,992.9,6.0,307,0,80.0
2025-12-11T01:00,112.5,113.4,1285.0,44.2,38.8,39.0,158,89,2.0,,14.2,68,12.9,0.0,0.0,992.3,5.4,312,0,80.0
2025-12-11T02:00,112.5,113.4,1218.0,38.4,35.5,40.0,160,89,2.0,,13.2,73,12.0,0.0,0.0,992.2,5.0,300,0,70.0
2025-12-11T03:00,109.7,110.6,1170.0,33.3,33.2,42.0,162,88,2.0,,12.4,76,11.3,0.0,0.0,991.6,4.5,277,0,55.0
2025-12-11T04:00,106.4,107.3,1143.0,29.1,31.7,44.0,163,87,2.0,,12.1,78,10.8,0.0,0.0,991.3,5.1,262,0,50.0
2025-12-11T05:00,119.7,120.6,1201.0,30.6,36.7,43.0,165,92,2.0,,11.1,85,9.8,0.0,0.0,991.4,6.8,253,0,55.0
2025-12-11T06:00,130.9,131.8,1457.0,38.2,42.1,36.0,167,96,2.0,,10.8,86,9.4,0.0,0.0,991.7,6.4,252,0,60.0
2025-12-11T07:00,147.6,149.0,1798.0,48.3,49.5,28.0,169,103,2.0,,10.8,85,9.3,0.0,0.0,992.1,6.7,254,0,60.0
2025-12-11T08:00,147.6,148.1,1953.0,52.3,54.5,37.0,172,103,2.0,,12.4,76,11.0,0.0,0.0,992.9,6.9,265,0,80.0
2025-12-11T09:00,136.4,137.4,1751.0,44.7,54.8,78.0,174,99,2.0,,15.2,64,14.3,0.0,0.0,993.6,3.3,283,0,110.0
2025-12-11T10:00,113.4,114.3,1362.0,31.1,52.7,136.0,176,89,2.0,,18.3,52,17.2,0.0,0.0,993.9,3.7,284,0,185.0
2025-12-11T11:00,84.3,85.2,1030.0,20.1,50.5,177.0,178,97,2.0,,21.5,44,20.4,0.0,0.0,993.1,4.9,280,0,370.0
2025-12-11T12:00,65.7,66.4,823.0,13.6,48.6,189.0,179,109,2.0,,23.5,37,21.9,0.0,0.0,992.3,7.1,286,0,635.0
2025-12-11T13:00,55.3,55.9,673.0,9.8,46.5,185.0,179,105,1.0,,24.4,34,22.4,0.0,0.0,991.6,9.2,287,0,835.0
2025-12-11T14:00,49.7,50.2,616.0,11.5,45.1,172.0,179,92,1.0,,24.7,33,22.4,0.0,0.0,990.8,10.4,287,0,885.0
2025-12-11T15:00,46.9,47.4,691.0,22.4,44.2,149.0,180,75,1.0,,24.3,34,22.1,0.0,0.0,990.3,10.0,290,0,805.0
2025-12-11T16:00,49.4,49.8,858.0,38.9,44.0,116.0,180,60,1.0,,23.4,38,21.7,0.0,0.0,990.2,8.0,288,0,705.0
2025-12-11T17:00,70.8,71.0,1035.0,48.0,44.0,92.0,180,70,1.0,,20.7,52,20.2,0.0,0.0,990.1,4.9,270,0,185.0
2025-12-11T18:00,81.3,81.5,1222.0,53.8,46.6,78.0,180,76,1.0,,20.0,55,19.6,0.0,0.0,990.6,4.4,263,0,105.0
2025-12-11T19:00,87.3,87.5,1419.0,61.7,50.1,58.0,180,79,1.0,,19.1,59,18.7,0.0,0.0,991.0,4.4,263,0,75.0
2025-12-11T20:00,94.3,94.5,1542.0,66.2,52.2,43.0,180,82,1.0,,18.2,62,17.8,0.0,0.0,991.3,4.5,272,0,65.0
2025-12-11T21:00,100.8,101.0,1540.0,64.9,52.0,38.0,180,84,1.0,,17.5,64,17.2,0.0,0.0,991.2,3.8,287,0,55.0
2025-12-11T22:00,105.2,105.5,1463.0,60.3,50.4,38.0,180,86,1.0,,17.1,65,16.8,0.0,0.0,991.0,3.0,303,0,45.0
2025-12-11T23:00,106.4,106.9,1379.0,54.7,48.2,40.0,180,87,1.0,,16.9,66,16.8,0.0,0.0,991.1,1.5,300,0,45.0
2025-12-12T00:00,105.9,106.4,1300.0,47.7,44.9,43.0,180,86,1.0,,15.4,71,15.0,0.0,0.0,990.6,2.7,270,0,35.0
2025-12-12T01:00,106.9,107.3,1215.0,39.6,41.0,47.0,180,87,1.0,,14.0,77,13.3,0.0,0.0,990.4,4.7,274,0,40.0
2025-12-12T02:00,109.0,109.4,1152.0,33.9,38.4,49.0,180,88,1.0,,13.2,80,12.4,0.0,0.0,990.4,5.2,282,0,50.0
2025-12-12T03:00,111.8,112.5,1093.0,31.6,37.5,46.0,180,89,1.0,,12.4,83,11.6,0.0,0.0,990.0,4.8,281,0,55.0
2025-12-12T04:00,115.9,116.6,1057.0,31.8,37.8,42.0,180,90,1.0,,11.8,85,10.9,0.0,0.0,989.6,4.5,272,0,50.0
2025-12-12T05:00,131.8,132.2,1130.0,37.5,41.1,35.0,180,97,1.0,,11.2,88,10.2,0.0,0.0,989.9,5.6,272,0,60.0
2025-12-12T06:00,143.0,143.9,1441.0,45.3,47.5,27.0,180,101,1.0,,10.5,90,9.6,0.0,0.0,990.2,4.4,263,0,55.0
2025-12-12T07:00,161.1,161.6,1860.0,55.5,56.4,19.0,181,108,1.0,,10.4,90,9.4,0.0,0.0,990.6,4.2,252,0,40.0
2025-12-12T08:00,166.7,167.2,2090.0,59.5,63.0,31.0,181,111,1.0,,12.2,82,11.2,0.0,0.0,991.4,5.1,260,0,55.0
2025-12-12T09:00,156.0,156.5,1954.0,51.6,65.3,81.0,182,106,1.0,,15.3,69,14.6,0.0,0.0,992.5,3.4,267,0,85.0
2025-12-12T10:00,137.4,138.3,1629.0,37.6,65.4,152.0,182,99,1.0,,18.4,56,17.8,0.0,0.0,992.8,2.9,274,0,160.0
2025-12-12T11:00,114.3,115.5,1341.0,26.1,64.9,207.0,183,127,2.0,,21.0,47,20.3,0.0,0.0,992.4,3.1,273,0,405.0
2025-12-12T12:00,95.5,97.1,1138.0,17.3,63.5,236.0,184,156,3.0,,22.9,40,22.0,0.0,0.0,991.6,3.4,302,0,595.0
2025-12-12T13:00,86.8,89.2,973.0,11.0,61.6,250.0,185,170,4.0,,23.9,35,22.7,0.0,0.0,991.1,3.3,319,0,720.0
2025-12-12T14:00,82.2,84.8,929.0,14.9,61.8,247.0,186,167,5.0,,24.4,32,22.9,0.0,0.0,990.3,3.6,323,0,795.0
2025-12-12T15:00,80.6,83.4,1070.0,34.8,63.8,220.0,187,140,5.0,,24.3,31,22.7,0.0,0.0,990.2,3.8,311,0,790.0
2025-12-12T16:00,90.8,93.4,1332.0,65.0,68.1,176.0,188,96,5.0,,23.5,34,22.1,0.0,0.0,990.1,4.0,278,1,610.0
2025-12-12T17:00,167.2,171.4,1609.0,98.6,90.2,140.0,189,111,8.0,,21.0,48,20.4,0.0,0.0,990.0,3.3,276,3,105.0
2025-12-12T18:00,212.8,217.0,1891.0,122.8,109.5,111.0,197,129,8.0,,19.9,53,19.4,0.0,0.0,990.8,3.5,305,3,130.0
2025-12-12T19:00,256.1,260.8,2188.0,155.6,135.7,71.0,196,146,8.0,,19.1,57,18.9,0.0,0.0,991.3,2.2,318,3,105.0
2025-12-12T20:00,291.5,295.2,2428.0,176.2,153.0,40.0,201,161,8.0,,18.4,61,18.3,0.0,0.0,991.8,2.2,312,0,80.0
2025-12-12T21:00,312.0,315.7,2618.0,174.2,154.6,28.0,209,169,8.0,,17.9,63,17.9,0.0,0.0,991.9,2.0,360,0,90.0
2025-12-12T22:00,319.4,323.2,2752.0,160.0,147.3,25.0,218,172,7.0,,17.2,66,17.0,0.0,0.0,991.7,2.4,36,0,90.0
2025-12-12T23:00,312.0,315.7,2736.0,144.3,135.2,24.0,227,169,7.0,,16.4,69,16.2,0.0,0.0,991.7,2.4,81,0,65.0
2025-12-13T00:00,290.6,294.3,2444.0,129.6,116.6,25.0,236,160,6.0,,15.3,75,15.2,0.0,0.0,991.3,2.3,51,0,60.0
2025-12-13T01:00,269.2,272.9,2002.0,113.4,93.3,28.0,243,152,6.0,,14.3,80,14.1,0.0,0.0,990.6,3.5,81,0,50.0
2025-12-13T02:00,250.5,253.3,1699.0,98.8,74.9,31.0,250,144,5.0,,13.9,82,13.8,0.0,0.0,990.4,1.9,68,0,35.0
2025-12-13T03:00,237.0,239.3,1621.0,86.1,65.2,33.0,256,139,5.0,,13.7,82,13.6,0.0,0.0,990.3,1.5,45,0,30.0
2025-12-13T04:00,228.6,231.4,1681.0,75.1,60.5,35.0,261,135,4.0,,13.4,83,13.4,0.0,0.0,990.1,0.9,37,0,20.0
2025-12-13T05:00,222.6,224.9,1912.0,62.6,58.9,41.0,266,133,4.0,,13.1,82,13.0,0.0,0.0,990.7,0.4,270,1,20.0
2025-12-13T06:00,229.1,231.4,2525.0,68.8,63.0,34.0,270,136,4.0,,12.8,83,12.7,0.0,0.0,991.2,0.0,270,3,35.0
2025-12-13T07:00,242.1,244.0,3308.0,76.8,68.7,27.0,273,141,3.0,,12.7,84,12.7,0.0,0.0,991.9,0.2,180,3,35.0
2025-12-13T08:00,238.4,239.3,3660.0,77.7,72.8,43.0,277,139,3.0,,14.1,79,13.8,0.0,0.0,992.8,3.1,111,0,45.0
2025-12-13T09:00,211.4,212.8,3167.0,65.0,73.1,104.0,280,129,3.0,,16.5,69,16.4,0.0,0.0,993.7,2.4,103,0,100.0
2025-12-13T10:00,188.6,190.0,2242.0,45.3,71.8,187.0,282,119,4.0,,19.3,58,19.1,0.0,0.0,994.3,3.0,104,0,225.0
2025-12-13T11:00,162.1,164.4,1520.0,30.1,72.7,251.0,284,171,4.0,,21.4,52,21.2,0.0,0.0,993.8,3.6,120,0,455.0
2025-12-13T12:00,136.0,138.8,1244.0,21.3,78.3,280.0,286,200,5.0,,23.1,44,22.8,0.0,0.0,993.1,2.8,125,0,640.0
2025-12-13T13:00,122.5,125.3,1170.0,16.8,86.0,288.0,288,208,6.0,,24.0,40,23.7,0.0,0.0,992.4,1.5,97,1,805.0
2025-12-13T14:00,113.4,116.6,1204.0,22.4,92.2,279.0,289,199,6.0,,24.5,37,24.1,0.0,0.0,991.6,1.1,72,3,890.0
2025-12-13T15:00,109.7,112.9,1339.0,45.5,95.4,245.0,291,165,6.0,,24.4,37,23.8,0.0,0.0,991.4,1.9,68,1,905.0
2025-12-13T16:00,128.5,131.3,1582.0,78.5,97.0,194.0,292,114,6.0,,23.8,39,22.9,0.0,0.0,991.4,3.5,75,2,905.0
2025-12-13T17:00,200.7,204.9,1860.0,91.6,89.6,145.0,293,124,8.0,,21.0,52,20.6,0.0,0.0,991.4,4.5,113,3,150.0
2025-12-13T18:00,231.4,235.2,2203.0,101.4,95.0,115.0,295,137,7.0,,20.2,57,20.0,0.0,0.0,992.2,4.0,122,2,165.0
2025-12-13T19:00,257.0,260.8,2581.0,114.5,102.1,75.0,295,147,7.0,,19.2,64,19.4,0.0,0.0,992.6,2.9,137,3,105.0
2025-12-13T20:00,267.3,271.0,2834.0,121.6,104.7,44.0,296,151,6.0,,18.2,68,18.5,0.0,0.0,993.0,2.4,126,3,85.0
2025-12-13T21:00,262.6,265.4,2856.0,117.8,99.2,34.0,295,149,6.0,,17.3,72,17.6,0.0,0.0,993.2,2.7,118,3,75.0
2025-12-13T22:00,251.5,254.3,2753.0,108.1,89.2,34.0,292,145,5.0,,16.3,77,16.4,0.0,0.0,993.0,4.0,117,3,60.0
2025-12-13T23:00,244.0,245.9,2676.0,97.8,79.8,36.0,290,142,5.0,,15.4,83,15.6,0.0,0.0,993.1,3.9,127,3,40.0
2025-12-14T00:00,237.5,240.3,2687.0,88.1,72.3,36.0,287,139,5.0,,14.7,85,15.0,0.0,0.0,992.6,3.1,118,3,35.0
2025-12-14T01:00,232.8,235.2,2724.0,77.9,65.3,38.0,285,137,4.0,,14.1,87,14.3,0.0,0.0,992.4,2.5,111,3,30.0
2025-12-14T02:00,230.5,233.3,2758.0,69.4,60.3,38.0,283,136,4.0,,13.7,89,13.9,0.0,0.0,992.3,1.8,127,2,20.0
2025-12-14T03:00,230.0,232.4,2754.0,62.9,57.2,36.0,282,136,4.0,,13.3,89,13.6,0.0,0.0,992.2,1.3,124,2,20.0
2025-12-14T04:00,230.0,232.4,2746.0,58.2,56.1,34.0,282,136,4.0,,13.0,90,13.2,0.0,0.0,991.9,0.8,153,0,15.0
2025-12-14T05:00,227.2,229.6,2809.0,47.5,52.9,34.0,282,135,4.0,,11.6,93,11.2,0.0,0.0,992.3,3.2,161,3,25.0
2025-12-14T06:00,230.0,231.9,3089.0,56.3,59.2,27.0,282,136,4.0,,11.2,94,10.6,0.0,0.0,992.8,4.3,156,0,30.0
2025-12-14T07:00,241.2,243.1,3439.0,67.7,67.8,21.0,282,140,3.0,,11.2,94,10.7,0.0,0.0,993.4,4.0,148,0,30.0
2025-12-14T08:00,252.4,254.3,3494.0,72.0,74.1,36.0,282,145,3.0,,13.5,86,13.2,0.0,0.0,994.3,4.5,143,0,30.0
2025-12-14T09:00,226.8,228.2,2968.0,62.1,74.6,93.0,283,135,4.0,,16.9,71,17.2,0.0,0.0,995.4,1.9,151,0,85.0
2025-12-14T10:00,206.3,208.2,2147.0,45.1,72.7,171.0,283,127,5.0,,19.8,60,20.1,0.0,0.0,995.9,1.3,164,0,240.0
2025-12-14T11:00,180.7,183.9,1528.0,31.6,73.7,231.0,284,151,6.0,,21.2,54,21.4,0.0,0.0,995.1,1.9,146,3,470.0
2025-12-14T12:00,164.4,169.5,1322.0,23.3,81.1,259.0,285,179,8.0,,22.8,48,23.1,0.0,0.0,994.5,0.8,117,3,635.0
2025-12-14T13:00,152.3,157.9,1317.0,18.5,91.4,268.0,286,188,10.0,,23.7,43,23.8,0.0,0.0,993.5,0.4,27,3,725.0
2025-12-14T14:00,139.7,145.3,1378.0,23.4,99.3,261.0,287,181,11.0,,24.2,41,24.1,0.0,0.0,992.5,0.5,360,3,815.0
2025-12-14T15:00,133.6,138.8,1485.0,44.3,101.3,232.0,288,152,11.0,,24.2,40,23.9,0.0,0.0,992.4,1.2,309,2,880.0
2025-12-14T16:00,150.4,155.1,1658.0,74.9,100.9,186.0,289,106,10.0,,23.4,51,24.1,0.0,0.0,992.1,1.0,315,3,900.0
2025-12-14T17:00,216.5,221.7,1813.0,125.2,132.4,138.0,290,131,10.0,,21.1,60,21.7,0.0,0.0,992.2,2.2,265,3,140.0
2025-12-14T18:00,259.8,265.4,1914.0,136.0,140.9,111.0,291,148,10.0,,20.2,60,20.5,0.0,0.0,993.0,3.1,310,3,170.0
2025-12-14T19:00,291.5,297.1,1999.0,150.5,152.2,75.0,292,161,9.0,,19.4,62,19.4,0.0,0.0,993.3,3.6,354,3,180.0
2025-12-14T20:00,314.8,319.4,2093.0,158.4,157.9,46.0,294,170,9.0,,18.8,65,19.0,0.0,0.0,993.7,3.1,13,3,150.0
2025-12-14T21:00,328.8,333.4,2213.0,154.2,154.1,34.0,296,176,9.0,,18.3,68,18.7,0.0,0.0,993.7,1.7,32,3,100.0
2025-12-14T22:00,333.4,337.1,2343.0,143.3,144.7,30.0,298,177,8.0,,17.9,69,18.5,0.0,0.0,993.6,0.6,34,3,75.0
2025-12-14T23:00,329.7,334.3,2466.0,132.1,133.5,27.0,302,176,8.0,,17.4,71,18.0,0.0,0.0,993.6,0.2,90,3,80.0
2025-12-15T00:00,318.5,323.2,2607.0,122.2,120.5,23.0,305,171,8.0,,16.3,75,16.7,0.0,0.0,993.0,0.9,259,3,55.0
2025-12-15T01:00,304.5,308.3,2740.0,111.9,105.7,21.0,309,166,7.0,,14.8,81,14.8,0.0,0.0,992.3,3.1,257,3,35.0
2025-12-15T02:00,285.0,288.7,2773.0,102.6,92.4,22.0,312,158,7.0,,13.6,88,13.3,0.0,0.0,992.0,5.2,266,3,40.0
2025-12-15T03:00,258.9,261.7,2599.0,95.0,80.9,27.0,314,148,7.0,,12.6,93,12.2,0.0,0.0,991.8,5.8,270,3,45.0
2025-12-15T04:00,233.3,236.6,2324.0,88.3,71.0,35.0,315,137,6.0,,12.0,95,11.6,0.0,0.0,991.1,5.0,272,2,50.0
2025-12-15T05:00,193.2,196.0,2178.0,51.5,56.3,67.0,315,121,5.0,,11.3,94,10.6,0.0,0.0,991.5,5.2,272,0,60.0
2025-12-15T06:00,200.2,203.0,2339.0,54.1,60.9,62.0,314,124,5.0,,10.9,95,10.2,0.0,0.0,992.0,5.0,270,1,50.0
2025-12-15T07:00,207.7,210.5,2629.0,57.2,67.1,56.0,313,127,5.0,,10.5,99,9.8,0.0,0.0,992.5,5.6,264,2,45.0
2025-12-15T08:00,204.0,206.8,2739.0,55.9,70.3,65.0,311,126,5.0,,11.5,97,10.8,0.0,0.0,993.2,6.3,257,3,65.0
2025-12-15T09:00,192.3,194.6,2494.0,46.1,68.3,104.0,309,121,6.0,,13.8,87,13.4,0.0,0.0,994.6,6.0,261,3,90.0
2025-12-15T10:00,162.1,165.8,2070.0,31.9,63.3,158.0,308,109,9.0,,16.1,76,16.0,0.0,0.0,995.0,4.3,268,1,130.0
2025-12-15T11:00,119.2,124.3,1684.0,20.6,57.2,196.0,306,116,10.0,,19.4,63,19.3,0.0,0.0,994.6,5.4,268,0,295.0
2025-12-15T12:00,97.3,102.9,1387.0,13.8,49.6,206.0,303,126,11.0,,21.7,51,21.2,0.0,0.0,993.9,6.1,275,0,470.0
2025-12-15T13:00,84.1,89.6,1128.0,9.8,41.0,201.0,301,121,10.0,,22.9,44,21.9,0.0,0.0,993.1,6.8,282,0,575.0
2025-12-15T14:00,74.0,79.2,979.0,11.0,34.9,187.0,298,107,10.0,,23.3,46,22.5,0.0,0.0,992.4,7.4,283,0,680.0
2025-12-15T15:00,68.5,73.1,1001.0,20.8,33.0,162.0,295,82,9.0,,23.2,48,22.6,0.0,0.0,991.9,7.4,283,0,705.0
2025-12-15T16:00,69.4,72.9,1131.0,35.7,33.4,127.0,292,70,7.0,,22.4,50,21.8,0.0,0.0,991.6,7.1,286,0,665.0
2025-12-15T17:00,85.7,89.9,1259.0,48.8,34.5,89.0,289,78,8.0,,19.9,57,19.5,0.0,0.0,991.3,5.1,293,0,290.0
2025-12-15T18:00,92.2,95.7,1370.0,47.8,35.1,82.0,283,81,7.0,,19.1,60,18.7,0.0,0.0,991.9,4.8,283,0,150.0
2025-12-15T19:00,91.5,94.3,1478.0,46.2,35.9,72.0,277,81,5.0,,18.2,64,17.8,0.0,0.0,992.6,5.1,278,0,105.0
2025-12-15T20:00,90.6,92.9,1508.0,43.6,36.4,65.0,268,80,4.0,,17.3,68,16.8,0.0,0.0,992.8,5.4,272,0,90.0
2025-12-15T21:00,92.9,95.0,1401.0,39.4,36.2,65.0,259,81,3.0,,16.6,69,15.9,0.0,0.0,993.1,6.3,272,0,95.0
2025-12-15T22:00,97.1,99.0,1215.0,34.1,35.6,68.0,249,83,3.0,,16.2,68,15.1,0.0,0.0,993.2,7.7,279,0,120.0
2025-12-15T23:00,97.8,99.7,1052.0,28.8,34.9,72.0,239,83,3.0,,15.4,70,14.2,0.0,0.0,993.3,8.3,286,0,145.0
2025-12-16T00:00,95.5,97.1,936.0,23.5,34.0,76.0,230,82,3.0,,14.4,73,13.1,0.0,0.0,992.8,7.9,290,0,135.0
2025-12-16T01:00,92.9,94.8,843.0,18.3,33.0,81.0,220,81,3.0,,13.7,76,12.4,0.0,0.0,992.3,7.8,292,0,135.0
2025-12-16T02:00,90.6,92.2,795.0,14.3,32.6,86.0,211,80,3.0,,13.2,79,11.9,0.0,0.0,991.9,8.0,298,0,140.0
2025-12-16T03:00,88.0,89.4,802.0,11.7,32.9,91.0,203,79,3.0,,12.8,82,11.5,0.0,0.0,991.6,8.4,301,0,150.0
2025-12-16T04:00,85.4,86.6,854.0,10.3,33.8,95.0,197,78,2.0,,12.5,85,11.2,0.0,0.0,991.0,8.9,298,0,160.0
2025-12-16T05:00,90.3,91.7,951.0,11.7,36.6,93.0,193,80,2.0,,12.0,88,10.6,0.0,0.0,991.1,9.3,295,0,170.0
2025-12-16T06:00,92.0,93.1,1145.0,16.4,39.4,90.0,190,81,2.0,,11.8,89,10.4,0.0,0.0,991.5,9.3,292,0,165.0
2025-12-16T07:00,98.3,99.4,1384.0,22.7,43.3,86.0,187,83,2.0,,11.6,90,10.2,0.0,0.0,991.9,9.9,285,0,165.0
2025-12-16T08:00,100.6,101.7,1509.0,26.0,46.5,92.0,183,84,2.0,,13.0,83,11.4,0.0,0.0,992.6,11.2,281,0,200.0
2025-12-16T09:00,101.5,102.4,1422.0,23.3,48.5,115.0,180,85,2.0,,15.2,73,13.9,0.0,0.0,993.3,9.3,286,0,275.0
2025-12-16T10:00,92.7,93.8,1223.0,17.5,49.7,147.0,178,81,3.0,,17.8,62,16.4,0.0,0.0,993.5,10.3,293,0,390.0
2025-12-16T11:00,81.5,82.9,1049.0,12.9,50.0,173.0,175,93,3.0,,20.0,56,18.7,0.0,0.0,992.9,11.0,293,0,505.0
2025-12-16T12:00,74.5,76.1,935.0,10.2,48.8,188.0,174,108,3.0,,21.9,48,20.5,0.0,0.0,992.2,11.7,295,0,580.0
2025-12-16T13:00,69.8,71.7,846.0,8.7,46.6,197.0,174,117,4.0,,23.0,45,21.4,0.0,0.0,991.3,11.3,292,0,625.0
2025-12-16T14:00,68.2,70.3,822.0,10.0,44.7,197.0,173,117,4.0,,23.3,45,21.9,0.0,0.0,990.6,11.1,290,0,665.0
2025-12-16T15:00,68.9,71.2,906.0,16.6,43.6,183.0,173,103,4.0,,23.1,48,21.8,0.0,0.0,990.8,11.5,287,0,680.0
2025-12-16T16:00,70.1,72.9,1055.0,26.0,42.9,160.0,173,80,5.0,,22.2,52,21.2,0.0,0.0,990.8,11.1,287,0,670.0
2025-12-16T17:00,68.7,71.0,1177.0,33.5,43.9,136.0,173,69,4.0,,20.5,60,20.1,0.0,0.0,990.7,7.9,282,0,495.0
2025-12-16T18:00,73.1,75.7,1237.0,32.7,43.7,128.0,173,72,4.0,,19.6,64,19.2,0.0,0.0,991.4,8.1,288,0,345.0
2025-12-16T19:00,76.4,79.2,1269.0,31.5,43.3,117.0,172,73,5.0,,18.8,67,18.3,0.0,0.0,992.0,8.6,286,0,275.0
2025-12-16T20:00,80.1,83.1,1285.0,30.0,42.5,107.0,172,75,5.0,,18.1,69,17.5,0.0,0.0,992.2,8.9,283,0,235.0
2025-12-16T21:00,85.9,88.9,1287.0,28.1,41.1,101.0,171,78,5.0,,17.3,71,16.6,0.0,0.0,992.5,9.0,280,0,210.0
2025-12-16T22:00,92.0,95.2,1272.0,25.9,39.4,96.0,171,81,6.0,,16.6,74,15.9,0.0,0.0,992.2,8.9,284,0,200.0
2025-12-16T23:00,94.5,97.6,1248.0,23.3,37.3,92.0,171,82,6.0,,15.5,79,14.9,0.0,0.0,992.4,7.7,288,0,155.0
2025-12-17T00:00,94.5,97.6,1207.0,19.8,34.7,89.0,171,82,6.0,,14.6,83,14.0,0.0,0.0,992.0,7.9,290,0,145.0
2025-12-17T01:00,94.8,97.8,1155.0,16.0,31.9,87.0,171,82,6.0,,14.1,85,13.4,0.0,0.0,991.9,7.6,288,0,135.0
2025-12-17T02:00,95.0,98.0,1121.0,13.2,29.5,84.0,171,82,6.0,,13.5,86,12.7,0.0,0.0,991.8,8.0,288,0,140.0
2025-12-17T03:00,95.0,98.0,1098.0,11.6,27.7,81.0,171,82,6.0,,13.1,87,12.2,0.0,0.0,991.8,8.5,283,0,150.0
2025-12-17T04:00,95.2,98.0,1092.0,11.0,26.5,77.0,171,82,5.0,,12.7,88,11.6,0.0,0.0,991.4,9.1,280,0,155.0
2025-12-17T05:00,97.8,100.6,1145.0,12.3,28.1,77.0,171,83,5.0,,11.6,90,10.3,0.0,0.0,991.6,9.3,280,0,150.0
2025-12-17T06:00,99.9,102.7,1331.0,17.4,29.7,70.0,172,84,5.0,,11.4,90,10.1,0.0,0.0,992.2,9.0,282,0,150.0
2025-12-17T07:00,104.8,107.6,1578.0,24.2,31.9,62.0,172,86,5.0,,11.4,90,10.0,0.0,0.0,992.8,9.1,279,0,150.0
2025-12-17T08:00,106.9,109.4,1707.0,27.8,33.6,64.0,172,87,5.0,,12.9,82,11.3,0.0,0.0,993.5,10.5,273,0,180.0
2025-12-17T09:00,107.3,109.9,1614.0,25.3,34.3,87.0,172,87,6.0,,15.2,71,14.0,0.0,0.0,994.3,8.7,275,0,245.0
2025-12-17T10:00,103.1,106.2,1404.0,19.6,34.5,120.0,172,85,6.0,,17.8,62,16.6,0.0,0.0,994.5,8.9,278,0,310.0
2025-12-17T11:00,93.6,97.1,1216.0,14.8,34.2,147.0,173,81,7.0,,19.9,57,18.9,0.0,0.0,994.3,9.3,286,0,400.0
2025-12-17T12:00,79.6,83.4,1077.0,11.3,33.1,164.0,173,84,7.0,,21.8,51,20.9,0.0,0.0,993.7,9.2,296,0,510.0
2025-12-17T13:00,71.2,74.7,959.0,8.8,31.5,174.0,173,94,7.0,,23.1,47,22.1,0.0,0.0,992.9,9.1,302,0,630.0
2025-12-17T14:00,65.7,69.2,917.0,10.3,30.6,174.0,173,94,7.0,,23.8,45,22.8,0.0,0.0,992.2,8.7,302,0,695.0
2025-12-17T15:00,62.6,66.1,1013.0,19.0,30.8,157.0,173,79,7.0,,23.7,46,22.8,0.0,0.0,992.0,8.2,299,0,705.0
2025-12-17T16:00,63.1,66.4,1186.0,31.7,31.7,129.0,173,67,6.0,,22.8,50,22.3,0.0,0.0,991.9,7.6,288,0,655.0
2025-12-17T17:00,79.4,84.3,1307.0,40.7,33.1,104.0,173,75,9.0,,20.6,60,20.4,0.0,0.0,991.8,6.5,273,0,300.0
2025-12-17T18:00,79.9,84.3,1314.0,40.4,33.2,96.0,173,75,9.0,,19.6,64,19.4,0.0,0.0,992.4,7.1,279,0,220.0
2025-12-17T19:00,80.6,85.2,1269.0,39.8,33.3,85.0,173,75,10.0,,18.9,65,18.5,0.0,0.0,992.7,7.4,277,0,185.0
2025-12-17T20:00,82.7,87.8,1236.0,39.1,33.2,75.0,174,76,10.0,,18.1,66,17.6,0.0,0.0,992.9,6.9,275,0,145.0
2025-12-17T21:00,86.6,92.2,1245.0,38.3,32.8,69.0,174,78,11.0,,17.1,69,16.5,0.0,0.0,993.2,6.5,276,0,125.0
2025-12-17T22:00,91.5,97.8,1266.0,37.3,32.1,65.0,174,81,11.0,,16.1,72,15.6,0.0,0.0,993.0,5.7,283,0,110.0
2025-12-17T23:00,94.1,100.6,1271.0,35.6,31.0,61.0,174,82,12.0,,14.9,78,14.4,0.0,0.0,993.3,5.2,284,0,95.0
2025-12-18T00:00,93.8,101.0,1241.0,32.4,29.0,59.0,174,82,13.0,,14.4,79,13.8,0.0,0.0,993.2,5.3,298,0,100.0
2025-12-18T01:00,94.8,102.4,1195.0,28.5,26.6,57.0,174,82,13.0,,13.4,85,13.0,0.0,0.0,993.3,4.7,310,0,95.0
2025-12-18T02:00,95.5,103.4,1158.0,25.5,24.8,55.0,174,82,14.0,,12.8,87,12.3,0.0,0.0,993.1,4.4,305,3,75.0
2025-12-18T03:00,96.2,104.3,1104.0,23.0,23.4,53.0,174,82,15.0,,12.5,88,12.0,0.0,0.0,992.9,4.5,299,2,70.0
2025-12-18T04:00,97.1,105.5,1059.0,21.4,22.6,50.0,174,83,16.0,,12.0,89,11.4,0.0,0.0,992.7,4.7,288,1,65.0
2025-12-18T05:00,120.1,129.0,1122.0,27.2,29.5,45.0,174,92,16.0,,11.9,92,11.2,0.0,0.0,993.1,6.2,277,1,75.0
2025-12-18T06:00,139.2,148.5,1423.0,35.2,33.5,34.0,174,100,15.0,,11.8,93,11.1,0.0,0.0,993.6,6.0,279,1,75.0
2025-12-18T07:00,177.0,186.7,1831.0,45.8,39.1,21.0,176,115,14.0,,11.6,94,10.9,0.0,0.0,994.3,6.0,277,2,75.0
2025-12-18T08:00,173.2,181.1,2055.0,50.9,43.4,27.0,178,113,14.0,,12.9,89,12.3,0.0,0.0,995.1,6.7,272,3,90.0
2025-12-18T09:00,177.9,183.9,1920.0,45.6,45.2,68.0,180,115,16.0,,15.3,78,15.1,0.0,0.0,995.9,4.8,292,3,150.0
2025-12-18T10:00,152.7,162.5,1599.0,34.9,45.7,127.0,182,105,20.0,,17.8,68,17.6,0.0,0.0,996.1,5.0,308,3,250.0
2025-12-18T11:00,130.4,142.5,1324.0,25.6,46.1,174.0,183,96,23.0,,19.3,61,19.0,0.0,0.0,995.8,5.5,319,3,390.0
2025-12-18T12:00,108.7,123.9,1163.0,18.5,46.6,197.0,184,117,26.0,,21.0,52,20.4,0.0,0.0,994.8,5.7,323,3,500.0
2025-12-18T13:00,92.2,108.5,1048.0,12.9,46.9,208.0,185,128,29.0,,22.0,48,21.2,0.0,0.0,993.9,6.1,315,3,590.0
2025-12-18T14:00,82.7,98.7,998.0,13.5,47.6,205.0,186,125,30.0,,22.5,47,21.7,0.0,0.0,993.2,7.0,314,3,675.0
2025-12-18T15:00,78.5,93.8,1041.0,24.4,48.4,183.0,186,103,28.0,,22.4,49,21.4,0.0,0.0,992.8,8.3,318,3,680.0
2025-12-18T16:00,83.6,95.9,1150.0,41.6,49.7,148.0,187,77,25.0,,21.6,53,20.9,0.0,0.0,992.6,7.8,318,1,600.0
2025-12-18T17:00,123.9,136.9,1268.0,60.2,52.9,113.0,187,94,25.0,,19.3,62,19.1,0.0,0.0,992.5,5.1,306,3,325.0
2025-12-18T18:00,144.4,157.9,1389.0,68.5,56.9,91.0,189,102,24.0,,18.2,69,18.2,0.0,0.0,992.7,4.9,306,3,250.0
2025-12-18T19:00,166.2,178.8,1518.0,79.8,62.4,61.0,191,110,23.0,,17.6,73,17.7,0.0,0.0,993.0,4.7,313,3,215.0
2025-12-18T20:00,183.5,195.6,1616.0,86.9,65.9,38.0,193,117,22.0,,17.0,76,17.1,0.0,0.0,993.4,4.7,328,3,175.0
2025-12-18T21:00,196.0,208.2,1671.0,87.2,66.5,28.0,196,122,21.0,,16.2,81,16.4,0.0,0.0,993.5,4.3,336,3,150.0
2025-12-18T22:00,205.8,217.5,1694.0,83.3,65.2,24.0,199,126,21.0,,15.4,85,15.7,0.0,0.0,993.2,4.0,330,3,120.0
2025-12-18T23:00,204.4,215.1,1684.0,76.0,61.8,25.0,204,126,20.0,,14.8,88,15.1,0.0,0.0,992.7,4.0,321,3,100.0
2025-12-19T00:00,190.0,200.2,1617.0,63.2,54.8,32.0,209,120,18.0,,13.9,91,13.9,0.0,0.0,992.4,5.0,314,3,90.0
2025-12-19T01:00,171.8,180.7,1516.0,47.0,45.8,43.0,213,113,16.0,,13.3,93,13.3,0.0,0.0,991.8,4.9,298,3,75.0
2025-12-19T02:00,159.3,166.7,1449.0,34.1,38.8,52.0,216,108,14.0,,13.0,94,12.9,0.0,0.0,991.7,5.2,292,3,80.0
2025-12-19T03:00,151.3,157.9,1422.0,27.1,35.5,55.0,218,105,12.0,,12.9,94,12.6,0.0,0.0,991.5,6.2,285,3,85.0
2025-12-19T04:00,146.2,151.3,1429.0,23.4,34.2,54.0,221,102,9.0,,12.4,95,11.9,0.0,0.0,991.1,6.8,281,3,80.0
2025-12-19T05:00,143.4,147.6,1512.0,21.9,35.7,54.0,223,101,8.0,,11.7,96,10.9,0.0,0.0,991.3,7.7,281,3,85.0
2025-12-19T06:00,140.2,143.4,1769.0,26.8,38.4,51.0,224,100,7.0,,11.2,97,10.5,0.0,0.0,991.7,6.3,288,3,85.0
2025-12-19T07:00,139.7,142.5,2102.0,33.4,42.2,48.0,224,100,5.0,,11.2,97,10.6,0.0,0.0,992.3,6.0,291,2,85.0
2025-12-19T08:00,136.4,138.3,2269.0,36.2,45.4,56.0,222,99,4.0,,12.1,95,11.6,0.0,0.0,993.1,6.4,288,3,90.0
2025-12-19T09:00,134.1,135.5,2125.0,31.9,47.4,87.0,221,98,4.0,,13.6,92,13.6,0.0,0.0,993.6,4.5,284,3,120.0
2025-12-19T10:00,120.1,122.0,1814.0,23.9,48.8,130.0,219,92,5.0,,16.2,78,16.4,0.0,0.0,993.9,4.0,278,2,190.0
2025-12-19T11:00,101.7,104.3,1524.0,17.4,49.2,162.0,218,85,5.0,,18.0,66,17.7,0.0,0.0,993.6,5.5,281,3,340.0
2025-12-19T12:00,82.7,85.7,1287.0,13.0,48.1,177.0,216,97,5.0,,20.0,55,19.2,0.0,0.0,992.6,7.0,293,3,435.0
2025-12-19T13:00,74.0,76.6,1071.0,10.0,46.0,181.0,215,101,4.0,,21.3,48,20.1,0.0,0.0,991.8,7.7,298,3,525.0
2025-12-19T14:00,66.4,68.0,964.0,11.5,44.3,175.0,214,95,3.0,,21.9,44,20.6,0.0,0.0,990.7,7.3,298,2,555.0
2025-12-19T15:00,61.7,62.9,1044.0,20.8,43.2,155.0,214,78,2.0,,21.9,44,20.7,0.0,0.0,990.1,7.1,291,3,535.0
2025-12-19T16:00,60.8,61.5,1234.0,34.6,42.4,124.0,213,65,2.0,,21.0,50,20.0,0.0,0.0,989.9,6.9,287,1,500.0
2025-12-19T17:00,111.8,113.2,1388.0,57.7,49.9,95.0,212,89,3.0,,18.5,65,18.3,0.0,0.0,989.3,5.0,285,0,290.0
2025-12-19T18:00,114.8,115.5,1453.0,58.0,49.8,83.0,212,90,2.0,,17.6,70,17.5,0.0,0.0,989.5,5.1,278,0,155.0
2025-12-19T19:00,117.8,118.3,1483.0,58.5,49.7,67.0,210,91,2.0,,16.7,74,16.6,0.0,0.0,989.5,5.3,280,0,110.0
2025-12-19T20:00,119.7,120.1,1494.0,58.6,49.3,54.0,208,92,1.0,,15.8,78,15.6,0.0,0.0,989.9,5.2,282,0,90.0
2025-12-19T21:00,123.4,123.4,1489.0,58.8,48.9,46.0,206,93,1.0,,15.0,80,14.7,0.0,0.0,990.1,5.1,287,0,80.0
2025-12-19T22:00,129.0,129.5,1465.0,58.8,48.3,40.0,203,96,1.0,,14.2,83,13.9,0.0,0.0,989.8,4.8,281,0,65.0
2025-12-19T23:00,130.4,130.4,1432.0,56.8,46.6,37.0,200,96,1.0,,13.5,85,13.0,0.0,0.0,989.5,5.2,282,0,70.0
2025-12-20T00:00,126.2,126.7,1382.0,50.9,42.8,38.0,197,94,1.0,,12.7,86,12.0,0.0,0.0,988.6,5.1,280,0,60.0
2025-12-20T01:00,122.0,122.9,1323.0,43.2,37.9,42.0,196,93,1.0,,12.2,88,11.4,0.0,0.0,988.6,5.3,282,0,65.0
2025-12-20T02:00,121.1,122.0,1281.0,37.7,34.5,44.0,194,92,1.0,,11.6,89,10.8,0.0,0.0,988.3,5.1,274,0,55.0
2025-12-20T03:00,123.4,124.3,1230.0,36.0,32.5,42.0,193,93,1.0,,11.1,90,10.3,0.0,0.0,988.0,5.1,264,0,55.0
2025-12-20T04:00,125.7,126.7,1197.0,36.6,31.9,37.0,192,94,2.0,,10.7,92,9.7,0.0,0.0,987.9,5.2,268,0,55.0
2025-12-20T05:00,139.2,140.6,1290.0,42.1,43.8,33.0,192,100,2.0,,9.7,97,8.9,0.0,0.0,988.3,4.3,268,0,35.0
2025-12-20T06:00,154.6,156.0,1660.0,52.3,56.8,26.0,191,106,2.0,,9.6,98,8.9,0.0,0.0,988.9,3.4,273,1,35.0
2025-12-20T07:00,183.9,185.3,2156.0,65.8,74.5,18.0,192,118,2.0,,9.5,99,8.9,0.0,0.0,989.6,3.0,256,3,35.0
2025-12-20T08:00,213.7,215.1,2438.0,71.5,84.9,26.0,193,129,2.0,,10.7,95,10.3,0.0,0.0,990.6,2.1,239,3,40.0
2025-12-20T09:00,170.4,171.8,2308.0,62.1,80.7,65.0,195,112,2.0,,13.7,83,13.8,0.0,0.0,992.0,0.6,72,0,70.0
2025-12-20T10:00,137.4,138.8,1964.0,44.8,69.4,121.0,197,99,3.0,,17.0,68,17.2,0.0,0.0,992.4,1.3,74,1,140.0
2025-12-20T11:00,113.9,115.3,1661.0,31.0,61.5,167.0,197,90,3.0,,18.7,60,18.5,0.0,0.0,992.4,3.4,115,3,405.0
2025-12-20T12:00,97.1,98.5,1471.0,22.0,61.3,198.0,197,118,3.0,,20.3,54,20.0,0.0,0.0,991.5,3.0,115,3,600.0
2025-12-20T13:00,85.7,86.8,1321.0,16.4,64.7,220.0,198,140,2.0,,21.2,50,21.0,0.0,0.0,990.7,2.2,104,3,740.0
2025-12-20T14:00,78.5,79.4,1247.0,20.9,69.3,225.0,198,145,2.0,,21.8,48,21.7,0.0,0.0,990.2,1.1,90,3,810.0
2025-12-20T15:00,76.4,77.5,1276.0,43.2,75.3,203.0,199,123,2.0,,21.8,48,21.7,0.0,0.0,989.8,1.3,90,3,810.0
2025-12-20T16:00,88.0,88.9,1381.0,75.7,82.7,164.0,199,84,2.0,,21.2,51,21.0,0.0,0.0,989.4,2.5,94,3,415.0
2025-12-20T17:00,175.6,178.8,1516.0,106.1,96.8,121.0,200,114,5.0,,18.1,73,18.6,0.0,0.0,989.6,3.1,103,3,110.0
2025-12-20T18:00,214.7,217.5,1713.0,112.3,98.1,98.0,202,130,5.0,,17.2,75,17.1,0.0,0.0,990.0,6.1,109,3,170.0
2025-12-20T19:00,220.7,223.1,1940.0,120.2,99.4,65.0,206,132,4.0,,16.1,80,16.0,0.0,0.0,990.6,6.2,112,2,180.0
2025-12-20T20:00,207.7,209.5,2060.0,120.8,96.9,42.0,211,127,4.0,,15.1,84,14.8,0.0,0.0,991.2,6.4,106,2,160.0
2025-12-20T21:00,198.8,200.7,1981.0,108.0,87.7,37.0,214,124,4.0,,14.1,88,13.8,0.0,0.0,991.6,6.4,108,0,145.0
2025-12-20T22:00,194.2,196.0,1795.0,87.8,74.7,40.0,218,122,4.0,,13.3,91,12.8,0.0,0.0,991.4,6.9,115,0,140.0
2025-12-20T23:00,190.5,192.3,1643.0,69.8,63.1,44.0,220,120,4.0,,12.5,95,12.0,0.0,0.0,991.5,6.6,116,0,140.0
2025-12-21T00:00,188.1,190.0,1578.0,57.0,54.6,45.0,223,119,4.0,,12.0,96,11.6,0.0,0.0,991.3,5.3,118,2,120.0
2025-12-21T01:00,188.6,190.5,1548.0,46.3,47.5,46.0,225,119,4.0,,11.7,96,11.3,0.0,0.0,991.2,4.8,121,1,105.0
2025-12-21T02:00,189.1,191.4,1532.0,38.0,42.1,46.0,228,120,4.0,,11.3,97,10.9,0.0,0.0,990.8,4.5,119,0,95.0
2025-12-21T03:00,190.0,191.9,1525.0,31.7,38.4,46.0,231,120,4.0,,11.0,97,10.5,0.0,0.0,990.6,4.5,119,3,90.0
2025-12-21T04:00,190.9,193.2,1533.0,27.8,36.4,45.0,234,120,4.0,,10.7,98,10.1,0.0,0.0,990.2,4.8,127,3,90.0
2025-12-21T05:00,190.9,193.2,1554.0,28.5,37.8,46.0,236,120,5.0,,10.8,99,10.2,0.0,0.0,990.7,5.1,138,3,90.0
2025-12-21T06:00,200.2,203.0,1606.0,36.3,42.0,37.0,239,124,5.0,,11.0,98,10.3,0.0,0.0,991.2,5.7,131,3,110.0
2025-12-21T07:00,217.0,219.8,1672.0,46.9,47.8,27.0,241,131,4.0,,11.1,98,10.5,0.0,0.0,992.1,6.0,143,3,110.0
2025-12-21T08:00,219.8,222.1,1698.0,52.7,53.1,34.0,242,132,4.0,,11.5,98,11.0,0.0,0.0,992.9,5.5,148,3,100.0
2025-12-21T09:00,218.4,220.7,1658.0,49.5,56.4,73.0,242,131,5.0,,12.9,91,12.6,0.0,0.0,994.0,5.5,139,3,155.0
2025-12-21T10:00,204.9,207.2,1579.0,41.5,59.1,130.0,244,126,5.0,,15.1,81,14.9,0.0,0.0,994.4,5.1,122,3,245.0
2025-12-21T11:00,180.7,183.9,1487.0,34.7,62.9,178.0,247,116,6.0,,16.2,75,16.2,0.0,0.0,994.0,4.0,111,3,305.0
2025-12-21T12:00,160.7,163.4,1360.0,28.7,69.3,211.0,250,131,6.0,,18.1,67,18.1,0.0,0.0,993.5,3.8,93,3,390.0
2025-12-21T13:00,149.0,152.3,1219.0,23.7,76.9,235.0,252,155,5.0,,19.4,61,19.4,0.0,0.0,992.7,3.4,93,3,480.0
2025-12-21T14:00,143.9,146.7,1160.0,26.6,83.1,241.0,255,161,5.0,,20.2,57,20.1,0.0,0.0,992.2,3.4,90,3,550.0
2025-12-21T15:00,143.0,145.8,1212.0,43.4,87.0,219.0,258,139,5.0,,20.4,56,20.2,0.0,0.0,991.6,3.6,84,2,565.0
2025-12-21T16:00,151.8,154.1,1345.0,68.1,89.6,179.0,261,105,4.0,,19.8,59,19.7,0.0,0.0,991.1,4.0,90,0,475.0
2025-12-21T17:00,211.9,214.7,1564.0,96.6,88.0,118.0,263,129,6.0,,16.6,78,17.0,0.0,0.0,991.4,3.2,128,0,250.0
2025-12-21T18:00,244.9,248.7,1944.0,102.6,90.2,94.0,265,142,6.0,,16.0,80,16.3,0.0,0.0,992.1,3.3,135,1,140.0
2025-12-21T19:00,266.4,269.2,2410.0,110.7,93.1,61.0,266,151,5.0,,15.3,84,15.7,0.0,0.0,992.6,3.1,135,1,85.0
2025-12-21T20:00,272.9,275.7,2741.0,115.1,93.6,36.0,268,153,5.0,,14.8,87,15.1,0.0,0.0,993.0,3.3,135,0,70.0
2025-12-21T21:00,271.9,274.7,2838.0,113.1,90.3,26.0,271,153,5.0,,14.4,88,14.8,0.0,0.0,993.4,2.3,135,2,65.0
2025-12-21T22:00,267.3,270.1,2799.0,107.4,84.6,24.0,274,151,5.0,,13.8,91,13.9,0.0,0.0,993.4,3.7,133,0,80.0
2025-12-21T23:00,258.0,260.8,2697.0,99.9,78.3,24.0,277,147,5.0,,13.3,93,13.3,0.0,0.0,993.4,4.5,133,2,90.0
2025-12-22T00:00,241.2,244.0,2530.0,89.7,70.9,26.0,280,140,5.0,,12.6,95,12.6,0.0,0.0,993.0,4.1,146,2,80.0
2025-12-22T01:00,230.0,232.4,2301.0,77.6,62.9,31.0,282,136,4.0,,12.2,96,12.1,0.0,0.0,992.7,3.9,158,3,70.0
2025-12-22T02:00,223.1,225.4,2089.0,68.3,57.5,34.0,283,133,4.0,,11.7,98,11.5,0.0,0.0,992.5,4.0,172,1,50.0
2025-12-22T03:00,224.0,226.3,1912.0,63.3,56.0,32.0,285,134,4.0,,11.4,100,11.3,0.0,0.0,992.3,3.5,165,3,45.0
2025-12-22T04:00,230.5,233.3,1752.0,60.9,57.1,28.0,286,136,5.0,,11.4,100,11.3,0.0,0.0,992.1,2.9,150,3,55.0
2025-12-22T05:00,197.9,200.7,1642.0,33.4,47.7,50.0,288,123,5.0,,11.8,99,11.5,0.0,0.0,992.5,5.2,146,3,100.0
2025-12-22T06:00,207.2,209.5,1614.0,42.1,51.6,40.0,288,127,5.0,,11.9,100,11.8,0.0,0.0,993.0,4.2,137,3,90.0
2025-12-22T07:00,223.1,225.8,1635.0,53.6,57.1,28.0,289,133,4.0,,11.9,99,11.9,0.0,0.0,993.4,3.6,131,3,75.0
2025-12-22T08:00,224.4,226.8,1637.0,59.3,62.4,36.0,289,134,4.0,,12.1,98,12.1,0.0,0.0,993.9,3.9,152,3,75.0
2025-12-22T09:00,215.1,217.9,1582.0,53.6,67.2,83.0,289,130,5.0,,13.0,94,13.0,0.0,0.0,994.8,4.7,164,3,90.0
2025-12-22T10:00,192.8,196.5,1507.0,41.9,71.8,150.0,289,121,6.0,,15.1,83,15.3,0.0,0.0,995.2,3.1,167,1,290.0
2025-12-22T11:00,177.0,180.7,1457.0,32.0,75.3,204.0,288,124,7.0,,16.1,79,16.7,0.0,0.0,994.7,0.6,124,1,335.0
2025-12-22T12:00,165.3,169.5,1442.0,24.3,76.9,237.0,288,157,7.0,,18.3,71,19.0,0.0,0.0,993.7,1.6,27,1,365.0
2025-12-22T13:00,155.5,159.7,1452.0,18.4,77.4,256.0,288,176,7.0,,19.9,63,20.3,0.0,0.0,992.7,2.7,4,0,405.0
2025-12-22T14:00,146.2,150.4,1502.0,20.6,78.2,258.0,289,178,7.0,,21.0,57,21.1,0.0,0.0,991.7,3.5,348,0,460.0
2025-12-22T15:00,143.0,146.7,1595.0,36.9,79.2,233.0,289,153,7.0,,21.3,55,21.4,0.0,0.0,991.0,3.0,346,0,480.0
2025-12-22T16:00,150.4,153.7,1728.0,61.3,80.5,189.0,289,109,6.0,,20.8,60,21.4,0.0,0.0,990.5,2.0,355,0,455.0
2025-12-22T17:00,189.5,192.8,1902.0,97.8,105.7,165.0,289,120,6.0,,19.1,68,19.8,0.0,0.0,990.0,1.3,236,0,40.0
2025-12-22T18:00,226.3,229.6,2170.0,113.1,116.5,131.0,288,135,6.0,,17.9,73,18.5,0.0,0.0,990.3,2.7,250,0,55.0
2025-12-22T19:00,264.5,267.3,2478.0,133.9,131.5,84.0,287,150,6.0,,17.1,77,17.6,0.0,0.0,990.4,3.1,283,0,75.0
2025-12-22T20:00,293.4,296.2,2670.0,146.7,142.4,49.0,287,161,6.0,,16.4,80,16.7,0.0,0.0,990.7,4.3,318,0,105.0
2025-12-22T21:00,312.9,315.7,2656.0,145.8,147.9,35.0,288,169,6.0,,15.9,82,16.3,0.0,0.0,991.1,3.5,336,0,95.0
2025-12-22T22:00,324.1,326.9,2525.0,136.9,149.4,33.0,289,174,5.0,,15.4,84,15.9,0.0,0.0,990.9,2.5,330,0,75.0
2025-12-22T23:00,312.0,314.8,2384.0,124.4,143.2,34.0,292,169,5.0,,14.6,89,15.0,0.0,0.0,990.9,3.2,297,0,55.0
2025-12-23T00:00,272.9,275.7,2254.0,107.8,123.9,39.0,294,153,5.0,,13.5,94,13.7,0.0,0.0,990.7,3.4,273,0,30.0
2025-12-23T01:00,236.6,239.3,2114.0,87.6,96.8,49.0,295,139,5.0,,12.9,96,13.0,0.0,0.0,990.3,4.3,253,1,35.0
2025-12-23T02:00,209.1,211.9,2004.0,69.1,74.1,56.0,296,128,5.0,,12.7,97,12.7,0.0,0.0,990.1,4.3,255,2,35.0
2025-12-23T03:00,187.7,190.9,1938.0,53.0,60.3,59.0,295,119,5.0,,12.4,98,12.2,0.0,0.0,989.8,5.7,261,2,45.0
2025-12-23T04:00,171.8,174.6,1902.0,38.5,50.8,59.0,294,113,5.0,,12.4,98,12.0,0.0,0.0,989.6,7.2,267,3,65.0
2025-12-23T05:00,162.5,166.2,1893.0,27.0,41.9,56.0,291,109,6.0,,11.7,98,10.9,0.0,0.0,989.8,8.7,266,3,85.0
2025-12-23T06:00,162.5,165.8,1947.0,31.3,42.4,50.0,290,109,6.0,,11.6,98,10.7,0.0,0.0,990.1,8.2,280,3,100.0
2025-12-23T07:00,162.5,165.8,2029.0,37.0,43.0,42.0,288,109,5.0,,11.7,97,10.8,0.0,0.0,990.7,8.3,276,3,110.0
2025-12-23T08:00,155.1,157.9,2029.0,39.0,42.3,47.0,285,106,5.0,,12.6,96,11.9,0.0,0.0,991.5,9.1,285,3,125.0
2025-12-23T09:00,148.5,150.9,1888.0,33.9,39.2,75.0,282,103,6.0,,14.1,93,14.0,0.0,0.0,992.3,7.1,289,3,160.0
2025-12-23T10:00,130.9,134.1,1666.0,25.2,34.7,116.0,280,96,7.0,,16.8,79,16.7,0.0,0.0,992.6,6.8,282,0,215.0
2025-12-23T11:00,108.5,112.7,1436.0,18.0,31.3,147.0,277,87,7.0,,19.0,69,18.9,0.0,0.0,992.2,7.4,284,0,285.0
2025-12-23T12:00,90.3,94.1,1193.0,13.5,29.8,161.0,274,81,7.0,,21.0,61,20.9,0.0,0.0,991.6,7.6,289,0,365.0
2025-12-23T13:00,80.6,84.1,942.0,10.5,29.3,167.0,271,87,6.0,,22.4,57,22.2,0.0,0.0,990.7,8.4,295,0,520.0
2025-12-23T14:00,73.3,76.4,776.0,11.1,29.1,163.0,268,83,5.0,,23.1,53,22.6,0.0,0.0,990.0,9.5,299,0,635.0
2025-12-23T15:00,69.2,71.9,755.0,18.2,29.0,146.0,265,73,5.0,,22.9,54,22.4,0.0,0.0,989.7,9.9,302,0,675.0
2025-12-23T16:00,70.8,73.1,819.0,28.8,29.2,121.0,262,70,4.0,,22.0,59,21.8,0.0,0.0,989.2,9.3,302,0,655.0
2025-12-23T17:00,89.2,90.8,879.0,37.9,31.8,103.0,258,80,3.0,,20.5,65,20.5,0.0,0.0,989.2,7.8,292,0,555.0
2025-12-23T18:00,92.9,94.5,910.0,35.7,32.4,99.0,254,81,3.0,,19.4,71,19.4,0.0,0.0,989.6,8.2,289,0,435.0
2025-12-23T19:00,95.5,97.1,937.0,32.5,33.2,94.0,249,82,3.0,,18.3,76,18.3,0.0,0.0,990.1,8.9,289,0,350.0
2025-12-23T20:00,97.1,98.7,948.0,29.1,33.7,90.0,242,83,3.0,,17.4,78,17.1,0.0,0.0,990.3,9.2,291,0,330.0
2025-12-23T21:00,97.6,99.2,943.0,25.7,34.0,90.0,234,83,3.0,,16.6,80,16.2,0.0,0.0,990.4,9.3,288,0,300.0
2025-12-23T22:00,96.6,98.5,922.0,22.2,34.0,92.0,225,83,3.0,,15.9,82,15.3,0.0,0.0,990.3,9.9,289,0,295.0
2025-12-23T23:00,92.4,94.3,878.0,19.0,33.4,92.0,215,81,3.0,,15.2,84,14.4,0.0,0.0,990.2,10.4,290,0,285.0
2025-12-24T00:00,85.7,87.8,790.0,16.2,31.6,89.0,206,78,4.0,,14.5,87,13.7,0.0,0.0,990.0,10.2,296,0,295.0
2025-12-24T01:00,78.9,81.3,679.0,13.8,29.2,84.0,199,74,4.0,,14.1,88,13.3,0.0,0.0,989.8,9.8,293,0,280.0
2025-12-24T02:00,72.6,75.2,600.0,12.3,27.0,79.0,194,71,5.0,,13.7,89,12.9,0.0,0.0,989.7,9.8,290,0,285.0
2025-12-24T03:00,66.8,69.4,567.0,11.6,25.3,74.0,190,68,5.0,,13.4,90,12.5,0.0,0.0,989.5,9.6,287,0,260.0
2025-12-24T04:00,62.2,64.5,566.0,11.8,23.9,68.0,186,66,5.0,,12.9,90,12.0,0.0,0.0,989.3,9.2,281,0,230.0
2025-12-24T05:00,57.0,58.6,617.0,12.8,22.5,64.0,183,64,3.0,,12.5,91,11.4,0.0,0.0,989.5,9.6,276,0,235.0
2025-12-24T06:00,56.6,57.9,772.0,16.7,23.4,57.0,180,63,2.0,,11.9,90,10.6,0.0,0.0,989.7,9.6,275,0,225.0
2025-12-24T07:00,58.9,60.1,979.0,22.0,24.7,48.0,177,64,2.0,,11.6,90,10.2,0.0,0.0,990.5,9.6,274,0,205.0
2025-12-24T08:00,59.6,60.3,1094.0,24.7,25.7,48.0,174,65,1.0,,12.6,84,11.2,0.0,0.0,991.3,9.7,268,0,230.0
2025-12-24T09:00,58.3,59.0,1040.0,22.6,26.5,64.0,171,64,1.0,,14.6,75,13.3,0.0,0.0,992.2,8.6,268,0,300.0
2025-12-24T10:00,52.6,53.4,895.0,18.0,27.0,87.0,168,61,1.0,,16.7,67,15.5,0.0,0.0,992.4,8.8,272,0,435.0
2025-12-24T11:00,46.4,47.6,753.0,14.0,26.9,107.0,166,58,2.0,,18.9,60,17.6,0.0,0.0,992.1,10.4,279,0,890.0
2025-12-24T12:00,34.7,37.3,627.0,10.6,25.6,119.0,164,59,4.0,,20.4,45,18.3,0.0,0.0,991.4,12.1,290,0,1005.0
2025-12-24T13:00,25.5,29.6,503.0,7.7,23.6,127.0,162,64,6.0,,21.0,41,18.6,0.0,0.0,990.6,11.8,291,0,1095.0
2025-12-24T14:00,24.3,28.3,437.0,8.1,22.4,128.0,161,64,7.0,,21.1,40,18.7,0.0,0.0,990.0,11.6,294,0,1130.0
2025-12-24T15:00,24.0,27.5,455.0,14.0,22.4,118.0,159,58,6.0,,20.8,42,18.3,0.0,0.0,989.9,11.7,297,0,1125.0
2025-12-24T16:00,26.0,28.7,530.0,23.1,23.2,101.0,158,46,5.0,,20.0,44,17.7,0.0,0.0,989.8,10.9,301,0,1100.0
2025-12-24T17:00,36.4,39.5,642.0,35.4,26.2,80.0,157,52,6.0,,18.6,50,17.0,0.0,0.0,989.7,7.2,297,0,615.0
2025-12-24T18:00,48.9,51.5,821.0,43.2,30.9,67.0,155,59,6.0,,17.5,57,16.4,0.0,0.0,990.0,5.5,293,0,315.0
2025-12-24T19:00,60.5,63.1,1036.0,54.0,37.3,50.0,154,65,5.0,,16.3,64,15.5,0.0,0.0,990.2,4.6,281,0,140.0
2025-12-24T20:00,73.3,76.1,1172.0,61.6,42.3,36.0,153,72,5.0,,15.5,67,14.6,0.0,0.0,990.7,4.9,268,0,95.0
2025-12-24T21:00,85.7,88.7,1167.0,63.5,45.0,29.0,152,78,5.0,,14.7,68,13.6,0.0,0.0,990.9,5.4,268,0,85.0
2025-12-24T22:00,94.3,97.8,1083.0,62.3,46.3,25.0,152,82,5.0,,14.1,69,12.8,0.0,0.0,990.8,5.8,263,0,80.0
2025-12-24T23:00,94.3,98.0,996.0,59.8,45.4,23.0,151,82,5.0,,13.0,74,11.8,0.0,0.0,990.9,5.4,256,0,70.0
2025-12-25T00:00,90.6,94.1,923.0,56.1,41.2,22.0,152,80,5.0,,12.3,75,11.0,0.0,0.0,990.4,5.4,264,0,65.0
2025-12-25T01:00,85.4,88.7,847.0,51.2,34.8,23.0,152,78,4.0,,11.9,75,10.4,0.0,0.0,990.4,6.0,261,0,80.0
2025-12-25T02:00,80.3,83.4,796.0,46.3,29.5,24.0,152,75,4.0,,11.3,76,9.7,0.0,0.0,990.1,6.5,262,0,85.0
2025-12-25T03:00,76.4,79.2,762.0,41.3,26.0,25.0,152,73,4.0,,10.8,77,9.0,0.0,0.0,989.9,6.6,261,0,80.0
2025-12-25T04:00,72.9,75.7,753.0,36.4,23.4,26.0,152,71,4.0,,10.2,78,8.3,0.0,0.0,989.6,6.9,261,0,85.0
2025-12-25T05:00,71.0,73.6,818.0,38.4,25.5,27.0,153,71,4.0,,9.8,82,7.8,0.0,0.0,990.1,7.8,265,0,85.0
2025-12-25T06:00,71.2,73.6,1045.0,39.2,27.8,24.0,153,71,3.0,,9.4,82,7.5,0.0,0.0,990.6,7.1,263,0,85.0
2025-12-25T07:00,75.9,78.7,1345.0,40.0,30.9,22.0,154,73,3.0,,9.3,81,7.2,0.0,0.0,991.5,7.5,262,0,85.0
2025-12-25T08:00,79.2,81.7,1503.0,39.1,33.2,29.0,154,75,2.0,,10.7,74,8.5,0.0,0.0,992.7,8.0,262,0,100.0
2025-12-25T09:00,76.1,78.7,1390.0,34.9,33.6,55.0,155,73,2.0,,13.1,64,11.6,0.0,0.0,993.5,4.5,270,0,125.0
2025-12-25T10:00,73.1,75.2,1135.0,28.9,33.1,92.0,155,72,3.0,,15.9,53,14.4,0.0,0.0,993.7,4.0,291,0,195.0
2025-12-25T11:00,68.0,69.8,910.0,23.5,33.4,122.0,156,69,3.0,,18.5,46,16.9,0.0,0.0,993.4,5.2,295,0,395.0
2025-12-25T12:00,59.5,61.7,753.0,17.7,35.5,144.0,156,72,3.0,,19.9,43,18.3,0.0,0.0,992.8,5.8,290,0,670.0
2025-12-25T13:00,50.4,52.6,626.0,12.3,38.3,159.0,157,80,4.0,,20.7,40,18.8,0.0,0.0,991.9,6.7,286,0,1010.0
2025-12-25T14:00,44.0,46.0,590.0,12.8,40.7,162.0,158,82,4.0,,21.0,38,19.0,0.0,0.0,991.2,6.7,289,0,1105.0
2025-12-25T15:00,40.4,42.4,682.0,22.9,41.3,145.0,158,73,3.0,,20.8,39,18.9,0.0,0.0,991.1,6.5,289,0,1105.0
2025-12-25T16:00,43.5,44.9,864.0,38.8,41.4,115.0,159,56,3.0,,19.9,45,18.5,0.0,0.0,990.8,4.7,293,0,915.0
2025-12-25T17:00,94.8,98.3,1084.0,59.4,45.2,81.0,160,82,6.0,,17.9,54,16.8,0.0,0.0,990.8,4.4,277,0,155.0
2025-12-25T18:00,126.2,129.0,1365.0,70.8,53.1,61.0,161,94,5.0,,17.1,57,16.0,0.0,0.0,991.3,4.7,274,3,115.0
2025-12-25T19:00,146.2,148.5,1683.0,86.3,64.0,34.0,164,102,5.0,,16.0,65,15.2,0.0,0.0,991.7,4.1,270,3,65.0
2025-12-25T20:00,159.7,162.1,1918.0,96.8,73.3,14.0,166,108,4.0,,15.2,69,14.5,0.0,0.0,992.3,3.8,262,3,40.0
2025-12-25T21:00,167.2,169.0,2000.0,97.7,79.5,7.0,169,111,4.0,,14.6,73,14.1,0.0,0.0,992.5,3.0,256,3,35.0
2025-12-25T22:00,177.4,179.3,1999.0,93.6,84.1,7.0,171,115,3.0,,14.1,75,13.7,0.0,0.0,992.4,2.2,265,3,35.0
2025-12-25T23:00,186.3,189.5,1996.0,89.5,86.0,7.0,174,119,3.0,,13.2,79,12.8,0.0,0.0,992.3,2.1,255,3,25.0
2025-12-26T00:00,189.5,193.2,2023.0,87.1,84.4,5.0,176,120,3.0,,12.9,79,12.4,0.0,0.0,991.9,1.5,256,3,20.0
2025-12-26T01:00,189.5,194.2,2049.0,84.7,80.2,3.0,179,120,2.0,,12.6,79,12.2,0.0,0.0,991.7,1.3,278,3,20.0
2025-12-26T02:00,186.3,191.4,2062.0,81.5,75.1,2.0,182,119,2.0,,11.9,82,11.2,0.0,0.0,991.4,2.3,302,3,30.0
2025-12-26T03:00,180.7,185.8,2000.0,76.8,68.1,3.0,185,116,2.0,,11.3,83,10.5,0.0,0.0,991.2,2.8,288,3,35.0
2025-12-26T04:00,173.2,177.9,1925.0,71.3,60.3,4.0,189,113,2.0,,10.7,85,9.6,0.0,0.0,991.2,4.3,275,3,45.0
2025-12-26T05:00,144.4,146.2,2008.0,65.2,50.2,12.0,192,102,1.0,,10.4,87,9.3,0.0,0.0,991.5,4.7,266,3,60.0
2025-12-26T06:00,133.6,134.6,2480.0,64.7,53.9,12.0,194,97,1.0,,10.1,87,8.9,0.0,0.0,991.7,4.3,265,3,55.0
2025-12-26T07:00,138.8,139.7,3109.0,63.8,58.8,13.0,196,100,1.0,,9.9,86,8.8,0.0,0.0,992.2,3.4,264,3,40.0
2025-12-26T08:00,146.7,148.5,3373.0,60.6,61.0,24.0,198,103,1.0,,11.3,79,10.2,0.0,0.0,992.8,3.3,261,3,35.0
2025-12-26T09:00,134.6,135.5,2927.0,53.8,57.9,53.0,200,98,1.0,,13.7,68,12.8,0.0,0.0,993.8,2.3,288,3,95.0
2025-12-26T10:00,116.9,117.3,2116.0,44.9,52.1,91.0,202,91,1.0,,16.3,58,15.3,0.0,0.0,994.1,3.0,295,3,200.0
2025-12-26T11:00,87.3,87.8,1447.0,36.3,48.1,123.0,204,79,1.0,,18.3,52,17.0,0.0,0.0,993.5,5.9,290,3,510.0
2025-12-26T12:00,67.1,67.8,1102.0,26.5,48.0,146.0,204,73,1.0,,19.8,43,17.9,0.0,0.0,992.9,7.5,294,0,775.0
2025-12-26T13:00,56.6,57.5,899.0,17.2,49.7,164.0,205,84,2.0,,20.7,39,18.7,0.0,0.0,992.2,7.6,298,0,920.0
2025-12-26T14:00,51.3,52.2,801.0,15.6,51.2,167.0,205,87,2.0,,21.1,38,18.9,0.0,0.0,991.7,8.4,305,1,1035.0
2025-12-26T15:00,49.0,49.8,801.0,27.5,51.2,148.0,205,74,2.0,,20.8,40,18.7,0.0,0.0,991.3,8.4,317,2,1045.0
2025-12-26T16:00,55.5,56.1,905.0,47.2,51.1,115.0,206,63,1.0,,20.0,44,18.1,0.0,0.0,991.0,8.2,322,3,970.0
2025-12-26T17:00,112.2,113.4,1101.0,62.6,48.6,77.0,206,89,2.0,,18.6,51,17.3,0.0,0.0,990.8,6.0,307,3,415.0
2025-12-26T18:00,133.6,134.6,1455.0,69.1,52.9,63.0,207,97,2.0,,17.7,59,17.0,0.0,0.0,991.4,3.9,313,3,290.0
2025-12-26T19:00,149.9,150.9,1899.0,77.8,58.7,43.0,207,104,2.0,,16.7,65,16.1,0.0,0.0,991.7,4.2,335,2,195.0
2025-12-26T20:00,156.5,157.4,2220.0,81.8,61.5,29.0,207,107,2.0,,16.0,69,15.4,0.0,0.0,992.1,4.6,342,0,155.0
2025-12-26T21:00,155.1,156.0,2317.0,77.8,58.9,26.0,207,106,2.0,,15.2,73,14.6,0.0,0.0,992.0,4.6,342,0,135.0
2025-12-26T22:00,152.7,153.7,2291.0,69.1,53.3,29.0,207,105,1.0,,14.5,77,13.9,0.0,0.0,991.8,4.5,337,3,115.0
2025-12-26T23:00,147.1,148.1,2225.0,59.6,47.7,33.0,206,103,1.0,,13.9,81,13.4,0.0,0.0,991.8,4.8,340,3,130.0
2025-12-27T00:00,137.8,138.8,2126.0,49.4,42.5,38.0,204,99,1.0,,12.8,85,12.1,0.0,0.0,991.3,5.1,333,1,90.0
2025-12-27T01:00,129.9,130.4,1988.0,38.4,37.3,45.0,202,96,1.0,,12.2,87,11.6,0.0,0.0,991.1,4.4,322,3,70.0
2025-12-27T02:00,122.5,122.9,1877.0,29.7,33.3,50.0,200,93,1.0,,11.8,89,11.1,0.0,0.0,990.7,4.9,327,3,75.0
2025-12-27T03:00,115.9,116.6,1791.0,24.0,30.7,52.0,198,90,1.0,,11.2,92,10.4,0.0,0.0,990.6,5.1,312,0,75.0
2025-12-27T04:00,110.8,111.5,1732.0,20.5,29.4,53.0,196,88,1.0,,10.6,95,9.8,0.0,0.0,990.3,5.1,297,3,65.0
2025-12-27T05:00,112.0,112.7,1773.0,18.6,30.0,56.0,194,89,1.0,,10.1,98,9.3,0.0,0.0,990.8,5.4,278,2,60.0
2025-12-27T06:00,115.9,116.6,2038.0,26.0,33.8,47.0,193,90,1.0,,9.8,98,8.8,0.0,0.0,991.1,5.4,272,3,60.0
2025-12-27T07:00,125.7,126.2,2403.0,35.8,39.0,36.0,192,94,1.0,,9.7,98,8.8,0.0,0.0,991.8,5.2,268,3,65.0
2025-12-27T08:00,130.4,130.9,2564.0,40.9,42.9,39.0,192,96,1.0,,10.7,94,9.8,0.0,0.0,992.8,5.6,268,3,85.0
2025-12-27T09:00,129.0,129.5,2331.0,36.7,44.1,67.0,191,96,1.0,,12.5,86,11.9,0.0,0.0,993.8,4.4,279,3,120.0
2025-12-27T10:00,119.2,120.1,1893.0,27.6,44.1,109.0,191,92,2.0,,15.1,73,14.5,0.0,0.0,994.2,4.4,291,3,195.0
2025-12-27T11:00,109.0,110.1,1516.0,20.0,43.9,143.0,191,88,2.0,,17.3,65,16.8,0.0,0.0,993.7,5.2,299,3,440.0
2025-12-27T12:00,94.3,95.5,1285.0,14.5,43.9,162.0,192,82,2.0,,19.1,56,18.2,0.0,0.0,993.1,6.1,293,3,590.0
2025-12-27T13:00,80.3,81.5,1115.0,10.5,43.7,173.0,193,93,2.0,,20.0,52,19.1,0.0,0.0,992.1,6.4,295,3,695.0
2025-12-27T14:00,71.7,72.9,1017.0,12.0,44.0,172.0,194,92,2.0,,20.5,51,19.5,0.0,0.0,991.5,6.8,299,3,775.0
2025-12-27T15:00,69.2,70.1,992.0,22.8,44.6,153.0,194,77,2.0,,20.5,50,19.3,0.0,0.0,991.2,7.6,298,1,805.0
2025-12-27T16:00,73.1,73.8,1038.0,39.2,45.6,123.0,195,72,1.0,,19.8,54,18.7,0.0,0.0,991.0,7.5,312,3,760.0
2025-12-27T17:00,146.7,149.0,1164.0,80.1,59.5,85.0,195,103,3.0,,18.2,66,18.1,0.0,0.0,990.7,4.0,297,3,255.0
2025-12-27T18:00,180.7,182.5,1434.0,92.2,75.0,67.0,196,116,3.0,,17.6,67,17.4,0.0,0.0,991.3,4.1,285,3,155.0
2025-12-27T19:00,216.5,218.4,1784.0,108.9,96.8,42.0,198,131,3.0,,16.9,71,16.8,0.0,0.0,991.8,3.9,286,2,105.0
2025-12-27T20:00,251.5,253.3,2025.0,122.1,116.2,22.0,200,145,3.0,,16.3,75,16.4,0.0,0.0,992.4,3.0,308,0,75.0
2025-12-27T21:00,281.3,283.1,2072.0,129.2,132.3,11.0,204,157,3.0,,15.5,77,15.5,0.0,0.0,992.2,2.7,340,0,65.0
2025-12-27T22:00,305.5,307.3,2010.0,132.7,146.1,4.0,209,166,3.0,,14.9,79,15.1,0.0,0.0,992.2,1.4,270,0,25.0
2025-12-27T23:00,318.5,320.4,1913.0,132.4,151.9,0.0,215,171,3.0,,13.8,85,13.9,0.0,0.0,991.9,2.4,257,2,30.0
2025-12-28T00:00,318.5,320.4,1777.0,127.6,146.3,0.0,222,171,3.0,,12.9,88,12.6,0.0,0.0,991.5,3.8,262,1,35.0
2025-12-28T01:00,310.1,312.0,1605.0,118.8,132.6,0.0,230,168,3.0,,12.1,91,11.6,0.0,0.0,991.3,4.5,268,0,45.0
2025-12-28T02:00,294.3,296.2,1477.0,107.5,115.9,1.0,237,162,3.0,,11.5,92,10.9,0.0,0.0,991.5,4.7,277,0,55.0
2025-12-28T03:00,275.7,276.6,1395.0,91.8,94.3,6.0,245,154,3.0,,10.9,94,10.2,0.0,0.0,991.5,4.7,286,0,65.0
2025-12-28T04:00,255.2,257.0,1356.0,73.5,69.6,14.0,251,146,2.0,,10.1,95,9.3,0.0,0.0,991.0,4.2,282,0,50.0
2025-12-28T05:00,217.0,217.9,1435.0,51.3,42.5,24.0,257,131,2.0,,9.6,97,8.7,0.0,0.0,991.3,4.5,272,0,40.0
2025-12-28T06:00,217.0,217.9,1770.0,51.3,44.0,18.0,262,131,2.0,,9.6,97,8.7,0.0,0.0,992.1,4.3,268,1,40.0
2025-12-28T07:00,224.0,224.4,2222.0,51.1,46.1,11.0,266,134,1.0,,9.4,99,8.4,0.0,0.0,992.6,4.7,261,2,50.0
2025-12-28T08:00,220.7,221.2,2451.0,49.0,47.8,20.0,270,132,1.0,,10.1,96,9.2,0.0,0.0,993.5,4.9,260,3,60.0
2025-12-28T09:00,205.4,206.3,2252.0,43.6,49.0,59.0,274,126,1.0,,11.9,89,11.4,0.0,0.0,994.0,4.2,260,3,85.0
2025-12-28T10:00,179.3,179.7,1828.0,36.2,49.8,114.0,277,116,2.0,,15.2,74,14.8,0.0,0.0,994.8,3.8,267,2,150.0
2025-12-28T11:00,145.3,146.2,1455.0,29.3,50.1,157.0,279,102,2.0,,17.7,64,17.0,0.0,0.0,994.3,5.6,274,1,405.0
2025-12-28T12:00,111.8,112.7,1203.0,21.6,49.7,179.0,281,99,2.0,,19.1,56,18.4,0.0,0.0,993.8,6.3,283,0,535.0
2025-12-28T13:00,88.7,89.9,1001.0,14.4,48.8,189.0,282,109,2.0,,20.1,52,19.2,0.0,0.0,992.8,6.2,292,0,630.0
2025-12-28T14:00,76.6,77.8,905.0,13.5,48.0,186.0,282,106,2.0,,20.5,50,19.5,0.0,0.0,992.1,5.9,297,0,705.0
2025-12-28T15:00,71.9,73.1,945.0,23.7,47.1,163.0,282,83,2.0,,20.4,50,19.6,0.0,0.0,991.8,5.0,300,0,720.0
2025-12-28T16:00,74.5,75.4,1092.0,40.4,46.3,128.0,282,72,1.0,,19.8,55,19.1,0.0,0.0,991.8,5.6,301,0,680.0
2025-12-28T17:00,164.4,166.2,1313.0,72.2,57.0,104.0,282,110,4.0,,18.0,64,17.7,0.0,0.0,991.6,4.5,293,1,215.0
2025-12-28T18:00,182.5,184.4,1633.0,80.6,62.2,82.0,283,117,4.0,,17.0,71,17.0,0.0,0.0,992.0,3.7,317,1,135.0
2025-12-28T19:00,200.7,202.1,2028.0,92.0,69.7,52.0,283,124,3.0,,16.7,73,16.9,0.0,0.0,992.5,2.3,328,3,60.0
2025-12-28T20:00,218.9,220.3,2393.0,99.7,76.6,28.0,282,132,3.0,,15.8,76,15.9,0.0,0.0,992.8,2.9,30,3,80.0
2025-12-28T21:00,237.0,238.4,2729.0,101.0,83.9,17.0,281,139,3.0,,14.9,81,15.0,0.0,0.0,992.9,3.1,59,3,80.0
2025-12-28T22:00,253.3,254.3,3034.0,98.5,90.8,12.0,279,145,2.0,,14.1,85,14.3,0.0,0.0,992.6,2.3,86,0,60.0
2025-12-28T23:00,259.8,260.8,3199.0,93.4,91.8,11.0,277,148,2.0,,13.3,89,13.6,0.0,0.0,992.3,1.2,117,2,30.0
2025-12-29T00:00,249.6,250.5,3157.0,84.9,82.3,13.0,275,144,2.0,,13.0,89,13.4,0.0,0.0,992.3,0.3,135,1,15.0
2025-12-29T01:00,229.1,230.0,2975.0,73.7,67.0,19.0,272,136,1.0,,12.7,91,13.0,0.0,0.0,991.8,0.2,180,0,40.0
2025-12-29T02:00,206.8,207.7,2746.0,63.1,54.2,26.0,268,127,1.0,,11.4,98,11.7,0.0,0.0,991.6,0.4,207,0,10.0
2025-12-29T03:00,185.3,185.8,2449.0,53.0,46.7,33.0,265,118,1.0,,11.1,99,11.0,0.0,0.0,991.3,1.9,236,3,35.0
2025-12-29T04:00,168.1,169.0,2106.0,43.5,41.7,41.0,261,111,1.0,,11.0,99,10.7,0.0,0.0,991.1,3.4,245,3,55.0
2025-12-29T05:00,222.1,223.1,1870.0,62.6,54.7,28.0,257,133,1.0,,10.6,98,10.1,0.0,0.0,991.5,3.9,254,3,65.0
2025-12-29T06:00,207.7,208.2,1846.0,61.5,55.6,27.0,258,127,1.0,,10.6,97,10.1,0.0,0.0,992.0,3.8,267,3,75.0
2025-12-29T07:00,199.3,199.8,1930.0,59.8,56.8,26.0,257,124,1.0,,10.7,95,10.2,0.0,0.0,992.5,3.1,267,3,90.0
2025-12-29T08:00,187.2,187.2,1962.0,56.8,57.4,37.0,256,119,1.0,,10.9,95,10.5,0.0,0.0,993.3,3.2,254,3,90.0
2025-12-29T09:00,177.4,177.9,1883.0,52.1,56.8,69.0,255,115,1.0,,11.6,96,11.4,0.0,0.0,994.1,3.4,245,3,60.0
2025-12-29T10:00,171.4,171.8,1752.0,46.0,55.5,112.0,254,113,1.0,,13.4,86,13.4,0.0,0.0,994.4,2.4,253,2,145.0
2025-12-29T11:00,155.1,155.5,1586.0,39.3,54.4,149.0,253,106,1.0,,15.3,77,15.1,0.0,0.0,994.2,4.1,283,1,270.0
2025-12-29T12:00,127.6,128.5,1336.0,29.4,53.7,177.0,254,97,2.0,,17.5,65,17.0,0.0,0.0,993.4,4.9,294,1,390.0
2025-12-29T13:00,105.2,106.6,1052.0,18.9,53.2,198.0,254,118,2.0,,18.9,53,17.9,0.0,0.0,992.4,5.5,297,0,495.0
2025-12-29T14:00,94.8,96.2,894.0,15.9,53.0,203.0,255,123,3.0,,19.8,46,18.4,0.0,0.0,991.8,5.6,303,0,560.0
2025-12-29T15:00,89.6,91.0,933.0,26.1,52.6,181.0,256,101,3.0,,19.9,44,18.4,0.0,0.0,991.2,5.6,303,0,590.0
2025-12-29T16:00,92.2,93.4,1100.0,43.9,52.5,142.0,256,81,2.0,,19.2,49,17.9,0.0,0.0,991.2,5.6,301,0,550.0
2025-12-29T17:00,172.8,175.1,1346.0,69.2,59.7,111.0,257,113,4.0,,16.8,66,16.3,0.0,0.0,991.0,4.0,288,0,220.0
2025-12-29T18:00,199.3,201.2,1709.0,78.1,65.5,89.0,258,124,4.0,,15.7,73,15.3,0.0,0.0,991.3,3.8,289,0,90.0
2025-12-29T19:00,218.9,221.2,2152.0,90.1,73.5,59.0,258,132,3.0,,15.0,78,14.8,0.0,0.0,991.9,3.6,288,0,55.0
2025-12-29T20:00,224.9,226.8,2515.0,96.7,78.3,37.0,259,134,3.0,,14.4,81,14.2,0.0,0.0,992.3,3.4,286,0,40.0
2025-12-29T21:00,224.0,225.4,2750.0,93.3,77.8,31.0,259,134,3.0,,13.7,84,13.6,0.0,0.0,992.2,2.5,262,0,30.0
2025-12-29T22:00,221.2,222.1,2904.0,84.5,74.2,32.0,259,132,2.0,,12.9,87,12.8,0.0,0.0,992.0,2.1,255,3,20.0
2025-12-29T23:00,215.1,216.1,2962.0,75.8,69.2,34.0,257,130,2.0,,12.0,92,11.8,0.0,0.0,991.9,3.2,254,3,25.0
2025-12-30T00:00,205.4,206.3,2894.0,68.8,62.3,34.0,256,126,2.0,,11.2,96,10.9,0.0,0.0,991.2,3.2,243,3,20.0
2025-12-30T01:00,197.4,198.4,2729.0,61.9,54.0,34.0,254,123,1.0,,10.7,98,10.4,0.0,0.0,991.1,2.9,281,2,25.0
2025-12-30T02:00,192.3,192.8,2541.0,55.2,47.3,35.0,252,121,1.0,,10.6,97,10.2,0.0,0.0,990.6,2.6,282,3,45.0
2025-12-30T03:00,186.3,186.7,2313.0,47.7,42.8,37.0,252,119,1.0,,10.4,99,9.9,0.0,0.0,990.3,3.3,276,3,55.0
2025-12-30T04:00,178.8,179.3,2061.0,40.4,40.0,40.0,252,116,1.0,,9.8,99,9.0,0.0,0.0,989.8,5.0,283,3,60.0
2025-12-30T05:00,169.5,170.4,1911.0,28.3,38.4,52.0,252,112,2.0,,9.8,99,9.1,0.0,0.0,990.0,4.4,289,3,60.0
2025-12-30T06:00,169.5,170.4,1971.0,36.3,44.1,44.0,250,112,2.0,,9.7,99,9.0,0.0,0.0,990.1,4.2,280,3,65.0
2025-12-30T07:00,182.1,183.0,2132.0,46.9,51.9,34.0,248,117,2.0,,9.7,99,8.9,0.0,0.0,990.7,4.4,279,3,70.0
2025-12-30T08:00,193.7,194.2,2190.0,51.7,57.4,39.0,248,121,2.0,,10.0,98,9.2,0.0,0.0,991.1,4.1,270,3,80.0
2025-12-30T09:00,176.5,177.4,2043.0,45.2,58.4,74.0,248,115,3.0,,10.9,97,10.3,0.0,0.0,991.8,4.7,270,3,90.0
2025-12-30T10:00,152.3,153.7,1794.0,32.8,57.1,125.0,248,105,3.0,,13.8,80,13.4,0.0,0.0,992.1,3.6,270,0,155.0
2025-12-30T11:00,120.6,122.9,1541.0,22.7,55.1,163.0,247,92,4.0,,16.7,67,16.0,0.0,0.0,991.1,5.0,270,2,300.0
2025-12-30T12:00,96.4,99.0,1275.0,16.8,52.7,180.0,246,100,4.0,,18.6,56,17.6,0.0,0.0,989.9,6.0,275,0,425.0
2025-12-30T13:00,85.7,88.2,1007.0,13.1,49.6,185.0,244,105,4.0,,19.9,47,18.5,0.0,0.0,988.8,6.5,275,0,510.0
2025-12-30T14:00,80.3,82.4,866.0,14.0,46.9,180.0,244,100,4.0,,20.4,46,18.9,0.0,0.0,987.8,7.2,270,0,555.0
2025-12-30T15:00,76.6,78.2,929.0,22.0,44.4,160.0,243,80,3.0,,20.4,45,18.8,0.0,0.0,987.3,7.6,266,0,550.0
2025-12-30T16:00,78.7,80.1,1120.0,34.5,42.3,129.0,242,74,3.0,,19.6,52,18.4,0.0,0.0,987.3,7.4,271,0,515.0
2025-12-30T17:00,107.6,109.7,1337.0,45.9,42.9,100.0,242,87,4.0,,17.9,62,17.3,0.0,0.0,987.1,5.0,285,0,305.0
2025-12-30T18:00,121.1,122.9,1574.0,53.8,45.4,82.0,239,92,3.0,,16.7,69,16.3,0.0,0.0,987.6,4.8,295,0,180.0
2025-12-30T19:00,134.1,135.5,1839.0,64.5,49.0,58.0,236,98,3.0,,15.9,72,15.5,0.0,0.0,988.1,4.8,299,0,110.0
2025-12-30T20:00,145.8,147.1,2049.0,71.6,52.5,40.0,232,102,2.0,,15.3,74,14.8,0.0,0.0,988.5,4.8,307,0,75.0
2025-12-30T21:00,155.1,156.5,2159.0,71.5,56.0,34.0,229,106,2.0,,14.8,76,14.4,0.0,0.0,988.5,3.5,325,0,55.0
2025-12-30T22:00,166.2,167.6,2215.0,67.8,59.4,34.0,226,110,2.0,,14.2,78,13.8,0.0,0.0,988.3,3.1,353,0,55.0
2025-12-30T23:00,176.0,177.4,2275.0,64.4,61.7,34.0,224,114,2.0,,13.4,80,13.1,0.0,0.0,988.4,2.4,347,0,50.0
2025-12-31T00:00,183.5,184.9,2352.0,62.9,62.0,31.0,222,117,2.0,,12.8,80,12.5,0.0,0.0,988.0,0.8,27,0,30.0
2025-12-31T01:00,192.3,193.7,2432.0,61.7,61.2,27.0,221,121,2.0,,12.2,82,11.8,0.0,0.0,987.9,1.2,117,0,35.0
2025-12-31T02:00,200.7,201.6,2537.0,60.8,61.3,24.0,221,124,2.0,,11.2,86,10.5,0.0,0.0,987.5,2.3,122,0,35.0
2025-12-31T03:00,206.8,208.2,2712.0,59.7,62.9,23.0,222,127,2.0,,10.3,90,9.5,0.0,0.0,987.4,2.4,144,2,30.0
2025-12-31T04:00,211.9,213.3,2911.0,58.8,65.4,23.0,222,129,3.0,,9.4,95,8.5,0.0,0.0,986.8,3.6,135,0,30.0
2025-12-31T05:00,242.1,244.0,3014.0,71.9,71.5,10.0,224,141,3.0,,9.1,99,8.1,0.0,0.0,987.0,4.7,118,1,35.0
2025-12-31T06:00,238.4,240.3,2972.0,71.4,72.4,9.0,227,139,3.0,,9.2,99,8.0,0.0,0.0,987.4,5.8,110,3,50.0
2025-12-31T07:00,242.1,244.0,2835.0,70.2,73.6,10.0,230,141,2.0,,9.2,98,8.0,0.0,0.0,987.9,6.3,127,3,60.0
2025-12-31T08:00,220.7,222.1,2630.0,66.5,74.0,24.0,232,132,2.0,,10.4,93,9.1,0.0,0.0,988.7,7.6,135,3,95.0
2025-12-31T09:00,197.0,197.9,2342.0,58.1,72.9,61.0,233,123,2.0,,11.6,91,10.8,0.0,0.0,989.3,6.0,136,3,125.0
2025-12-31T10:00,166.7,168.1,1987.0,47.0,71.0,110.0,234,111,3.0,,14.2,77,13.4,0.0,0.0,989.9,5.9,130,0,195.0
2025-12-31T11:00,139.7,141.6,1639.0,37.7,69.2,151.0,235,100,3.0,,16.2,71,15.4,0.0,0.0,989.4,7.5,138,1,365.0
2025-12-31T12:00,115.3,116.6,1282.0,29.8,67.7,180.0,236,100,3.0,,17.8,68,17.3,0.0,0.0,988.4,7.1,131,1,495.0
2025-12-31T13:00,100.1,101.0,932.0,23.7,66.2,201.0,236,121,2.0,,18.9,64,18.5,0.0,0.0,987.3,6.4,128,3,600.0
2025-12-31T14:00,93.1,94.1,712.0,24.2,65.1,205.0,237,125,2.0,,19.4,61,19.0,0.0,0.0,986.6,6.3,121,2,665.0
2025-12-31T15:00,90.3,91.0,707.0,36.5,64.6,184.0,237,104,2.0,,19.3,61,18.5,0.0,0.0,985.9,8.2,113,3,650.0
2025-12-31T16:00,95.0,95.7,831.0,55.4,64.5,147.0,238,82,1.0,,18.3,65,17.6,0.0,0.0,985.7,8.4,100,3,550.0
2025-12-31T17:00,142.5,143.4,951.0,64.3,60.5,115.0,239,101,2.0,,14.7,80,13.7,0.0,0.0,986.3,9.4,102,0,335.0
2025-12-31T18:00,165.3,166.2,1029.0,69.5,59.9,97.0,240,110,2.0,,13.4,86,12.0,0.0,0.0,987.0,11.2,102,0,290.0
2025-12-31T19:00,170.9,171.8,1101.0,76.2,58.8,74.0,242,112,2.0,,12.4,89,11.1,0.0,0.0,987.3,10.5,107,3,265.0
2025-12-31T20:00,169.0,170.0,1145.0,77.5,56.6,58.0,244,112,2.0,,12.1,90,10.8,0.0,0.0,987.9,9.6,106,0,250.0
2025-12-31T21:00,164.4,165.3,1143.0,68.6,52.6,59.0,245,110,2.0,,11.8,91,10.6,0.0,0.0,988.3,9.3,114,0,240.0
2025-12-31T22:00,160.2,160.7,1111.0,54.3,47.5,68.0,245,108,2.0,,11.6,93,10.3,0.0,0.0,988.4,9.3,115,0,245.0
2025-12-31T23:00,155.5,156.5,1077.0,41.7,42.8,76.0,245,106,2.0,,11.4,96,10.3,0.0,0.0,988.1,9.5,127,1,245.0
2026-01-01T00:00,149.5,149.9,1043.0,33.1,38.7,80.0,244,104,2.0,,11.1,97,10.1,0.0,0.0,987.8,8.3,120,1,200.0
2026-01-01T01:00,144.4,145.3,1006.0,26.3,34.9,82.0,242,102,1.0,,10.9,97,9.8,0.0,0.0,988.0,7.8,122,1,195.0
2026-01-01T02:00,140.6,141.1,985.0,21.2,32.0,83.0,240,100,1.0,,10.6,97,9.6,0.0,0.0,988.1,7.1,120,3,185.0
2026-01-01T03:00,137.4,137.8,984.0,17.4,29.9,82.0,238,99,1.0,,10.5,98,9.7,0.0,0.0,988.2,6.0,115,3,175.0
2026-01-01T04:00,134.6,135.5,998.0,15.3,28.8,79.0,235,98,1.0,,10.5,98,9.6,0.0,0.0,987.9,6.3,114,3,165.0
2026-01-01T05:00,144.4,144.8,1037.0,21.6,31.4,63.0,232,102,1.0,,10.7,99,9.8,0.0,0.0,988.6,7.2,118,3,175.0
2026-01-01T06:00,142.0,142.5,1125.0,28.1,33.8,55.0,228,101,1.0,,10.9,98,9.8,1.1,1.1,988.8,8.7,130,55,215.0
2026-01-01T07:00,145.3,145.8,1236.0,36.8,37.3,46.0,224,102,1.0,,11.0,98,9.8,0.5,0.5,989.3,9.8,126,53,220.0
2026-01-01T08:00,150.9,151.3,1305.0,42.1,40.7,48.0,220,104,1.0,,11.5,96,10.4,0.0,0.0,989.8,9.6,146,3,225.0
2026-01-01T09:00,150.4,151.3,1298.0,40.6,43.7,70.0,217,104,1.0,,12.2,94,11.6,0.0,0.0,991.0,6.9,141,3,165.0
2026-01-01T10:00,144.8,145.8,1247.0,35.6,46.7,104.0,215,102,2.0,,13.2,91,12.6,0.0,0.0,991.7,7.2,148,3,225.0
2026-01-01T11:00,131.3,132.2,1186.0,31.0,49.9,134.0,214,97,2.0,,14.0,88,13.6,0.0,0.0,991.5,7.3,155,3,280.0
2026-01-01T12:00,116.9,118.0,1093.0,25.9,53.5,159.0,214,91,2.0,,15.5,82,15.5,0.0,0.0,990.9,4.7,182,3,385.0
2026-01-01T13:00,106.9,108.0,990.0,21.1,57.4,181.0,214,101,3.0,,16.6,78,16.9,0.0,0.0,990.4,3.9,227,3,525.0
2026-01-01T14:00,104.1,105.5,970.0,23.1,61.0,187.0,214,107,3.0,,16.9,77,17.3,0.0,0.0,989.9,3.3,261,3,570.0
2026-01-01T15:00,101.0,102.9,1085.0,36.7,62.6,169.0,214,89,3.0,,16.9,77,17.4,0.0,0.0,989.8,3.1,306,3,580.0
2026-01-01T16:00,104.3,105.9,1283.0,57.2,64.0,136.0,215,86,3.0,,16.8,78,17.2,0.0,0.0,989.4,3.5,332,3,540.0
2026-01-01T17:00,161.1,165.8,1502.0,75.5,64.4,85.0,215,108,8.0,,15.5,81,15.6,0.0,0.0,989.5,3.4,354,3,520.0
2026-01-01T18:00,195.6,200.2,1720.0,82.8,72.5,69.0,216,122,8.0,,15.0,85,15.1,0.0,0.0,989.9,3.8,357,3,505.0
2026-01-01T19:00,219.3,223.5,1959.0,92.8,83.8,46.0,217,132,7.0,,14.4,88,14.9,0.0,0.0,990.4,1.8,11,3,185.0
2026-01-01T20:00,241.2,244.9,2220.0,99.8,94.1,28.0,219,140,7.0,,14.2,88,14.6,0.0,0.0,991.0,1.5,330,3,130.0
2026-01-01T21:00,260.8,265.4,2570.0,101.9,104.4,18.0,222,148,7.0,,14.1,89,14.4,0.0,0.0,991.5,2.7,8,2,160.0
2026-01-01T22:00,280.3,284.1,2942.0,100.9,113.6,11.0,226,156,7.0,,13.3,91,13.2,0.0,0.0,991.3,4.1,29,0,140.0
2026-01-01T23:00,288.7,292.4,3135.0,96.7,114.0,9.0,231,159,7.0,,13.2,93,13.1,0.0,0.0,991.6,5.0,300,3,185.0
2026-01-02T00:00,266.4,271.0,3010.0,87.6,98.7,13.0,237,151,7.0,,13.3,94,13.1,0.0,0.0,991.6,6.1,302,3,315.0
2026-01-02T01:00,229.1,233.3,2705.0,75.3,74.6,20.0,242,136,7.0,,13.4,92,13.0,0.0,0.0,991.3,6.9,309,3,500.0
2026-01-02T02:00,197.0,201.2,2439.0,64.4,54.9,26.0,245,123,7.0,,13.2,92,12.7,0.0,0.0,991.3,7.4,315,3,495.0
2026-01-02T03:00,169.0,173.2,2328.0,56.6,44.8,27.0,248,112,7.0,,13.1,92,12.4,0.0,0.0,991.4,9.0,322,3,515.0
2026-01-02T04:00,150.9,155.5,2255.0,50.2,39.1,27.0,249,104,8.0,,13.0,92,12.2,0.0,0.0,991.0,8.7,328,3,515.0
2026-01-02T05:00,106.9,116.6,2087.0,18.1,21.4,40.0,250,87,17.0,,12.4,93,11.4,0.0,0.0,991.2,9.7,325,3,475.0
2026-01-02T06:00,100.8,111.8,1711.0,19.8,22.4,39.0,248,84,19.0,,12.8,90,11.8,0.0,0.0,991.8,9.2,313,3,505.0
2026-01-02T07:00,102.0,114.1,1239.0,21.9,23.9,39.0,246,85,22.0,,12.7,89,11.7,0.0,0.0,992.5,8.1,299,3,500.0
2026-01-02T08:00,97.8,111.5,877.0,22.6,25.2,44.0,244,83,24.0,,13.1,85,12.0,0.0,0.0,993.3,9.0,296,2,500.0
2026-01-02T09:00,90.6,103.8,723.0,20.3,26.4,58.0,242,80,24.0,,14.1,78,12.8,0.0,0.0,994.3,9.7,304,1,525.0
2026-01-02T10:00,78.5,91.5,679.0,16.4,27.5,78.0,240,74,23.0,,15.4,70,14.1,0.0,0.0,994.8,8.5,302,1,710.0
2026-01-02T11:00,73.1,85.2,655.0,13.4,28.2,94.0,237,72,22.0,,15.9,67,14.5,0.0,0.0,994.8,8.9,298,1,800.0
2026-01-02T12:00,72.2,83.4,620.0,11.4,28.0,105.0,235,71,21.0,,16.8,60,15.2,0.0,0.0,994.1,9.2,301,1,910.0
2026-01-02T13:00,70.3,81.5,606.0,10.2,27.4,113.0,233,70,21.0,,17.3,56,15.4,0.0,0.0,993.6,10.2,302,1,995.0
2026-01-02T14:00,69.4,80.6,619.0,11.6,26.9,114.0,231,70,20.0,,17.5,55,15.7,0.0,0.0,993.0,9.2,310,1,955.0
2026-01-02T15:00,67.8,79.4,656.0,16.9,26.4,104.0,230,69,19.0,,17.4,55,15.7,0.0,0.0,992.6,8.3,309,0,940.0
2026-01-02T16:00,67.5,78.9,721.0,24.9,26.2,88.0,228,69,18.0,,16.9,58,15.4,0.0,0.0,992.2,7.6,301,0,930.0
2026-01-02T17:00,66.6,75.9,828.0,35.8,27.1,61.0,227,68,17.0,,15.0,67,13.5,0.0,0.0,992.5,8.7,302,1,815.0
2026-01-02T18:00,79.9,88.5,1019.0,40.3,28.6,51.0,223,75,16.0,,13.8,75,12.8,0.0,0.0,992.8,5.5,311,0,415.0
2026-01-02T19:00,85.9,94.3,1252.0,46.4,30.7,38.0,218,78,16.0,,13.1,80,12.3,0.0,0.0,993.5,4.6,312,0,285.0
2026-01-02T20:00,91.0,99.4,1416.0,50.3,32.2,27.0,213,80,15.0,,12.3,84,11.7,0.0,0.0,993.8,3.6,307,0,135.0
2026-01-02T21:00,95.9,104.3,1454.0,50.2,32.7,23.0,206,82,15.0,,12.0,84,11.5,0.0,0.0,993.8,2.2,265,0,45.0
2026-01-02T22:00,100.8,109.2,1423.0,47.8,32.5,21.0,200,84,15.0,,11.1,88,10.3,0.0,0.0,993.8,3.9,254,1,45.0
2026-01-02T23:00,105.0,113.2,1382.0,44.8,31.4,21.0,194,86,15.0,,11.2,90,10.6,0.0,0.0,993.8,3.0,287,3,55.0
2026-01-03T00:00,105.7,113.9,1346.0,41.3,28.6,21.0,189,86,15.0,,11.8,89,11.4,0.0,0.0,993.3,2.7,312,3,95.0
2026-01-03T01:00,105.9,113.9,1301.0,37.1,24.8,21.0,184,86,14.0,,12.0,88,11.6,0.0,0.0,993.3,3.1,306,3,110.0
2026-01-03T02:00,105.0,112.7,1260.0,33.1,21.8,22.0,180,86,14.0,,11.9,90,11.5,0.0,0.0,993.3,3.2,322,3,140.0
2026-01-03T03:00,103.8,111.3,1216.0,28.9,19.9,24.0,178,86,14.0,,11.8,90,11.4,0.0,0.0,992.9,3.3,338,3,260.0
2026-01-03T04:00,103.1,110.6,1176.0,24.9,18.8,26.0,176,85,13.0,,11.6,88,11.2,0.0,0.0,992.2,2.3,309,3,200.0
2026-01-03T05:00,104.8,112.0,1179.0,23.4,19.8,29.0,174,86,13.0,,10.7,94,10.0,0.0,0.0,992.4,4.9,270,3,110.0
2026-01-03T06:00,104.1,111.3,1288.0,26.5,23.4,29.0,174,86,13.0,,11.1,92,10.3,0.0,0.0,992.7,5.1,266,3,150.0
2026-01-03T07:00,110.1,117.3,1440.0,30.6,28.4,30.0,174,88,13.0,,11.3,91,10.6,0.0,0.0,993.3,4.0,260,3,175.0
2026-01-03T08:00,113.2,120.6,1478.0,31.8,32.1,36.0,174,89,13.0,,11.8,88,11.3,0.0,0.0,994.0,3.6,279,3,225.0
2026-01-03T09:00,97.1,105.7,1291.0,27.3,33.4,52.0,175,83,14.0,,13.0,83,12.4,0.0,0.0,994.9,4.4,300,3,685.0
2026-01-03T10:00,83.6,92.9,992.0,20.0,33.4,73.0,175,77,16.0,,13.9,75,12.8,0.0,0.0,995.5,6.6,311,3,665.0
2026-01-03T11:00,68.9,78.9,759.0,14.3,33.1,91.0,175,69,18.0,,14.8,70,13.7,0.0,0.0,995.3,6.6,307,3,825.0
2026-01-03T12:00,68.0,78.2,667.0,10.9,32.2,103.0,175,69,19.0,,15.7,65,14.7,0.0,0.0,994.5,5.5,297,3,1015.0
2026-01-03T13:00,66.4,77.3,642.0,9.2,31.0,112.0,175,68,20.0,,16.6,59,15.4,0.0,0.0,993.8,5.2,286,1,1130.0
2026-01-03T14:00,66.1,77.1,644.0,12.1,30.7,112.0,175,68,20.0,,17.0,55,15.6,0.0,0.0,993.2,5.3,282,1,1235.0
2026-01-03T15:00,65.2,76.4,652.0,22.6,31.2,99.0,175,68,19.0,,17.1,54,15.6,0.0,0.0,992.9,5.4,284,1,1255.0
2026-01-03T16:00,66.8,77.1,686.0,37.7,32.6,78.0,175,68,17.0,,16.6,55,15.1,0.0,0.0,992.9,5.5,289,1,1240.0
2026-01-03T17:00,92.0,101.3,770.0,49.6,37.0,54.0,175,81,17.0,,14.3,70,13.4,0.0,0.0,993.0,3.6,319,0,325.0
2026-01-03T18:00,120.6,129.5,930.0,61.3,47.2,39.0,175,92,16.0,,13.3,73,12.3,0.0,0.0,993.4,3.8,319,0,170.0
2026-01-03T19:00,147.6,156.0,1139.0,77.3,61.5,18.0,177,103,16.0,,12.6,76,11.7,0.0,0.0,993.8,3.2,333,0,100.0
2026-01-03T20:00,170.4,178.8,1338.0,88.4,72.9,3.0,179,112,15.0,,12.3,77,11.5,0.0,0.0,994.4,1.8,349,0,55.0
2026-01-03T21:00,186.3,194.2,1526.0,90.1,80.1,0.0,181,119,15.0,,12.3,76,11.6,0.0,0.0,994.8,1.1,351,0,35.0
2026-01-03T22:00,198.4,206.3,1704.0,86.9,84.5,0.0,184,123,15.0,,12.2,75,11.6,0.0,0.0,994.6,0.7,360,0,30.0
2026-01-03T23:00,200.2,207.7,1810.0,82.4,83.5,0.0,186,124,14.0,,11.3,81,10.6,0.0,0.0,994.2,1.5,21,0,30.0
2026-01-04T00:00,190.0,197.4,1796.0,77.8,73.9,2.0,189,120,13.0,,10.7,83,9.9,0.0,0.0,993.8,1.8,336,0,35.0
2026-01-04T01:00,177.0,183.9,1710.0,71.9,58.9,4.0,192,115,11.0,,9.9,87,9.0,0.0,0.0,993.6,2.1,290,0,30.0
2026-01-04T02:00,162.5,168.6,1638.0,65.4,46.0,8.0,194,109,10.0,,9.1,91,8.0,0.0,0.0,993.5,3.2,273,0,30.0
2026-01-04T03:00,147.6,152.7,1602.0,57.4,37.3,13.0,196,103,9.0,,8.5,93,7.3,0.0,0.0,993.3,4.0,280,0,30.0
2026-01-04T04:00,136.0,140.2,1581.0,48.8,30.7,20.0,197,98,8.0,,8.7,94,7.4,0.0,0.0,993.1,4.4,279,1,40.0
2026-01-04T05:00,132.2,136.0,1594.0,43.8,29.0,25.0,198,97,7.0,,8.7,96,7.5,0.0,0.0,993.0,4.8,245,1,45.0
2026-01-04T06:00,127.1,130.9,1704.0,44.8,30.7,23.0,199,95,6.0,,9.1,96,7.8,0.0,0.0,993.6,6.3,275,3,80.0
2026-01-04T07:00,129.0,132.2,1848.0,45.7,33.1,23.0,199,96,5.0,,9.3,94,8.0,0.0,0.0,994.5,6.3,267,3,95.0
2026-01-04T08:00,132.2,134.6,1857.0,43.9,35.0,31.0,200,97,4.0,,10.4,90,9.3,0.0,0.0,995.5,5.2,276,3,130.0
2026-01-04T09:00,127.1,129.9,1607.0,36.7,36.0,58.0,201,95,4.0,,11.9,83,10.9,0.0,0.0,996.5,5.0,270,1,200.0
2026-01-04T10:00,114.3,117.8,1222.0,26.8,36.5,94.0,202,90,5.0,,13.7,75,12.7,0.0,0.0,996.9,5.2,290,1,375.0
2026-01-04T11:00,91.7,95.2,909.0,18.8,36.5,121.0,203,81,6.0,,15.1,68,13.5,0.0,0.0,996.7,9.2,303,1,910.0
2026-01-04T12:00,65.7,70.1,739.0,13.6,35.6,134.0,204,68,7.0,,16.1,61,14.6,0.0,0.0,995.9,7.4,315,2,1175.0
2026-01-04T13:00,61.2,66.4,639.0,10.4,34.2,139.0,204,70,8.0,,16.5,58,14.9,0.0,0.0,995.1,7.3,312,1,1230.0
2026-01-04T14:00,60.1,65.4,602.0,11.9,33.2,135.0,204,68,9.0,,16.9,56,15.3,0.0,0.0,994.6,6.9,311,1,1280.0
2026-01-04T15:00,59.0,64.3,614.0,21.0,32.8,120.0,204,65,9.0,,17.1,55,15.6,0.0,0.0,994.0,5.9,305,1,1230.0
2026-01-04T16:00,60.5,65.4,689.0,34.9,32.9,97.0,203,65,8.0,,16.5,56,15.0,0.0,0.0,993.8,5.9,293,0,1095.0
2026-01-04T17:00,95.2,101.0,853.0,64.9,40.5,55.0,203,82,11.0,,14.8,68,13.9,0.0,0.0,993.8,3.8,301,0,455.0
2026-01-04T18:00,110.1,115.0,1187.0,67.9,43.5,46.0,203,88,10.0,,13.6,74,12.6,0.0,0.0,994.2,4.7,317,0,150.0
2026-01-04T19:00,120.1,124.3,1611.0,71.7,47.6,33.0,203,92,8.0,,12.8,79,11.9,0.0,0.0,995.0,4.2,329,3,95.0
2026-01-04T20:00,127.1,130.9,1912.0,73.2,50.0,23.0,202,95,7.0,,12.7,80,11.9,0.0,0.0,995.8,3.6,340,3,80.0
2026-01-04T21:00,130.9,135.0,1990.0,70.7,49.5,20.0,200,96,6.0,,12.8,81,12.1,0.0,0.0,996.5,4.2,335,2,150.0
2026-01-04T22:00,135.0,138.8,1946.0,65.7,47.4,20.0,198,98,6.0,,12.3,85,11.6,0.0,0.0,996.5,4.3,332,1,175.0
2026-01-04T23:00,132.7,136.0,1864.0,59.7,43.9,21.0,196,97,6.0,,11.4,89,10.6,0.0,0.0,996.3,5.1,350,1,200.0
2026-01-05T00:00,123.9,127.1,1765.0,52.5,38.4,24.0,194,94,6.0,,11.1,88,9.9,0.0,0.0,995.9,6.2,350,0,210.0
2026-01-05T01:00,118.0,121.1,1628.0,44.2,31.7,29.0,192,91,5.0,,10.4,86,8.9,0.0,0.0,995.8,6.7,341,0,215.0
2026-01-05T02:00,114.6,117.3,1484.0,37.0,26.3,33.0,191,90,5.0,,10.0,85,8.5,0.0,0.0,995.5,6.1,341,0,170.0
2026-01-05T03:00,111.8,114.8,1284.0,30.8,23.1,36.0,189,89,5.0,,9.5,85,7.9,0.0,0.0,995.2,5.2,333,0,100.0
2026-01-05T04:00,109.0,112.0,1076.0,25.7,21.3,39.0,188,88,5.0,,9.2,85,7.6,0.0,0.0,995.1,5.2,316,0,85.0
2026-01-05T05:00,106.6,109.9,1032.0,22.6,22.1,46.0,187,87,6.0,,8.6,89,7.0,0.0,0.0,995.5,5.2,311,0,100.0
2026-01-05T06:00,106.4,109.4,1343.0,28.1,24.8,42.0,187,87,6.0,,8.6,90,7.2,0.0,0.0,995.8,4.6,318,0,95.0
2026-01-05T07:00,114.1,117.1,1817.0,35.4,28.5,37.0,186,90,5.0,,8.5,90,7.2,0.0,0.0,996.2,3.6,307,0,70.0
2026-01-05T08:00,121.5,124.3,2053.0,38.5,31.9,43.0,186,93,5.0,,10.1,87,8.7,0.0,0.0,997.0,5.6,287,0,80.0
2026-01-05T09:00,120.1,122.9,1798.0,33.4,34.3,70.0,185,92,5.0,,12.0,80,11.0,0.0,0.0,997.7,3.9,294,0,210.0
2026-01-05T10:00,109.4,113.2,1305.0,24.1,36.2,108.0,185,88,6.0,,13.8,71,12.7,0.0,0.0,998.2,4.5,310,0,560.0
2026-01-05T11:00,93.8,97.3,927.0,16.9,38.2,139.0,185,82,6.0,,14.6,68,13.4,0.0,0.0,998.2,6.0,297,0,705.0
2026-01-05T12:00,78.9,82.0,813.0,13.3,40.5,158.0,185,79,6.0,,15.8,64,14.7,0.0,0.0,997.2,5.4,304,0,755.0
2026-01-05T13:00,77.8,80.6,815.0,11.7,42.9,171.0,185,91,5.0,,16.6,61,15.8,0.0,0.0,996.1,4.6,312,0,750.0
2026-01-05T14:00,78.2,81.0,837.0,13.7,44.4,172.0,186,92,5.0,,17.2,60,16.2,0.0,0.0,995.6,5.6,295,0,785.0
2026-01-05T15:00,78.7,81.5,843.0,21.1,44.4,158.0,186,79,4.0,,17.2,61,16.1,0.0,0.0,995.1,6.2,300,0,785.0
2026-01-05T16:00,80.3,82.7,870.0,31.9,43.7,133.0,187,75,4.0,,16.6,64,15.3,0.0,0.0,994.9,8.6,290,3,810.0
2026-01-05T17:00,84.1,85.9,934.0,44.8,40.8,105.0,188,77,3.0,,15.0,74,14.3,0.0,0.0,994.7,5.8,296,1,365.0
2026-01-05T18:00,99.7,101.3,1073.0,49.8,41.4,90.0,187,84,3.0,,14.1,79,13.5,0.0,0.0,995.0,5.8,290,1,265.0
2026-01-05T19:00,103.8,105.2,1248.0,56.6,42.3,68.0,187,86,2.0,,13.2,84,12.6,0.0,0.0,995.4,4.9,298,3,165.0
2026-01-05T20:00,103.8,105.0,1360.0,60.5,42.5,52.0,186,86,2.0,,12.8,86,12.4,0.0,0.0,995.5,4.1,326,0,125.0
2026-01-05T21:00,103.8,105.0,1358.0,59.4,42.1,45.0,186,86,2.0,,12.2,88,11.5,0.0,0.0,995.5,4.8,335,0,165.0
2026-01-05T22:00,105.0,106.2,1292.0,55.4,41.1,43.0,185,86,2.0,,11.3,90,10.5,0.0,0.0,995.4,4.9,324,0,155.0
2026-01-05T23:00,107.3,108.3,1222.0,49.8,39.0,43.0,184,87,2.0,,11.0,91,10.1,0.0,0.0,995.2,5.2,335,0,135.0
2026-01-06T00:00,104.3,105.5,1156.0,41.7,34.7,46.0,183,86,2.0,,10.4,92,9.5,0.0,0.0,994.9,4.5,331,0,100.0
2026-01-06T01:00,100.1,101.3,1085.0,32.0,29.3,52.0,183,84,2.0,,9.9,93,8.9,0.0,0.0,994.8,5.1,312,0,90.0
2026-01-06T02:00,97.3,98.7,1037.0,24.2,25.3,57.0,182,83,2.0,,9.5,94,8.4,0.0,0.0,994.4,5.1,309,0,85.0
2026-01-06T03:00,96.4,98.0,1000.0,19.3,23.6,60.0,182,83,2.0,,9.0,95,7.9,0.0,0.0,994.3,4.5,304,0,70.0
2026-01-06T04:00,97.1,98.7,987.0,16.3,23.3,63.0,181,83,3.0,,8.5,98,7.3,0.0,0.0,994.2,4.7,286,2,50.0
2026-01-06T05:00,102.9,104.5,1064.0,19.5,25.2,57.0,181,85,3.0,,8.7,99,7.5,0.0,0.0,994.5,5.5,287,2,85.0
2026-01-06T06:00,105.7,107.3,1344.0,25.8,28.9,51.0,181,86,3.0,,8.6,99,7.5,0.0,0.0,995.0,4.0,297,3,80.0
2026-01-06T07:00,115.5,117.1,1715.0,34.3,34.0,44.0,181,90,3.0,,9.0,98,8.0,0.0,0.0,995.7,4.7,266,3,85.0
2026-01-06T08:00,124.3,125.7,1909.0,38.4,37.9,49.0,181,94,3.0,,9.9,96,8.8,0.0,0.0,996.6,6.7,278,3,105.0
2026-01-06T09:00,123.4,125.3,1766.0,34.2,39.4,78.0,181,93,4.0,,11.4,92,10.7,0.0,0.0,997.4,5.0,285,1,160.0
2026-01-06T10:00,118.3,120.6,1447.0,25.8,39.7,118.0,181,91,4.0,,13.4,84,12.8,0.0,0.0,997.9,6.0,279,0,280.0
2026-01-06T11:00,104.1,106.6,1166.0,18.8,39.5,150.0,181,86,5.0,,14.2,75,13.0,0.0,0.0,997.8,8.2,284,1,475.0
2026-01-06T12:00,84.8,87.5,986.0,14.1,38.8,166.0,182,86,6.0,,15.4,69,14.2,0.0,0.0,997.0,7.6,288,1,540.0
2026-01-06T13:00,72.2,75.7,845.0,10.9,37.6,173.0,182,93,7.0,,16.4,64,15.2,0.0,0.0,996.0,7.7,300,0,605.0
2026-01-06T14:00,67.1,71.0,771.0,12.3,36.9,169.0,182,89,7.0,,17.0,61,15.8,0.0,0.0,995.5,7.6,304,0,655.0
2026-01-06T15:00,66.1,70.3,788.0,21.9,37.3,150.0,181,75,7.0,,17.1,63,15.9,0.0,0.0,995.2,7.4,304,0,645.0
2026-01-06T16:00,68.9,72.9,873.0,36.1,38.3,120.0,181,69,6.0,,16.5,67,15.4,0.0,0.0,994.8,7.8,304,0,585.0
2026-01-06T17:00,108.3,112.9,984.0,47.5,37.8,91.0,180,87,8.0,,14.6,73,13.6,0.0,0.0,995.2,6.0,299,0,275.0
2026-01-06T18:00,121.1,124.8,1143.0,51.8,38.6,78.0,181,92,7.0,,13.2,79,12.3,0.0,0.0,995.4,5.7,302,0,175.0
2026-01-06T19:00,126.2,130.4,1329.0,57.6,39.7,59.0,182,94,7.0,,12.5,82,11.5,0.0,0.0,995.9,5.6,299,0,135.0
2026-01-06T20:00,127.6,131.3,1439.0,60.0,39.9,46.0,183,95,6.0,,11.7,86,10.7,0.0,0.0,996.4,5.3,308,0,125.0
2026-01-06T21:00,126.2,129.5,1411.0,56.5,38.7,42.0,183,94,6.0,,10.9,89,9.9,0.0,0.0,996.8,5.1,324,0,125.0
2026-01-06T22:00,125.7,129.0,1306.0,49.8,36.5,44.0,184,94,5.0,,10.3,92,9.2,0.0,0.0,996.9,5.2,329,0,125.0
2026-01-06T23:00,123.4,126.2,1205.0,42.8,33.8,46.0,184,93,5.0,,9.6,96,8.6,0.0,0.0,996.8,4.8,329,0,105.0
2026-01-07T00:00,118.3,121.1,1127.0,36.2,30.1,47.0,185,91,5.0,,9.7,96,8.7,0.0,0.0,996.3,5.0,314,0,105.0
2026-01-07T01:00,115.3,117.6,1052.0,29.3,25.8,49.0,185,90,4.0,,9.5,97,8.4,0.0,0.0,996.2,5.1,306,0,100.0
2026-01-07T02:00,112.9,115.0,1003.0,23.9,22.6,51.0,186,89,4.0,,9.0,97,7.9,0.0,0.0,996.0,5.0,300,0,95.0
2026-01-07T03:00,111.3,113.4,988.0,20.0,20.7,53.0,186,89,4.0,,7.9,99,6.5,0.0,0.0,995.8,5.0,289,0,85.0
2026-01-07T04:00,110.1,112.0,997.0,17.5,19.9,55.0,187,88,3.0,,7.9,100,6.6,0.0,0.0,995.6,4.9,278,3,80.0
2026-01-07T05:00,117.6,119.7,1030.0,21.8,23.1,49.0,187,91,4.0,,8.5,99,7.1,0.0,0.0,996.4,6.7,270,3,95.0
2026-01-07T06:00,118.3,120.6,1115.0,25.3,24.1,47.0,188,91,4.0,,8.7,99,7.6,0.0,0.0,996.7,5.2,282,3,110.0
2026-01-07T07:00,128.5,130.4,1222.0,29.8,25.6,45.0,188,95,4.0,,8.9,99,7.5,0.0,0.0,997.5,7.0,293,3,120.0
2026-01-07T08:00,125.3,127.6,1260.0,31.7,27.3,51.0,188,94,4.0,,9.5,98,8.1,0.0,0.0,997.9,8.2,302,3,190.0
2026-01-07T09:00,117.1,119.7,1164.0,28.4,29.3,73.0,188,91,5.0,,9.9,98,8.4,0.0,0.0,998.5,9.1,306,3,195.0
2026-01-07T10:00,106.2,109.0,998.0,22.5,31.5,104.0,188,86,5.0,,10.5,94,8.9,0.0,0.0,999.0,10.7,310,3,200.0
2026-01-07T11:00,94.1,97.3,865.0,17.7,33.6,130.0,188,82,6.0,,11.6,84,10.3,0.0,0.0,999.0,7.4,311,2,375.0
2026-01-07T12:00,87.1,90.8,788.0,14.4,35.7,147.0,188,79,7.0,,13.4,77,12.5,0.0,0.0,998.2,5.1,302,2,445.0
2026-01-07T13:00,84.3,88.2,744.0,12.1,37.8,159.0,188,80,7.0,,14.5,73,13.7,0.0,0.0,997.3,5.2,295,0,510.0
2026-01-07T14:00,82.4,86.4,763.0,13.8,39.5,161.0,188,81,7.0,,15.3,69,14.3,0.0,0.0,996.7,5.5,311,0,565.0
2026-01-07T15:00,82.2,85.9,888.0,22.0,40.5,146.0,188,76,7.0,,15.4,69,14.6,0.0,0.0,996.2,4.9,309,0,600.0
2026-01-07T16:00,83.6,87.1,1076.0,34.0,41.2,121.0,189,77,6.0,,15.0,71,14.3,0.0,0.0,996.0,4.7,293,0,635.0
2026-01-07T17:00,127.6,134.6,1232.0,45.8,43.2,91.0,189,95,12.0,,12.7,82,12.0,0.0,0.0,996.1,4.0,306,0,465.0
2026-01-07T18:00,137.8,143.9,1325.0,47.9,43.0,79.0,190,99,11.0,,11.9,84,10.9,0.0,0.0,996.3,5.6,320,0,220.0
2026-01-07T19:00,141.1,145.8,1386.0,50.7,42.7,63.0,190,100,9.0,,11.2,87,10.0,0.0,0.0,996.5,6.6,325,0,215.0
2026-01-07T20:00,144.4,148.5,1413.0,51.9,42.0,50.0,191,102,8.0,,10.5,90,9.2,0.0,0.0,996.9,6.3,325,0,200.0
2026-01-07T21:00,148.1,151.8,1398.0,50.8,41.1,44.0,191,103,7.0,,10.1,91,8.7,0.0,0.0,997.1,6.8,325,0,210.0
2026-01-07T22:00,152.7,156.5,1349.0,48.2,39.9,41.0,192,105,7.0,,9.9,91,8.4,0.0,0.0,996.9,7.4,321,0,205.0
2026-01-07T23:00,152.7,156.0,1291.0,44.2,37.5,41.0,193,105,6.0,,9.3,96,7.9,0.0,0.0,997.1,6.9,315,0,150.0
2026-01-08T00:00,146.2,149.0,1222.0,37.8,32.9,43.0,194,102,6.0,,8.4,98,7.0,0.0,0.0,996.6,6.0,309,1,150.0
2026-01-08T01:00,140.2,143.0,1144.0,29.9,27.2,48.0,194,100,5.0,,8.8,98,7.2,0.0,0.0,996.5,7.5,307,3,175.0
2026-01-08T02:00,135.5,138.3,1089.0,23.8,22.8,51.0,195,98,5.0,,8.9,98,7.3,0.0,0.0,996.7,8.1,309,3,255.0
2026-01-08T03:00,131.8,134.6,1072.0,20.1,20.3,52.0,196,97,5.0,,9.1,98,7.5,0.0,0.0,996.6,8.7,310,3,290.0
2026-01-08T04:00,130.4,133.2,1077.0,18.1,19.0,52.0,197,96,5.0,,8.8,99,7.2,0.0,0.0,996.5,7.8,304,3,285.0
2026-01-08T05:00,122.9,126.2,1094.0,13.1,18.3,70.0,197,93,6.0,,7.5,100,6.1,0.0,0.0,997.1,5.3,303,3,110.0
2026-01-08T06:00,113.9,118.0,1126.0,15.6,21.5,69.0,197,90,7.0,,7.7,98,6.3,0.0,0.0,997.5,4.6,312,3,140.0
2026-01-08T07:00,111.5,115.9,1169.0,18.9,26.2,68.0,197,89,7.0,,7.7,96,6.2,0.0,0.0,998.2,4.6,318,3,155.0
2026-01-08T08:00,112.0,116.4,1198.0,21.2,31.0,71.0,197,89,8.0,,7.8,95,6.4,0.0,0.0,999.0,4.1,319,3,145.0
2026-01-08T09:00,116.2,120.1,1200.0,21.3,36.1,80.0,196,90,9.0,,8.1,95,7.0,0.0,0.0,999.8,2.8,315,3,105.0
2026-01-08T10:00,111.8,116.2,1187.0,20.3,41.3,93.0,196,89,10.0,,9.0,92,7.8,0.0,0.0,1000.1,3.6,319,3,245.0
2026-01-08T11:00,92.4,97.8,1174.0,19.5,45.2,107.0,196,81,10.0,,10.2,82,9.0,0.0,0.0,999.9,3.3,331,2,355.0
2026-01-08T12:00,90.3,95.7,1141.0,17.6,46.7,124.0,196,80,10.0,,12.2,76,11.2,0.0,0.0,998.9,3.1,336,1,390.0
2026-01-08T13:00,85.7,90.8,1107.0,15.8,46.9,143.0,196,78,9.0,,13.4,73,12.4,0.0,0.0,997.7,4.1,331,1,405.0
2026-01-08T14:00,82.2,86.8,1140.0,18.9,47.4,148.0,196,76,8.0,,14.2,68,13.1,0.0,0.0,996.7,4.3,332,0,440.0
2026-01-08T15:00,77.5,82.0,1291.0,30.7,48.3,132.0,196,74,7.0,,14.4,67,13.5,0.0,0.0,995.8,3.3,338,0,445.0
2026-01-08T16:00,75.9,79.9,1510.0,47.3,49.5,103.0,196,73,7.0,,14.1,69,13.2,0.0,0.0,995.4,3.0,327,0,415.0
2026-01-08T17:00,112.9,117.6,1713.0,68.0,54.7,69.0,196,89,8.0,,13.3,73,12.6,0.0,0.0,995.0,2.1,290,0,75.0
2026-01-08T18:00,148.5,153.2,1859.0,77.0,64.0,53.0,196,103,8.0,,11.8,79,10.7,0.0,0.0,995.3,4.0,291,0,65.0
2026-01-08T19:00,173.7,178.3,1991.0,89.1,76.8,31.0,196,113,8.0,,10.8,85,9.7,0.0,0.0,995.8,4.8,307,0,85.0
2026-01-08T20:00,187.2,191.4,2149.0,96.4,85.5,14.0,197,119,8.0,,10.2,88,9.0,0.0,0.0,996.3,4.5,323,0,95.0
2026-01-08T21:00,198.4,203.0,2416.0,94.8,87.7,8.0,198,123,8.0,,9.6,90,8.4,0.0,0.0,996.6,4.1,347,0,100.0
2026-01-08T22:00,209.1,213.7,2709.0,88.3,86.0,7.0,200,128,8.0,,8.9,93,7.7,0.0,0.0,996.2,4.3,17,0,95.0
2026-01-08T23:00,213.7,218.4,2830.0,81.4,80.2,7.0,202,129,8.0,,8.6,97,7.6,0.0,0.0,996.2,3.9,24,0,75.0
2026-01-09T00:00,202.6,207.2,2640.0,75.3,68.2,7.0,204,125,8.0,,8.3,100,7.2,0.0,0.0,996.0,4.2,25,3,75.0
2026-01-09T01:00,191.4,195.6,2277.0,68.7,52.2,7.0,207,121,8.0,,8.4,100,7.3,0.0,0.0,996.2,4.1,29,3,75.0
2026-01-09T02:00,189.1,193.7,1951.0,62.3,38.8,9.0,209,120,8.0,,8.3,98,7.0,0.0,0.0,996.3,4.8,25,3,85.0
2026-01-09T03:00,184.9,189.1,1706.0,55.7,30.0,13.0,211,118,8.0,,7.9,96,6.4,0.0,0.0,996.1,5.3,33,3,90.0
2026-01-09T04:00,170.0,174.2,1498.0,49.1,23.9,18.0,213,112,8.0,,7.6,97,5.9,0.0,0.0,995.6,6.0,39,3,110.0
2026-01-09T05:00,147.1,150.9,1403.0,30.5,17.4,33.0,215,103,7.0,,7.5,97,6.1,0.0,0.0,995.7,3.9,34,3,75.0
2026-01-09T06:00,141.6,144.8,1513.0,32.9,20.2,30.0,216,101,6.0,,7.7,95,6.5,0.7,0.7,996.3,2.7,37,53,70.0
2026-01-09T07:00,146.2,149.0,1736.0,36.2,24.1,27.0,217,102,6.0,,7.8,95,6.8,0.0,0.0,996.9,1.8,336,3,30.0
2026-01-09T08:00,143.9,147.1,1876.0,38.3,27.6,32.0,219,102,5.0,,8.2,95,7.1,0.0,0.0,997.3,3.3,6,3,90.0
2026-01-09T09:00,148.1,150.4,1849.0,38.1,29.6,51.0,220,103,5.0,,9.3,96,8.5,0.0,0.0,997.9,2.9,90,3,80.0
2026-01-09T10:00,139.7,142.0,1739.0,36.6,31.1,77.0,221,100,4.0,,11.4,89,11.1,0.0,0.0,998.3,0.9,90,2,170.0
2026-01-09T11:00,107.3,109.7,1596.0,35.2,34.5,100.0,223,87,4.0,,13.4,78,12.9,0.0,0.0,998.2,2.1,160,1,260.0
2026-01-09T12:00,81.7,83.6,1352.0,32.4,41.6,117.0,223,76,4.0,,15.3,67,14.7,0.0,0.0,997.3,1.8,169,0,375.0
2026-01-09T13:00,69.8,71.2,1075.0,29.7,50.5,131.0,223,70,3.0,,16.5,59,16.1,0.0,0.0,996.3,0.2,90,0,470.0
2026-01-09T14:00,66.8,68.2,1027.0,32.4,57.3,132.0,222,68,3.0,,17.1,54,16.3,0.0,0.0,995.5,1.5,7,0,540.0
2026-01-09T15:00,66.6,68.0,1463.0,46.2,60.6,113.0,221,68,3.0,,17.3,52,16.3,0.0,0.0,995.0,2.0,360,0,595.0
2026-01-09T16:00,73.3,74.5,2128.0,65.4,61.7,83.0,221,72,2.0,,16.9,55,16.0,0.0,0.0,994.8,2.5,356,0,620.0
2026-01-09T17:00,116.2,119.2,2516.0,76.5,64.2,67.0,221,90,5.0,,15.0,65,14.1,0.0,0.0,994.3,3.4,342,0,80.0
2026-01-09T18:00,132.7,135.5,2325.0,75.8,62.0,55.0,221,97,5.0,,13.8,70,12.6,0.0,0.0,994.6,5.1,342,0,130.0
2026-01-09T19:00,138.8,141.1,1857.0,74.6,58.8,38.0,220,100,4.0,,12.9,78,11.8,0.0,0.0,995.0,5.4,345,0,135.0
2026-01-09T20:00,140.6,142.5,1510.0,71.7,55.3,26.0,219,100,4.0,,12.2,82,11.1,0.0,0.0,995.4,6.0,350,0,145.0
2026-01-09T21:00,140.6,143.0,1468.0,65.9,51.7,23.0,217,100,4.0,,11.2,87,10.1,0.0,0.0,995.3,5.1,350,0,140.0
2026-01-09T22:00,143.0,145.3,1548.0,58.5,47.8,23.0,215,101,4.0,,10.4,89,9.3,0.0,0.0,995.3,4.5,344,0,120.0
2026-01-09T23:00,144.4,146.7,1594.0,51.3,43.3,25.0,212,102,4.0,,10.0,91,8.9,0.0,0.0,995.0,4.4,330,0,105.0
2026-01-10T00:00,141.6,143.4,1538.0,44.9,37.5,26.0,209,101,4.0,,9.4,93,8.2,0.0,0.0,994.7,4.5,323,0,90.0
2026-01-10T01:00,137.8,139.7,1450.0,38.9,31.1,28.0,206,99,4.0,,8.8,95,7.6,0.0,0.0,994.3,4.8,323,0,85.0
2026-01-10T02:00,133.6,135.5,1382.0,33.9,26.2,29.0,204,97,4.0,,8.5,96,7.2,0.0,0.0,994.4,4.7,310,0,90.0
2026-01-10T03:00,129.9,131.8,1333.0,29.7,23.4,29.0,202,96,4.0,,8.2,97,6.8,0.0,0.0,994.1,5.0,311,0,95.0
2026-01-10T04:00,127.1,129.0,1305.0,26.6,22.1,29.0,200,95,3.0,,7.8,98,6.4,0.0,0.0,993.8,5.1,297,0,85.0
2026-01-10T05:00,115.5,117.3,1353.0,21.7,21.5,33.0,198,90,3.0,,7.2,98,5.7,0.0,0.0,993.6,4.7,298,0,70.0
2026-01-10T06:00,117.3,119.0,1562.0,26.3,24.9,26.0,197,91,3.0,,7.0,98,5.4,0.0,0.0,994.1,4.8,297,0,75.0
2026-01-10T07:00,127.1,129.0,1847.0,32.4,29.7,18.0,197,95,2.0,,6.6,98,4.9,0.0,0.0,994.4,5.4,290,1,85.0
2026-01-10T08:00,136.0,137.4,2017.0,35.8,33.5,23.0,196,98,2.0,,7.9,96,6.1,0.0,0.0,995.2,6.7,290,2,105.0
2026-01-10T09:00,133.2,134.6,1980.0,34.2,35.1,52.0,196,97,2.0,,9.5,92,8.2,0.0,0.0,996.3,5.7,288,1,140.0
2026-01-10T10:00,130.4,131.8,1828.0,29.8,35.8,93.0,195,96,3.0,,11.5,85,10.5,0.0,0.0,996.6,5.3,282,0,185.0
2026-01-10T11:00,121.1,122.9,1641.0,25.6,37.3,126.0,195,92,3.0,,13.4,75,12.2,0.0,0.0,996.2,6.1,284,0,240.0
2026-01-10T12:00,106.2,108.3,1402.0,21.0,41.0,146.0,196,86,3.0,,15.2,66,14.2,0.0,0.0,995.4,6.2,291,0,305.0
2026-01-10T13:00,89.9,92.0,1129.0,16.4,45.4,158.0,196,80,4.0,,16.5,58,15.2,0.0,0.0,994.1,7.0,296,0,390.0
2026-01-10T14:00,76.4,78.7,959.0,16.3,47.8,158.0,197,79,4.0,,17.1,54,15.4,0.0,0.0,993.6,7.6,295,0,465.0
2026-01-10T15:00,72.2,74.3,969.0,24.2,46.3,140.0,197,71,4.0,,17.0,54,15.3,0.0,0.0,993.3,7.6,298,0,505.0
2026-01-10T16:00,74.5,76.4,1082.0,36.5,42.8,110.0,197,72,3.0,,16.3,58,14.6,0.0,0.0,993.5,7.8,299,0,500.0
2026-01-10T17:00,81.0,82.2,1202.0,39.2,41.1,89.0,197,76,2.0,,14.9,66,13.4,0.0,0.0,993.3,7.7,291,0,355.0
2026-01-10T18:00,87.5,88.7,1320.0,41.5,38.9,77.0,196,79,2.0,,13.6,72,12.3,0.0,0.0,993.9,6.3,290,0,225.0
2026-01-10T19:00,91.0,92.2,1445.0,44.6,35.8,61.0,195,80,2.0,,12.9,73,11.4,0.0,0.0,994.6,7.5,297,0,240.0
2026-01-10T20:00,95.2,96.6,1513.0,45.5,33.2,49.0,194,82,2.0,,12.1,76,10.5,0.0,0.0,995.0,7.1,304,0,210.0
2026-01-10T21:00,98.0,99.4,1484.0,42.6,31.8,46.0,192,83,2.0,,11.0,80,9.4,0.0,0.0,995.6,6.9,303,0,195.0
2026-01-10T22:00,102.0,103.4,1399.0,37.6,30.9,48.0,191,85,2.0,,10.2,82,8.6,0.0,0.0,995.8,6.4,302,0,170.0
2026-01-10T23:00,105.9,107.3,1311.0,32.5,29.7,51.0,190,86,2.0,,9.6,86,8.1,0.0,0.0,995.9,5.6,301,0,135.0
2026-01-11T00:00,106.9,108.3,1232.0,27.5,27.5,54.0,189,87,2.0,,9.4,86,7.7,0.0,0.0,995.9,6.7,297,0,135.0
2026-01-11T01:00,108.0,109.4,1151.0,22.4,25.0,57.0,188,87,2.0,,8.8,88,6.9,0.0,0.0,996.0,7.2,297,0,140.0
2026-01-11T02:00,109.2,110.6,1090.0,18.4,23.2,60.0,187,88,2.0,,8.2,90,6.3,0.0,0.0,996.0,6.9,300,0,140.0
2026-01-11T03:00,109.9,111.3,1030.0,15.4,22.1,62.0,186,88,2.0,,7.7,92,5.7,0.0,0.0,996.1,7.0,305,0,155.0
2026-01-11T04:00,110.4,111.8,990.0,13.5,21.7,64.0,185,88,2.0,,7.2,93,5.2,0.0,0.0,996.0,7.3,300,0,155.0
2026-01-11T05:00,101.3,102.7,1052.0,13.6,21.8,68.0,185,85,2.0,,6.6,95,4.5,0.0,0.0,996.3,7.1,300,0,130.0
2026-01-11T06:00,101.0,102.4,1332.0,21.1,25.3,58.0,184,84,2.0,,6.3,95,4.4,0.0,0.0,996.6,5.9,297,0,115.0
2026-01-11T07:00,109.2,110.6,1715.0,31.2,30.1,47.0,184,88,2.0,,6.0,96,3.9,0.0,0.0,997.0,6.2,280,0,95.0
2026-01-11T08:00,118.5,119.7,1936.0,36.6,33.5,48.0,183,91,2.0,,6.9,95,4.7,0.0,0.0,997.7,8.1,283,0,135.0
2026-01-11T09:00,114.3,115.7,1854.0,32.8,34.4,75.0,183,90,2.0,,8.6,88,6.6,0.0,0.0,998.6,7.5,285,0,175.0
2026-01-11T10:00,108.5,110.1,1611.0,24.3,34.0,115.0,182,87,3.0,,10.9,77,9.1,0.0,0.0,999.5,7.3,298,0,225.0
2026-01-11T11:00,93.4,95.2,1362.0,17.2,32.9,145.0,182,81,3.0,,12.6,69,10.7,0.0,0.0,999.3,7.6,306,0,300.0
2026-01-11T12:00,65.2,67.1,1123.0,12.7,30.8,156.0,181,78,3.0,,14.4,57,12.6,0.0,0.0,998.5,7.7,307,0,415.0
2026-01-11T13:00,49.6,51.5,879.0,9.7,28.1,156.0,180,78,3.0,,15.8,48,13.6,0.0,0.0,997.4,8.4,304,0,580.0
2026-01-11T14:00,44.7,46.7,739.0,10.2,26.2,150.0,178,75,3.0,,16.4,45,13.7,0.0,0.0,996.5,9.4,300,0,660.0
2026-01-11T15:00,44.2,46.2,783.0,16.9,26.0,135.0,178,68,3.0,,16.3,46,13.6,0.0,0.0,995.8,9.8,296,0,625.0
2026-01-11T16:00,48.9,50.6,931.0,27.2,26.7,113.0,177,59,2.0,,15.5,52,13.1,0.0,0.0,995.5,9.1,291,0,535.0
2026-01-11T17:00,61.9,63.6,1054.0,35.7,27.5,93.0,176,66,2.0,,13.7,61,11.7,0.0,0.0,995.2,7.4,288,0,335.0
2026-01-11T18:00,75.7,77.1,1102.0,41.0,28.5,78.0,175,73,2.0,,12.5,66,10.4,0.0,0.0,995.6,8.2,292,0,270.0
2026-01-11T19:00,83.8,85.0,1124.0,44.5,29.7,66.0,175,77,2.0,,11.6,69,9.3,0.0,0.0,995.8,9.0,290,0,255.0
2026-01-11T20:00,89.4,90.6,1142.0,45.2,30.3,59.0,175,80,2.0,,10.8,73,8.4,0.0,0.0,995.9,9.7,294,0,265.0
2026-01-11T21:00,93.1,94.3,1166.0,41.9,30.1,59.0,175,81,2.0,,10.1,75,7.8,0.0,0.0,995.9,9.2,298,0,245.0
2026-01-11T22:00,97.1,98.3,1186.0,35.8,29.3,63.0,174,83,2.0,,9.3,80,7.2,0.0,0.0,996.1,7.4,299,0,195.0
2026-01-11T23:00,99.2,100.6,1186.0,30.0,28.1,67.0,174,84,2.0,,8.7,83,6.4,0.0,0.0,996.3,8.2,299,0,195.0
2026-01-12T00:00,98.7,99.9,1150.0,25.0,26.3,70.0,174,83,2.0,,8.2,85,6.0,0.0,0.0,996.1,8.2,296,0,200.0
2026-01-12T01:00,99.2,100.4,1095.0,20.3,24.1,72.0,174,84,2.0,,7.7,86,5.5,0.0,0.0,996.0,7.8,292,0,185.0
2026-01-12T02:00,99.4,100.6,1058.0,16.9,22.7,73.0,174,84,2.0,,7.1,88,4.8,0.0,0.0,995.7,7.5,290,0,160.0
2026-01-12T03:00,100.4,101.5,1026.0,14.6,22.1,72.0,173,84,2.0,,6.6,89,4.3,0.0,0.0,995.5,6.5,289,0,135.0
2026-01-12T04:00,101.5,102.4,1011.0,13.5,22.2,69.0,173,85,2.0,,6.0,89,3.8,0.0,0.0,995.3,6.2,285,0,115.0
2026-01-12T05:00,93.4,94.3,1087.0,14.2,25.5,68.0,173,81,2.0,,5.4,92,3.1,0.0,0.0,995.3,6.1,284,0,80.0
2026-01-12T06:00,96.9,97.8,1358.0,22.2,29.6,57.0,173,83,2.0,,5.1,93,2.7,0.0,0.0,996.0,6.2,280,0,80.0
2026-01-12T07:00,107.6,108.7,1720.0,33.0,35.4,45.0,172,87,2.0,,4.9,93,2.4,0.0,0.0,996.4,6.7,272,0,80.0
2026-01-12T08:00,119.0,120.1,1932.0,39.0,40.1,47.0,172,92,2.0,,5.9,91,3.5,0.0,0.0,997.0,7.0,274,0,90.0
2026-01-12T09:00,118.5,119.7,1868.0,35.5,42.9,79.0,172,91,2.0,,8.1,85,6.3,0.0,0.0,997.9,4.6,283,0,125.0
2026-01-12T10:00,112.7,114.1,1655.0,27.3,44.7,126.0,173,89,3.0,,10.9,72,9.3,0.0,0.0,998.4,4.1,299,0,180.0
2026-01-12T11:00,104.1,105.7,1424.0,20.3,45.6,163.0,173,86,3.0,,13.2,62,11.7,0.0,0.0,998.6,3.5,321,0,255.0
2026-01-12T12:00,88.7,90.6,1164.0,14.8,44.9,183.0,173,103,3.0,,15.3,49,13.9,0.0,0.0,997.9,3.6,333,0,400.0
2026-01-12T13:00,73.6,75.4,888.0,10.7,43.2,193.0,174,113,3.0,,16.5,41,14.7,0.0,0.0,997.1,4.4,328,0,545.0
2026-01-12T14:00,64.7,66.4,766.0,13.5,42.8,190.0,174,110,3.0,,17.1,37,14.6,0.0,0.0,996.3,5.3,322,0,655.0
2026-01-12T15:00,62.2,63.6,882.0,27.9,43.6,167.0,175,87,3.0,,17.2,37,14.8,0.0,0.0,996.1,4.7,317,0,660.0
2026-01-12T16:00,66.1,67.3,1153.0,49.2,45.8,131.0,176,68,2.0,,16.6,47,15.1,0.0,0.0,995.5,2.0,315,0,460.0
2026-01-12T17:00,99.7,100.6,1496.0,66.3,48.4,99.0,176,84,2.0,,14.9,53,13.4,0.0,0.0,995.5,2.3,288,0,80.0
2026-01-12T18:00,133.2,134.1,1925.0,78.8,56.8,76.0,177,97,2.0,,13.3,57,11.5,0.0,0.0,996.0,4.0,333,0,80.0
2026-01-12T19:00,162.5,163.4,2426.0,95.9,68.4,43.0,179,109,2.0,,12.3,60,10.5,0.0,0.0,996.6,3.4,6,0,75.0
2026-01-12T20:00,184.9,185.8,2875.0,107.0,76.8,19.0,181,118,2.0,,11.5,64,9.7,0.0,0.0,997.1,3.6,27,0,75.0
2026-01-12T21:00,199.8,200.7,3257.0,106.7,79.6,10.0,184,124,2.0,,10.6,70,8.6,0.0,0.0,997.1,5.2,31,0,95.0
2026-01-12T22:00,212.8,213.7,3586.0,100.5,79.2,9.0,187,129,2.0,,10.0,73,8.3,0.0,0.0,997.3,3.7,39,0,65.0
2026-01-12T23:00,220.3,222.1,3786.0,94.3,76.9,9.0,191,132,2.0,,9.4,76,7.8,0.0,0.0,997.3,3.0,52,0,45.0
2026-01-13T00:00,221.7,223.5,3814.0,90.3,72.2,7.0,194,133,2.0,,8.6,79,7.2,0.0,0.0,996.9,1.6,84,0,20.0
2026-01-13T01:00,223.5,225.4,3713.0,86.4,65.7,5.0,198,133,2.0,,8.4,80,7.1,0.0,0.0,996.7,0.8,45,0,15.0
2026-01-13T02:00,224.4,226.3,3529.0,81.8,59.9,6.0,202,134,2.0,,7.8,83,6.5,0.0,0.0,996.5,1.0,329,0,15.0
2026-01-13T03:00,219.8,221.2,3189.0,75.6,55.2,12.0,208,132,2.0,,7.2,86,5.7,0.0,0.0,996.1,1.9,343,1,25.0
2026-01-13T04:00,208.2,210.0,2768.0,68.9,51.2,20.0,212,127,2.0,,6.7,89,4.9,0.0,0.0,995.8,3.5,336,0,40.0
2026-01-13T05:00,180.7,181.6,2535.0,54.8,37.8,35.0,217,116,2.0,,5.4,95,3.6,0.0,0.0,995.7,3.3,306,1,20.0
2026-01-13T06:00,176.5,177.4,2711.0,57.1,40.7,32.0,221,115,2.0,,5.0,99,3.2,0.0,0.0,996.1,3.6,300,3,25.0
2026-01-13T07:00,187.2,188.6,3077.0,59.8,44.8,29.0,224,119,2.0,,5.0,100,3.2,0.0,0.0,996.3,3.2,308,3,30.0
2026-01-13T08:00,197.0,197.9,3239.0,58.5,48.1,39.0,227,123,2.0,,6.4,98,4.8,0.0,0.0,996.8,3.6,303,3,55.0
2026-01-13T09:00,178.8,179.7,3003.0,49.7,50.4,73.0,230,116,2.0,,9.0,92,7.8,0.0,0.0,997.5,3.9,317,3,70.0
2026-01-13T10:00,142.5,143.9,2565.0,37.0,51.9,121.0,233,101,2.0,,10.7,87,9.9,0.0,0.0,997.7,2.7,318,0,105.0
2026-01-13T11:00,108.3,109.4,2119.0,26.3,51.4,157.0,234,87,2.0,,14.0,69,13.1,0.0,0.0,997.4,3.4,302,0,200.0
2026-01-13T12:00,80.8,81.7,1674.0,18.9,47.4,175.0,234,95,2.0,,16.7,55,15.5,0.0,0.0,996.3,5.0,296,0,375.0
2026-01-13T13:00,65.4,66.4,1221.0,13.5,41.4,182.0,234,102,1.0,,18.1,48,16.6,0.0,0.0,995.1,7.1,297,0,615.0
2026-01-13T14:00,58.0,58.8,930.0,12.8,36.7,178.0,234,98,1.0,,18.5,48,16.5,0.0,0.0,994.1,8.4,301,3,700.0
2026-01-13T15:00,56.2,56.9,905.0,19.7,34.7,159.0,233,80,1.0,,18.3,51,16.4,0.0,0.0,993.5,9.2,303,1,705.0
2026-01-13T16:00,59.4,60.1,1042.0,31.3,34.0,130.0,233,65,1.0,,17.3,56,15.6,0.0,0.0,993.0,9.0,305,1,625.0
2026-01-13T17:00,80.3,81.3,1195.0,40.2,33.1,96.0,233,75,1.0,,15.7,57,13.9,0.0,0.0,992.8,6.7,304,0,445.0
2026-01-13T18:00,89.6,90.6,1336.0,42.7,34.0,85.0,232,80,1.0,,14.3,61,12.6,0.0,0.0,993.1,6.2,308,0,305.0
2026-01-13T19:00,95.9,96.6,1493.0,46.1,35.3,71.0,230,82,1.0,,13.1,66,11.4,0.0,0.0,993.3,6.0,316,0,230.0
2026-01-13T20:00,101.7,102.4,1600.0,48.2,36.5,59.0,228,85,1.0,,11.8,72,10.1,0.0,0.0,993.2,5.6,312,0,175.0
2026-01-13T21:00,108.0,109.0,1623.0,48.1,37.9,53.0,224,87,1.0,,10.7,77,9.1,0.0,0.0,993.3,5.1,306,0,125.0
2026-01-13T22:00,116.6,117.6,1597.0,46.6,39.2,50.0,220,91,2.0,,9.9,80,8.4,0.0,0.0,992.9,4.5,307,0,90.0
2026-01-13T23:00,124.3,125.3,1555.0,43.9,39.3,48.0,216,94,2.0,,9.1,84,7.4,0.0,0.0,992.8,5.1,309,0,85.0
2026-01-14T00:00,127.1,128.5,1493.0,39.5,36.9,47.0,212,95,2.0,,8.4,87,6.6,0.0,0.0,992.2,5.2,311,0,85.0
2026-01-14T01:00,130.4,131.8,1415.0,33.8,33.3,48.0,208,96,2.0,,7.9,89,6.1,0.0,0.0,991.7,5.4,307,0,95.0
2026-01-14T02:00,132.2,133.6,1371.0,28.8,30.6,49.0,204,97,2.0,,7.7,90,5.8,0.0,0.0,992.0,5.9,297,0,115.0
2026-01-14T03:00,132.7,133.6,1378.0,24.1,29.4,51.0,201,97,2.0,,7.3,92,5.3,0.0,0.0,991.7,6.2,296,0,120.0
2026-01-14T04:00,132.2,133.6,1419.0,20.0,29.2,54.0,198,97,2.0,,6.7,94,4.6,0.0,0.0,991.3,6.8,295,0,120.0
2026-01-14T05:00,122.5,124.3,1488.0,15.8,30.9,66.0,196,93,3.0,,5.9,97,3.7,0.0,0.0,991.5,7.4,292,2,110.0
2026-01-14T06:00,123.4,124.8,1615.0,22.4,34.2,59.0,194,93,3.0,,5.7,99,3.4,0.0,0.0,992.0,8.2,292,3,140.0
2026-01-14T07:00,131.3,132.7,1771.0,31.2,38.7,50.0,192,97,2.0,,5.6,99,3.3,0.0,0.0,992.5,7.7,294,3,145.0
2026-01-14T08:00,136.0,137.4,1862.0,35.7,42.3,53.0,191,98,2.0,,5.9,96,3.7,0.0,0.0,993.1,6.8,292,3,150.0
2026-01-14T09:00,135.0,136.0,1849.0,32.0,44.3,78.0,189,98,2.0,,7.1,89,5.0,0.0,0.0,993.8,6.8,295,3,175.0
2026-01-14T10:00,125.7,127.1,1770.0,24.0,45.4,114.0,187,94,3.0,,9.7,76,7.7,0.0,0.0,994.1,5.8,292,0,235.0
2026-01-14T11:00,105.9,107.6,1647.0,17.4,45.5,142.0,187,86,3.0,,12.5,64,10.6,0.0,0.0,993.7,5.8,286,0,295.0
2026-01-14T12:00,85.7,87.1,1438.0,13.1,44.2,157.0,187,79,3.0,,15.0,53,13.4,0.0,0.0,992.8,6.5,289,0,420.0
2026-01-14T13:00,71.9,73.1,1184.0,10.1,42.0,163.0,187,83,2.0,,16.6,45,14.6,0.0,0.0,991.7,7.5,291,0,540.0
2026-01-14T14:00,64.3,65.4,1027.0,11.1,40.1,161.0,187,81,2.0,,17.4,42,14.8,0.0,0.0,991.2,8.2,289,0,615.0
2026-01-14T15:00,60.5,61.7,1024.0,18.2,38.7,145.0,187,73,2.0,,17.4,42,14.8,0.0,0.0,991.0,9.1,295,0,635.0
2026-01-14T16:00,63.6,64.3,1118.0,29.3,37.6,120.0,188,67,1.0,,16.6,48,14.2,0.0,0.0,990.8,8.5,297,0,555.0
2026-01-14T17:00,108.3,109.7,1280.0,44.6,41.4,92.0,188,87,2.0,,15.1,55,13.2,0.0,0.0,990.8,6.6,291,0,445.0
2026-01-14T18:00,119.0,120.1,1564.0,47.6,42.5,82.0,188,92,2.0,,13.4,65,11.8,0.0,0.0,991.2,5.2,292,0,255.0
2026-01-14T19:00,125.7,126.7,1917.0,51.6,44.0,68.0,189,94,2.0,,12.5,72,11.1,0.0,0.0,991.7,5.3,303,0,180.0
2026-01-14T20:00,136.0,137.4,2151.0,53.4,44.9,58.0,190,98,2.0,,11.8,77,10.4,0.0,0.0,992.4,5.5,308,0,170.0
2026-01-14T21:00,147.6,149.0,2170.0,51.3,44.8,54.0,191,103,2.0,,11.2,80,9.7,0.0,0.0,992.8,5.7,307,0,150.0
2026-01-14T22:00,155.5,156.9,2070.0,47.1,44.0,54.0,192,106,2.0,,10.4,84,8.9,0.0,0.0,992.9,5.6,312,0,130.0
2026-01-14T23:00,159.3,160.7,1958.0,42.8,42.7,54.0,194,108,2.0,,9.4,88,7.8,0.0,0.0,993.1,5.7,311,0,140.0
2026-01-15T00:00,161.6,163.4,1855.0,39.0,40.5,53.0,195,109,2.0,,8.6,89,7.1,0.0,0.0,992.9,5.0,325,0,100.0
2026-01-15T01:00,167.6,169.5,1740.0,35.2,37.7,53.0,196,111,3.0,,8.2,91,6.8,0.0,0.0,992.2,3.5,339,0,70.0
2026-01-15T02:00,173.7,175.6,1649.0,31.7,35.4,53.0,197,113,3.0,,7.7,92,6.3,0.0,0.0,992.1,3.6,327,0,60.0
2026-01-15T03:00,177.4,179.7,1571.0,27.8,33.4,54.0,198,115,3.0,,7.2,94,5.7,0.0,0.0,991.7,3.8,329,0,60.0
2026-01-15T04:00,177.0,179.3,1518.0,24.2,31.8,55.0,199,115,4.0,,6.7,96,5.2,0.0,0.0,991.2,3.6,307,0,50.0
2026-01-15T05:00,164.4,166.2,1563.0,15.7,28.6,72.0,201,110,3.0,,5.8,100,4.0,0.0,0.0,991.3,4.9,298,3,45.0
2026-01-15T06:00,165.3,166.7,1822.0,21.3,30.5,66.0,203,110,3.0,,6.1,100,4.1,0.0,0.0,991.9,6.2,282,3,65.0
2026-01-15T07:00,170.4,172.3,2180.0,28.8,33.2,60.0,204,112,3.0,,6.0,98,3.8,0.0,0.0,992.6,7.6,284,3,80.0
2026-01-15T08:00,173.2,175.1,2362.0,32.9,35.5,64.0,206,113,3.0,,6.9,96,4.9,0.0,0.0,993.5,7.5,291,3,110.0
2026-01-15T09:00,167.6,169.5,2203.0,30.6,37.1,89.0,208,111,3.0,,8.2,97,6.4,0.0,0.0,994.3,7.6,297,3,115.0
2026-01-15T10:00,161.6,163.0,1868.0,24.9,38.4,126.0,209,109,4.0,,10.8,81,9.4,0.0,0.0,994.7,5.2,292,1,205.0
2026-01-15T11:00,146.2,148.5,1577.0,19.8,39.2,156.0,210,102,4.0,,12.6,67,10.9,0.0,0.0,994.6,5.8,296,0,300.0
2026-01-15T12:00,127.1,129.5,1400.0,15.8,39.4,177.0,212,97,4.0,,15.1,54,13.5,0.0,0.0,993.6,6.2,300,0,385.0
2026-01-15T13:00,107.8,110.1,1267.0,12.4,39.0,191.0,214,111,4.0,,16.9,45,14.8,0.0,0.0,992.3,7.6,292,0,475.0
2026-01-15T14:00,92.7,95.0,1191.0,12.0,38.1,194.0,215,114,4.0,,17.8,42,15.1,0.0,0.0,991.5,9.3,289,0,530.0
2026-01-15T15:00,81.5,83.6,1193.0,17.0,36.3,178.0,217,98,4.0,,17.9,42,15.1,0.0,0.0,991.2,10.4,290,0,540.0
2026-01-15T16:00,78.0,79.6,1251.0,25.0,34.0,150.0,217,75,3.0,,17.3,48,14.8,0.0,0.0,991.0,10.2,287,0,500.0
2026-01-15T17:00,94.5,95.7,1310.0,29.5,33.0,132.0,218,82,2.0,,15.8,59,14.0,0.0,0.0,991.0,8.1,288,0,395.0
2026-01-15T18:00,98.0,99.4,1357.0,30.8,32.9,121.0,217,83,3.0,,14.3,65,12.6,0.0,0.0,991.0,7.5,290,0,275.0
2026-01-15T19:00,103.6,105.2,1404.0,32.5,32.8,105.0,217,85,3.0,,13.4,69,11.7,0.0,0.0,991.3,7.0,293,0,205.0
2026-01-15T20:00,109.7,112.0,1435.0,33.7,32.9,92.0,216,88,4.0,,12.5,71,10.8,0.0,0.0,991.8,7.2,292,0,170.0
2026-01-15T21:00,116.4,119.2,1444.0,34.1,33.6,83.0,215,91,5.0,,11.7,72,9.9,0.0,0.0,992.1,6.9,290,0,145.0
2026-01-15T22:00,124.8,128.1,1437.0,34.0,34.5,77.0,213,94,5.0,,10.9,75,9.1,0.0,0.0,992.0,6.2,292,1,120.0
2026-01-15T23:00,130.4,133.6,1407.0,32.6,34.3,72.0,212,96,6.0,,9.7,82,8.1,0.0,0.0,992.3,5.6,310,1,115.0
2026-01-16T00:00,131.8,135.5,1336.0,29.2,32.0,69.0,211,97,6.0,,8.9,84,7.2,0.0,0.0,991.6,5.2,311,1,100.0
2026-01-16T01:00,133.6,137.4,1244.0,24.5,28.6,67.0,210,97,7.0,,8.3,86,6.6,0.0,0.0,991.3,4.7,302,1,80.0
2026-01-16T02:00,135.5,139.2,1178.0,20.8,26.1,66.0,208,98,7.0,,7.8,87,6.0,0.0,0.0,991.0,5.0,296,0,70.0
2026-01-16T03:00,137.4,141.1,1137.0,18.0,24.9,65.0,207,99,7.0,,7.4,89,5.5,0.0,0.0,990.7,5.2,299,0,70.0
2026-01-16T04:00,139.2,143.0,1123.0,16.1,24.6,64.0,205,100,7.0,,6.9,90,5.0,0.0,0.0,990.3,5.1,288,1,65.0
2026-01-16T05:00,155.5,158.3,1194.0,18.6,26.7,62.0,203,106,5.0,,6.2,93,4.2,0.0,0.0,990.8,4.9,278,1,60.0
2026-01-16T06:00,155.5,158.3,1445.0,25.1,29.8,55.0,203,106,5.0,,6.1,93,4.1,0.0,0.0,990.8,5.0,268,0,55.0
2026-01-16T07:00,160.7,163.4,1781.0,33.8,34.1,46.0,203,108,5.0,,6.2,92,4.1,0.0,0.0,991.4,6.1,268,0,60.0
2026-01-16T08:00,163.4,166.2,1973.0,38.5,37.3,51.0,202,109,5.0,,7.8,86,5.4,0.0,0.0,992.0,8.7,263,1,85.0
2026-01-16T09:00,161.1,163.4,1901.0,35.4,38.3,81.0,202,108,6.0,,10.8,75,9.0,0.0,0.0,992.9,5.9,272,0,125.0
2026-01-16T10:00,148.5,152.7,1686.0,28.3,38.2,124.0,201,103,8.0,,14.0,62,12.5,0.0,0.0,993.2,4.3,285,0,165.0
2026-01-16T11:00,132.2,137.4,1459.0,22.1,38.4,157.0,201,97,9.0,,16.6,51,15.0,0.0,0.0,993.4,4.2,310,2,265.0
2026-01-16T12:00,110.6,116.4,1220.0,16.8,39.3,174.0,200,94,10.0,,18.5,41,17.0,0.0,0.0,992.4,4.1,319,2,370.0
2026-01-16T13:00,94.1,100.4,970.0,12.5,40.5,181.0,200,101,11.0,,19.8,35,18.1,0.0,0.0,991.4,4.1,326,3,475.0
2026-01-16T14:00,85.2,91.3,845.0,14.3,41.8,175.0,199,95,11.0,,20.5,33,18.4,0.0,0.0,990.5,4.2,320,3,535.0
2026-01-16T15:00,78.9,84.8,870.0,26.1,41.5,151.0,199,76,10.0,,20.5,35,18.5,0.0,0.0,990.2,4.3,332,0,545.0
2026-01-16T16:00,80.8,85.4,1020.0,44.0,41.2,114.0,199,75,9.0,,19.8,41,18.4,0.0,0.0,989.9,3.1,336,0,515.0
2026-01-16T17:00,119.7,124.3,1363.0,59.3,48.0,90.0,199,92,8.0,,17.3,55,16.4,0.0,0.0,990.0,2.9,353,3,110.0
2026-01-16T18:00,152.3,156.9,2117.0,75.2,61.6,68.0,200,105,8.0,,15.6,60,14.6,0.0,0.0,990.2,3.2,16,3,65.0
2026-01-16T19:00,184.4,189.1,3064.0,97.1,80.8,37.0,202,118,8.0,,14.5,66,13.5,0.0,0.0,990.5,3.3,49,3,55.0
2026-01-16T20:00,214.7,219.3,3608.0,113.5,97.9,14.0,205,130,8.0,,13.8,68,12.9,0.0,0.0,990.3,2.5,90,3,35.0
2026-01-16T21:00,240.3,244.9,3357.0,119.7,112.1,5.0,210,140,8.0,,13.2,70,12.3,0.0,0.0,990.5,2.1,142,3,25.0
2026-01-16T22:00,258.9,263.6,2704.0,120.3,124.2,2.0,215,148,9.0,,12.2,72,11.1,0.0,0.0,990.2,2.5,176,3,20.0
2026-01-16T23:00,263.6,268.2,2235.0,117.5,128.6,2.0,221,149,9.0,,11.2,77,9.7,0.0,0.0,990.4,4.9,190,3,35.0
2026-01-17T00:00,257.0,261.7,2198.0,110.7,120.4,3.0,226,147,9.0,,10.5,79,9.2,0.0,0.0,990.1,3.1,183,3,25.0
2026-01-17T01:00,250.5,255.2,2345.0,100.6,104.6,6.0,231,144,9.0,,10.3,79,9.3,0.0,0.0,990.0,1.2,117,3,15.0
2026-01-17T02:00,243.1,248.7,2521.0,91.3,89.9,9.0,236,141,9.0,,9.6,82,8.4,0.0,0.0,989.8,2.4,48,3,25.0
2026-01-17T03:00,237.0,242.1,2633.0,83.7,78.0,9.0,241,139,9.0,,9.0,85,7.5,0.0,0.0,989.7,4.3,57,3,35.0
2026-01-17T04:00,229.6,234.2,2773.0,76.9,67.2,9.0,245,136,8.0,,8.4,88,7.0,0.0,0.0,989.4,3.6,70,3,35.0
2026-01-17T05:00,237.5,242.1,3066.0,75.0,61.5,4.0,249,139,9.0,,7.9,91,6.5,0.0,0.0,989.6,3.2,52,3,35.0
2026-01-17T06:00,251.5,256.1,3782.0,72.5,68.0,0.0,252,145,8.0,,7.8,90,6.3,0.0,0.0,989.9,3.3,81,3,30.0
2026-01-17T07:00,282.2,287.8,4650.0,69.0,76.8,0.0,256,157,8.0,,7.8,90,6.6,0.0,0.0,990.5,1.7,122,3,15.0
2026-01-17T08:00,321.3,325.0,4984.0,65.0,81.7,5.0,261,173,7.0,,9.4,88,8.2,0.0,0.0,990.9,3.3,126,3,30.0
2026-01-17T09:00,240.3,244.0,4300.0,61.0,79.2,41.0,268,140,7.0,,12.1,79,11.3,0.0,0.0,991.7,2.7,110,3,65.0
2026-01-17T10:00,197.0,200.7,3082.0,56.7,72.9,92.0,271,123,8.0,,15.6,65,15.0,0.0,0.0,992.2,2.1,110,3,130.0
2026-01-17T11:00,141.1,145.8,2098.0,51.4,67.1,132.0,273,100,8.0,,18.3,54,17.7,0.0,0.0,992.0,2.1,149,3,265.0
2026-01-17T12:00,109.4,113.4,1625.0,41.2,62.7,157.0,273,88,7.0,,20.7,45,20.3,0.0,0.0,991.2,1.3,172,3,425.0
2026-01-17T13:00,87.5,90.6,1386.0,30.1,58.7,172.0,273,92,5.0,,21.9,40,21.4,0.0,0.0,990.0,0.9,217,3,585.0
2026-01-17T14:00,72.9,75.2,1311.0,29.6,57.0,171.0,273,91,4.0,,22.5,39,21.8,0.0,0.0,989.0,1.1,261,3,720.0
2026-01-17T15:00,68.5,70.3,1427.0,48.9,57.9,146.0,272,73,3.0,,22.6,39,21.9,0.0,0.0,988.5,1.0,292,3,805.0
2026-01-17T16:00,78.2,79.9,1707.0,78.7,61.0,106.0,272,74,3.0,,22.0,45,21.6,0.0,0.0,987.9,1.4,23,3,805.0
2026-01-17T17:00,161.1,163.9,2001.0,125.9,95.4,67.0,272,108,5.0,,19.7,53,19.3,0.0,0.0,987.7,2.3,45,3,80.0
2026-01-17T18:00,200.2,203.0,2262.0,128.4,101.4,52.0,274,124,5.0,,17.6,57,16.7,0.0,0.0,987.7,4.4,63,3,135.0
2026-01-17T19:00,224.4,227.2,2537.0,131.4,109.5,30.0,276,134,5.0,,16.3,65,15.5,0.0,0.0,987.8,5.0,77,3,120.0
2026-01-17T20:00,228.6,231.4,2817.0,131.1,114.5,14.0,277,135,5.0,,15.4,72,15.0,0.0,0.0,988.0,3.6,84,3,90.0
2026-01-17T21:00,231.0,233.8,3140.0,124.3,113.9,7.0,278,136,5.0,,14.5,78,14.2,0.0,0.0,987.9,3.3,81,3,65.0
2026-01-17T22:00,242.1,244.9,3468.0,114.0,110.1,5.0,278,141,5.0,,13.6,82,13.3,0.0,0.0,987.8,3.2,90,2,55.0
2026-01-17T23:00,251.5,254.3,3674.0,105.6,105.2,4.0,277,145,5.0,,12.8,87,12.4,0.0,0.0,987.7,3.9,137,3,50.0
2026-01-18T00:00,252.4,255.2,3678.0,101.4,99.3,3.0,276,145,5.0,,12.0,88,11.6,0.0,0.0,987.6,3.1,140,2,40.0
2026-01-18T01:00,252.4,255.2,3560.0,99.1,92.3,2.0,276,145,6.0,,11.5,89,11.0,0.0,0.0,987.3,2.9,158,0,35.0
2026-01-18T02:00,250.5,253.3,3433.0,96.9,86.1,2.0,276,144,6.0,,11.1,89,10.6,0.0,0.0,986.8,2.5,150,0,35.0
2026-01-18T03:00,245.9,249.6,3306.0,94.8,81.4,1.0,277,142,6.0,,10.7,90,10.2,0.0,0.0,986.3,2.1,121,0,25.0
2026-01-18T04:00,243.1,245.9,3170.0,92.9,77.4,0.0,277,141,6.0,,10.1,92,9.4,0.0,0.0,985.9,2.3,129,0,20.0
2026-01-18T05:00,200.7,203.5,3115.0,96.6,75.9,0.0,277,124,5.0,,8.1,100,7.2,0.0,0.0,985.8,3.1,170,3,15.0
2026-01-18T06:00,208.2,210.9,3239.0,93.4,83.3,0.0,276,127,5.0,,8.2,99,7.3,0.0,0.0,986.3,2.9,120,3,15.0
2026-01-18T07:00,231.4,234.2,3443.0,88.5,93.1,1.0,274,137,4.0,,8.2,99,7.0,0.0,0.0,986.9,3.9,114,3,35.0
2026-01-18T08:00,241.2,244.0,3528.0,81.6,97.6,16.0,272,140,4.0,,9.3,97,8.4,0.0,0.0,987.8,3.9,146,3,65.0
2026-01-18T09:00,213.7,215.1,3415.0,71.5,91.0,56.0,269,129,4.0,,10.7,94,10.0,0.0,0.0,988.9,4.3,107,3,90.0
2026-01-18T10:00,192.3,194.2,3182.0,59.3,79.0,110.0,268,121,4.0,,13.0,85,12.7,0.0,0.0,989.8,3.3,96,1,135.0
2026-01-18T11:00,165.3,167.2,2861.0,48.4,70.9,157.0,267,110,4.0,,16.8,71,16.7,0.0,0.0,989.3,4.0,100,0,225.0
2026-01-18T12:00,139.2,141.1,2376.0,37.2,71.2,192.0,268,112,4.0,,20.2,56,20.2,0.0,0.0,988.4,4.8,119,0,405.0
2026-01-18T13:00,119.7,121.1,1803.0,27.4,75.4,220.0,270,140,3.0,,21.5,49,21.0,0.0,0.0,987.6,6.0,134,0,605.0
2026-01-18T14:00,106.6,108.0,1403.0,26.6,78.7,229.0,271,149,3.0,,22.0,46,20.9,0.0,0.0,987.0,6.9,139,0,760.0
2026-01-18T15:00,100.4,101.5,1286.0,41.6,79.0,209.0,272,129,3.0,,22.0,43,20.9,0.0,0.0,986.7,5.6,138,1,750.0
2026-01-18T16:00,108.5,109.7,1342.0,65.7,78.5,169.0,274,89,2.0,,21.6,43,20.5,0.0,0.0,986.9,4.9,126,0,665.0
2026-01-18T17:00,153.2,154.6,1507.0,71.0,70.2,125.0,275,105,2.0,,20.2,50,19.3,0.0,0.0,986.9,4.8,112,1,285.0
2026-01-18T18:00,188.6,190.0,1823.0,87.6,77.6,94.0,275,119,2.0,,18.8,61,18.3,0.0,0.0,987.4,5.7,108,0,165.0
2026-01-18T19:00,220.3,221.7,2247.0,109.9,87.6,52.0,274,132,2.0,,17.6,71,17.5,0.0,0.0,988.0,5.7,108,0,125.0
2026-01-18T20:00,239.3,241.2,2584.0,122.7,92.9,22.0,274,140,2.0,,16.3,79,16.5,0.0,0.0,988.5,4.6,108,0,100.0
2026-01-18T21:00,241.2,242.1,2777.0,117.4,89.5,17.0,274,140,2.0,,15.6,82,15.7,0.0,0.0,989.0,4.6,99,0,85.0
2026-01-18T22:00,229.1,230.5,2882.0,102.5,81.5,24.0,275,136,2.0,,14.9,86,14.9,0.0,0.0,989.0,4.9,92,3,90.0
2026-01-18T23:00,213.7,215.1,2874.0,89.0,73.4,30.0,274,129,2.0,,14.1,89,14.1,0.0,0.0,988.9,5.2,102,1,85.0
2026-01-19T00:00,198.8,200.2,2705.0,80.5,66.3,32.0,273,124,2.0,,13.7,89,13.5,0.0,0.0,989.1,5.4,105,3,90.0
2026-01-19T01:00,190.5,191.4,2422.0,73.3,59.1,34.0,270,120,2.0,,13.8,87,13.4,0.0,0.0,989.2,6.0,100,0,105.0
2026-01-19T02:00,188.1,189.5,2146.0,66.9,53.5,34.0,268,119,2.0,,13.3,87,12.8,0.0,0.0,989.0,5.8,104,1,100.0
2026-01-19T03:00,190.0,191.4,1829.0,60.1,49.8,33.0,265,120,2.0,,12.4,89,11.8,0.0,0.0,988.7,5.1,107,0,85.0
2026-01-19T04:00,191.4,192.8,1518.0,54.1,47.7,30.0,263,121,2.0,,11.5,91,10.8,0.0,0.0,988.4,4.8,110,0,75.0
2026-01-19T05:00,175.1,176.5,1471.0,41.9,45.0,35.0,261,114,2.0,,11.3,91,10.6,0.0,0.0,988.5,4.0,87,0,60.0
2026-01-19T06:00,176.0,177.0,1981.0,51.7,52.9,26.0,260,114,2.0,,10.9,92,10.4,0.0,0.0,989.1,2.5,86,0,45.0
2026-01-19T07:00,193.2,194.2,2755.0,64.7,63.5,16.0,258,121,2.0,,10.7,92,10.3,0.0,0.0,989.6,2.1,75,1,40.0
2026-01-19T08:00,217.0,217.9,3177.0,70.5,69.3,24.0,257,131,2.0,,12.3,87,11.8,0.0,0.0,990.4,4.1,88,1,50.0
2026-01-19T09:00,181.1,182.1,2893.0,62.4,65.2,66.0,256,116,2.0,,15.0,74,14.8,0.0,0.0,991.3,1.9,61,0,95.0
2026-01-19T10:00,156.9,157.9,2257.0,47.1,56.3,126.0,254,107,2.0,,18.2,60,18.1,0.0,0.0,992.1,1.0,45,0,185.0
2026-01-19T11:00,123.9,124.8,1707.0,34.3,49.9,170.0,253,94,2.0,,20.7,46,20.2,0.0,0.0,991.8,0.7,90,0,375.0
2026-01-19T12:00,92.2,93.4,1390.0,25.5,49.2,187.0,251,107,2.0,,23.6,29,22.6,0.0,0.0,991.2,0.9,37,0,730.0
2026-01-19T13:00,72.6,73.8,1160.0,19.2,51.0,189.0,249,109,2.0,,24.7,22,22.9,0.0,0.0,990.1,1.7,32,0,1530.0
2026-01-19T14:00,67.5,68.5,1020.0,20.2,53.1,179.0,247,99,2.0,,25.1,21,22.7,0.0,0.0,989.4,2.8,40,0,1865.0
2026-01-19T15:00,67.5,68.5,977.0,34.3,54.6,153.0,246,77,2.0,,25.0,21,22.5,0.0,0.0,989.0,3.7,39,0,2240.0
2026-01-19T16:00,76.1,76.8,1024.0,55.7,56.5,116.0,244,73,1.0,,24.4,23,21.8,0.0,0.0,989.0,4.9,24,0,2125.0
2026-01-19T17:00,132.2,133.2,1142.0,78.0,66.7,112.0,243,97,2.0,,22.3,28,20.1,0.0,0.0,988.7,3.7,23,0,695.0
2026-01-19T18:00,161.1,162.1,1373.0,86.0,71.3,89.0,242,108,2.0,,20.2,37,18.3,0.0,0.0,989.2,4.1,2,0,265.0
2026-01-19T19:00,182.5,183.5,1676.0,96.6,77.6,58.0,241,117,2.0,,19.0,46,17.6,0.0,0.0,989.5,3.6,340,0,175.0
2026-01-19T20:00,194.6,195.1,1900.0,101.5,81.2,35.0,239,122,2.0,,18.0,53,16.8,0.0,0.0,989.8,4.4,328,0,145.0
2026-01-19T21:00,196.5,197.4,1983.0,95.8,80.5,30.0,238,123,2.0,,17.1,60,16.4,0.0,0.0,989.8,3.8,329,0,115.0
2026-01-19T22:00,199.3,200.2,1988.0,84.4,77.2,33.0,236,124,2.0,,16.3,67,15.8,0.0,0.0,989.8,3.5,305,0,85.0
2026-01-19T23:00,199.3,200.2,1959.0,73.7,72.1,36.0,234,124,2.0,,15.1,75,14.5,0.0,0.0,989.8,5.2,272,0,70.0
2026-01-20T00:00,192.3,193.2,1894.0,65.8,64.4,36.0,234,121,2.0,,14.3,79,13.7,0.0,0.0,989.6,5.1,280,0,60.0
2026-01-20T01:00,185.3,187.2,1795.0,58.6,55.0,36.0,234,118,3.0,,13.3,82,12.7,0.0,0.0,989.4,4.8,304,0,55.0
2026-01-20T02:00,179.3,181.6,1704.0,51.7,47.4,37.0,233,116,4.0,,12.8,82,12.1,0.0,0.0,989.1,4.5,313,0,60.0
2026-01-20T03:00,172.8,175.6,1606.0,43.6,42.6,39.0,233,113,6.0,,12.5,80,11.7,0.0,0.0,989.0,3.8,319,0,60.0
2026-01-20T04:00,164.4,168.6,1516.0,35.9,39.7,41.0,232,110,7.0,,11.8,82,10.8,0.0,0.0,988.8,4.5,299,0,50.0
2026-01-20T05:00,172.3,177.0,1529.0,31.2,41.6,46.0,231,113,8.0,,11.0,85,9.8,0.0,0.0,989.2,5.5,279,0,65.0
2026-01-20T06:00,174.6,180.2,1774.0,38.0,47.0,37.0,231,114,8.0,,10.6,85,9.2,0.0,0.0,989.7,6.2,278,0,70.0
2026-01-20T07:00,190.0,196.0,2121.0,47.2,54.3,26.0,231,120,9.0,,10.2,85,8.7,0.0,0.0,990.4,6.1,282,0,70.0
2026-01-20T08:00,204.4,210.5,2276.0,51.8,59.3,29.0,231,126,10.0,,12.0,75,10.3,0.0,0.0,991.2,7.6,278,0,75.0
2026-01-20T09:00,189.5,194.2,2067.0,48.1,59.8,60.0,230,120,11.0,,15.3,62,13.9,0.0,0.0,992.3,5.8,277,0,105.0
2026-01-20T10:00,174.2,180.2,1665.0,40.0,57.8,105.0,231,114,13.0,,18.7,51,17.6,0.0,0.0,993.5,4.8,285,0,190.0
2026-01-20T11:00,146.7,154.1,1291.0,32.1,55.4,140.0,231,103,14.0,,21.7,44,20.3,0.0,0.0,993.4,7.0,283,0,480.0
2026-01-20T12:00,110.6,119.0,991.0,24.4,52.8,158.0,232,88,14.0,,23.5,36,22.1,0.0,0.0,992.7,7.9,287,0,1645.0
2026-01-20T13:00,90.8,98.0,720.0,16.9,49.8,167.0,233,87,12.0,,24.2,31,22.5,0.0,0.0,991.8,8.0,280,0,1850.0
2026-01-20T14:00,85.2,91.3,561.0,15.0,47.2,165.0,234,85,11.0,,24.3,32,22.1,0.0,0.0,990.9,8.7,283,2,1870.0
2026-01-20T15:00,83.4,88.7,565.0,22.6,45.0,148.0,235,77,10.0,,23.9,33,21.8,0.0,0.0,990.5,8.4,290,2,1750.0
2026-01-20T16:00,86.8,91.5,681.0,35.7,43.3,120.0,235,78,9.0,,23.2,35,21.2,0.0,0.0,990.4,8.1,294,1,1635.0
2026-01-20T17:00,105.5,108.5,838.0,50.9,41.2,89.0,236,86,6.0,,22.1,33,19.9,0.0,0.0,990.2,6.6,303,0,445.0
2026-01-20T18:00,118.7,122.0,1054.0,56.4,43.3,75.0,235,91,6.0,,20.4,41,18.7,0.0,0.0,990.7,5.9,310,0,230.0
2026-01-20T19:00,128.1,131.3,1310.0,63.9,46.2,56.0,233,95,7.0,,19.1,51,18.0,0.0,0.0,991.1,4.9,327,0,180.0
2026-01-20T20:00,135.0,138.8,1479.0,68.7,48.3,40.0,231,98,7.0,,18.1,60,17.4,0.0,0.0,991.6,5.0,345,0,155.0
2026-01-20T21:00,142.0,146.2,1494.0,68.8,49.4,32.0,228,101,8.0,,17.2,68,16.8,0.0,0.0,992.0,4.7,353,0,115.0
2026-01-20T22:00,150.4,155.1,1421.0,66.2,49.8,28.0,226,104,8.0,,16.5,72,16.2,0.0,0.0,992.2,4.7,7,0,105.0
2026-01-20T23:00,151.3,156.5,1333.0,62.1,48.5,26.0,224,105,9.0,,15.9,78,15.7,0.0,0.0,992.3,4.9,343,0,135.0
2026-01-21T00:00,144.4,149.5,1232.0,56.0,44.1,26.0,222,102,9.0,,14.5,81,14.2,0.0,0.0,992.0,5.1,333,0,105.0
2026-01-21T01:00,139.7,145.3,1115.0,48.4,38.0,29.0,220,100,10.0,,13.8,82,13.4,0.0,0.0,992.0,4.4,322,0,85.0
2026-01-21T02:00,135.5,141.1,1045.0,41.9,33.3,31.0,218,98,10.0,,13.0,83,12.4,0.0,0.0,991.6,4.0,309,0,75.0
2026-01-21T03:00,131.8,137.4,1026.0,36.9,30.8,32.0,216,97,10.0,,12.5,83,11.9,0.0,0.0,991.6,3.4,302,0,50.0
2026-01-21T04:00,127.1,132.7,1053.0,33.1,29.7,32.0,214,95,10.0,,11.6,85,10.8,0.0,0.0,991.4,4.5,284,0,45.0
2026-01-21T05:00,114.1,119.0,1174.0,26.9,29.5,34.0,213,90,9.0,,11.1,94,10.4,0.0,0.0,991.5,4.4,291,0,50.0
2026-01-21T06:00,116.6,121.5,1498.0,31.6,33.8,28.0,210,91,9.0,,10.2,96,9.5,0.0,0.0,991.8,4.1,293,1,45.0
2026-01-21T07:00,129.5,134.1,1915.0,37.9,39.7,20.0,208,96,8.0,,9.7,99,8.8,0.0,0.0,992.6,5.3,288,2,50.0
2026-01-21T08:00,139.7,143.9,2152.0,40.8,43.7,26.0,205,100,8.0,,10.6,94,9.8,0.0,0.0,993.3,4.6,283,2,60.0
2026-01-21T09:00,133.6,137.4,2062.0,37.7,44.5,56.0,203,97,8.0,,13.2,81,12.6,0.0,0.0,994.3,4.0,297,0,90.0
2026-01-21T10:00,122.5,127.1,1792.0,31.4,43.5,100.0,200,93,9.0,,16.9,63,16.3,0.0,0.0,995.1,3.6,303,0,160.0
2026-01-21T11:00,100.8,106.6,1498.0,25.0,41.5,134.0,199,84,10.0,,20.4,50,19.5,0.0,0.0,994.8,5.5,308,0,540.0
2026-01-21T12:00,62.4,68.5,1185.0,18.3,37.9,152.0,197,76,11.0,,22.3,40,21.1,0.0,0.0,994.0,7.6,298,0,1175.0
2026-01-21T13:00,49.8,56.7,849.0,11.7,33.2,160.0,196,80,12.0,,23.0,36,21.4,0.0,0.0,993.0,8.7,283,0,1290.0
2026-01-21T14:00,48.1,55.4,639.0,9.4,29.9,159.0,195,80,13.0,,23.2,34,21.0,0.0,0.0,992.3,9.1,279,0,1320.0
2026-01-21T15:00,47.4,54.7,629.0,13.8,28.6,146.0,194,73,12.0,,22.9,34,20.6,0.0,0.0,991.9,9.2,281,0,1265.0
2026-01-21T16:00,49.0,55.5,745.0,22.5,28.6,123.0,193,62,11.0,,22.1,36,19.9,0.0,0.0,991.8,8.6,290,0,1095.0
2026-01-21T17:00,66.4,71.7,919.0,33.5,28.1,105.0,191,68,10.0,,20.8,39,18.9,0.0,0.0,991.7,6.9,285,0,730.0
2026-01-21T18:00,80.6,85.4,1166.0,41.6,30.9,88.0,190,75,10.0,,19.3,44,17.6,0.0,0.0,992.0,5.5,293,0,225.0
2026-01-21T19:00,89.9,94.3,1471.0,52.6,34.8,65.0,189,80,9.0,,18.1,49,16.6,0.0,0.0,992.2,4.8,307,0,165.0
2026-01-21T20:00,96.6,101.0,1712.0,60.8,37.9,47.0,188,83,8.0,,16.9,56,15.7,0.0,0.0,992.6,4.8,329,0,160.0
2026-01-21T21:00,101.5,105.5,1844.0,63.8,40.0,39.0,187,85,7.0,,16.1,62,15.0,0.0,0.0,992.9,4.8,345,0,140.0
2026-01-21T22:00,110.6,113.9,1913.0,63.8,41.3,36.0,186,88,6.0,,15.4,65,14.7,0.0,0.0,992.9,2.9,349,0,95.0
2026-01-21T23:00,116.9,119.7,1937.0,61.7,41.2,35.0,184,91,5.0,,14.8,69,14.0,0.0,0.0,993.0,3.7,11,0,80.0
2026-01-22T00:00,116.4,118.7,1910.0,56.6,38.5,37.0,183,91,4.0,,13.8,72,13.0,0.0,0.0,992.8,3.2,3,0,55.0
2026-01-22T01:00,116.6,118.7,1838.0,49.3,34.3,43.0,183,91,4.0,,13.3,73,12.5,0.0,0.0,992.5,2.4,343,0,40.0
2026-01-22T02:00,117.3,119.2,1753.0,43.1,31.2,47.0,182,91,3.0,,12.5,76,11.5,0.0,0.0,992.1,3.3,338,0,45.0
2026-01-22T03:00,118.3,119.7,1553.0,37.6,29.0,50.0,181,91,3.0,,11.6,78,10.5,0.0,0.0,991.6,3.6,330,0,45.0
2026-01-22T04:00,119.7,121.1,1340.0,33.1,27.9,53.0,181,92,2.0,,11.3,77,10.1,0.0,0.0,991.2,2.9,317,0,40.0
2026-01-22T05:00,125.3,126.2,1452.0,37.4,32.3,49.0,181,94,1.0,,10.5,81,9.4,0.0,0.0,991.0,3.1,324,0,40.0
2026-01-22T06:00,136.0,136.9,2310.0,46.8,40.4,34.0,181,98,1.0,,10.1,82,9.0,0.0,0.0,991.1,1.9,311,0,30.0
2026-01-22T07:00,177.4,178.3,3492.0,59.3,51.5,16.0,182,115,1.0,,10.0,82,9.1,0.0,0.0,991.2,0.9,307,0,15.0
2026-01-22T08:00,214.7,216.1,4076.0,65.5,59.3,19.0,183,130,1.0,,11.8,74,10.9,0.0,0.0,992.0,1.1,270,0,10.0
2026-01-22T09:00,166.7,167.2,3472.0,59.5,60.8,61.0,185,111,2.0,,15.4,61,14.5,0.0,0.0,992.5,2.1,149,0,65.0
2026-01-22T10:00,132.7,134.6,2270.0,47.2,59.0,124.0,186,97,5.0,,19.0,44,17.8,0.0,0.0,993.2,2.5,184,0,220.0
2026-01-22T11:00,95.2,98.3,1307.0,36.2,56.9,175.0,187,95,6.0,,21.5,39,20.3,0.0,0.0,993.4,3.3,202,0,520.0
2026-01-22T12:00,77.8,81.5,909.0,28.3,55.3,203.0,186,123,6.0,,23.5,37,22.8,0.0,0.0,992.4,3.9,167,0,700.0
2026-01-22T13:00,72.2,75.9,751.0,21.7,53.5,218.0,187,138,6.0,,24.6,34,23.9,0.0,0.0,991.2,4.3,158,0,870.0
2026-01-22T14:00,70.8,74.3,699.0,19.6,51.8,221.0,188,141,6.0,,25.0,34,23.6,0.0,0.0,990.0,6.4,140,0,1055.0
2026-01-22T15:00,70.5,73.6,752.0,25.1,50.6,207.0,188,127,5.0,,24.8,36,23.4,0.0,0.0,989.6,7.6,135,0,1105.0
2026-01-22T16:00,72.4,74.7,911.0,34.9,49.6,180.0,189,100,5.0,,23.8,41,22.2,0.0,0.0,989.2,10.1,130,0,740.0
2026-01-22T17:00,107.8,111.3,1045.0,51.1,59.5,145.0,190,87,6.0,,21.9,50,20.8,0.0,0.0,989.5,9.7,125,1,575.0
2026-01-22T18:00,116.2,119.0,1116.0,50.5,56.5,131.0,191,90,5.0,,20.4,59,19.9,0.0,0.0,990.1,8.2,140,2,465.0
2026-01-22T19:00,122.9,125.3,1162.0,49.4,52.3,113.0,192,93,5.0,,19.5,66,19.0,0.0,0.0,990.3,9.4,138,3,385.0
2026-01-22T20:00,122.5,124.8,1163.0,46.4,48.4,101.0,193,93,4.0,,19.0,68,18.3,0.0,0.0,990.6,10.9,130,3,345.0
2026-01-22T21:00,119.7,121.5,1096.0,40.1,45.7,102.0,194,92,4.0,,18.7,69,17.8,0.0,0.0,990.5,12.1,132,3,345.0
2026-01-22T22:00,115.7,117.8,983.0,31.9,43.3,109.0,194,90,3.0,,18.1,70,17.1,0.0,0.0,989.9,12.4,124,1,330.0
2026-01-22T23:00,108.7,110.4,876.0,24.9,40.5,114.0,194,87,3.0,,17.9,70,16.5,0.0,0.0,989.7,14.6,135,0,370.0
2026-01-23T00:00,101.7,103.1,784.0,20.2,36.5,114.0,194,85,3.0,,17.1,72,15.6,0.0,0.0,989.4,14.4,130,3,430.0
2026-01-23T01:00,95.7,96.9,697.0,16.6,31.9,112.0,194,82,2.0,,16.6,74,14.9,0.0,0.0,988.9,15.4,132,1,455.0
2026-01-23T02:00,91.7,92.9,636.0,13.8,28.3,111.0,193,81,2.0,,16.2,74,14.3,0.0,0.0,988.4,16.2,129,3,445.0
2026-01-23T03:00,89.2,90.1,604.0,11.2,25.9,112.0,192,80,2.0,,16.2,73,14.9,0.0,0.0,988.1,11.6,139,2,495.0
2026-01-23T04:00,85.2,85.9,597.0,9.4,24.4,113.0,191,78,1.0,,16.3,71,15.1,0.0,0.0,987.8,10.4,141,2,480.0
2026-01-23T05:00,71.7,72.2,625.0,10.0,23.0,108.0,190,71,1.0,,15.7,75,13.9,0.0,0.0,987.3,15.2,132,2,465.0
2026-01-23T06:00,74.0,74.5,718.0,14.2,24.3,102.0,189,72,1.0,,15.3,77,13.4,0.0,0.0,987.2,15.8,122,2,540.0
2026-01-23T07:00,77.1,77.5,846.0,20.1,26.1,94.0,187,74,1.0,,15.1,78,13.2,0.0,0.0,988.3,15.5,145,3,610.0
2026-01-23T08:00,83.1,83.8,928.0,25.5,27.8,86.0,184,77,1.0,,14.6,85,14.0,3.9,3.9,991.0,8.7,212,63,350.0
2026-01-23T09:00,94.5,95.2,928.0,30.8,30.0,78.0,180,82,1.0,,14.4,88,13.3,2.4,2.4,991.3,13.1,124,61,375.0
2026-01-23T10:00,97.1,97.8,883.0,35.6,32.2,70.0,178,83,1.0,,14.7,88,12.8,1.0,1.0,991.3,18.1,120,55,440.0
2026-01-23T11:00,91.3,92.0,820.0,37.0,32.1,68.0,177,81,1.0,,14.1,90,12.3,1.8,1.8,991.6,17.6,123,61,440.0
2026-01-23T12:00,84.8,85.4,718.0,31.2,27.5,78.0,177,77,1.0,,14.6,89,12.7,0.7,0.7,990.3,18.8,122,53,475.0
2026-01-23T13:00,73.8,74.5,598.0,22.0,20.6,93.0,177,72,2.0,,16.1,84,14.7,1.6,1.6,989.7,16.5,117,61,495.0
2026-01-23T14:00,63.6,65.0,558.0,17.2,16.3,101.0,177,67,2.0,,17.5,75,15.8,0.0,0.0,989.0,17.7,140,3,835.0
2026-01-23T15:00,62.6,63.8,634.0,20.7,16.4,96.0,177,66,2.0,,16.8,82,16.4,2.4,2.4,988.8,11.3,108,61,645.0
2026-01-23T16:00,62.6,64.3,790.0,28.8,19.0,84.0,177,66,2.0,,16.7,84,16.2,0.1,0.1,988.9,12.3,149,51,660.0
2026-01-23T17:00,94.3,97.1,1009.0,26.2,25.3,101.0,176,82,5.0,,15.5,85,14.3,8.6,8.6,990.5,14.7,101,65,520.0
2026-01-23T18:00,95.9,98.5,1324.0,32.7,26.5,88.0,176,82,5.0,,14.4,88,14.2,0.7,0.7,991.6,6.2,170,53,425.0
2026-01-23T19:00,93.1,96.6,1702.0,41.7,28.3,70.0,175,81,5.0,,14.4,91,13.9,0.2,0.2,992.8,9.5,134,51,430.0
2026-01-23T20:00,98.7,101.5,2034.0,49.4,31.4,55.0,174,83,5.0,,14.2,92,13.8,0.2,0.2,993.4,8.8,139,51,350.0
2026-01-23T21:00,106.6,109.9,2345.0,55.0,37.8,46.0,174,87,5.0,,13.7,93,13.8,0.2,0.2,993.9,4.6,169,51,110.0
2026-01-23T22:00,120.1,123.4,2609.0,59.3,45.4,39.0,173,92,5.0,,13.1,92,13.4,0.1,0.1,994.3,1.2,129,51,35.0
2026-01-23T23:00,122.5,125.3,2643.0,60.7,48.9,34.0,173,93,5.0,,12.9,95,13.1,0.0,0.0,994.8,2.8,18,3,40.0
2026-01-24T00:00,116.4,119.0,2279.0,58.4,44.5,30.0,174,91,5.0,,12.5,95,12.9,0.0,0.0,995.1,1.2,321,3,25.0
2026-01-24T01:00,113.9,116.2,1684.0,53.4,36.0,28.0,174,90,4.0,,12.9,94,12.6,0.0,0.0,995.2,6.1,289,3,115.0
2026-01-24T02:00,103.6,105.7,1174.0,46.5,28.6,29.0,175,85,4.0,,12.3,97,11.4,0.0,0.0,995.5,10.0,303,3,220.0
2026-01-24T03:00,84.5,87.3,842.0,36.1,24.1,35.0,175,77,5.0,,11.2,97,10.0,0.0,0.0,995.7,10.1,297,3,245.0
2026-01-24T04:00,71.9,75.7,596.0,24.0,20.8,44.0,175,71,7.0,,9.7,89,7.4,0.0,0.0,996.1,12.0,315,3,255.0
2026-01-24T05:00,38.9,44.8,476.0,11.3,16.2,54.0,175,54,11.0,,9.9,75,7.2,0.0,0.0,996.7,10.6,334,3,300.0
2026-01-24T06:00,39.6,47.1,566.0,14.6,18.0,48.0,174,54,12.0,,9.3,70,6.3,0.0,0.0,997.5,10.8,342,3,335.0
2026-01-24T07:00,45.1,53.6,783.0,19.1,20.6,39.0,173,57,14.0,,9.0,70,6.1,0.0,0.0,998.3,10.1,338,3,295.0
2026-01-24T08:00,50.5,59.0,918.0,21.6,22.6,38.0,172,60,15.0,,9.6,69,7.0,0.0,0.0,998.8,8.1,342,3,285.0
2026-01-24T09:00,52.6,62.2,867.0,20.1,23.4,50.0,171,61,17.0,,10.8,65,8.2,0.0,0.0,999.6,8.4,340,1,385.0
2026-01-24T10:00,53.0,63.8,734.0,16.6,23.7,69.0,169,62,18.0,,12.2,59,9.6,0.0,0.0,999.7,8.6,349,1,445.0
2026-01-24T11:00,49.6,60.1,621.0,13.8,24.3,85.0,168,60,19.0,,14.0,50,11.1,0.0,0.0,999.6,9.8,332,0,430.0
2026-01-24T12:00,42.1,51.0,555.0,12.0,25.8,98.0,167,55,18.0,,15.4,45,12.8,0.0,0.0,998.3,9.4,340,1,520.0
2026-01-24T13:00,37.1,44.7,509.0,10.8,27.6,109.0,166,53,15.0,,16.1,44,13.7,0.0,0.0,997.3,9.5,324,0,615.0
2026-01-24T14:00,34.7,41.8,501.0,11.9,29.0,111.0,164,51,13.0,,16.4,46,13.6,0.0,0.0,996.7,10.3,319,0,635.0
2026-01-24T15:00,32.6,39.6,556.0,16.9,29.7,100.0,164,50,12.0,,16.2,49,13.4,0.0,0.0,995.9,10.9,321,3,615.0
2026-01-24T16:00,31.7,38.8,650.0,24.1,29.8,81.0,163,50,11.0,,15.4,52,12.7,0.0,0.0,995.5,10.4,318,3,570.0
2026-01-24T17:00,40.2,51.5,729.0,28.1,26.3,60.0,162,54,21.0,,14.0,60,11.7,0.0,0.0,995.0,9.6,317,3,450.0
2026-01-24T18:00,47.4,57.2,780.0,30.1,26.2,53.0,160,59,22.0,,12.5,66,10.2,0.0,0.0,995.6,8.9,315,3,395.0
2026-01-24T19:00,53.2,63.3,818.0,32.7,25.9,44.0,159,62,22.0,,11.6,69,9.4,0.0,0.0,996.4,8.8,309,3,365.0
2026-01-24T20:00,57.3,70.3,830.0,33.8,25.3,37.0,158,64,24.0,,10.7,71,8.4,0.0,0.0,996.9,8.7,315,3,330.0
2026-01-24T21:00,59.6,76.1,806.0,31.9,24.1,36.0,156,65,27.0,,10.0,73,7.6,0.0,0.0,997.0,8.5,306,3,280.0
2026-01-24T22:00,61.5,80.3,758.0,28.5,22.5,38.0,155,66,31.0,,9.4,74,6.8,0.0,0.0,996.8,9.0,313,3,270.0
2026-01-24T23:00,62.4,81.5,708.0,25.2,20.9,39.0,153,66,34.0,,9.1,75,6.2,0.0,0.0,996.6,10.7,312,3,280.0
2026-01-25T00:00,61.0,80.6,657.0,22.5,19.4,39.0,151,66,36.0,,8.8,75,6.1,0.0,0.0,996.0,9.0,305,3,240.0
2026-01-25T01:00,60.5,81.0,605.0,19.9,17.9,39.0,149,65,37.0,,8.4,76,5.7,0.0,0.0,995.6,9.2,305,3,215.0
2026-01-25T02:00,61.0,81.7,575.0,18.1,16.8,38.0,144,66,37.0,,8.3,76,5.7,0.0,0.0,995.0,8.1,301,3,200.0
2026-01-25T03:00,61.0,81.7,569.0,17.3,16.1,36.0,139,66,37.0,,7.7,79,5.1,0.0,0.0,994.4,7.7,294,3,185.0
2026-01-25T04:00,60.3,81.0,586.0,17.3,15.9,33.0,137,65,37.0,,7.2,81,4.7,0.0,0.0,993.7,7.3,290,3,170.0
2026-01-25T05:00,58.9,80.8,646.0,18.9,16.7,30.0,136,64,37.0,,6.9,84,4.4,0.0,0.0,993.9,7.7,282,3,165.0
2026-01-25T06:00,58.7,80.8,798.0,22.0,19.5,26.0,138,64,35.0,,6.8,85,4.5,0.0,0.0,994.1,6.3,277,2,135.0
2026-01-25T07:00,64.0,85.2,993.0,26.1,23.4,21.0,140,67,32.0,,6.4,86,3.7,0.0,0.0,994.6,9.2,274,0,160.0
2026-01-25T08:00,68.2,84.8,1102.0,27.8,26.4,24.0,142,69,28.0,,7.1,84,4.4,0.0,0.0,995.5,9.4,278,0,200.0
2026-01-25T09:00,64.5,80.6,1048.0,24.7,27.4,43.0,143,67,23.0,,8.9,78,6.2,0.0,0.0,996.2,9.8,278,0,230.0
2026-01-25T10:00,61.7,73.1,908.0,19.2,27.5,71.0,145,66,19.0,,11.2,72,9.0,0.0,0.0,996.6,8.8,279,0,285.0
2026-01-25T11:00,58.6,67.1,782.0,14.7,27.6,95.0,146,64,15.0,,13.6,65,11.5,0.0,0.0,996.0,9.6,283,0,380.0
2026-01-25T12:00,54.8,62.2,677.0,11.6,28.1,112.0,146,62,14.0,,15.1,59,13.4,0.0,0.0,995.3,10.0,291,0,480.0
2026-01-25T13:00,50.5,58.0,587.0,9.6,28.6,124.0,148,62,14.0,,16.0,54,14.4,0.0,0.0,994.3,9.1,295,0,580.0
2026-01-25T14:00,47.5,55.9,595.0,10.3,29.1,128.0,149,64,15.0,,16.4,53,14.6,0.0,0.0,993.7,8.1,301,0,650.0
2026-01-25T15:00,46.6,56.8,777.0,14.8,29.1,120.0,150,60,17.0,,16.5,53,14.6,0.0,0.0,993.5,7.1,304,0,690.0
2026-01-25T16:00,47.3,60.1,1058.0,22.1,29.0,104.0,151,58,19.0,,15.9,57,14.3,0.0,0.0,992.8,5.7,316,0,650.0
2026-01-25T17:00,70.1,85.7,1295.0,37.1,36.4,78.0,151,70,29.0,,14.2,73,13.4,0.0,0.0,992.7,4.0,291,0,185.0
2026-01-25T18:00,85.4,101.3,1449.0,44.8,37.6,64.0,152,78,32.0,,12.8,75,11.5,0.0,0.0,993.4,5.3,282,0,120.0
2026-01-25T19:00,92.7,110.6,1558.0,55.2,39.2,44.0,153,81,36.0,,12.0,77,10.7,0.0,0.0,993.6,5.3,278,0,95.0
2026-01-25T20:00,97.1,119.7,1597.0,61.8,39.9,29.0,154,83,41.0,,11.2,79,9.8,0.0,0.0,994.1,5.4,266,0,85.0
2026-01-25T21:00,103.1,130.4,1528.0,61.2,39.2,24.0,155,85,49.0,,10.6,79,9.0,0.0,0.0,994.6,6.0,267,0,90.0
2026-01-25T22:00,104.1,136.0,1387.0,56.8,37.6,25.0,157,86,57.0,,9.9,81,8.3,0.0,0.0,994.5,5.4,274,0,80.0
2026-01-25T23:00,100.4,137.4,1259.0,52.6,35.7,25.0,158,84,63.0,,9.2,85,7.7,0.0,0.0,994.2,4.8,290,0,80.0
2026-01-26T00:00,101.3,142.0,1169.0,50.1,33.2,24.0,159,85,64.0,,8.7,86,7.1,0.0,0.0,993.8,4.7,288,0,65.0
2026-01-26T01:00,104.3,144.4,1091.0,47.9,30.4,23.0,160,86,63.0,,8.2,88,6.6,0.0,0.0,993.4,4.4,258,0,50.0
2026-01-26T02:00,101.7,136.4,1033.0,45.7,28.3,22.0,162,85,59.0,,7.8,89,6.0,0.0,0.0,993.4,4.9,260,3,50.0
2026-01-26T03:00,101.7,132.2,964.0,43.1,27.1,22.0,163,85,52.0,,7.5,89,5.6,0.0,0.0,993.4,5.6,270,1,65.0
2026-01-26T04:00,102.7,127.1,915.0,40.6,26.7,23.0,164,85,42.0,,6.9,90,5.0,0.0,0.0,993.0,4.7,254,0,55.0
2026-01-26T05:00,101.0,122.5,988.0,36.9,26.2,28.0,165,84,38.0,,6.3,93,4.4,0.0,0.0,993.2,4.9,276,0,55.0
2026-01-26T06:00,103.6,119.7,1326.0,40.7,30.4,24.0,167,85,31.0,,6.4,92,4.5,0.0,0.0,993.7,4.6,283,0,55.0
2026-01-26T07:00,120.6,134.6,1787.0,45.7,36.2,19.0,168,92,22.0,,6.2,93,4.3,0.0,0.0,994.4,4.2,295,0,55.0
2026-01-26T08:00,132.2,140.6,2044.0,47.1,41.0,28.0,170,97,15.0,,7.9,89,6.3,0.0,0.0,995.3,4.3,294,0,60.0
2026-01-26T09:00,118.3,124.8,1903.0,41.3,42.6,62.0,171,91,14.0,,10.5,83,9.5,0.0,0.0,996.3,2.2,305,0,105.0
2026-01-26T10:00,105.2,111.5,1558.0,31.9,43.1,109.0,173,86,15.0,,13.1,76,12.6,0.0,0.0,997.0,1.0,292,0,180.0
2026-01-26T11:00,98.5,107.6,1269.0,25.1,46.5,147.0,174,83,17.0,,15.2,68,15.0,0.0,0.0,996.4,0.8,27,0,360.0
2026-01-26T12:00,88.2,100.8,1082.0,22.0,55.5,168.0,176,88,19.0,,17.1,62,17.5,0.0,0.0,995.6,1.0,59,0,570.0
2026-01-26T13:00,78.9,91.7,951.0,21.5,67.4,179.0,177,99,21.0,,18.1,58,18.5,0.0,0.0,994.8,0.9,217,0,710.0
2026-01-26T14:00,76.6,88.5,990.0,26.6,77.8,181.0,177,101,22.0,,18.7,55,18.5,0.0,0.0,993.7,1.5,240,0,780.0
2026-01-26T15:00,76.6,87.5,1297.0,39.3,84.1,172.0,178,92,21.0,,18.8,54,18.5,0.0,0.0,993.2,1.0,68,0,790.0
2026-01-26T16:00,78.9,89.4,1775.0,57.6,89.0,153.0,179,77,19.0,,18.5,56,18.1,0.0,0.0,993.2,2.2,76,1,765.0
2026-01-26T17:00,110.4,119.0,2248.0,81.4,90.2,115.0,180,88,16.0,,17.0,69,16.8,0.0,0.0,992.8,3.8,79,3,130.0
2026-01-26T18:00,143.0,151.3,2733.0,102.5,98.1,85.0,181,101,15.0,,16.2,73,16.1,0.0,0.0,993.4,3.3,135,3,60.0
2026-01-26T19:00,170.9,179.3,3213.0,131.3,108.9,44.0,183,112,15.0,,15.2,77,14.8,0.0,0.0,993.6,4.3,138,2,65.0
2026-01-26T20:00,190.0,197.9,3465.0,150.4,116.3,13.0,185,120,14.0,,14.2,79,13.9,0.0,0.0,994.3,3.3,189,1,40.0
2026-01-26T21:00,216.1,224.0,3354.0,151.3,118.0,2.0,188,130,13.0,,13.4,77,13.1,0.0,0.0,994.4,0.9,37,1,10.0
2026-01-26T22:00,237.0,244.9,3014.0,142.5,116.2,2.0,191,139,13.0,,12.6,79,11.8,0.0,0.0,994.1,3.2,47,0,30.0
2026-01-26T23:00,233.8,240.3,2626.0,131.6,111.4,4.0,195,138,12.0,,12.9,77,12.5,0.0,0.0,994.3,1.0,121,0,20.0
2026-01-27T00:00,211.4,218.4,2202.0,120.0,102.3,7.0,199,129,12.0,,12.2,80,11.2,0.0,0.0,993.9,4.1,90,0,50.0
2026-01-27T01:00,204.0,210.9,1730.0,106.2,90.1,13.0,204,126,12.0,,11.6,83,10.7,0.0,0.0,993.6,3.9,112,0,40.0
2026-01-27T02:00,196.0,202.6,1351.0,94.2,78.6,19.0,208,122,12.0,,11.1,86,9.9,0.0,0.0,993.2,5.7,101,0,55.0
2026-01-27T03:00,176.0,182.1,1105.0,85.5,68.9,25.0,212,114,12.0,,11.3,83,9.8,0.0,0.0,992.8,7.1,106,0,80.0
2026-01-27T04:00,156.9,163.4,952.0,78.4,59.9,31.0,215,107,12.0,,11.4,81,9.7,0.0,0.0,992.0,8.1,125,0,110.0
2026-01-27T05:00,123.9,130.4,917.0,52.7,46.0,57.0,217,94,11.0,,11.2,81,9.6,0.0,0.0,992.2,7.8,134,0,110.0
2026-01-27T06:00,116.6,122.9,1087.0,53.2,45.0,58.0,218,91,10.0,,11.4,79,9.7,0.0,0.0,992.5,8.0,132,0,125.0
2026-01-27T07:00,116.9,122.5,1373.0,53.6,43.7,59.0,219,91,10.0,,11.5,80,9.8,0.0,0.0,992.7,7.9,123,1,130.0
2026-01-27T08:00,115.5,120.6,1538.0,51.7,42.6,65.0,219,90,9.0,,12.7,79,11.1,0.0,0.0,993.2,8.8,107,3,160.0
2026-01-27T09:00,110.6,114.6,1455.0,45.7,42.3,79.0,218,88,9.0,,13.9,75,13.4,0.8,0.8,993.8,2.5,82,53,215.0
2026-01-27T10:00,102.7,107.3,1250.0,37.4,42.2,96.0,217,85,9.0,,14.7,77,14.1,9.5,9.5,995.5,5.3,35,65,230.0
2026-01-27T11:00,91.7,97.1,1060.0,30.6,41.6,111.0,217,81,9.0,,15.9,77,15.2,0.0,0.0,994.7,8.3,129,1,340.0
2026-01-27T12:00,85.2,90.1,909.0,26.1,40.1,121.0,217,78,9.0,,18.1,73,17.6,0.1,0.1,993.5,10.5,119,51,550.0
2026-01-27T13:00,85.4,90.1,772.0,23.1,38.1,128.0,217,78,8.0,,19.3,72,18.7,0.0,0.0,992.5,14.4,134,1,625.0
2026-01-27T14:00,85.2,89.4,712.0,22.1,35.6,129.0,217,78,7.0,,19.7,72,19.3,0.0,0.0,991.3,13.2,133,3,690.0
2026-01-27T15:00,84.1,87.5,796.0,24.5,32.3,120.0,218,77,6.0,,19.2,75,19.2,0.2,0.2,991.0,10.6,136,51,750.0
2026-01-27T16:00,84.3,87.1,958.0,28.9,28.4,104.0,218,77,5.0,,18.8,78,18.0,0.0,0.0,990.3,16.2,140,2,760.0
2026-01-27T17:00,102.0,103.8,1059.0,31.3,20.9,84.0,218,85,3.0,,15.9,91,16.1,0.0,0.0,991.4,8.5,117,1,445.0
2026-01-27T18:00,103.4,105.7,1020.0,34.7,22.7,76.0,218,85,3.0,,15.0,93,14.9,1.3,1.3,991.8,9.2,90,61,390.0
2026-01-27T19:00,107.6,110.1,921.0,39.4,25.3,64.0,216,87,4.0,,14.5,92,14.0,0.4,0.4,992.4,10.3,101,51,305.0
2026-01-27T20:00,114.3,116.6,867.0,43.6,27.9,54.0,214,90,4.0,,14.4,91,13.9,0.0,0.0,992.8,9.8,104,3,290.0
2026-01-27T21:00,123.9,126.2,927.0,47.4,30.9,46.0,210,94,4.0,,14.4,92,14.2,0.0,0.0,993.1,8.3,123,3,215.0
2026-01-27T22:00,127.6,129.5,1032.0,50.6,33.9,39.0,207,95,4.0,,13.8,95,13.6,0.0,0.0,992.9,8.1,114,1,185.0
2026-01-27T23:00,125.7,128.1,1078.0,51.1,35.1,36.0,202,94,4.0,,13.3,96,12.8,0.0,0.0,993.2,9.2,118,1,250.0
2026-01-28T00:00,119.0,121.5,999.0,47.0,32.9,38.0,198,92,4.0,,12.4,97,12.5,0.1,0.1,993.0,3.6,117,51,155.0
2026-01-28T01:00,117.1,120.1,861.0,40.1,28.9,43.0,195,91,5.0,,13.0,93,13.3,3.5,3.5,993.0,1.9,61,63,75.0
2026-01-28T02:00,118.3,121.5,765.0,34.2,25.7,46.0,193,91,5.0,,12.2,96,12.1,1.1,1.1,993.2,4.1,77,55,115.0
2026-01-28T03:00,116.4,119.0,756.0,30.2,24.1,45.0,191,91,5.0,,12.3,95,12.7,2.9,2.9,993.1,0.8,225,63,25.0
2026-01-28T04:00,114.3,117.1,787.0,27.2,23.2,42.0,189,90,4.0,,12.5,94,12.3,0.0,0.0,992.6,4.6,261,2,70.0
2026-01-28T05:00,85.4,87.3,823.0,21.0,23.9,54.0,187,78,3.0,,11.7,95,11.2,0.0,0.0,993.0,5.8,272,2,75.0
2026-01-28T06:00,74.7,76.4,863.0,23.0,24.7,50.0,186,72,3.0,,12.5,97,11.9,0.0,0.0,993.7,8.0,284,3,200.0
2026-01-28T07:00,81.5,82.9,907.0,25.6,25.9,46.0,185,76,2.0,,12.7,98,12.5,0.0,0.0,994.6,6.3,301,3,265.0
2026-01-28T08:00,67.5,68.9,915.0,26.3,27.0,48.0,184,69,2.0,,13.4,94,12.9,0.0,0.0,995.6,8.0,310,3,325.0
2026-01-28T09:00,48.8,50.6,858.0,23.2,28.3,61.0,183,59,3.0,,13.9,91,13.3,0.0,0.0,996.8,9.1,326,3,380.0
2026-01-28T10:00,47.5,49.7,766.0,18.2,29.6,80.0,181,59,5.0,,14.4,88,14.0,0.0,0.0,997.1,7.6,346,3,455.0
2026-01-28T11:00,44.0,47.3,690.0,14.1,30.0,97.0,179,57,6.0,,16.0,81,15.8,0.0,0.0,996.5,7.5,345,2,590.0
2026-01-28T12:00,44.5,48.7,640.0,11.5,28.8,109.0,178,57,7.0,,16.8,76,16.7,0.0,0.0,995.9,6.0,357,1,790.0
2026-01-28T13:00,44.2,48.8,606.0,9.9,26.6,119.0,177,59,9.0,,17.7,70,17.8,0.0,0.0,995.2,3.9,347,1,995.0
2026-01-28T14:00,41.2,46.1,609.0,10.7,25.0,122.0,175,61,9.0,,18.2,66,18.0,0.0,0.0,994.9,4.3,327,1,1110.0
2026-01-28T15:00,37.8,42.1,660.0,15.2,24.2,114.0,174,54,8.0,,18.4,63,17.9,0.0,0.0,994.9,5.9,320,1,1210.0
2026-01-28T16:00,35.3,38.8,748.0,22.2,24.0,99.0,173,52,6.0,,18.0,63,17.1,0.0,0.0,995.0,7.5,310,1,1120.0
2026-01-28T17:00,77.1,85.0,862.0,36.3,27.0,72.0,171,74,14.0,,16.9,71,16.7,0.0,0.0,994.8,5.1,293,0,470.0
2026-01-28T18:00,93.6,99.9,1027.0,42.9,29.8,59.0,170,81,13.0,,15.2,79,14.9,0.0,0.0,994.6,4.6,301,0,150.0
2026-01-28T19:00,102.0,107.3,1217.0,51.9,33.6,41.0,170,85,11.0,,14.5,83,14.2,0.0,0.0,995.0,5.3,315,0,205.0
2026-01-28T20:00,108.7,113.6,1342.0,57.6,36.2,28.0,170,87,9.0,,13.6,86,13.2,0.0,0.0,995.0,4.9,309,0,145.0
2026-01-28T21:00,113.2,117.6,1364.0,57.4,36.9,23.0,170,89,8.0,,12.8,87,12.4,0.0,0.0,995.2,4.7,298,0,110.0
2026-01-28T22:00,117.3,121.5,1321.0,53.9,36.4,21.0,169,91,8.0,,12.2,88,11.7,0.0,0.0,995.0,4.5,293,0,85.0
2026-01-28T23:00,118.0,122.0,1239.0,49.0,34.3,22.0,169,91,7.0,,11.8,93,11.2,0.0,0.0,995.2,5.1,293,0,90.0
2026-01-29T00:00,111.8,115.3,1097.0,42.7,29.6,24.0,169,89,6.0,,12.0,93,11.4,0.0,0.0,994.9,6.2,303,0,115.0
2026-01-29T01:00,104.5,107.8,916.0,35.0,23.5,28.0,169,86,6.0,,11.8,94,11.0,0.0,0.0,994.9,7.5,307,0,135.0
2026-01-29T02:00,99.2,102.2,782.0,28.5,18.7,32.0,168,84,5.0,,11.5,95,10.5,0.0,0.0,994.5,7.9,305,0,145.0
2026-01-29T03:00,96.4,99.2,727.0,23.5,16.4,35.0,168,83,5.0,,10.9,96,9.9,0.0,0.0,994.3,7.2,302,0,150.0
2026-01-29T04:00,95.5,98.0,718.0,19.7,15.5,38.0,167,82,4.0,,10.4,96,9.4,0.0,0.0,993.7,6.5,302,0,140.0
2026-01-29T05:00,94.5,97.1,746.0,17.9,15.6,41.0,167,82,5.0,,10.5,100,9.6,0.0,0.0,994.1,6.8,299,3,135.0
2026-01-29T06:00,95.7,98.3,842.0,22.7,18.5,35.0,167,82,4.0,,10.6,100,9.8,0.0,0.0,994.4,6.2,296,3,130.0
2026-01-29T07:00,102.4,105.0,974.0,29.1,22.6,28.0,167,85,3.0,,10.8,99,9.9,0.0,0.0,995.0,7.0,291,3,140.0
2026-01-29T08:00,110.4,112.2,1035.0,32.0,25.7,32.0,168,88,3.0,,11.1,99,10.2,0.0,0.0,995.5,7.7,295,3,130.0
2026-01-29T09:00,105.9,108.3,955.0,28.0,27.0,56.0,169,86,3.0,,11.9,94,10.9,0.0,0.0,996.5,9.1,295,3,155.0
2026-01-29T10:00,96.6,99.4,803.0,20.5,27.3,91.0,171,83,4.0,,13.8,88,13.1,0.0,0.0,996.9,8.5,295,3,305.0
2026-01-29T11:00,78.7,81.7,682.0,14.5,27.5,119.0,173,74,5.0,,15.3,80,14.4,0.0,0.0,997.2,9.8,308,1,545.0
2026-01-29T12:00,64.0,66.8,621.0,11.2,27.8,135.0,174,68,5.0,,16.8,71,16.0,0.0,0.0,996.2,8.0,312,1,680.0
2026-01-29T13:00,57.5,60.3,591.0,9.4,27.8,143.0,174,72,5.0,,17.7,67,17.5,0.0,0.0,995.2,7.3,308,1,715.0
2026-01-29T14:00,53.6,56.2,604.0,10.1,27.8,144.0,175,72,5.0,,18.3,66,17.8,0.0,0.0,994.4,7.5,310,0,755.0
2026-01-29T15:00,51.5,54.0,674.0,14.5,27.4,134.0,175,67,4.0,,18.4,64,17.8,0.0,0.0,994.0,7.1,317,0,780.0
2026-01-29T16:00,50.2,52.4,787.0,21.4,26.9,115.0,175,60,4.0,,18.0,67,17.5,0.0,0.0,993.8,6.9,317,0,750.0
2026-01-29T17:00,69.4,72.6,914.0,33.6,28.0,83.0,176,70,6.0,,16.1,77,15.8,0.0,0.0,994.0,6.4,310,1,585.0
2026-01-29T18:00,76.8,79.4,1071.0,40.3,29.7,69.0,176,73,5.0,,14.3,84,14.1,0.0,0.0,994.0,5.0,311,3,200.0
2026-01-29T19:00,82.7,85.0,1241.0,49.3,32.0,49.0,175,76,4.0,,13.9,85,13.5,0.0,0.0,994.3,5.3,305,3,160.0
2026-01-29T20:00,87.8,89.6,1349.0,55.1,33.5,34.0,174,79,3.0,,13.4,86,12.9,0.0,0.0,994.7,5.2,297,1,125.0
2026-01-29T21:00,91.3,92.9,1357.0,54.9,33.8,28.0,174,81,3.0,,12.4,89,11.9,0.0,0.0,995.2,5.0,289,0,90.0
2026-01-29T22:00,94.3,95.7,1303.0,51.5,33.3,27.0,173,82,2.0,,11.7,91,11.0,0.0,0.0,995.0,4.8,304,0,75.0
2026-01-29T23:00,92.9,94.1,1221.0,46.9,31.9,28.0,173,81,2.0,,11.1,92,10.4,0.0,0.0,994.8,4.5,286,1,65.0
2026-01-30T00:00,89.2,90.1,1098.0,41.2,28.9,30.0,172,80,2.0,,10.8,93,10.0,0.0,0.0,994.5,5.0,289,1,70.0
2026-01-30T01:00,86.8,87.8,947.0,34.3,25.0,34.0,171,78,1.0,,10.3,94,9.4,0.0,0.0,994.4,5.2,286,3,70.0
2026-01-30T02:00,82.9,83.6,841.0,28.5,22.0,38.0,171,76,1.0,,10.1,94,9.0,0.0,0.0,993.7,5.4,296,3,75.0
2026-01-30T03:00,79.2,79.9,785.0,23.8,20.4,42.0,170,75,1.0,,10.4,92,9.2,0.0,0.0,993.7,6.8,299,3,100.0
2026-01-30T04:00,76.6,77.1,773.0,20.2,19.7,45.0,170,73,1.0,,10.5,91,9.2,0.0,0.0,993.7,7.1,300,2,125.0
2026-01-30T05:00,82.7,83.4,864.0,23.2,22.0,41.0,169,76,1.0,,9.7,94,8.6,0.0,0.0,993.4,4.9,306,3,70.0
2026-01-30T06:00,80.8,81.3,1177.0,31.3,28.1,32.0,169,75,1.0,,8.9,94,7.8,0.0,0.0,993.8,4.1,272,2,50.0
2026-01-30T07:00,94.3,95.0,1593.0,41.9,36.3,22.0,168,82,1.0,,8.5,95,7.4,0.0,0.0,993.5,3.7,247,3,35.0
2026-01-30T08:00,114.8,115.3,1806.0,46.7,41.7,24.0,168,90,1.0,,10.8,92,9.6,0.0,0.0,994.5,7.2,271,2,80.0
2026-01-30T09:00,100.1,100.6,1622.0,39.8,41.3,52.0,168,84,1.0,,12.7,89,12.1,0.0,0.0,995.5,6.0,277,1,165.0
2026-01-30T10:00,81.3,82.2,1236.0,27.0,38.1,93.0,168,76,2.0,,14.8,80,14.3,0.0,0.0,995.8,6.6,287,3,260.0
2026-01-30T11:00,67.1,68.5,925.0,16.9,35.2,125.0,167,69,2.0,,16.6,73,16.2,0.0,0.0,995.7,6.7,289,3,405.0
2026-01-30T12:00,56.7,58.4,786.0,12.1,33.9,140.0,167,70,3.0,,18.1,65,18.2,0.0,0.0,994.8,6.1,289,2,505.0
2026-01-30T13:00,51.5,53.6,722.0,10.0,33.0,145.0,167,73,4.0,,19.0,61,19.3,0.0,0.0,993.6,5.2,290,2,590.0
2026-01-30T14:00,48.8,51.0,725.0,11.5,32.4,143.0,167,72,4.0,,19.5,59,19.4,0.0,0.0,992.7,5.2,286,3,680.0
2026-01-30T15:00,48.8,51.0,719.0,17.6,31.6,131.0,167,66,4.0,,19.5,58,18.9,0.0,0.0,992.6,6.0,291,3,725.0
2026-01-30T16:00,49.7,51.7,780.0,27.3,31.1,111.0,167,60,3.0,,18.9,61,18.4,0.0,0.0,992.6,5.6,297,3,705.0
2026-01-30T17:00,73.6,75.2,1125.0,50.7,41.0,80.0,167,72,3.0,,17.6,75,17.9,0.0,0.0,992.4,3.9,294,3,330.0
2026-01-30T18:00,93.1,94.8,2031.0,61.9,47.1,62.0,167,81,3.0,,16.1,78,16.4,0.0,0.0,992.4,2.4,287,3,35.0
2026-01-30T19:00,112.0,113.9,3221.0,77.3,55.9,36.0,167,89,3.0,,15.3,80,15.7,0.0,0.0,992.7,0.6,342,1,15.0
2026-01-30T20:00,135.5,137.4,4080.0,89.3,66.0,16.0,168,98,3.0,,14.4,83,14.7,0.0,0.0,993.0,0.6,124,0,10.0
2026-01-30T21:00,157.9,159.7,4331.0,94.9,79.6,7.0,169,107,3.0,,13.6,86,13.8,0.0,0.0,993.5,1.0,158,0,15.0
2026-01-30T22:00,177.4,181.1,4251.0,97.0,94.3,2.0,171,115,3.0,,12.9,87,12.9,0.0,0.0,993.4,1.1,171,0,15.0
2026-01-30T23:00,188.1,193.7,4057.0,96.4,101.8,0.0,174,119,3.0,,12.6,89,12.6,0.0,0.0,993.3,1.6,153,0,15.0
2026-01-31T00:00,187.2,193.2,3781.0,92.2,96.5,0.0,177,119,3.0,,12.0,91,11.9,0.0,0.0,993.3,2.2,145,1,20.0
2026-01-31T01:00,198.4,202.6,3392.0,85.3,84.0,0.0,180,123,4.0,,10.9,99,10.7,0.0,0.0,993.0,2.3,141,0,15.0
2026-01-31T02:00,210.5,214.2,3013.0,78.9,72.2,0.0,183,128,4.0,,10.5,99,10.4,0.0,0.0,992.9,1.5,97,3,15.0
2026-01-31T03:00,204.4,207.2,2620.0,74.0,63.4,3.0,187,126,4.0,,10.0,100,9.7,0.0,0.0,992.8,1.8,79,3,20.0
2026-01-31T04:00,193.2,196.0,2237.0,69.5,55.4,7.0,190,121,4.0,,10.3,99,10.0,0.0,0.0,992.7,2.2,81,3,35.0
2026-01-31T05:00,158.8,161.1,2063.0,56.4,31.3,21.0,194,108,4.0,,9.2,100,8.4,0.0,0.0,992.8,3.2,142,3,20.0
2026-01-31T06:00,152.7,154.1,2313.0,56.1,33.3,14.0,196,105,3.0,,9.4,100,8.8,0.0,0.0,993.3,3.0,128,3,10.0
2026-01-31T07:00,156.0,157.4,2771.0,55.7,36.2,6.0,198,106,2.0,,9.6,99,8.8,0.0,0.0,993.9,3.7,101,3,60.0
2026-01-31T08:00,166.7,167.6,2991.0,55.0,39.3,11.0,200,111,2.0,,10.6,98,10.0,0.0,0.0,994.8,4.0,93,3,75.0
2026-01-31T09:00,163.4,164.8,2729.0,54.6,42.4,40.0,202,109,2.0,,12.0,96,12.0,0.0,0.0,995.5,2.9,137,3,95.0
2026-01-31T10:00,155.5,157.4,2228.0,54.1,45.8,83.0,205,106,3.0,,14.3,92,14.6,0.0,0.0,996.3,4.3,105,3,150.0
2026-01-31T11:00,143.9,145.8,1770.0,51.7,49.8,120.0,208,102,4.0,,16.8,79,16.9,0.0,0.0,996.4,5.9,113,0,325.0
2026-01-31T12:00,119.2,122.0,1423.0,44.6,55.5,149.0,211,92,4.0,,18.3,70,18.6,0.0,0.0,995.6,7.2,112,0,435.0
2026-01-31T13:00,99.4,102.0,1118.0,35.7,61.8,174.0,214,94,4.0,,19.3,63,19.3,0.0,0.0,994.4,8.2,116,0,550.0
2026-01-31T14:00,89.9,92.2,930.0,32.3,65.9,184.0,216,104,4.0,,19.8,62,19.5,0.0,0.0,993.6,8.3,117,0,600.0
2026-01-31T15:00,85.4,87.8,903.0,38.4,65.9,173.0,218,93,4.0,,19.9,63,19.8,0.0,0.0,993.4,6.7,114,0,665.0
2026-01-31T16:00,85.9,88.0,993.0,50.0,63.6,149.0,219,78,3.0,,19.5,66,19.4,0.0,0.0,993.2,7.2,115,0,665.0
2026-01-31T17:00,130.9,134.6,1138.0,58.2,62.2,128.0,221,96,6.0,,17.7,75,17.4,0.0,0.0,992.8,8.5,125,0,450.0
2026-01-31T18:00,141.6,144.8,1379.0,63.9,59.8,107.0,223,101,6.0,,16.2,82,16.1,0.0,0.0,993.2,7.3,130,0,325.0
2026-01-31T19:00,149.9,153.2,1675.0,71.6,56.5,77.0,225,104,5.0,,15.4,86,15.2,0.0,0.0,993.3,7.4,129,0,220.0
2026-01-31T20:00,155.1,157.9,1844.0,75.2,53.1,55.0,227,106,5.0,,14.8,88,14.6,0.0,0.0,993.7,7.8,128,0,175.0
2026-01-31T21:00,155.5,158.8,1761.0,72.0,50.5,47.0,227,106,5.0,,14.5,89,14.1,0.0,0.0,993.9,8.5,134,2,185.0
2026-01-31T22:00,152.7,156.0,1551.0,64.9,48.0,47.0,227,105,6.0,,14.1,90,13.6,0.0,0.0,993.6,8.5,128,0,170.0
2026-01-31T23:00,149.9,153.2,1403.0,56.4,44.2,50.0,226,104,6.0,,13.9,90,13.3,0.0,0.0,993.5,8.7,112,2,165.0
2026-02-01T00:00,147.1,151.3,1419.0,46.0,37.8,57.0,225,103,7.0,,13.3,91,13.4,0.3,0.3,993.1,2.8,135,51,115.0
2026-02-01T01:00,118.7,123.9,1499.0,34.3,30.1,66.0,223,91,8.0,,13.7,86,12.2,3.7,3.7,993.9,13.0,170,63,180.0
2026-02-01T02:00,88.9,93.4,1528.0,25.1,23.9,74.0,220,79,8.0,,13.8,83,12.3,0.7,0.7,992.4,12.0,127,53,190.0
2026-02-01T03:00,68.0,71.5,1423.0,19.4,19.8,78.0,215,69,7.0,,12.7,84,12.2,4.2,4.2,993.1,3.7,113,63,85.0
2026-02-01T04:00,58.4,61.5,1268.0,16.3,17.1,81.0,209,64,6.0,,12.4,87,12.0,0.0,0.0,993.5,3.7,23,2,50.0
2026-02-01T05:00,85.4,88.0,1202.0,18.5,15.9,63.0,203,78,4.0,,13.0,94,12.3,4.1,4.1,993.2,9.0,143,63,135.0
2026-02-01T06:00,90.1,92.4,1344.0,25.0,18.8,55.0,200,80,4.0,,12.9,93,12.4,0.2,0.2,993.0,7.1,135,51,100.0
2026-02-01T07:00,98.7,101.3,1575.0,33.9,22.8,45.0,198,83,5.0,,12.9,92,12.1,0.0,0.0,993.7,8.7,124,1,125.0
2026-02-01T08:00,106.6,109.2,1673.0,39.3,26.4,44.0,197,87,5.0,,14.0,90,13.3,0.0,0.0,994.6,9.4,107,1,145.0
2026-02-01T09:00,111.8,114.1,1505.0,38.3,28.5,60.0,195,89,5.0,,15.5,88,15.8,0.0,0.0,995.2,5.3,123,1,175.0
2026-02-01T10:00,103.8,106.6,1203.0,33.8,30.1,84.0,193,86,5.0,,17.6,80,18.0,0.0,0.0,995.7,6.2,126,1,300.0
2026-02-01T11:00,89.2,92.2,944.0,29.6,32.4,105.0,192,80,5.0,,18.3,72,17.9,0.0,0.0,996.0,8.9,140,1,440.0
2026-02-01T12:00,76.8,79.6,750.0,25.2,36.4,119.0,190,73,5.0,,19.3,68,19.3,0.0,0.0,995.4,8.2,148,0,560.0
2026-02-01T13:00,69.4,72.4,598.0,21.0,41.1,129.0,189,70,5.0,,20.1,67,20.5,0.0,0.0,994.3,7.3,149,0,625.0
2026-02-01T14:00,66.6,69.4,603.0,21.8,44.8,131.0,188,68,5.0,,20.7,66,21.2,0.0,0.0,993.3,6.0,153,0,725.0
2026-02-01T15:00,65.9,68.7,846.0,30.4,45.1,121.0,187,68,5.0,,20.8,66,21.6,0.0,0.0,993.2,4.3,165,0,740.0
2026-02-01T16:00,69.4,71.9,1244.0,43.9,44.4,103.0,187,70,4.0,,20.6,68,21.5,0.0,0.0,993.2,3.4,177,3,735.0
2026-02-01T17:00,109.7,112.2,1665.0,65.3,54.4,70.0,186,88,4.0,,19.4,78,20.7,0.0,0.0,992.8,3.6,183,1,155.0
2026-02-01T18:00,144.8,147.6,2090.0,82.2,66.3,50.0,186,102,4.0,,17.6,83,18.6,0.0,0.0,993.1,4.0,212,0,65.0
2026-02-01T19:00,177.0,179.3,2538.0,105.0,82.7,23.0,186,115,4.0,,16.7,87,17.7,0.0,0.0,993.4,3.2,214,0,40.0
2026-02-01T20:00,203.5,205.8,2931.0,118.7,94.9,4.0,187,125,4.0,,15.9,89,16.7,0.0,0.0,993.9,3.1,201,0,20.0
2026-02-01T21:00,219.3,221.7,3358.0,115.8,101.1,0.0,188,132,4.0,,15.4,90,16.3,0.0,0.0,994.3,1.8,217,0,15.0
2026-02-01T22:00,232.4,234.7,3731.0,103.8,103.0,3.0,190,137,4.0,,15.0,91,15.9,0.0,0.0,994.7,1.3,254,0,15.0
2026-02-01T23:00,225.4,227.7,3700.0,90.6,97.6,9.0,192,134,4.0,,14.3,95,14.9,0.0,0.0,994.9,2.9,176,0,20.0
2026-02-02T00:00,185.8,188.1,2916.0,77.4,79.2,19.0,194,118,4.0,,14.2,95,15.1,0.0,0.0,994.9,0.6,214,0,10.0
2026-02-02T01:00,152.7,154.6,1729.0,62.9,53.4,33.0,196,105,3.0,,13.8,98,14.2,0.0,0.0,995.0,5.1,315,1,35.0
2026-02-02T02:00,132.2,134.1,845.0,51.6,33.5,43.0,197,97,3.0,,13.5,100,14.0,0.0,0.0,994.9,4.3,338,3,70.0
2026-02-02T03:00,121.1,122.9,579.0,45.2,25.0,47.0,198,92,3.0,,12.8,100,13.4,0.0,0.0,995.0,2.2,360,3,80.0
2026-02-02T04:00,115.5,117.8,616.0,41.9,22.3,49.0,200,90,4.0,,12.7,99,13.3,0.0,0.0,994.8,1.0,315,3,60.0
2026-02-02T05:00,136.0,137.8,711.0,41.0,24.7,31.0,202,98,3.0,,13.2,97,13.6,0.0,0.0,994.5,2.9,277,3,60.0
2026-02-02T06:00,148.1,150.4,831.0,42.3,27.3,26.0,204,103,3.0,,13.4,95,13.8,0.0,0.0,994.7,2.5,270,3,80.0
2026-02-02T07:00,168.1,170.4,1011.0,43.9,30.8,20.0,206,111,3.0,,13.2,95,13.5,0.0,0.0,995.0,3.1,257,3,80.0
2026-02-02T08:00,162.5,164.4,1106.0,43.5,32.9,25.0,209,109,3.0,,13.5,97,13.8,0.0,0.0,995.7,4.1,272,3,95.0
2026-02-02T09:00,158.3,159.7,1034.0,39.9,32.0,50.0,211,107,3.0,,14.2,96,14.4,0.0,0.0,996.5,6.5,294,3,115.0
2026-02-02T10:00,142.0,143.9,878.0,34.4,29.7,86.0,213,101,4.0,,15.4,93,15.6,0.0,0.0,996.7,8.1,298,3,175.0
2026-02-02T11:00,117.3,119.7,746.0,28.7,28.3,115.0,215,91,4.0,,16.3,89,16.5,0.0,0.0,996.6,8.6,296,3,315.0
2026-02-02T12:00,92.7,95.2,663.0,21.7,28.8,133.0,216,81,5.0,,17.8,82,18.0,0.0,0.0,995.8,8.7,302,3,570.0
2026-02-02T13:00,82.7,85.7,603.0,14.6,30.2,145.0,217,76,6.0,,18.8,74,19.0,0.0,0.0,994.9,7.6,306,2,725.0
2026-02-02T14:00,80.1,83.6,595.0,12.0,31.3,147.0,217,75,6.0,,19.5,69,19.7,0.0,0.0,994.0,6.9,303,3,730.0
2026-02-02T15:00,80.1,83.8,662.0,17.2,31.4,135.0,218,75,6.0,,19.7,68,19.9,0.0,0.0,993.4,6.4,297,1,740.0
2026-02-02T16:00,82.0,85.7,781.0,27.0,31.1,113.0,219,76,5.0,,19.4,69,19.6,0.0,0.0,993.2,6.7,297,3,725.0
2026-02-02T17:00,129.9,135.5,915.0,40.6,33.9,84.0,219,96,9.0,,17.5,76,17.6,0.0,0.0,993.3,6.8,302,3,475.0
2026-02-02T18:00,140.6,144.8,1086.0,44.7,34.2,71.0,220,100,8.0,,16.0,83,16.2,0.0,0.0,993.1,5.5,289,2,185.0
2026-02-02T19:00,145.8,149.5,1272.0,50.3,34.6,52.0,220,102,8.0,,15.5,86,15.6,0.0,0.0,993.5,6.0,291,1,155.0
2026-02-02T20:00,148.1,151.8,1368.0,53.8,34.7,37.0,218,103,7.0,,14.7,88,14.7,0.0,0.0,993.8,5.8,290,0,125.0
2026-02-02T21:00,149.5,153.2,1303.0,53.6,34.6,30.0,216,104,7.0,,14.1,90,14.0,0.0,0.0,994.1,5.9,290,0,110.0
2026-02-02T22:00,153.2,156.5,1148.0,51.3,34.1,26.0,213,105,6.0,,13.4,92,13.2,0.0,0.0,993.9,5.5,289,0,90.0
2026-02-02T23:00,153.7,156.9,1011.0,48.2,32.9,24.0,210,105,6.0,,13.0,95,12.9,0.0,0.0,993.9,5.0,289,0,70.0
2026-02-03T00:00,149.5,153.2,922.0,44.5,30.3,24.0,207,104,6.0,,12.9,95,12.8,0.0,0.0,993.9,5.1,293,0,75.0
2026-02-03T01:00,145.8,149.5,850.0,39.9,26.8,25.0,205,102,7.0,,12.3,95,12.1,0.0,0.0,993.9,5.1,297,0,70.0
2026-02-03T02:00,140.2,143.9,810.0,35.6,24.1,27.0,205,100,7.0,,11.9,95,11.7,0.0,0.0,993.7,3.5,285,0,50.0
2026-02-03T03:00,134.6,137.8,794.0,31.1,22.3,29.0,205,98,7.0,,11.5,96,11.0,0.0,0.0,993.6,4.6,281,0,50.0
2026-02-03T04:00,129.5,132.7,811.0,26.7,21.1,32.0,206,96,6.0,,10.4,97,9.6,0.0,0.0,993.4,5.1,287,0,50.0
2026-02-03T05:00,157.4,159.3,900.0,30.6,13.0,14.0,207,107,4.0,,10.7,100,10.0,0.0,0.0,993.9,5.4,276,3,45.0
2026-02-03T06:00,147.1,149.5,1148.0,29.9,13.7,16.0,207,103,4.0,,10.4,99,9.5,0.0,0.0,994.5,6.4,281,3,70.0
2026-02-03T07:00,143.0,145.3,1469.0,29.0,14.8,20.0,207,101,4.0,,10.5,98,9.5,0.0,0.0,995.3,6.6,287,3,75.0
2026-02-03T08:00,135.5,137.8,1643.0,27.9,16.7,28.0,206,98,4.0,,11.3,98,10.8,0.0,0.0,996.5,5.2,299,3,85.0
2026-02-03T09:00,128.1,130.4,1542.0,26.9,20.2,43.0,205,95,5.0,,12.1,98,12.1,0.0,0.0,997.4,3.8,311,3,45.0
2026-02-03T10:00,128.1,130.4,1294.0,25.8,24.5,62.0,204,95,6.0,,14.6,89,15.0,0.0,0.0,997.9,3.1,315,2,200.0
2026-02-03T11:00,115.3,119.0,1065.0,23.9,27.8,81.0,203,90,7.0,,16.3,82,16.8,0.0,0.0,997.9,3.5,305,1,365.0
2026-02-03T12:00,99.0,104.3,884.0,19.6,29.3,104.0,203,84,9.0,,17.9,74,18.9,0.0,0.0,997.3,4.3,303,0,605.0
2026-02-03T13:00,85.4,92.4,722.0,14.5,29.9,126.0,204,78,12.0,,18.8,65,19.3,0.0,0.0,996.5,5.6,318,0,745.0
2026-02-03T14:00,78.5,85.9,660.0,13.0,30.2,138.0,204,74,14.0,,19.4,61,19.4,0.0,0.0,995.7,5.8,338,0,850.0
2026-02-03T15:00,74.7,82.0,741.0,16.8,29.5,131.0,204,72,13.0,,19.6,58,19.4,0.0,0.0,995.4,3.8,341,1,945.0
2026-02-03T16:00,73.8,80.8,922.0,24.3,28.5,113.0,203,72,12.0,,19.4,57,19.2,0.0,0.0,995.3,2.7,337,2,915.0
2026-02-03T17:00,112.2,120.6,1149.0,45.1,38.8,88.0,203,89,16.0,,18.6,65,18.9,0.0,0.0,995.3,1.7,283,3,35.0
2026-02-03T18:00,145.3,154.1,1463.0,60.8,47.5,67.0,202,102,16.0,,17.1,66,16.9,0.0,0.0,995.4,2.2,294,3,35.0
2026-02-03T19:00,171.8,180.2,1825.0,82.2,59.5,38.0,203,113,15.0,,16.2,69,16.0,0.0,0.0,995.9,2.5,339,3,40.0
2026-02-03T20:00,189.5,197.9,2060.0,96.5,68.0,16.0,204,120,15.0,,15.6,74,15.4,0.0,0.0,996.4,3.1,21,3,50.0
2026-02-03T21:00,203.0,211.4,2060.0,97.7,70.8,9.0,205,125,15.0,,15.1,77,14.9,0.0,0.0,996.7,3.3,41,3,55.0
2026-02-03T22:00,216.1,224.4,1934.0,91.8,70.2,9.0,208,130,14.0,,14.5,79,14.2,0.0,0.0,996.7,3.3,45,0,55.0
2026-02-03T23:00,204.4,211.9,1837.0,84.1,66.5,12.0,210,126,14.0,,14.1,82,14.2,0.0,0.0,997.0,1.9,34,1,30.0
2026-02-04T00:00,182.1,189.5,1864.0,75.8,58.1,16.0,212,117,13.0,,13.5,83,13.5,0.0,0.0,996.9,1.4,320,1,20.0
2026-02-04T01:00,168.1,175.6,1919.0,65.7,46.6,22.0,214,111,13.0,,12.5,88,12.2,0.0,0.0,997.0,2.8,305,3,30.0
2026-02-04T02:00,157.4,164.4,1875.0,55.7,37.0,28.0,215,107,12.0,,11.7,91,11.3,0.0,0.0,996.5,3.1,315,3,30.0
2026-02-04T03:00,151.3,158.3,1600.0,45.0,31.1,34.0,215,105,12.0,,11.4,92,10.9,0.0,0.0,996.3,3.1,315,3,30.0
2026-02-04T04:00,145.8,152.3,1225.0,34.4,27.0,39.0,216,102,11.0,,11.1,92,10.5,0.0,0.0,996.1,3.3,324,3,35.0
2026-02-04T05:00,156.0,161.6,1014.0,26.2,19.5,40.0,217,106,10.0,,11.1,93,10.4,0.0,0.0,996.3,4.8,335,3,55.0
2026-02-04T06:00,153.7,159.3,1161.0,29.5,20.8,32.0,217,105,9.0,,10.8,93,10.0,0.0,0.0,996.7,5.2,340,1,55.0
2026-02-04T07:00,163.4,168.1,1472.0,33.8,22.7,22.0,217,109,7.0,,10.7,93,9.7,0.0,0.0,996.8,5.4,345,0,65.0
2026-02-04T08:00,168.1,172.3,1629.0,35.4,26.0,24.0,218,111,7.0,,12.7,88,11.7,0.0,0.0,997.2,7.8,351,0,110.0
2026-02-04T09:00,152.7,158.8,1459.0,31.8,32.2,51.0,219,105,10.0,,14.8,84,14.8,0.0,0.0,998.3,4.3,332,0,195.0
2026-02-04T10:00,136.0,143.4,1136.0,25.5,39.6,90.0,220,98,14.0,,17.0,76,17.1,0.0,0.0,998.7,4.7,313,0,400.0
2026-02-04T11:00,123.4,132.7,864.0,19.8,43.9,121.0,220,93,17.0,,18.2,66,18.0,0.0,0.0,998.4,6.8,305,0,640.0
2026-02-04T12:00,100.6,112.0,709.0,15.1,42.3,137.0,221,84,18.0,,19.2,60,19.2,0.0,0.0,997.8,8.1,307,0,775.0
2026-02-04T13:00,81.3,92.4,605.0,11.0,37.6,146.0,221,76,19.0,,19.9,56,19.7,0.0,0.0,996.6,8.7,307,0,895.0
2026-02-04T14:00,69.8,79.9,565.0,9.5,33.0,146.0,221,73,18.0,,20.2,54,19.3,0.0,0.0,995.8,9.8,311,0,1015.0
2026-02-04T15:00,61.9,71.0,612.0,12.1,29.4,135.0,220,68,16.0,,20.1,54,18.8,0.0,0.0,995.4,9.8,316,0,1005.0
2026-02-04T16:00,58.1,66.1,722.0,17.3,25.9,115.0,220,64,14.0,,19.5,56,18.2,0.0,0.0,995.4,9.4,318,0,900.0
2026-02-04T17:00,82.7,92.0,832.0,25.9,25.4,98.0,219,76,17.0,,18.5,62,17.8,0.0,0.0,994.9,6.9,301,0,445.0
2026-02-04T18:00,89.4,96.4,940.0,30.8,25.3,84.0,218,80,15.0,,16.6,71,15.9,0.0,0.0,994.9,6.8,292,0,195.0
2026-02-04T19:00,90.1,96.2,1049.0,37.4,25.2,64.0,216,80,13.0,,15.8,76,15.2,0.0,0.0,995.1,6.9,293,0,165.0
2026-02-04T20:00,89.9,95.9,1102.0,41.3,24.6,49.0,212,80,11.0,,15.1,79,14.3,0.0,0.0,995.3,7.9,281,0,140.0
2026-02-04T21:00,89.6,95.5,1063.0,40.5,23.4,43.0,208,80,10.0,,14.4,81,13.6,0.0,0.0,995.4,8.3,281,0,155.0
2026-02-04T22:00,89.4,95.0,969.0,36.9,21.8,42.0,203,80,10.0,,13.7,83,12.8,0.0,0.0,995.2,7.8,289,0,150.0
2026-02-04T23:00,87.8,93.4,874.0,32.7,20.0,43.0,199,79,10.0,,13.4,85,12.6,0.0,0.0,995.0,7.4,292,0,130.0
2026-02-05T00:00,84.3,89.6,789.0,27.7,17.7,46.0,195,77,9.0,,13.2,86,12.2,0.0,0.0,994.8,8.4,289,0,150.0
2026-02-05T01:00,82.0,87.1,704.0,22.0,15.2,51.0,192,76,9.0,,12.7,87,11.6,0.0,0.0,994.7,8.4,285,0,140.0
2026-02-05T02:00,80.3,85.0,641.0,17.5,13.5,55.0,190,75,8.0,,12.3,88,11.1,0.0,0.0,994.4,8.6,285,0,140.0
2026-02-05T03:00,78.5,82.7,595.0,14.6,12.9,57.0,187,74,7.0,,11.9,88,10.7,0.0,0.0,994.0,8.8,285,0,140.0
2026-02-05T04:00,76.6,80.6,571.0,13.0,13.2,59.0,185,73,7.0,,11.5,89,10.1,0.0,0.0,993.9,9.0,286,0,145.0
2026-02-05T05:00,77.8,81.5,611.0,13.9,14.8,58.0,183,74,7.0,,11.0,88,9.3,0.0,0.0,994.1,9.9,289,0,185.0
2026-02-05T06:00,77.1,80.6,782.0,18.6,17.4,53.0,181,74,6.0,,10.7,88,9.0,0.0,0.0,994.6,9.1,291,0,180.0
2026-02-05T07:00,81.7,85.0,1018.0,24.8,21.0,46.0,179,76,6.0,,10.6,87,8.9,0.0,0.0,995.0,8.7,291,0,165.0
2026-02-05T08:00,86.8,89.6,1159.0,27.9,24.3,50.0,176,78,5.0,,11.8,85,10.2,0.0,0.0,995.6,9.3,283,0,180.0
2026-02-05T09:00,87.3,90.1,1123.0,25.0,27.4,74.0,174,79,5.0,,13.8,79,12.8,0.0,0.0,996.4,7.1,277,0,235.0
2026-02-05T10:00,82.4,85.7,992.0,19.1,30.1,108.0,172,76,6.0,,16.0,72,15.3,0.0,0.0,996.9,7.0,274,0,325.0
2026-02-05T11:00,73.8,77.3,855.0,14.0,31.4,134.0,170,72,6.0,,18.5,63,18.0,0.0,0.0,996.5,8.6,278,0,560.0
2026-02-05T12:00,58.4,61.9,719.0,10.6,30.1,145.0,169,73,6.0,,20.0,54,19.5,0.0,0.0,995.8,9.9,289,0,745.0
2026-02-05T13:00,45.3,48.9,577.0,8.1,27.2,148.0,167,74,7.0,,20.9,48,20.0,0.0,0.0,994.8,10.5,292,0,900.0
2026-02-05T14:00,37.7,41.3,497.0,7.8,24.7,145.0,166,73,7.0,,21.3,44,19.6,0.0,0.0,994.4,11.5,297,0,1030.0
2026-02-05T15:00,32.8,36.2,517.0,10.4,22.7,135.0,165,68,6.0,,21.0,45,18.9,0.0,0.0,994.1,11.9,302,0,1035.0
2026-02-05T16:00,32.4,35.0,599.0,15.1,21.0,119.0,165,59,5.0,,20.4,48,18.5,0.0,0.0,994.0,10.7,301,2,990.0
2026-02-05T17:00,42.0,45.5,700.0,22.8,21.1,105.0,164,55,6.0,,19.1,55,17.9,0.0,0.0,993.9,7.7,298,0,585.0
2026-02-05T18:00,54.1,56.8,830.0,30.5,23.2,89.0,163,62,6.0,,16.7,67,15.9,0.0,0.0,994.0,6.4,299,0,185.0
2026-02-05T19:00,63.6,66.1,979.0,40.8,26.0,68.0,161,67,5.0,,15.8,72,15.1,0.0,0.0,994.4,6.4,299,0,140.0
2026-02-05T20:00,69.8,72.4,1069.0,46.9,27.8,53.0,161,70,5.0,,15.3,72,14.4,0.0,0.0,994.6,6.7,297,0,125.0
2026-02-05T21:00,73.1,75.7,1059.0,45.1,27.9,51.0,160,72,5.0,,14.8,72,13.7,0.0,0.0,994.8,7.0,299,0,125.0
2026-02-05T22:00,75.9,78.5,990.0,39.1,27.0,54.0,160,73,5.0,,14.1,73,12.9,0.0,0.0,994.6,6.9,300,0,120.0
2026-02-05T23:00,77.1,79.6,915.0,33.0,25.6,59.0,159,74,5.0,,13.3,78,12.2,0.0,0.0,994.7,6.6,296,0,110.0
2026-02-06T00:00,75.9,78.5,841.0,27.8,23.6,63.0,159,73,5.0,,13.1,77,11.9,0.0,0.0,994.3,6.7,294,0,110.0
2026-02-06T01:00,75.7,78.2,760.0,22.6,21.2,67.0,159,73,5.0,,12.5,79,11.3,0.0,0.0,994.1,6.3,288,0,100.0
2026-02-06T02:00,75.4,78.2,700.0,18.5,19.4,70.0,158,73,5.0,,12.1,80,10.8,0.0,0.0,993.5,6.6,291,0,100.0
2026-02-06T03:00,75.0,77.5,661.0,15.7,18.4,72.0,158,73,5.0,,11.8,81,10.3,0.0,0.0,993.2,7.1,291,0,105.0
2026-02-06T04:00,74.3,76.8,642.0,14.0,18.0,73.0,158,72,4.0,,11.5,81,10.0,0.0,0.0,992.8,7.2,289,0,105.0
2026-02-06T05:00,71.9,74.5,670.0,13.8,19.2,74.0,158,71,4.0,,11.1,83,9.5,0.0,0.0,993.0,8.0,276,0,115.0
2026-02-06T06:00,71.2,73.8,794.0,18.0,20.5,69.0,158,71,4.0,,10.9,83,9.1,0.0,0.0,993.8,8.8,272,0,125.0
2026-02-06T07:00,74.3,76.6,965.0,23.5,22.3,64.0,158,72,4.0,,10.8,83,8.8,0.0,0.0,994.3,9.9,273,0,140.0
2026-02-06T08:00,75.9,78.2,1065.0,26.2,24.0,68.0,158,73,4.0,,12.4,76,10.3,0.0,0.0,995.4,11.2,275,0,175.0
2026-02-06T09:00,78.0,79.9,1031.0,23.3,25.5,91.0,157,74,4.0,,14.7,71,13.2,0.0,0.0,995.9,9.4,273,0,230.0
2026-02-06T10:00,73.6,76.1,926.0,17.5,26.9,123.0,157,72,5.0,,17.3,63,16.0,0.0,0.0,996.4,9.3,280,0,355.0
2026-02-06T11:00,64.0,66.8,819.0,12.6,27.5,148.0,157,74,5.0,,20.2,55,19.2,0.0,0.0,996.0,10.9,283,0,685.0
2026-02-06T12:00,51.3,53.8,715.0,9.4,26.6,160.0,156,80,5.0,,21.8,47,20.7,0.0,0.0,995.2,12.9,293,0,920.0
2026-02-06T13:00,42.8,45.5,608.0,7.1,24.9,164.0,156,84,5.0,,22.5,44,21.0,0.0,0.0,994.2,14.4,299,0,1050.0
2026-02-06T14:00,38.8,41.7,552.0,7.1,23.5,162.0,156,82,5.0,,22.6,45,21.0,0.0,0.0,993.3,13.8,303,0,1075.0
2026-02-06T15:00,38.0,40.9,575.0,10.4,22.9,153.0,156,77,5.0,,22.3,48,20.6,0.0,0.0,992.7,12.9,306,0,1035.0
2026-02-06T16:00,39.6,42.1,649.0,15.9,22.6,137.0,156,69,4.0,,21.7,52,20.4,0.0,0.0,992.4,11.6,302,0,970.0
2026-02-06T17:00,37.3,38.2,745.0,21.8,23.6,126.0,157,63,2.0,,20.5,56,19.6,0.0,0.0,992.1,8.9,297,0,680.0
2026-02-06T18:00,46.2,47.0,885.0,26.6,25.0,111.0,156,58,2.0,,18.6,65,18.1,0.0,0.0,992.3,7.7,295,0,300.0
2026-02-06T19:00,53.4,54.2,1047.0,33.0,26.8,91.0,156,62,1.0,,17.7,71,17.3,0.0,0.0,992.6,7.2,298,0,200.0
2026-02-06T20:00,57.0,57.7,1142.0,36.5,27.8,77.0,156,64,1.0,,17.1,71,16.6,0.0,0.0,993.1,7.5,294,0,170.0
2026-02-06T21:00,58.0,58.7,1116.0,34.4,27.3,74.0,155,64,1.0,,16.6,71,15.9,0.0,0.0,993.3,7.4,299,0,150.0
2026-02-06T22:00,58.0,58.9,1022.0,29.4,25.9,78.0,155,64,1.0,,16.1,71,15.3,0.0,0.0,993.2,7.7,309,0,145.0
2026-02-06T23:00,56.5,57.6,931.0,24.6,24.2,81.0,154,63,2.0,,15.8,73,15.0,0.0,0.0,993.2,7.4,311,0,150.0
2026-02-07T00:00,53.2,54.8,857.0,20.8,22.1,82.0,154,62,3.0,,15.1,74,14.2,0.0,0.0,992.8,7.0,302,0,130.0
2026-02-07T01:00,51.5,53.7,786.0,17.2,19.6,83.0,153,61,4.0,,14.5,77,13.6,0.0,0.0,992.5,6.7,284,0,115.0
2026-02-07T02:00,51.1,53.8,746.0,14.6,17.8,83.0,152,61,5.0,,13.9,79,12.9,0.0,0.0,992.2,6.9,277,1,110.0
2026-02-07T03:00,51.1,54.1,743.0,13.1,17.0,81.0,152,61,6.0,,13.3,82,12.2,0.0,0.0,991.7,8.1,265,1,110.0
2026-02-07T04:00,51.6,54.7,770.0,12.6,16.8,78.0,151,61,6.0,,12.7,84,11.4,0.0,0.0,991.2,9.0,264,1,115.0
2026-02-07T05:00,53.7,55.3,840.0,11.5,18.1,88.0,150,62,3.0,,12.6,86,11.3,0.0,0.0,991.4,9.4,272,2,135.0
2026-02-07T06:00,55.5,57.3,1006.0,16.4,19.9,81.0,149,63,2.0,,12.5,86,11.2,0.0,0.0,991.7,9.1,279,1,150.0
2026-02-07T07:00,60.8,62.6,1214.0,22.8,22.4,71.0,148,65,1.0,,12.5,86,11.2,0.0,0.0,992.1,9.4,275,1,150.0
2026-02-07T08:00,64.7,66.4,1315.0,26.1,24.3,71.0,146,67,3.0,,13.8,83,12.6,0.0,0.0,992.8,10.5,267,3,190.0
2026-02-07T09:00,67.8,69.6,1214.0,23.2,25.2,88.0,145,69,9.0,,16.1,75,15.3,0.0,0.0,993.5,8.5,271,0,290.0
2026-02-07T10:00,64.3,68.9,1007.0,17.0,25.5,113.0,144,67,17.0,,18.5,67,17.9,0.0,0.0,993.6,8.6,281,0,460.0
2026-02-07T11:00,56.1,69.6,828.0,11.9,25.3,133.0,143,67,25.0,,20.8,59,20.4,0.0,0.0,993.3,10.3,283,0,740.0
2026-02-07T12:00,49.1,71.0,723.0,8.9,24.3,143.0,142,72,34.0,,22.3,53,22.1,0.0,0.0,992.6,11.4,296,0,985.0
2026-02-07T13:00,44.0,68.9,648.0,6.9,22.7,149.0,142,75,43.0,,23.3,47,22.6,0.0,0.0,991.5,13.0,297,0,1115.0
2026-02-07T14:00,43.1,68.2,602.0,6.8,21.6,149.0,142,75,48.0,,23.6,46,22.2,0.0,0.0,990.6,14.7,296,0,1190.0
2026-02-07T15:00,43.4,67.1,589.0,9.6,21.4,143.0,143,72,45.0,,23.5,45,21.5,0.0,0.0,990.2,15.1,297,0,1175.0
2026-02-07T16:00,44.8,64.3,606.0,14.3,21.6,132.0,143,66,37.0,,22.8,48,21.2,0.0,0.0,990.1,13.6,298,0,1020.0
2026-02-07T17:00,47.6,69.4,647.0,20.1,21.9,121.0,144,61,41.0,,21.6,53,20.8,0.0,0.0,989.6,9.3,289,0,840.0
2026-02-07T18:00,55.3,80.8,729.0,24.1,23.1,108.0,145,63,50.0,,19.7,63,19.4,0.0,0.0,989.7,7.6,282,0,420.0
2026-02-07T19:00,63.3,94.1,836.0,29.5,24.7,91.0,146,67,62.0,,18.8,67,18.4,0.0,0.0,990.1,7.7,282,0,300.0
2026-02-07T20:00,67.8,105.2,911.0,32.6,25.5,77.0,147,69,70.0,,18.4,64,17.5,0.0,0.0,990.7,9.1,292,0,280.0
2026-02-07T21:00,70.1,109.2,932.0,31.6,25.1,71.0,148,70,69.0,,17.6,66,16.7,0.0,0.0,991.3,8.1,309,0,205.0
2026-02-07T22:00,71.2,106.6,921.0,28.4,23.9,70.0,149,71,64.0,,16.8,72,16.1,0.0,0.0,991.4,7.7,329,0,205.0
2026-02-07T23:00,68.9,99.2,886.0,25.1,22.4,69.0,150,69,56.0,,16.0,79,15.6,0.0,0.0,991.4,6.9,327,0,205.0
2026-02-08T00:00,63.8,88.2,812.0,21.9,20.5,68.0,151,67,46.0,,15.5,79,15.0,0.0,0.0,990.9,6.8,323,0,195.0
2026-02-08T01:00,59.8,78.5,713.0,18.7,18.3,68.0,151,65,35.0,,14.8,77,14.1,0.0,0.0,990.9,6.4,313,0,175.0
2026-02-08T02:00,57.0,70.5,648.0,16.4,16.8,67.0,151,64,25.0,,14.1,76,13.2,0.0,0.0,990.7,6.2,306,0,150.0
2026-02-08T03:00,55.5,65.4,625.0,15.4,16.1,64.0,151,63,19.0,,13.5,77,12.4,0.0,0.0,990.6,6.3,301,1,140.0
2026-02-08T04:00,55.2,62.6,635.0,15.5,16.1,60.0,151,63,14.0,,12.7,79,11.6,0.0,0.0,990.1,6.2,278,0,110.0
2026-02-08T05:00,48.8,53.2,705.0,15.2,16.4,63.0,152,59,8.0,,11.9,82,10.6,0.0,0.0,989.8,6.4,280,0,105.0
2026-02-08T06:00,49.1,53.0,916.0,20.6,18.7,55.0,151,59,7.0,,11.6,82,10.1,0.0,0.0,990.1,7.3,279,0,110.0
2026-02-08T07:00,55.6,59.0,1187.0,27.8,21.9,45.0,151,63,6.0,,11.4,81,9.8,0.0,0.0,990.7,8.0,278,1,115.0
2026-02-08T08:00,62.4,65.2,1308.0,31.2,24.2,45.0,151,66,5.0,,13.0,76,11.3,0.0,0.0,991.1,9.5,272,2,150.0
2026-02-08T09:00,61.2,64.5,1137.0,27.1,25.0,66.0,151,66,6.0,,15.4,66,14.2,0.0,0.0,992.2,7.0,274,1,240.0
2026-02-08T10:00,54.1,58.2,816.0,19.1,25.0,97.0,151,62,8.0,,17.9,56,16.6,0.0,0.0,992.9,7.3,280,2,415.0
2026-02-08T11:00,43.5,48.3,561.0,12.6,24.6,122.0,150,61,9.0,,20.6,46,19.3,0.0,0.0,992.6,9.3,285,3,765.0
2026-02-08T12:00,34.0,38.8,457.0,9.1,23.5,137.0,150,69,9.0,,21.9,40,20.4,0.0,0.0,992.3,10.8,294,3,925.0
2026-02-08T13:00,28.5,32.6,419.0,7.1,21.9,145.0,149,73,8.0,,22.6,35,20.8,0.0,0.0,991.3,11.8,293,1,1025.0
2026-02-08T14:00,25.6,29.2,411.0,7.5,21.0,147.0,147,74,7.0,,22.8,36,20.9,0.0,0.0,990.4,11.2,296,0,1055.0
2026-02-08T15:00,25.6,29.1,407.0,10.6,21.2,140.0,145,70,6.0,,22.5,38,20.3,0.0,0.0,989.7,10.6,302,0,1035.0
2026-02-08T16:00,27.1,30.3,432.0,16.2,22.2,125.0,143,63,6.0,,21.9,40,19.9,0.0,0.0,989.4,9.7,301,0,975.0
2026-02-08T17:00,43.5,50.2,528.0,23.0,22.6,110.0,142,56,12.0,,20.5,45,19.0,0.0,0.0,989.1,7.1,289,0,755.0
2026-02-08T18:00,56.1,61.2,745.0,30.8,24.5,95.0,141,63,11.0,,18.1,55,17.1,0.0,0.0,989.0,5.4,285,0,160.0
2026-02-08T19:00,64.0,68.5,1031.0,41.5,27.2,74.0,141,67,10.0,,17.1,60,16.1,0.0,0.0,989.5,5.5,281,0,115.0
2026-02-08T20:00,69.2,74.0,1277.0,48.9,29.2,58.0,141,70,9.0,,16.2,63,15.2,0.0,0.0,989.8,5.6,287,0,95.0
2026-02-08T21:00,73.8,79.4,1449.0,50.1,30.1,51.0,141,72,10.0,,15.7,65,14.6,0.0,0.0,990.0,5.5,287,1,70.0
2026-02-08T22:00,78.9,85.7,1579.0,48.1,30.3,50.0,142,74,12.0,,15.3,65,14.3,0.0,0.0,989.8,4.6,288,3,50.0
2026-02-08T23:00,83.4,91.3,1655.0,45.8,30.1,48.0,143,77,14.0,,14.7,70,13.8,0.0,0.0,990.1,4.6,279,2,40.0
2026-02-09T00:00,85.7,94.5,1653.0,43.6,29.0,45.0,144,78,16.0,,14.1,70,13.2,0.0,0.0,989.7,4.1,272,1,35.0
2026-02-09T01:00,89.6,99.2,1596.0,41.2,27.4,43.0,146,80,18.0,,13.3,73,12.2,0.0,0.0,989.3,4.3,270,1,35.0
2026-02-09T02:00,95.5,105.7,1544.0,40.3,26.9,40.0,150,82,19.0,,12.5,76,11.5,0.0,0.0,989.2,3.8,270,1,30.0
2026-02-09T03:00,102.2,112.9,1482.0,42.0,27.9,35.0,151,85,20.0,,11.8,78,10.7,0.0,0.0,988.9,3.4,286,2,30.0
2026-02-09T04:00,108.7,119.7,1424.0,45.1,29.9,28.0,152,87,20.0,,10.9,81,9.7,0.0,0.0,988.1,3.8,275,2,30.0
2026-02-09T05:00,108.3,121.1,1469.0,40.0,28.7,33.0,154,87,22.0,,10.5,86,9.5,0.0,0.0,988.4,4.1,257,3,30.0
2026-02-09T06:00,117.3,130.4,1767.0,49.6,38.1,24.0,156,91,20.0,,11.0,85,10.0,0.0,0.0,989.1,3.7,256,3,30.0
2026-02-09T07:00,137.8,152.3,2168.0,62.2,51.0,15.0,158,99,17.0,,11.2,85,10.2,0.0,0.0,989.9,3.9,254,3,35.0
2026-02-09T08:00,157.9,169.0,2326.0,67.3,60.1,23.0,160,107,15.0,,13.0,77,12.1,0.0,0.0,991.1,4.5,256,3,40.0
2026-02-09T09:00,126.7,133.6,2001.0,57.8,61.7,67.0,163,95,16.0,,15.9,68,15.9,0.0,0.0,992.1,0.2,180,3,75.0
2026-02-09T10:00,96.2,105.0,1432.0,40.7,59.5,130.0,165,82,17.0,,19.2,52,18.7,0.0,0.0,992.9,1.9,119,3,250.0
2026-02-09T11:00,82.2,92.4,990.0,27.4,57.4,177.0,166,97,19.0,,21.7,41,20.7,0.0,0.0,992.8,4.5,127,3,665.0
2026-02-09T12:00,69.2,81.0,832.0,21.8,56.9,196.0,167,116,20.0,,23.2,36,22.5,0.0,0.0,992.3,4.9,129,3,930.0
2026-02-09T13:00,59.8,71.5,802.0,19.9,56.6,199.0,168,119,21.0,,23.7,35,22.7,0.0,0.0,991.2,5.5,131,2,1090.0
2026-02-09T14:00,51.8,62.9,799.0,20.5,55.7,196.0,169,116,21.0,,24.0,36,22.9,0.0,0.0,990.3,6.2,123,1,1165.0
2026-02-09T15:00,46.9,57.3,773.0,21.2,52.1,188.0,170,108,19.0,,23.9,38,22.6,0.0,0.0,990.0,6.7,121,3,1185.0
2026-02-09T16:00,45.6,55.1,775.0,24.4,47.9,174.0,171,94,17.0,,23.2,41,21.7,0.0,0.0,989.9,7.8,119,0,755.0
2026-02-09T17:00,88.2,101.7,853.0,51.8,69.4,151.0,171,79,25.0,,22.0,42,20.4,0.0,0.0,989.5,8.3,129,0,345.0
2026-02-09T18:00,121.1,134.6,1075.0,73.0,73.6,118.0,173,92,25.0,,20.2,48,18.9,0.0,0.0,989.8,6.8,143,0,195.0
2026-02-09T19:00,149.5,162.5,1373.0,101.8,79.1,73.0,175,104,24.0,,18.3,57,17.6,0.0,0.0,990.4,4.4,128,0,85.0
2026-02-09T20:00,163.0,175.6,1598.0,120.4,81.0,39.0,177,109,23.0,,17.2,63,16.5,0.0,0.0,990.8,5.0,103,0,75.0
2026-02-09T21:00,161.6,172.3,1700.0,119.9,76.2,28.0,180,109,22.0,,16.2,66,15.5,0.0,0.0,991.1,4.9,123,0,70.0
2026-02-09T22:00,155.1,165.8,1729.0,109.1,67.7,27.0,183,106,20.0,,15.5,68,14.6,0.0,0.0,990.9,5.1,135,0,65.0
2026-02-09T23:00,149.0,159.3,1680.0,96.6,59.6,30.0,185,104,19.0,,14.9,75,14.2,0.0,0.0,990.6,5.7,131,0,65.0
2026-02-10T00:00,141.6,151.8,1508.0,83.8,53.0,34.0,187,101,19.0,,14.1,79,13.5,0.0,0.0,990.3,5.2,121,0,65.0
2026-02-10T01:00,138.8,149.5,1257.0,69.4,46.8,40.0,188,100,20.0,,13.6,80,12.9,0.0,0.0,989.9,5.2,106,0,60.0
2026-02-10T02:00,139.2,150.9,1059.0,57.7,41.8,44.0,190,100,21.0,,13.0,80,12.3,0.0,0.0,989.7,4.6,108,0,55.0
2026-02-10T03:00,142.0,154.6,940.0,50.2,38.2,44.0,191,101,21.0,,12.6,80,11.7,0.0,0.0,989.3,4.5,83,2,55.0
2026-02-10T04:00,144.4,156.5,874.0,45.5,35.9,42.0,192,102,21.0,,12.4,80,11.3,0.0,0.0,989.0,5.6,90,3,60.0
2026-02-10T05:00,150.4,162.5,908.0,50.6,35.2,29.0,193,104,21.0,,11.8,86,10.8,0.0,0.0,989.6,5.3,145,3,60.0
2026-02-10T06:00,144.8,157.4,1152.0,53.1,36.5,31.0,195,102,20.0,,11.7,86,10.8,0.0,0.0,990.1,5.0,150,1,65.0
2026-02-10T07:00,148.5,161.1,1498.0,56.1,38.5,36.0,196,103,19.0,,11.6,86,10.7,0.0,0.0,991.0,5.0,154,0,60.0
2026-02-10T08:00,143.9,154.1,1665.0,55.3,40.8,51.0,196,102,18.0,,13.8,76,12.8,0.0,0.0,992.0,5.9,125,1,80.0
2026-02-10T09:00,129.0,138.8,1484.0,47.0,43.7,88.0,195,96,19.0,,17.0,63,16.3,0.0,0.0,992.7,4.2,121,0,150.0
2026-02-10T10:00,111.3,122.9,1124.0,34.9,46.9,135.0,196,89,21.0,,20.2,52,19.4,0.0,0.0,993.2,5.1,132,0,310.0
2026-02-10T11:00,85.0,96.2,822.0,25.3,49.5,172.0,196,92,21.0,,22.7,43,22.1,0.0,0.0,993.2,6.1,161,0,545.0
2026-02-10T12:00,66.1,75.7,652.0,20.3,51.5,190.0,196,110,19.0,,25.0,35,24.6,0.0,0.0,992.7,5.8,178,0,875.0
2026-02-10T13:00,56.2,64.7,538.0,17.8,52.9,196.0,196,116,17.0,,26.2,30,25.6,0.0,0.0,991.7,5.2,182,0,1235.0
2026-02-10T14:00,49.6,56.8,489.0,18.0,53.2,196.0,196,116,14.0,,26.9,27,25.9,0.0,0.0,990.6,4.3,195,0,1840.0
2026-02-10T15:00,45.5,51.8,503.0,19.6,50.4,190.0,196,110,12.0,,27.2,26,25.7,0.0,0.0,990.3,3.1,208,0,2200.0
2026-02-10T16:00,45.6,51.3,582.0,23.9,46.4,178.0,196,98,10.0,,26.9,25,25.5,0.0,0.0,990.1,1.5,210,0,2240.0
2026-02-10T17:00,79.4,88.0,741.0,31.8,37.6,144.0,196,75,16.0,,25.1,34,23.5,0.0,0.0,990.4,7.2,55,0,690.0
2026-02-10T18:00,109.7,118.0,1064.0,50.5,43.3,116.0,195,88,16.0,,22.9,47,22.2,0.0,0.0,991.2,6.5,77,0,410.0
2026-02-10T19:00,129.9,138.3,1467.0,75.9,51.1,77.0,195,96,15.0,,21.3,54,21.3,0.0,0.0,991.9,3.9,74,0,225.0
2026-02-10T20:00,134.1,142.0,1717.0,91.1,55.6,50.0,195,98,15.0,,20.2,60,20.3,0.0,0.0,992.8,3.8,90,0,160.0
2026-02-10T21:00,130.9,138.3,1676.0,86.8,54.2,45.0,194,96,15.0,,19.3,65,19.4,0.0,0.0,993.4,4.5,92,0,135.0
2026-02-10T22:00,128.1,136.0,1482.0,72.3,49.5,52.0,193,95,14.0,,18.6,68,18.5,0.0,0.0,993.7,5.6,92,0,115.0
2026-02-10T23:00,127.6,135.0,1313.0,59.5,44.6,56.0,192,95,14.0,,17.5,76,17.8,0.0,0.0,993.7,4.7,113,0,80.0
2026-02-11T00:00,126.2,134.1,1228.0,52.5,40.0,52.0,191,94,14.0,,16.6,79,16.9,0.0,0.0,993.4,4.1,124,0,55.0
2026-02-11T01:00,128.1,135.5,1167.0,47.2,35.1,47.0,191,95,14.0,,16.2,80,16.7,0.0,0.0,993.1,2.5,120,0,40.0
2026-02-11T02:00,131.8,139.2,1132.0,42.5,31.2,42.0,191,97,13.0,,16.3,79,16.9,0.0,0.0,992.8,1.5,30,1,35.0
2026-02-11T03:00,136.0,143.4,1107.0,37.6,28.3,40.0,190,98,12.0,,16.0,80,16.2,0.0,0.0,992.8,3.3,347,0,40.0
2026-02-11T04:00,132.2,138.3,1107.0,33.3,26.3,40.0,190,97,10.0,,15.3,82,15.6,0.0,0.0,992.4,2.6,286,0,35.0
2026-02-11T05:00,112.2,118.0,1175.0,24.1,29.0,63.0,190,89,11.0,,14.7,84,14.5,0.0,0.0,992.8,5.2,250,0,70.0
2026-02-11T06:00,111.5,117.1,1412.0,30.5,31.5,53.0,189,89,10.0,,14.6,84,14.5,0.0,0.0,993.3,4.7,247,1,55.0
2026-02-11T07:00,120.6,126.2,1716.0,39.0,34.9,41.0,188,92,9.0,,15.2,81,15.0,0.0,0.0,994.0,4.9,253,0,55.0
2026-02-11T08:00,123.4,127.6,1833.0,42.6,37.0,42.0,187,93,8.0,,17.2,71,16.9,0.0,0.0,994.7,5.8,250,0,70.0
2026-02-11T09:00,110.1,114.3,1585.0,36.8,37.1,69.0,186,88,8.0,,20.2,58,20.0,0.0,0.0,996.0,4.8,307,0,165.0
2026-02-11T10:00,91.3,95.9,1149.0,26.0,36.0,110.0,186,81,9.0,,23.0,46,22.2,0.0,0.0,996.6,6.8,297,0,415.0
2026-02-11T11:00,71.0,76.4,797.0,17.0,33.9,142.0,185,71,10.0,,25.1,37,24.0,0.0,0.0,996.1,9.0,296,0,890.0
2026-02-11T12:00,53.2,58.8,638.0,11.8,30.3,158.0,185,79,11.0,,26.4,32,25.5,0.0,0.0,995.2,9.2,312,0,1160.0
2026-02-11T13:00,45.9,52.5,564.0,8.3,25.8,165.0,184,85,13.0,,27.0,32,26.0,0.0,0.0,994.3,10.1,321,0,1450.0
2026-02-11T14:00,41.6,49.0,521.0,6.9,22.3,164.0,184,84,14.0,,27.1,31,25.6,0.0,0.0,993.7,11.1,320,0,1805.0
2026-02-11T15:00,38.9,47.0,491.0,8.2,20.5,154.0,184,77,13.0,,26.8,32,24.8,0.0,0.0,993.3,11.6,321,0,1695.0
2026-02-11T16:00,37.6,45.6,493.0,11.6,19.7,137.0,184,69,11.0,,25.9,36,24.1,0.0,0.0,993.1,11.6,325,0,1305.0
2026-02-11T17:00,39.8,47.5,531.0,15.1,19.3,123.0,183,62,14.0,,24.7,39,23.0,0.0,0.0,992.9,10.7,327,0,995.0
2026-02-11T18:00,41.1,47.4,641.0,19.1,20.3,108.0,182,55,19.0,,23.2,46,22.2,0.0,0.0,993.4,8.1,325,0,730.0
2026-02-11T19:00,42.1,51.6,786.0,24.5,21.7,87.0,180,55,27.0,,22.2,52,21.6,0.0,0.0,993.9,7.7,329,0,575.0
2026-02-11T20:00,42.7,62.9,866.0,28.2,22.7,71.0,177,56,37.0,,21.1,56,20.6,0.0,0.0,994.1,7.7,332,0,430.0
2026-02-11T21:00,43.9,77.3,820.0,28.7,22.9,64.0,175,57,51.0,,20.3,56,19.4,0.0,0.0,994.3,8.6,338,0,355.0
2026-02-11T22:00,46.9,87.8,708.0,27.5,22.7,62.0,172,58,67.0,,19.3,57,18.3,0.0,0.0,994.1,8.1,336,0,310.0
2026-02-11T23:00,48.3,91.0,606.0,25.6,22.0,61.0,170,59,77.0,,18.5,60,17.4,0.0,0.0,994.0,8.5,335,0,290.0
2026-02-12T00:00,47.4,89.2,532.0,23.0,20.4,61.0,167,59,78.0,,17.7,61,16.5,0.0,0.0,993.6,7.8,326,0,265.0
2026-02-12T01:00,47.4,86.6,468.0,19.7,18.2,61.0,165,59,72.0,,17.0,62,15.9,0.0,0.0,993.6,7.0,318,0,225.0
2026-02-12T02:00,47.6,83.8,433.0,17.1,16.5,62.0,163,59,65.0,,16.2,63,15.1,0.0,0.0,993.3,6.3,309,0,180.0
2026-02-12T03:00,47.6,79.4,423.0,15.2,15.5,62.0,160,59,56.0,,15.4,65,14.2,0.0,0.0,992.8,6.1,302,0,160.0
2026-02-12T04:00,48.4,73.6,442.0,14.1,15.0,62.0,158,59,45.0,,14.5,68,13.3,0.0,0.0,992.2,6.0,291,0,130.0
2026-02-12T05:00,51.1,61.0,524.0,16.7,15.5,55.0,155,61,18.0,,14.1,76,13.0,0.0,0.0,992.7,7.6,284,0,160.0
2026-02-12T06:00,51.6,58.2,748.0,21.7,17.5,48.0,153,61,14.0,,13.4,80,12.4,0.0,0.0,993.0,6.5,278,0,140.0
2026-02-12T07:00,57.5,62.2,1035.0,28.2,20.3,40.0,151,64,9.0,,13.0,82,11.9,0.0,0.0,993.2,6.9,275,0,115.0
2026-02-12T08:00,64.7,67.8,1186.0,31.1,23.0,43.0,148,67,6.0,,14.5,74,13.3,0.0,0.0,994.1,7.9,270,0,165.0
2026-02-12T09:00,62.9,66.4,1079.0,26.8,25.9,68.0,142,66,7.0,,17.0,63,15.9,0.0,0.0,995.1,7.6,269,0,255.0
2026-02-12T10:00,58.6,63.3,837.0,18.9,28.8,103.0,137,64,9.0,,19.7,53,18.4,0.0,0.0,995.7,8.0,275,0,425.0
2026-02-12T11:00,49.6,55.3,627.0,12.3,29.8,131.0,134,66,11.0,,22.2,46,21.4,0.0,0.0,995.5,9.1,284,0,990.0
2026-02-12T12:00,32.0,36.9,503.0,8.8,27.4,143.0,132,72,10.0,,24.0,35,22.5,0.0,0.0,994.6,12.0,288,0,1205.0
2026-02-12T13:00,27.1,31.1,412.0,6.6,23.2,146.0,130,73,8.0,,24.8,28,22.8,0.0,0.0,993.7,12.6,292,3,1275.0
2026-02-12T14:00,25.7,29.6,362.0,6.1,20.0,145.0,128,73,7.0,,25.1,27,22.5,0.0,0.0,992.9,12.4,292,0,1275.0
2026-02-12T15:00,25.3,29.0,361.0,7.0,18.8,140.0,126,70,6.0,,24.8,28,22.0,0.0,0.0,992.5,11.4,291,1,1250.0
2026-02-12T16:00,25.1,28.5,402.0,9.6,18.7,131.0,124,66,6.0,,24.2,30,21.6,0.0,0.0,992.2,9.8,296,2,1205.0
2026-02-12T17:00,32.9,37.8,469.0,15.3,20.7,114.0,123,54,9.0,,22.7,37,20.5,0.0,0.0,991.8,10.1,305,2,1065.0
2026-02-12T18:00,43.5,47.4,579.0,24.0,22.8,97.0,122,56,9.0,,21.2,42,19.6,0.0,0.0,991.8,7.1,306,3,670.0
2026-02-12T19:00,53.0,57.3,717.0,35.9,25.6,73.0,123,62,10.0,,20.3,47,19.0,0.0,0.0,992.0,6.0,303,3,470.0
2026-02-12T20:00,59.8,67.3,819.0,44.7,27.6,54.0,124,65,14.0,,19.3,53,18.3,0.0,0.0,992.4,5.5,293,0,275.0
2026-02-12T21:00,64.5,77.8,860.0,47.8,28.2,44.0,126,67,23.0,,18.2,57,17.3,0.0,0.0,992.5,5.0,300,1,170.0
2026-02-12T22:00,69.4,89.6,866.0,47.7,28.0,38.0,128,70,35.0,,17.8,56,16.8,0.0,0.0,992.2,4.8,295,3,115.0
2026-02-12T23:00,72.6,97.3,854.0,46.0,27.0,35.0,130,71,43.0,,17.3,58,16.1,0.0,0.0,991.8,5.7,281,3,115.0
2026-02-13T00:00,71.5,98.3,817.0,42.3,24.8,35.0,133,71,43.0,,16.7,59,15.4,0.0,0.0,991.6,5.8,279,3,105.0
2026-02-13T01:00,70.3,95.0,763.0,37.0,21.9,38.0,135,70,39.0,,15.9,62,14.7,0.0,0.0,991.3,6.0,279,3,105.0
2026-02-13T02:00,68.0,87.8,729.0,32.3,19.5,40.0,138,69,34.0,,15.2,65,13.9,0.0,0.0,990.7,6.0,275,3,90.0
2026-02-13T03:00,65.9,80.1,715.0,28.6,17.9,42.0,140,68,27.0,,14.7,67,13.4,0.0,0.0,990.5,6.1,284,3,95.0
2026-02-13T04:00,65.2,74.7,723.0,25.5,16.8,43.0,142,68,19.0,,13.8,70,12.6,0.0,0.0,989.7,4.9,278,3,85.0
2026-02-13T05:00,56.8,60.3,793.0,19.4,14.7,52.0,143,63,7.0,,13.2,79,12.3,0.0,0.0,990.1,5.4,284,3,90.0
2026-02-13T06:00,58.9,61.7,1017.0,25.3,17.3,45.0,144,64,6.0,,12.8,79,11.8,0.0,0.0,990.2,4.9,278,3,90.0
2026-02-13T07:00,65.4,68.0,1303.0,33.0,20.8,37.0,145,68,5.0,,12.7,78,11.5,0.0,0.0,990.9,6.0,265,2,85.0
2026-02-13T08:00,70.1,72.2,1422.0,36.5,23.6,39.0,145,70,4.0,,14.4,68,13.0,0.0,0.0,991.6,6.9,255,3,115.0
2026-02-13T09:00,67.1,69.4,1213.0,31.7,25.0,62.0,146,69,4.0,,17.2,55,15.7,0.0,0.0,992.5,6.6,261,3,190.0
2026-02-13T10:00,58.4,61.5,837.0,22.6,25.7,96.0,146,64,5.0,,20.0,44,18.2,0.0,0.0,993.0,7.8,263,3,405.0
2026-02-13T11:00,48.4,51.8,545.0,15.0,25.6,124.0,146,62,6.0,,22.5,37,20.7,0.0,0.0,993.1,9.7,269,3,820.0
2026-02-13T12:00,38.6,42.6,441.0,10.6,24.1,139.0,146,70,7.0,,24.0,32,22.6,0.0,0.0,992.3,8.8,282,3,970.0
2026-02-13T13:00,31.4,36.0,421.0,7.6,21.8,148.0,147,74,8.0,,24.9,30,23.7,0.0,0.0,991.5,8.0,290,3,1120.0
2026-02-13T14:00,28.6,33.2,426.0,6.8,20.3,150.0,147,75,9.0,,25.4,29,23.8,0.0,0.0,990.7,7.2,297,3,1220.0
2026-02-13T15:00,27.8,32.4,421.0,7.6,19.9,145.0,148,73,8.0,,25.5,30,23.5,0.0,0.0,990.5,7.4,299,3,1270.0
2026-02-13T16:00,28.2,32.5,442.0,10.6,20.2,133.0,148,67,7.0,,24.9,32,23.1,0.0,0.0,990.0,7.2,298,1,1185.0
2026-02-13T17:00,34.8,38.3,534.0,20.9,25.1,119.0,148,59,6.0,,23.6,33,21.5,0.0,0.0,989.8,7.6,297,2,965.0
2026-02-13T18:00,51.7,54.5,717.0,33.4,27.6,98.0,149,61,6.0,,22.0,39,20.5,0.0,0.0,990.1,5.4,285,1,340.0
2026-02-13T19:00,63.3,66.1,971.0,50.6,31.2,69.0,149,67,5.0,,20.6,48,19.8,0.0,0.0,990.6,4.3,268,2,135.0
2026-02-13T20:00,71.5,74.3,1284.0,63.4,33.8,46.0,150,71,5.0,,19.3,55,18.9,0.0,0.0,991.2,2.9,266,1,65.0
2026-02-13T21:00,79.9,83.1,1721.0,68.6,35.2,34.0,150,75,6.0,,19.2,57,19.3,0.0,0.0,991.5,0.7,270,3,35.0
2026-02-13T22:00,89.4,94.5,2218.0,69.4,35.7,27.0,151,80,8.0,,18.8,56,18.6,0.0,0.0,991.4,0.7,90,2,40.0
2026-02-13T23:00,94.3,101.5,2566.0,66.3,34.6,25.0,152,82,10.0,,18.6,62,18.8,0.0,0.0,991.4,0.5,90,3,25.0
2026-02-14T00:00,90.8,99.9,2690.0,57.2,30.7,30.0,152,80,12.0,,18.2,59,18.1,0.0,0.0,991.1,1.2,333,3,60.0
2026-02-14T01:00,84.5,94.1,2665.0,44.3,25.2,40.0,153,77,14.0,,17.3,61,16.9,0.0,0.0,990.7,2.1,301,3,45.0
2026-02-14T02:00,80.1,88.9,2510.0,34.4,21.2,47.0,153,75,15.0,,15.7,68,15.2,0.0,0.0,990.2,3.5,294,3,40.0
2026-02-14T03:00,80.1,88.2,2126.0,30.0,19.9,48.0,154,75,14.0,,14.3,74,13.5,0.0,0.0,989.8,4.9,294,3,45.0
2026-02-14T04:00,83.4,90.3,1612.0,28.6,20.1,47.0,154,77,13.0,,13.4,77,12.6,0.0,0.0,989.2,4.4,282,1,40.0
2026-02-14T05:00,90.3,97.6,1289.0,31.2,22.5,42.0,155,80,12.0,,12.8,84,12.2,0.0,0.0,989.4,4.2,263,3,35.0
2026-02-14T06:00,94.8,100.8,1389.0,37.0,25.7,37.0,156,82,10.0,,12.6,84,11.9,0.0,0.0,989.8,4.3,265,3,45.0
2026-02-14T07:00,106.6,112.2,1679.0,44.5,30.1,33.0,157,87,7.0,,12.5,81,11.5,0.0,0.0,990.3,5.8,261,3,55.0
2026-02-14T08:00,105.7,108.7,1784.0,46.7,33.6,42.0,158,86,5.0,,14.6,69,13.3,0.0,0.0,991.2,6.9,256,3,85.0
2026-02-14T09:00,92.2,94.5,1481.0,38.6,36.0,78.0,159,81,4.0,,17.9,54,16.6,0.0,0.0,992.0,6.0,254,0,150.0
2026-02-14T10:00,71.2,73.3,993.0,25.1,37.6,128.0,160,71,3.0,,21.5,41,19.8,0.0,0.0,992.1,7.1,260,0,315.0
2026-02-14T11:00,57.7,59.6,613.0,14.4,37.1,165.0,160,85,3.0,,24.0,33,22.5,0.0,0.0,991.8,8.3,264,0,780.0
2026-02-14T12:00,47.7,49.8,463.0,9.4,33.1,178.0,160,98,3.0,,25.6,29,24.4,0.0,0.0,991.1,8.6,278,0,1135.0
2026-02-14T13:00,36.9,39.3,421.0,7.1,27.1,179.0,161,99,4.0,,26.4,28,25.1,0.0,0.0,990.3,9.5,289,0,1375.0
2026-02-14T14:00,32.5,35.3,414.0,6.6,22.5,174.0,161,94,5.0,,26.9,26,24.9,0.0,0.0,989.6,10.6,296,0,1575.0
2026-02-14T15:00,30.5,33.4,407.0,7.3,20.4,166.0,161,86,4.0,,26.5,29,24.0,0.0,0.0,989.2,11.4,297,0,1525.0
2026-02-14T16:00,29.8,32.7,436.0,9.7,19.8,154.0,161,77,3.0,,25.8,33,23.8,0.0,0.0,988.8,10.2,294,0,1360.0
2026-02-14T17:00,34.5,37.0,531.0,14.4,20.7,145.0,161,73,5.0,,24.7,33,22.5,0.0,0.0,988.7,10.4,300,0,1075.0
2026-02-14T18:00,44.9,47.3,752.0,23.2,23.2,125.0,161,63,7.0,,23.3,37,21.5,0.0,0.0,988.8,7.6,298,0,660.0
2026-02-14T19:00,55.9,59.8,1039.0,35.2,26.7,96.0,161,63,11.0,,22.2,42,21.0,0.0,0.0,989.3,5.7,288,0,265.0
2026-02-14T20:00,61.5,70.1,1250.0,42.6,29.0,76.0,161,66,16.0,,21.1,47,20.2,0.0,0.0,989.3,4.7,293,0,140.0
2026-02-14T21:00,64.0,79.9,1318.0,41.3,29.3,71.0,160,67,24.0,,20.5,50,19.6,0.0,0.0,989.3,5.2,314,0,130.0
2026-02-14T22:00,66.8,87.5,1309.0,35.4,28.5,73.0,160,68,33.0,,20.1,52,19.3,0.0,0.0,989.2,5.3,322,0,130.0
2026-02-14T23:00,68.2,88.9,1278.0,29.9,27.4,76.0,159,69,38.0,,19.0,60,18.6,0.0,0.0,989.5,4.6,288,0,90.0
2026-02-15T00:00,67.5,84.8,1232.0,26.2,26.1,77.0,158,69,36.0,,17.7,65,17.3,0.0,0.0,989.1,4.7,272,0,60.0
2026-02-15T01:00,68.0,82.4,1164.0,22.8,24.5,77.0,158,69,31.0,,16.6,70,16.3,0.0,0.0,988.6,4.2,277,0,50.0
2026-02-15T02:00,70.3,84.5,1104.0,20.8,23.3,76.0,157,70,26.0,,15.8,74,15.5,0.0,0.0,988.5,4.3,272,0,50.0
2026-02-15T03:00,74.7,89.2,1036.0,20.4,22.6,71.0,157,72,24.0,,15.2,76,14.8,0.0,0.0,988.3,4.9,266,0,60.0
2026-02-15T04:00,78.9,92.7,976.0,21.3,22.4,65.0,157,74,23.0,,14.5,78,13.9,0.0,0.0,988.2,5.2,264,0,65.0
2026-02-15T05:00,78.7,86.6,1003.0,20.8,24.0,68.0,157,74,14.0,,13.5,87,13.1,0.0,0.0,988.0,4.9,266,0,50.0
2026-02-15T06:00,78.2,83.8,1236.0,26.9,26.0,63.0,156,74,11.0,,13.6,85,13.2,0.0,0.0,988.7,4.9,280,0,55.0
2026-02-15T07:00,82.7,87.1,1555.0,34.9,28.8,58.0,156,76,8.0,,13.9,83,13.5,0.0,0.0,989.3,5.1,274,0,50.0
2026-02-15T08:00,85.7,88.7,1683.0,38.2,30.8,65.0,155,78,6.0,,16.4,71,15.9,0.0,0.0,989.9,5.9,270,0,90.0
2026-02-15T09:00,82.4,85.2,1434.0,32.5,31.8,98.0,154,76,6.0,,19.9,57,19.4,0.0,0.0,991.1,5.2,270,0,185.0
2026-02-15T10:00,72.6,76.4,995.0,22.1,32.0,143.0,154,72,8.0,,22.9,46,22.1,0.0,0.0,991.3,7.1,276,0,420.0
2026-02-15T11:00,57.9,63.1,642.0,13.6,30.9,175.0,154,95,10.0,,25.3,39,24.6,0.0,0.0,991.1,9.6,278,0,1020.0
2026-02-15T12:00,44.0,50.5,486.0,9.1,27.6,183.0,154,103,12.0,,26.8,33,25.9,0.0,0.0,990.6,11.5,280,0,1200.0
2026-02-15T13:00,37.4,44.6,417.0,6.4,23.0,178.0,154,98,13.0,,27.7,30,26.5,0.0,0.0,989.7,12.1,280,0,1805.0
2026-02-15T14:00,32.8,40.4,385.0,5.5,19.4,169.0,154,89,14.0,,28.1,26,26.2,0.0,0.0,989.1,12.3,285,0,1925.0
2026-02-15T15:00,29.8,37.4,363.0,5.8,17.4,160.0,154,80,13.0,,27.9,26,25.2,0.0,0.0,988.6,11.9,290,0,1905.0
2026-02-15T16:00,28.9,36.1,379.0,7.9,16.5,148.0,154,74,12.0,,27.3,26,24.6,0.0,0.0,988.2,11.4,295,0,1755.0
2026-02-15T17:00,33.3,45.8,463.0,13.9,16.9,132.0,154,66,24.0,,26.1,28,23.9,0.0,0.0,988.4,8.6,292,0,935.0
2026-02-15T18:00,42.4,54.7,605.0,24.2,20.0,112.0,154,56,28.0,,23.9,36,22.7,0.0,0.0,988.5,4.4,305,0,205.0
2026-02-15T19:00,54.2,69.4,816.0,38.4,24.2,84.0,154,62,33.0,,23.1,40,22.4,0.0,0.0,988.8,2.3,337,0,100.0
2026-02-15T20:00,62.9,85.4,1157.0,48.8,27.6,62.0,154,66,42.0,,22.5,42,22.0,0.0,0.0,989.1,1.4,50,0,55.0
2026-02-15T21:00,69.8,102.2,1771.0,52.0,29.3,52.0,154,70,56.0,,21.4,45,20.8,0.0,0.0,989.5,1.9,158,0,35.0
2026-02-15T22:00,76.8,119.0,2517.0,51.4,30.2,48.0,154,73,74.0,,20.3,49,19.8,0.0,0.0,989.6,2.2,166,0,45.0
2026-02-15T23:00,83.4,130.4,3030.0,50.1,30.6,46.0,154,77,85.0,,19.9,53,19.8,0.0,0.0,989.5,0.6,56,0,25.0
2026-02-16T00:00,86.6,134.6,3139.0,48.3,30.1,44.0,155,78,87.0,,19.4,56,19.5,0.0,0.0,989.2,0.2,180,0,15.0
2026-02-16T01:00,90.3,136.4,3017.0,45.7,29.2,44.0,155,80,82.0,,19.4,56,19.5,0.0,0.0,988.8,0.2,270,0,35.0
2026-02-16T02:00,95.7,137.4,2813.0,44.8,29.0,42.0,156,82,76.0,,19.1,56,19.0,0.0,0.0,988.2,0.4,270,0,35.0
2026-02-16T03:00,102.4,138.3,2504.0,47.0,30.0,36.0,157,85,68.0,,17.8,61,17.6,0.0,0.0,987.9,1.5,284,0,35.0
2026-02-16T04:00,109.7,140.6,2114.0,50.9,31.8,28.0,158,88,58.0,,15.8,71,15.1,0.0,0.0,987.5,5.5,257,0,50.0
2026-02-16T05:00,118.5,161.6,1869.0,70.1,41.3,11.0,159,91,75.0,,14.0,85,13.7,0.0,0.0,987.8,5.2,250,0,40.0
2026-02-16T06:00,108.0,136.0,1967.0,66.2,43.0,16.0,160,87,60.0,,13.1,89,12.9,0.0,0.0,987.9,4.1,255,2,30.0
2026-02-16T07:00,111.1,133.2,2211.0,60.4,45.4,24.0,161,88,40.0,,13.5,87,13.2,0.0,0.0,988.8,4.4,243,0,30.0
2026-02-16T08:00,109.4,123.9,2235.0,53.3,48.0,42.0,161,88,26.0,,16.6,70,16.2,0.0,0.0,989.7,5.2,245,0,35.0
2026-02-16T09:00,103.6,115.5,1794.0,44.0,51.8,80.0,162,85,24.0,,21.1,51,20.7,0.0,0.0,990.7,3.7,235,0,160.0
2026-02-16T10:00,89.2,103.6,1134.0,33.4,55.8,127.0,163,80,27.0,,24.6,38,23.9,0.0,0.0,991.1,3.2,218,0,450.0
2026-02-16T11:00,59.4,74.7,623.0,24.3,55.9,163.0,163,83,29.0,,27.0,30,26.7,0.0,0.0,990.8,3.3,186,0,1250.0
2026-02-16T12:00,39.8,53.9,420.0,17.1,48.8,179.0,163,99,27.0,,29.0,23,28.9,0.0,0.0,990.2,1.6,186,0,2370.0
2026-02-16T13:00,34.3,46.8,367.0,11.5,37.8,183.0,163,103,24.0,,29.9,19,29.5,0.0,0.0,989.1,1.9,287,0,2600.0
2026-02-16T14:00,30.5,42.0,361.0,8.9,29.3,180.0,163,100,22.0,,30.3,18,28.9,0.0,0.0,987.8,3.9,298,0,2830.0
2026-02-16T15:00,28.2,39.3,372.0,8.9,25.1,171.0,163,91,20.0,,30.3,17,27.7,0.0,0.0,987.1,6.3,301,0,2975.0
2026-02-16T16:00,27.2,38.3,430.0,12.0,23.4,156.0,163,78,19.0,,29.3,20,26.6,0.0,0.0,986.8,7.7,348,0,2920.0
2026-02-16T17:00,56.8,72.6,524.0,35.6,47.3,159.0,163,80,30.0,,25.5,40,24.0,0.0,0.0,986.9,12.1,100,0,855.0
2026-02-16T18:00,81.5,94.8,676.0,50.4,48.4,128.0,164,76,30.0,,24.3,43,23.3,0.0,0.0,987.2,8.7,108,0,440.0
2026-02-16T19:00,97.6,110.6,864.0,70.4,49.8,85.0,165,83,29.0,,23.3,47,22.6,0.0,0.0,987.7,8.1,107,0,365.0
2026-02-16T20:00,108.7,123.9,1010.0,82.8,50.0,54.0,166,87,29.0,,22.3,52,21.9,0.0,0.0,988.2,7.0,111,0,255.0
2026-02-16T21:00,116.2,133.2,1084.0,81.0,48.3,45.0,167,90,30.0,,21.3,57,21.0,0.0,0.0,988.9,6.7,117,0,185.0
2026-02-16T22:00,119.7,137.4,1115.0,71.7,45.5,48.0,169,92,32.0,,20.4,60,20.3,0.0,0.0,988.8,5.5,122,0,120.0
2026-02-16T23:00,119.2,136.9,1116.0,61.8,42.3,52.0,170,92,33.0,,19.7,64,19.5,0.0,0.0,989.1,7.2,129,0,125.0
2026-02-17T00:00,113.9,130.4,1079.0,52.9,38.6,54.0,171,90,31.0,,19.2,66,19.1,0.0,0.0,989.1,6.3,127,0,115.0
2026-02-17T01:00,109.9,125.3,1011.0,43.4,34.4,56.0,172,88,28.0,,18.3,70,18.2,0.0,0.0,989.1,5.9,108,0,110.0
2026-02-17T02:00,107.8,122.0,951.0,35.7,31.2,59.0,173,87,26.0,,17.5,72,17.2,0.0,0.0,989.0,7.0,102,0,115.0
2026-02-17T03:00,107.1,121.1,893.0,30.2,29.2,61.0,173,87,26.0,,16.8,74,16.4,0.0,0.0,989.1,7.5,114,0,130.0
2026-02-17T04:00,105.2,119.7,842.0,26.4,28.2,62.0,173,86,28.0,,16.3,76,15.7,0.0,0.0,989.1,8.1,111,0,130.0
2026-02-17T05:00,102.2,121.1,854.0,23.8,28.1,70.0,173,85,35.0,,16.1,73,15.1,0.0,0.0,989.4,9.5,117,0,150.0
2026-02-17T06:00,98.7,117.3,1013.0,29.1,28.7,64.0,172,83,33.0,,15.9,74,14.9,0.0,0.0,989.8,9.7,125,0,160.0
2026-02-17T07:00,100.6,118.5,1234.0,36.1,29.7,58.0,172,84,30.0,,16.0,73,14.9,0.0,0.0,990.6,10.1,131,0,155.0
2026-02-17T08:00,101.3,116.9,1325.0,39.2,31.0,64.0,172,85,29.0,,17.7,65,16.7,0.0,0.0,991.3,9.1,128,0,180.0
2026-02-17T09:00,93.6,109.0,1158.0,34.7,33.2,94.0,172,81,30.0,,20.5,55,19.6,0.0,0.0,992.2,8.4,125,0,260.0
2026-02-17T10:00,77.1,93.8,861.0,26.3,35.8,135.0,171,74,32.0,,23.6,43,22.1,0.0,0.0,992.3,10.6,133,0,430.0
2026-02-17T11:00,56.1,74.0,618.0,19.1,37.2,168.0,171,88,34.0,,25.9,34,24.5,0.0,0.0,992.0,11.8,140,0,595.0
2026-02-17T12:00,38.6,57.3,497.0,14.2,36.3,183.0,171,103,35.0,,27.7,29,26.9,0.0,0.0,991.6,9.5,147,0,915.0
2026-02-17T13:00,32.6,51.5,430.0,10.6,34.2,189.0,171,109,35.0,,28.8,27,28.1,0.0,0.0,990.6,8.2,147,0,1785.0
2026-02-17T14:00,29.2,47.6,400.0,9.8,32.5,189.0,171,109,35.0,,29.2,25,28.1,0.0,0.0,989.3,7.6,137,0,2075.0
2026-02-17T15:00,27.7,45.6,385.0,11.3,31.2,184.0,171,104,34.0,,29.0,27,27.2,0.0,0.0,988.6,8.5,138,0,2140.0
2026-02-17T16:00,27.2,44.4,408.0,15.8,30.3,173.0,171,93,32.0,,28.2,30,26.5,0.0,0.0,988.4,9.9,142,0,1950.0
2026-02-17T17:00,46.0,67.1,514.0,27.0,31.8,155.0,171,78,40.0,,26.8,33,24.7,0.0,0.0,988.3,12.5,133,0,640.0
2026-02-17T18:00,63.6,83.1,778.0,39.5,34.6,128.0,170,67,43.0,,25.0,42,24.2,0.0,0.0,988.6,7.5,136,0,480.0
2026-02-17T19:00,74.5,96.6,1125.0,56.7,38.5,92.0,170,72,47.0,,23.6,49,23.6,0.0,0.0,989.1,4.2,149,0,210.0
2026-02-17T20:00,75.0,101.3,1382.0,68.7,41.2,63.0,169,73,50.0,,22.5,56,22.7,0.0,0.0,989.6,4.9,129,0,140.0
2026-02-17T21:00,73.3,102.2,1461.0,70.5,41.9,52.0,168,72,51.0,,21.4,63,22.0,0.0,0.0,989.7,4.9,118,0,105.0
2026-02-17T22:00,74.3,103.1,1450.0,67.2,41.4,48.0,167,72,51.0,,20.3,69,21.0,0.0,0.0,989.5,4.4,117,0,80.0
2026-02-17T23:00,78.2,104.5,1432.0,64.0,40.4,45.0,166,74,50.0,,19.6,76,20.8,0.0,0.0,989.5,3.0,107,0,55.0
2026-02-18T00:00,80.1,105.5,1454.0,63.0,38.8,38.0,164,75,49.0,,18.9,78,20.0,0.0,0.0,988.8,4.0,95,0,60.0
2026-02-18T01:00,86.8,112.7,1470.0,62.2,36.6,31.0,163,78,47.0,,18.3,80,19.2,0.0,0.0,988.8,3.9,106,0,60.0
2026-02-18T02:00,93.6,119.2,1427.0,60.7,34.7,25.0,163,81,48.0,,18.0,79,18.7,0.0,0.0,988.5,4.6,116,1,80.0
2026-02-18T03:00,96.9,124.8,1252.0,58.3,33.3,19.0,162,83,53.0,,17.6,80,18.8,0.0,0.0,988.8,0.5,225,3,25.0
2026-02-18T04:00,103.6,135.5,1017.0,55.1,32.0,15.0,162,85,60.0,,17.5,81,18.5,0.0,0.0,988.9,2.3,293,3,55.0
2026-02-18T05:00,108.3,139.2,885.0,59.8,39.0,20.0,162,87,57.0,,18.4,80,18.8,0.0,0.0,989.9,7.7,300,3,135.0
2026-02-18T06:00,88.9,130.4,974.0,48.7,32.7,44.0,162,79,47.0,,18.7,78,19.3,0.0,0.0,990.6,6.3,273,3,135.0
2026-02-18T07:00,74.0,111.3,1167.0,33.4,24.1,77.0,162,72,34.0,,17.9,80,18.2,0.0,0.0,991.5,7.2,295,3,175.0
2026-02-18T08:00,54.6,66.8,1272.0,21.8,18.4,103.0,161,62,23.0,,18.4,79,19.4,0.4,0.4,992.4,3.3,22,51,135.0
2026-02-18T09:00,43.3,48.8,1189.0,17.7,18.1,115.0,160,56,16.0,,19.0,76,19.8,0.0,0.0,993.0,4.9,39,3,185.0
2026-02-18T10:00,36.4,40.7,1019.0,17.4,20.7,120.0,158,60,11.0,,19.7,70,20.6,0.0,0.0,993.5,2.7,122,3,170.0
2026-02-18T11:00,32.7,37.1,877.0,17.5,23.5,124.0,157,62,8.0,,19.1,73,19.7,0.1,0.1,993.2,4.6,26,51,210.0
2026-02-18T12:00,33.8,40.3,799.0,16.9,26.1,128.0,156,64,8.0,,22.3,52,22.1,0.4,0.4,993.5,5.3,348,51,665.0
2026-02-18T13:00,31.1,38.0,749.0,16.8,29.0,131.0,156,66,10.0,,23.4,41,22.1,0.0,0.0,992.5,7.9,349,3,1050.0
2026-02-18T14:00,31.9,38.0,733.0,17.5,31.0,130.0,156,65,11.0,,23.9,39,22.3,0.0,0.0,991.6,9.2,339,3,1375.0
2026-02-18T15:00,37.0,51.7,736.0,17.4,31.0,127.0,156,64,11.0,,23.3,43,22.2,0.0,0.0,991.0,7.9,349,3,1220.0
2026-02-18T16:00,42.6,49.9,774.0,18.1,30.1,120.0,156,60,10.0,,22.8,45,22.5,0.0,0.0,990.7,2.3,32,3,980.0
2026-02-18T17:00,45.3,54.6,893.0,32.7,34.5,91.0,157,57,17.0,,17.7,81,19.0,0.0,0.0,990.0,0.6,288,3,10.0
2026-02-18T18:00,60.1,68.9,1164.0,50.7,40.5,69.0,157,65,16.0,,17.2,87,18.4,0.0,0.0,990.6,2.7,274,3,65.0
2026-02-18T19:00,77.5,85.2,1517.0,75.5,49.3,38.0,157,74,15.0,,16.7,89,18.0,0.0,0.0,990.5,2.3,61,3,35.0
2026-02-18T20:00,100.8,108.5,1793.0,94.0,58.6,15.0,157,84,14.0,,16.6,88,18.0,0.0,0.0,991.0,0.5,45,3,15.0
2026-02-18T21:00,125.7,133.2,1929.0,101.2,70.4,6.0,158,94,14.0,,16.6,87,17.8,0.0,0.0,991.4,1.0,211,3,25.0
2026-02-18T22:00,145.8,153.7,1988.0,102.0,82.8,5.0,159,102,14.0,,16.1,89,17.1,0.0,0.0,991.7,2.7,110,3,50.0
2026-02-18T23:00,155.1,162.1,2000.0,98.8,88.1,6.0,161,106,13.0,,16.9,86,18.2,0.0,0.0,991.5,0.6,56,3,25.0
2026-02-19T00:00,144.8,151.3,1950.0,90.1,81.0,10.0,164,102,11.0,,16.4,88,17.5,0.0,0.0,991.4,2.2,355,3,45.0
2026-02-19T01:00,131.3,137.4,1854.0,77.3,66.9,17.0,165,97,9.0,,15.9,90,16.7,0.0,0.0,991.6,3.5,15,0,60.0
2026-02-19T02:00,122.0,126.2,1782.0,66.4,54.0,22.0,167,93,8.0,,15.1,92,15.7,0.0,0.0,991.4,3.8,355,0,60.0
2026-02-19T03:00,112.5,115.9,1760.0,59.7,44.9,24.0,168,89,8.0,,14.7,93,15.3,0.0,0.0,991.3,3.1,336,0,45.0
2026-02-19T04:00,103.8,107.3,1764.0,55.0,37.0,24.0,168,86,8.0,,14.1,93,14.5,0.0,0.0,991.2,3.6,327,0,45.0
2026-02-19T05:00,122.5,126.2,1791.0,62.0,42.6,10.0,168,93,7.0,,14.8,85,14.6,0.0,0.0,991.0,5.7,349,1,80.0
2026-02-19T06:00,111.3,116.2,1908.0,59.1,42.2,13.0,168,89,7.0,,13.9,86,13.7,0.0,0.0,991.7,4.8,340,0,95.0
2026-02-19T07:00,114.6,119.0,2049.0,54.8,41.7,18.0,169,90,7.0,,14.3,86,14.2,0.0,0.0,992.3,4.5,337,0,70.0
2026-02-19T08:00,114.8,119.2,2012.0,48.7,41.9,32.0,170,90,8.0,,16.6,79,16.9,0.0,0.0,993.1,4.1,299,0,70.0
2026-02-19T09:00,99.7,105.7,1624.0,39.2,43.6,62.0,172,84,9.0,,19.5,70,20.4,0.0,0.0,993.7,1.9,292,0,125.0
2026-02-19T10:00,78.2,85.0,1059.0,28.0,45.9,101.0,174,74,10.0,,22.5,53,22.8,0.0,0.0,994.2,2.4,333,0,365.0
2026-02-19T11:00,55.4,61.2,632.0,19.4,47.3,133.0,175,67,11.0,,24.3,42,24.9,0.0,0.0,993.9,1.3,326,0,1230.0
2026-02-19T12:00,47.0,52.4,488.0,15.1,46.8,153.0,176,77,11.0,,25.8,37,26.8,0.0,0.0,993.3,1.4,90,1,1640.0
2026-02-19T13:00,48.2,54.0,482.0,13.5,45.3,166.0,176,86,11.0,,26.0,36,26.8,0.0,0.0,992.4,1.8,66,1,1880.0
2026-02-19T14:00,50.6,56.7,503.0,13.9,44.1,172.0,177,92,11.0,,26.3,35,26.6,0.0,0.0,991.6,1.5,120,1,1930.0
2026-02-19T15:00,53.4,59.8,520.0,16.1,43.8,170.0,177,90,11.0,,26.3,33,25.6,0.0,0.0,991.4,2.5,188,1,2090.0
2026-02-19T16:00,56.5,63.3,562.0,20.2,43.9,161.0,178,81,11.0,,25.0,36,23.6,0.0,0.0,991.5,7.6,181,2,1830.0
2026-02-19T17:00,51.8,54.8,612.0,27.0,38.4,135.0,178,68,6.0,,23.8,53,24.7,0.0,0.0,991.3,1.4,247,0,675.0
2026-02-19T18:00,75.2,77.5,657.0,42.7,41.2,108.0,178,73,5.0,,22.2,62,23.2,0.0,0.0,991.5,3.2,251,1,75.0
2026-02-19T19:00,89.4,91.3,708.0,64.0,44.9,72.0,179,80,4.0,,21.2,65,21.9,0.0,0.0,992.2,4.6,312,0,155.0
2026-02-19T20:00,89.9,92.0,780.0,77.1,46.8,45.0,179,80,4.0,,20.5,70,21.9,0.0,0.0,993.0,1.9,287,0,40.0
2026-02-19T21:00,88.0,91.0,898.0,74.9,45.5,38.0,179,79,6.0,,19.6,74,20.5,0.0,0.0,993.3,4.6,315,0,115.0
2026-02-19T22:00,87.8,92.4,1036.0,64.5,42.4,42.0,178,79,9.0,,18.8,78,19.7,0.0,0.0,993.2,4.6,329,0,120.0
2026-02-19T23:00,87.1,93.8,1130.0,54.2,38.6,46.0,176,79,12.0,,18.5,82,19.7,0.0,0.0,993.6,3.9,313,0,105.0
2026-02-20T00:00,85.2,92.4,1150.0,46.0,34.1,48.0,174,78,15.0,,17.7,85,18.8,0.0,0.0,993.7,4.3,5,0,130.0
2026-02-20T01:00,84.3,93.1,1126.0,37.9,29.0,50.0,172,77,19.0,,17.2,86,18.4,0.0,0.0,993.6,2.9,11,0,95.0
2026-02-20T02:00,83.4,94.1,1085.0,31.5,24.9,52.0,171,77,20.0,,16.8,86,17.7,0.0,0.0,993.3,3.5,348,0,75.0
2026-02-20T03:00,83.4,93.6,995.0,27.0,22.3,52.0,170,77,19.0,,16.4,87,17.3,0.0,0.0,993.1,3.1,332,0,60.0
2026-02-20T04:00,83.1,91.3,888.0,24.2,20.8,52.0,169,77,15.0,,16.0,87,16.7,0.0,0.0,992.9,3.3,331,0,55.0
2026-02-20T05:00,74.7,86.8,883.0,18.1,19.7,64.0,168,72,22.0,,15.0,93,15.5,0.0,0.0,992.8,5.1,333,0,65.0
2026-02-20T06:00,78.0,88.0,1116.0,26.9,22.4,54.0,167,74,16.0,,15.1,92,15.6,0.0,0.0,993.3,4.4,322,0,65.0
2026-02-20T07:00,88.7,92.7,1451.0,38.5,26.2,42.0,166,79,8.0,,15.4,91,16.0,0.0,0.0,994.1,4.0,300,0,55.0
2026-02-20T08:00,96.9,99.2,1607.0,43.8,30.0,45.0,165,83,4.0,,17.4,81,18.2,0.0,0.0,995.3,4.1,293,0,90.0
2026-02-20T09:00,90.1,95.0,1405.0,36.8,34.3,78.0,164,80,8.0,,20.2,68,21.1,0.0,0.0,996.1,2.7,307,0,160.0
2026-02-20T10:00,70.5,78.2,1022.0,23.6,38.6,126.0,164,70,15.0,,23.3,51,23.6,0.0,0.0,996.5,3.6,327,0,350.0
2026-02-20T11:00,49.9,61.5,710.0,13.0,40.2,162.0,164,82,22.0,,25.5,42,25.9,0.0,0.0,996.1,5.3,303,0,1065.0
2026-02-20T12:00,47.1,61.0,563.0,8.5,36.7,175.0,164,95,25.0,,27.0,36,27.5,0.0,0.0,995.3,5.5,297,0,1675.0
2026-02-20T13:00,45.4,60.3,487.0,6.7,30.5,177.0,164,97,28.0,,27.7,33,27.8,0.0,0.0,994.2,7.2,292,0,2050.0
2026-02-20T14:00,44.0,60.3,442.0,6.6,25.5,173.0,164,93,31.0,,27.9,32,27.2,0.0,0.0,993.1,9.2,290,0,2245.0
2026-02-20T15:00,42.5,61.5,407.0,7.6,23.1,164.0,163,84,36.0,,27.5,32,25.9,0.0,0.0,992.4,10.2,288,0,2185.0
2026-02-20T16:00,41.7,64.0,405.0,10.3,22.0,149.0,163,75,42.0,,26.8,34,25.1,0.0,0.0,992.1,10.4,290,0,1920.0
2026-02-20T17:00,54.6,81.7,463.0,15.6,20.4,125.0,163,63,51.0,,25.5,39,24.2,0.0,0.0,991.4,9.6,296,0,1240.0
2026-02-20T18:00,62.4,97.3,636.0,22.9,21.5,107.0,163,66,59.0,,23.7,47,23.4,0.0,0.0,991.5,5.6,297,0,465.0
2026-02-20T19:00,68.7,108.0,870.0,33.0,22.9,81.0,162,69,69.0,,22.3,55,22.5,0.0,0.0,992.0,5.0,291,0,260.0
2026-02-20T20:00,72.2,114.6,1033.0,39.5,23.6,62.0,162,71,79.0,,21.0,64,21.6,0.0,0.0,992.0,4.6,283,0,155.0
2026-02-20T21:00,73.6,120.1,1064.0,39.6,23.0,55.0,161,72,88.0,,20.1,67,20.6,0.0,0.0,991.9,4.9,278,0,110.0
2026-02-20T22:00,74.7,126.7,1025.0,36.2,21.7,54.0,161,72,95.0,,19.5,67,19.7,0.0,0.0,991.5,5.1,280,0,80.0
2026-02-20T23:00,75.7,127.6,968.0,32.3,20.3,55.0,160,73,96.0,,18.9,71,19.2,0.0,0.0,991.3,5.3,278,0,90.0
2026-02-21T00:00,74.7,120.1,898.0,28.6,18.7,56.0,160,72,85.0,,18.2,71,18.2,0.0,0.0,991.1,5.7,283,0,90.0
2026-02-21T01:00,73.8,110.4,811.0,24.4,17.0,58.0,160,72,68.0,,17.6,72,17.5,0.0,0.0,990.7,5.8,284,0,95.0
2026-02-21T02:00,72.6,101.0,748.0,21.0,15.9,61.0,159,71,53.0,,16.9,75,16.8,0.0,0.0,990.1,5.5,281,0,90.0
2026-02-21T03:00,71.5,94.5,711.0,18.1,15.6,64.0,159,71,44.0,,16.1,78,16.0,0.0,0.0,989.6,5.2,266,0,75.0
2026-02-21T04:00,70.5,90.3,698.0,16.0,15.9,67.0,159,70,38.0,,15.6,79,15.4,0.0,0.0,989.6,5.8,268,0,80.0
2026-02-21T05:00,74.7,84.1,749.0,18.5,18.2,62.0,158,72,17.0,,14.9,87,14.6,0.0,0.0,989.2,7.4,267,0,90.0
2026-02-21T06:00,74.3,79.4,944.0,24.4,20.2,55.0,158,72,11.0,,14.8,88,14.6,0.0,0.0,989.3,6.7,265,0,85.0
2026-02-21T07:00,79.2,82.2,1203.0,32.3,23.2,47.0,158,75,4.0,,15.0,86,14.7,0.0,0.0,989.9,7.3,263,0,85.0
2026-02-21T08:00,84.8,86.4,1320.0,35.6,26.2,53.0,158,77,3.0,,16.9,77,16.7,0.0,0.0,990.6,6.8,270,0,125.0
2026-02-21T09:00,81.7,83.4,1159.0,30.1,29.7,85.0,158,76,13.0,,19.9,65,19.9,0.0,0.0,991.3,6.5,278,0,220.0
2026-02-21T10:00,78.2,92.4,856.0,20.0,33.4,130.0,157,74,28.0,,22.8,55,22.8,0.0,0.0,991.5,7.1,286,0,425.0
2026-02-21T11:00,69.2,91.3,618.0,11.8,34.9,166.0,158,86,42.0,,24.9,50,25.4,0.0,0.0,991.2,8.8,289,0,1135.0
2026-02-21T12:00,57.7,85.7,526.0,7.8,32.6,183.0,158,103,50.0,,26.2,44,26.7,0.0,0.0,990.4,10.2,294,0,1425.0
2026-02-21T13:00,50.9,82.2,499.0,5.7,28.3,190.0,159,110,57.0,,27.0,40,27.3,0.0,0.0,989.5,10.5,295,0,1635.0
2026-02-21T14:00,47.7,81.3,494.0,5.3,24.8,191.0,159,111,64.0,,27.2,38,26.9,0.0,0.0,988.1,10.9,297,0,1735.0
2026-02-21T15:00,46.3,82.7,485.0,6.3,23.2,185.0,159,105,73.0,,27.1,39,26.0,0.0,0.0,987.3,11.0,296,0,1725.0
2026-02-21T16:00,46.2,88.7,498.0,8.8,22.5,173.0,159,93,83.0,,26.4,40,25.3,0.0,0.0,986.5,10.8,298,0,1575.0
2026-02-21T17:00,53.2,109.9,571.0,13.3,22.7,164.0,159,84,108.0,,25.4,40,24.3,0.0,0.0,986.0,9.4,293,0,1175.0
2026-02-21T18:00,61.5,129.0,752.0,21.0,24.3,142.0,159,71,125.0,,23.5,48,23.2,0.0,0.0,986.3,5.4,285,0,310.0
2026-02-21T19:00,70.1,148.5,993.0,31.5,26.5,112.0,160,70,149.0,,22.0,56,22.2,0.0,0.0,986.4,4.8,281,0,140.0
2026-02-21T20:00,77.5,168.1,1189.0,39.4,28.2,88.0,159,74,171.0,,21.1,63,21.7,0.0,0.0,986.3,4.0,288,0,85.0
2026-02-21T21:00,83.1,187.7,1318.0,42.2,29.1,75.0,159,78,190.0,,20.8,63,21.5,0.0,0.0,986.5,3.4,286,0,65.0
2026-02-21T22:00,89.2,204.9,1402.0,42.3,29.4,67.0,159,83,207.0,,20.2,64,20.6,0.0,0.0,986.0,4.0,273,0,50.0
2026-02-21T23:00,94.5,209.1,1402.0,41.3,29.2,62.0,160,84,212.0,,19.2,72,19.8,0.0,0.0,986.0,5.3,262,0,70.0
2026-02-22T00:00,96.2,202.6,1256.0,39.3,28.1,59.0,160,82,199.0,,18.4,75,18.7,0.0,0.0,985.8,6.1,275,0,90.0
2026-02-22T01:00,100.6,193.7,1026.0,36.3,26.5,59.0,161,84,175.0,,17.5,76,17.6,0.0,0.0,985.5,5.7,279,0,85.0
2026-02-22T02:00,103.8,183.9,863.0,33.7,25.2,58.0,162,86,149.0,,16.6,79,16.7,0.0,0.0,985.0,4.9,274,0,65.0
2026-02-22T03:00,106.6,170.9,810.0,31.5,24.3,56.0,163,87,121.0,,16.0,80,15.9,0.0,0.0,984.5,5.4,255,0,60.0
2026-02-22T04:00,107.3,154.1,823.0,29.8,23.8,54.0,164,87,91.0,,15.2,83,15.1,0.0,0.0,984.4,5.3,258,0,60.0
2026-02-22T05:00,88.2,112.7,919.0,22.0,20.7,69.0,165,79,45.0,,14.7,88,14.8,0.0,0.0,984.5,5.6,255,0,60.0
2026-02-22T06:00,92.4,110.4,1204.0,29.7,23.3,60.0,165,81,36.0,,14.8,88,14.9,0.0,0.0,984.9,5.1,262,0,60.0
2026-02-22T07:00,101.7,115.9,1571.0,39.8,26.8,50.0,166,85,24.0,,15.1,86,15.2,0.0,0.0,985.5,4.9,262,0,55.0
2026-02-22T08:00,104.8,113.2,1719.0,44.2,30.1,55.0,167,86,16.0,,17.5,74,17.7,0.0,0.0,986.3,4.5,256,0,70.0
2026-02-22T09:00,96.9,103.4,1437.0,37.4,33.2,89.0,167,83,14.0,,21.4,58,21.7,0.0,0.0,987.0,3.3,257,0,150.0
2026-02-22T10:00,76.6,87.3,936.0,24.8,35.9,138.0,168,73,16.0,,24.7,42,24.2,0.0,0.0,987.4,4.7,263,0,590.0
2026-02-22T11:00,56.6,68.0,546.0,14.6,36.4,175.0,168,95,21.0,,26.8,30,26.0,0.0,0.0,987.1,7.1,264,0,1620.0
2026-02-22T12:00,46.2,61.2,404.0,9.5,32.8,188.0,167,108,30.0,,27.9,25,27.0,0.0,0.0,986.6,7.6,277,0,1985.0
2026-02-22T13:00,42.6,63.6,374.0,6.7,26.9,189.0,167,109,42.0,,28.4,23,27.3,0.0,0.0,985.9,8.5,282,0,2190.0
2026-02-22T14:00,41.0,67.8,373.0,6.0,22.2,184.0,167,104,52.0,,28.4,24,26.9,0.0,0.0,984.9,9.0,283,0,2225.0
2026-02-22T15:00,39.6,71.7,362.0,6.4,19.7,174.0,166,94,59.0,,28.2,25,26.0,0.0,0.0,984.5,9.0,276,0,2115.0
2026-02-22T16:00,38.8,73.3,380.0,8.8,18.5,158.0,166,79,63.0,,27.6,27,25.5,0.0,0.0,984.1,8.8,272,0,1950.0
2026-02-22T17:00,44.2,75.2,464.0,16.2,19.6,141.0,166,71,60.0,,26.4,35,25.1,0.0,0.0,983.8,8.4,286,0,1265.0
2026-02-22T18:00,58.0,89.4,657.0,29.2,23.1,118.0,166,64,60.0,,24.8,39,24.0,0.0,0.0,984.0,5.6,297,0,330.0
2026-02-22T19:00,71.2,102.0,916.0,47.1,28.0,85.0,166,71,60.0,,23.4,44,23.0,0.0,0.0,984.8,3.4,317,0,185.0
2026-02-22T20:00,81.0,114.1,1149.0,59.8,31.8,60.0,166,76,63.0,,22.9,46,22.7,0.0,0.0,985.2,2.4,347,0,180.0
2026-02-22T21:00,87.3,126.2,1333.0,62.6,33.5,50.0,166,79,73.0,,21.6,55,21.8,0.0,0.0,985.3,2.6,34,0,135.0
2026-02-22T22:00,91.7,137.4,1491.0,60.3,34.2,48.0,166,81,86.0,,20.2,62,20.6,0.0,0.0,985.3,3.6,84,0,95.0
2026-02-22T23:00,95.2,145.3,1598.0,57.2,34.0,46.0,166,82,95.0,,19.7,70,20.6,0.0,0.0,985.0,2.7,127,0,55.0
2026-02-23T00:00,96.6,149.0,1634.0,53.7,32.5,44.0,166,83,98.0,,19.1,71,20.1,0.0,0.0,984.5,1.3,135,0,20.0
2026-02-23T01:00,100.1,152.7,1619.0,49.4,30.1,43.0,166,84,98.0,,19.0,72,20.0,0.0,0.0,984.2,1.3,106,0,30.0
2026-02-23T02:00,105.7,156.9,1591.0,47.3,29.1,41.0,166,86,96.0,,18.9,72,19.9,0.0,0.0,983.9,0.9,127,0,20.0
2026-02-23T03:00,112.2,161.6,1532.0,49.3,30.1,35.0,166,89,94.0,,17.4,77,17.9,0.0,0.0,983.7,3.6,213,0,30.0
2026-02-23T04:00,119.2,167.2,1461.0,53.6,32.4,27.0,166,92,92.0,,16.8,78,17.3,0.0,0.0,983.4,2.3,238,0,20.0
2026-02-23T05:00,109.4,146.7,1469.0,43.2,31.6,41.0,167,88,70.0,,14.8,87,15.2,0.0,0.0,983.7,2.7,222,0,15.0
2026-02-23T06:00,117.3,153.2,1684.0,52.9,37.1,35.0,167,91,63.0,,14.8,87,15.2,0.0,0.0,984.2,2.7,228,0,15.0
2026-02-23T07:00,136.9,171.8,1979.0,65.6,44.7,28.0,168,99,53.0,,15.4,83,15.5,0.0,0.0,985.2,4.5,223,0,30.0
2026-02-23T08:00,143.0,168.1,2067.0,70.0,50.9,37.0,169,101,46.0,,18.6,67,18.8,0.0,0.0,986.3,3.2,207,0,60.0
2026-02-23T09:00,116.4,137.4,1750.0,58.2,55.4,77.0,170,91,42.0,,22.4,53,23.0,0.0,0.0,987.2,0.4,63,0,165.0
2026-02-23T10:00,84.3,106.4,1226.0,38.0,58.4,133.0,171,77,41.0,,25.2,41,25.4,0.0,0.0,987.7,0.9,217,0,600.0
2026-02-23T11:00,56.6,77.8,799.0,21.6,57.6,175.0,171,95,41.0,,27.1,32,27.0,0.0,0.0,987.6,4.4,238,0,1495.0
2026-02-23T12:00,47.5,69.8,587.0,13.5,49.9,192.0,171,112,43.0,,28.8,25,28.4,0.0,0.0,986.9,6.0,275,0,2595.0
2026-02-23T13:00,42.6,66.8,473.0,9.2,38.2,196.0,171,116,47.0,,29.4,22,28.0,0.0,0.0,985.9,8.7,294,0,2895.0
2026-02-23T14:00,38.6,64.7,412.0,7.6,29.0,193.0,171,113,50.0,,29.4,20,26.9,0.0,0.0,985.3,11.1,301,0,2970.0
2026-02-23T15:00,35.7,62.9,369.0,7.6,24.4,183.0,171,103,51.0,,29.2,19,25.9,0.0,0.0,984.9,11.7,307,0,2920.0
2026-02-23T16:00,34.7,62.6,379.0,10.3,22.3,166.0,171,86,51.0,,28.6,20,25.3,0.0,0.0,984.3,11.3,312,0,2395.0
2026-02-23T17:00,40.4,84.5,500.0,15.7,18.9,135.0,171,68,85.0,,27.8,23,25.4,0.0,0.0,984.3,7.5,314,0,1545.0
2026-02-23T18:00,55.1,96.4,814.0,27.5,22.1,114.0,171,63,91.0,,24.7,39,23.9,0.0,0.0,984.6,4.6,339,0,340.0
2026-02-23T19:00,67.5,113.9,1240.0,43.6,26.5,84.0,170,69,101.0,,23.6,49,24.0,0.0,0.0,985.2,2.1,31,0,250.0
2026-02-23T20:00,75.9,135.5,1588.0,53.9,29.4,62.0,170,73,113.0,,22.6,53,23.1,0.0,0.0,986.0,2.0,80,0,180.0
2026-02-23T21:00,82.0,154.1,1766.0,53.1,29.6,55.0,170,76,134.0,,21.7,57,22.2,0.0,0.0,986.5,2.1,70,0,145.0
2026-02-23T22:00,85.9,169.5,1867.0,46.5,28.4,57.0,170,78,158.0,,21.4,58,22.1,0.0,0.0,986.6,0.9,37,0,110.0
2026-02-23T23:00,87.8,177.9,1982.0,40.2,26.9,58.0,170,79,169.0,,20.0,67,20.8,0.0,0.0,986.5,2.5,352,0,60.0
2026-02-24T00:00,88.7,172.3,2177.0,35.7,25.2,58.0,170,79,156.0,,19.4,68,20.2,0.0,0.0,986.2,1.6,6,0,30.0
2026-02-24T01:00,91.5,163.0,2387.0,31.5,23.2,58.0,169,81,130.0,,19.0,68,19.7,0.0,0.0,986.1,1.5,306,0,30.0
2026-02-24T02:00,95.9,152.3,2509.0,28.9,21.9,57.0,169,82,106.0,,18.1,72,18.6,0.0,0.0,985.6,3.1,320,0,35.0
2026-02-24T03:00,101.0,145.8,2444.0,28.1,21.4,52.0,169,84,88.0,,17.8,72,18.2,0.0,0.0,985.4,2.7,307,0,30.0
2026-02-24T04:00,105.9,142.5,2291.0,28.9,21.7,46.0,169,86,71.0,,17.2,73,17.3,0.0,0.0,985.2,4.2,320,0,40.0
2026-02-24T05:00,100.8,124.3,2246.0,25.5,21.8,55.0,168,84,44.0,,15.9,82,16.1,0.0,0.0,985.4,4.4,322,0,65.0
2026-02-24T06:00,105.7,122.9,2511.0,37.7,26.2,45.0,168,86,37.0,,16.1,80,16.6,0.0,0.0,985.9,2.6,304,0,45.0
2026-02-24T07:00,122.9,137.8,2883.0,53.9,32.5,33.0,168,93,26.0,,16.6,78,17.4,0.0,0.0,987.2,0.6,252,0,15.0
2026-02-24T08:00,139.7,149.9,2951.0,61.4,38.6,40.0,167,100,19.0,,19.3,66,19.9,0.0,0.0,988.4,1.7,131,0,65.0
2026-02-24T09:00,114.1,120.6,2415.0,51.7,45.1,83.0,167,90,16.0,,22.4,54,23.0,0.0,0.0,989.2,1.5,144,0,200.0
2026-02-24T10:00,90.8,98.0,1574.0,33.3,51.3,145.0,167,80,15.0,,25.0,42,25.0,0.0,0.0,989.6,2.8,191,0,680.0
2026-02-24T11:00,73.6,82.9,913.0,18.4,53.4,191.0,167,111,18.0,,26.5,35,26.9,0.0,0.0,989.4,3.9,242,0,1205.0
2026-02-24T12:00,62.9,77.1,635.0,11.5,48.1,208.0,168,128,25.0,,28.5,28,28.6,0.0,0.0,989.1,5.1,293,0,2010.0
2026-02-24T13:00,59.1,77.8,536.0,8.1,38.7,210.0,168,130,35.0,,29.4,22,28.4,0.0,0.0,988.2,8.1,317,0,2565.0
2026-02-24T14:00,52.6,75.2,489.0,7.1,30.8,204.0,169,124,44.0,,29.6,18,27.4,0.0,0.0,987.3,9.9,325,0,2800.0
2026-02-24T15:00,45.6,72.4,454.0,7.6,26.2,190.0,169,110,51.0,,29.3,18,26.1,0.0,0.0,987.0,10.7,324,0,2775.0
2026-02-24T16:00,42.8,73.3,472.0,10.5,23.1,168.0,169,88,57.0,,28.5,20,25.2,0.0,0.0,986.7,11.4,319,0,2530.0
2026-02-24T17:00,41.3,84.8,537.0,16.5,20.1,134.0,170,67,84.0,,27.1,26,24.5,0.0,0.0,986.6,10.0,324,0,1460.0
2026-02-24T18:00,52.3,108.3,666.0,25.1,21.6,113.0,170,61,109.0,,24.7,39,23.9,0.0,0.0,987.0,5.2,331,0,400.0
2026-02-24T19:00,61.2,132.7,841.0,36.8,23.7,85.0,169,66,145.0,,23.2,50,23.2,0.0,0.0,987.6,4.6,351,0,220.0
2026-02-24T20:00,66.8,160.7,1008.0,43.8,24.8,64.0,169,71,176.0,,22.0,59,22.4,0.0,0.0,988.2,4.7,9,0,185.0
2026-02-24T21:00,70.3,185.8,1155.0,41.8,24.3,60.0,169,78,203.0,,21.6,61,22.4,0.0,0.0,988.4,2.6,16,0,110.0
2026-02-24T22:00,73.3,202.1,1293.0,35.2,22.8,63.0,169,82,226.0,,20.9,63,21.5,0.0,0.0,988.3,3.5,28,0,90.0
2026-02-24T23:00,74.3,197.4,1399.0,29.2,21.3,67.0,168,81,229.0,,20.3,66,21.0,0.0,0.0,988.3,3.4,25,0,45.0
2026-02-25T00:00,73.8,179.3,1456.0,25.1,19.7,69.0,168,76,198.0,,20.1,65,21.0,0.0,0.0,988.0,0.9,90,0,15.0
2026-02-25T01:00,72.2,154.1,1482.0,21.7,18.1,72.0,167,71,148.0,,20.1,64,20.9,0.0,0.0,987.8,0.6,56,0,20.0
2026-02-25T02:00,73.3,130.4,1502.0,20.4,17.4,71.0,167,72,107.0,,18.7,69,19.1,0.0,0.0,987.6,2.8,315,0,55.0
2026-02-25T03:00,77.1,118.3,1506.0,22.0,17.8,64.0,166,74,86.0,,17.2,75,17.4,0.0,0.0,987.6,4.1,308,0,60.0
2026-02-25T04:00,83.6,121.1,1505.0,25.8,19.0,54.0,165,77,75.0,,15.9,78,16.0,0.0,0.0,987.2,4.0,275,0,40.0
2026-02-25T05:00,104.8,150.9,1557.0,36.4,23.2,33.0,165,86,85.0,,14.9,85,14.8,0.0,0.0,987.6,5.1,262,0,55.0
2026-02-25T06:00,111.1,154.1,1777.0,41.8,26.5,28.0,165,88,72.0,,15.0,83,14.9,0.0,0.0,988.1,4.8,255,0,50.0
2026-02-25T07:00,124.3,163.4,2050.0,48.7,31.0,24.0,165,94,54.0,,15.2,81,15.0,0.0,0.0,988.6,5.3,260,0,45.0
2026-02-25T08:00,122.0,143.9,2096.0,50.1,34.3,34.0,165,93,40.0,,18.1,66,17.9,0.0,0.0,989.7,4.9,266,0,75.0
2026-02-25T09:00,105.7,122.9,1695.0,40.8,35.9,72.0,165,86,33.0,,21.8,51,21.5,0.0,0.0,990.6,4.1,285,0,155.0
2026-02-25T10:00,73.1,88.5,1067.0,26.0,36.4,125.0,164,72,31.0,,25.0,36,23.9,0.0,0.0,990.8,5.5,297,0,575.0
2026-02-25T11:00,54.5,74.0,585.0,14.2,34.8,164.0,164,84,37.0,,27.3,24,25.8,0.0,0.0,990.4,7.6,292,0,1725.0
2026-02-25T12:00,51.0,81.7,414.0,8.4,29.6,176.0,163,96,55.0,,28.3,21,26.8,0.0,0.0,989.7,9.6,293,0,2175.0
2026-02-25T13:00,46.6,89.4,391.0,5.7,22.3,174.0,163,94,81.0,,28.8,19,27.1,0.0,0.0,988.9,10.5,289,0,2270.0
2026-02-25T14:00,43.1,97.8,397.0,4.9,17.0,168.0,163,88,105.0,,29.0,18,26.8,0.0,0.0,988.0,10.5,289,0,2380.0
2026-02-25T15:00,42.3,108.5,382.0,5.5,15.1,161.0,162,81,124.0,,28.8,18,25.6,0.0,0.0,987.5,11.0,295,0,2360.0
2026-02-25T16:00,43.5,121.5,396.0,8.1,15.2,149.0,162,75,142.0,,28.1,19,24.6,0.0,0.0,987.3,11.1,297,0,2130.0
2026-02-25T17:00,39.1,95.7,479.0,14.9,17.2,135.0,162,68,108.0,,27.2,20,24.0,0.0,0.0,987.0,9.6,286,0,1255.0
2026-02-25T18:00,49.6,116.6,686.0,24.7,19.8,115.0,162,60,112.0,,24.3,33,22.8,0.0,0.0,987.2,5.0,270,0,190.0
2026-02-25T19:00,58.8,124.3,960.0,38.0,23.5,88.0,162,64,118.0,,23.1,42,22.3,0.0,0.0,987.6,4.5,254,0,80.0
2026-02-25T20:00,64.7,131.3,1172.0,46.9,26.0,68.0,162,67,125.0,,22.7,42,21.9,0.0,0.0,988.0,3.9,298,0,125.0
2026-02-25T21:00,68.7,133.6,1277.0,47.8,26.5,60.0,162,69,136.0,,22.2,40,21.1,0.0,0.0,988.2,3.5,332,0,75.0
2026-02-25T22:00,72.9,140.2,1319.0,44.3,25.9,59.0,162,71,148.0,,21.4,42,20.1,0.0,0.0,988.1,5.1,17,0,75.0
2026-02-25T23:00,74.5,156.9,1302.0,39.5,24.9,61.0,162,72,154.0,,21.2,50,20.7,0.0,0.0,988.2,4.2,335,0,120.0
2026-02-26T00:00,71.9,162.5,1196.0,33.2,23.3,66.0,162,71,148.0,,19.2,56,18.4,0.0,0.0,988.4,5.6,249,0,65.0
2026-02-26T01:00,68.7,150.4,1032.0,25.6,21.2,74.0,162,69,136.0,,17.8,61,17.0,0.0,0.0,988.0,5.1,253,0,45.0
2026-02-26T02:00,67.3,133.6,902.0,20.1,19.8,79.0,162,69,124.0,,17.0,64,16.3,0.0,0.0,987.4,4.5,277,0,40.0
2026-02-26T03:00,66.6,123.9,822.0,18.0,19.5,77.0,162,68,112.0,,16.3,66,15.5,0.0,0.0,986.8,5.1,297,0,45.0
2026-02-26T04:00,67.3,120.1,777.0,18.2,19.8,71.0,161,69,99.0,,15.7,69,14.9,0.0,0.0,986.5,5.2,286,0,60.0
2026-02-26T05:00,77.8,139.2,814.0,20.5,23.3,66.0,161,74,114.0,,15.5,77,15.2,0.0,0.0,986.4,5.1,274,0,50.0
2026-02-26T06:00,81.0,125.7,1034.0,27.2,25.7,59.0,160,76,103.0,,15.5,77,15.1,0.0,0.0,986.6,5.1,276,0,60.0
2026-02-26T07:00,87.5,126.2,1336.0,36.1,28.9,50.0,159,79,88.0,,16.1,73,15.6,0.0,0.0,987.0,6.1,270,0,65.0
2026-02-26T08:00,88.7,130.9,1464.0,39.7,31.1,56.0,158,79,79.0,,18.6,63,18.0,0.0,0.0,987.8,6.5,270,0,100.0
2026-02-26T09:00,84.5,122.5,1250.0,33.1,31.9,90.0,157,77,77.0,,22.0,51,21.5,0.0,0.0,988.2,6.0,280,0,195.0
2026-02-26T10:00,69.2,107.6,863.0,21.2,31.7,139.0,156,70,80.0,,25.0,42,24.3,0.0,0.0,988.1,7.2,288,0,435.0
2026-02-26T11:00,51.3,99.2,553.0,11.6,29.9,173.0,156,93,92.0,,27.4,32,26.5,0.0,0.0,987.6,10.0,278,0,1895.0
2026-02-26T12:00,44.4,106.2,417.0,7.0,25.1,180.0,156,100,119.0,,28.9,23,27.3,0.0,0.0,986.9,12.3,282,0,2330.0
2026-02-26T13:00,40.7,118.5,358.0,4.8,18.6,173.0,156,93,155.0,,29.5,20,27.4,0.0,0.0,986.0,13.5,282,0,2500.0
2026-02-26T14:00,38.9,136.4,331.0,4.3,14.0,163.0,156,83,189.0,,29.7,17,26.8,0.0,0.0,985.2,14.4,288,0,2515.0
2026-02-26T15:00,38.8,157.4,303.0,4.9,12.6,155.0,156,78,221.0,,29.4,18,25.8,0.0,0.0,984.7,14.5,289,0,2395.0
2026-02-26T16:00,40.0,173.7,307.0,7.2,13.0,145.0,155,74,252.0,,28.7,20,25.0,0.0,0.0,984.1,14.3,295,0,2170.0
2026-02-26T17:00,40.9,201.6,400.0,12.0,14.1,126.0,155,82,308.0,,27.9,23,24.7,0.0,0.0,983.7,12.4,289,0,2165.0
2026-02-26T18:00,48.8,204.4,658.0,22.3,16.8,106.0,155,83,294.0,,26.0,30,24.2,0.0,0.0,983.5,6.5,278,0,620.0
2026-02-26T19:00,56.0,201.6,1004.0,36.4,20.5,78.0,155,82,274.0,,24.2,38,23.2,0.0,0.0,983.9,4.9,280,0,210.0
2026-02-26T20:00,61.7,199.8,1269.0,46.9,23.5,56.0,155,81,260.0,,23.3,41,22.4,0.0,0.0,984.4,4.9,272,0,120.0
2026-02-26T21:00,67.3,203.5,1381.0,51.0,25.3,45.0,155,82,262.0,,22.8,40,21.6,0.0,0.0,984.6,5.5,281,0,130.0
2026-02-26T22:00,72.9,212.8,1410.0,51.5,26.4,41.0,155,85,270.0,,21.8,41,20.5,0.0,0.0,984.6,5.6,287,0,105.0
2026-02-26T23:00,75.0,217.9,1399.0,49.0,26.5,41.0,155,86,267.0,,21.3,47,20.4,0.0,0.0,984.5,4.3,312,0,105.0
2026-02-27T00:00,69.8,208.2,1336.0,41.5,24.7,50.0,155,84,242.0,,20.3,50,19.5,0.0,0.0,984.1,4.4,305,0,100.0
2026-02-27T01:00,62.2,181.6,1233.0,30.9,21.8,63.0,155,76,205.0,,19.3,53,18.4,0.0,0.0,984.0,4.5,286,0,55.0
2026-02-27T02:00,56.1,149.5,1164.0,23.7,19.9,71.0,155,68,172.0,,18.7,56,18.0,0.0,0.0,983.4,3.9,317,0,50.0
2026-02-27T03:00,54.9,131.3,1156.0,22.7,19.5,67.0,155,63,146.0,,17.7,60,16.9,0.0,0.0,983.2,4.5,304,0,50.0
2026-02-27T04:00,59.6,127.1,1182.0,25.1,20.1,56.0,154,65,124.0,,17.2,63,16.7,0.0,0.0,982.7,3.5,321,0,45.0
2026-02-27T05:00,65.7,122.9,1239.0,22.4,24.2,67.0,154,68,106.0,,16.0,75,15.8,0.0,0.0,982.8,4.9,272,0,45.0
2026-02-27T06:00,72.4,129.0,1390.0,29.3,26.8,57.0,154,71,104.0,,16.1,73,15.5,0.0,0.0,983.3,6.5,256,0,65.0
2026-02-27T07:00,81.0,136.4,1573.0,38.5,30.5,44.0,153,76,101.0,,16.4,68,15.5,0.0,0.0,984.1,7.5,253,0,70.0
2026-02-27T08:00,81.7,135.0,1597.0,42.4,34.1,47.0,153,76,98.0,,19.1,57,18.2,0.0,0.0,985.1,7.0,249,0,105.0
2026-02-27T09:00,76.8,128.5,1316.0,36.2,38.1,81.0,153,73,92.0,,23.0,44,22.4,0.0,0.0,985.9,4.5,265,0,170.0
2026-02-27T10:00,61.7,108.3,876.0,24.7,41.9,130.0,153,66,85.0,,26.5,33,25.5,0.0,0.0,986.1,5.2,282,0,425.0
2026-02-27T11:00,50.1,93.1,532.0,15.3,42.6,167.0,153,87,83.0,,28.8,23,27.7,0.0,0.0,985.9,6.3,275,0,1455.0
2026-02-27T12:00,44.4,89.2,387.0,10.2,37.8,181.0,153,101,89.0,,30.3,19,29.0,0.0,0.0,985.2,8.3,272,0,2715.0
2026-02-27T13:00,38.9,89.6,337.0,7.2,29.9,182.0,153,102,99.0,,30.8,18,29.1,0.0,0.0,984.3,11.0,272,0,3045.0
2026-02-27T14:00,34.0,89.2,321.0,6.2,23.5,177.0,152,97,107.0,,30.8,18,28.7,0.0,0.0,983.3,11.1,277,0,3020.0
2026-02-27T15:00,30.9,87.8,300.0,5.7,19.4,167.0,152,87,109.0,,30.6,18,27.7,0.0,0.0,982.9,10.6,280,0,2850.0
2026-02-27T16:00,30.3,89.4,312.0,7.3,16.8,152.0,152,76,109.0,,29.9,20,27.0,0.0,0.0,982.6,10.3,274,0,2325.0
2026-02-27T17:00,33.9,78.7,415.0,16.4,17.8,124.0,152,62,86.0,,29.6,17,26.4,0.0,0.0,982.1,9.4,274,0,1690.0
2026-02-27T18:00,47.3,83.8,670.0,37.2,24.3,97.0,152,58,77.0,,27.2,25,25.4,0.0,0.0,982.0,4.1,319,0,360.0
2026-02-27T19:00,66.4,97.3,1014.0,65.6,33.4,60.0,152,68,66.0,,25.7,31,24.5,0.0,0.0,982.4,3.3,61,0,215.0
2026-02-27T20:00,83.4,114.3,1321.0,85.3,40.4,32.0,152,77,57.0,,24.4,41,23.9,0.0,0.0,982.8,3.7,101,0,185.0
2026-02-27T21:00,96.9,127.6,1567.0,88.0,43.7,24.0,153,83,54.0,,23.9,45,23.8,0.0,0.0,983.2,2.8,105,0,145.0
2026-02-27T22:00,101.3,131.3,1775.0,82.0,45.1,25.0,153,85,54.0,,23.0,48,23.1,0.0,0.0,982.8,1.8,156,0,35.0
2026-02-27T23:00,101.3,130.4,1884.0,75.7,44.8,27.0,154,85,55.0,,23.1,48,23.4,0.0,0.0,982.9,1.3,82,3,25.0
2026-02-28T00:00,98.7,131.8,1823.0,71.4,42.0,27.0,155,83,56.0,,23.3,53,23.6,0.0,0.0,982.7,4.7,50,3,100.0
2026-02-28T01:00,100.1,130.9,1664.0,66.8,37.7,28.0,156,84,57.0,,22.3,60,23.3,0.0,0.0,982.6,2.4,77,3,90.0
2026-02-28T02:00,107.1,137.4,1563.0,64.0,34.9,27.0,157,87,57.0,,22.0,59,22.6,0.0,0.0,982.6,3.4,186,3,95.0
2026-02-28T03:00,114.3,143.9,1567.0,64.1,34.7,22.0,159,90,55.0,,21.9,59,22.8,0.0,0.0,982.2,1.8,90,3,80.0
2026-02-28T04:00,119.7,147.6,1628.0,66.0,36.2,16.0,160,92,52.0,,21.8,60,22.9,0.0,0.0,982.1,0.5,225,3,35.0
2026-02-28T05:00,122.0,158.8,1759.0,73.8,50.0,16.0,162,93,66.0,,21.6,61,22.3,0.0,0.0,982.3,2.5,225,3,55.0
2026-02-28T06:00,114.6,149.9,2084.0,73.2,51.2,18.0,164,90,55.0,,21.3,60,21.8,0.0,0.0,982.4,3.9,233,3,40.0
2026-02-28T07:00,118.0,148.1,2478.0,71.8,52.9,23.0,165,91,40.0,,21.3,60,21.7,0.0,0.0,982.8,3.7,219,3,35.0
2026-02-28T08:00,121.5,140.2,2584.0,66.9,54.4,37.0,166,93,34.0,,23.2,50,23.6,0.0,0.0,983.6,1.5,144,0,35.0
2026-02-28T09:00,105.7,122.5,2138.0,55.7,56.6,69.0,167,86,45.0,,26.5,38,26.6,0.0,0.0,984.7,1.0,248,0,255.0
2026-02-28T10:00,72.6,98.3,1403.0,40.9,58.6,111.0,168,71,65.0,,28.8,28,28.2,0.0,0.0,984.9,2.0,243,0,960.0
2026-02-28T11:00,43.0,86.8,812.0,28.3,56.9,143.0,168,72,85.0,,31.0,18,29.5,0.0,0.0,984.7,6.8,299,1,2930.0
2026-02-28T12:00,33.3,84.1,537.0,19.4,48.4,157.0,168,79,99.0,,31.8,17,29.9,0.0,0.0,984.1,10.9,304,0,3295.0
2026-02-28T13:00,31.7,90.3,406.0,12.6,36.2,161.0,168,81,113.0,,31.9,17,29.5,0.0,0.0,983.2,13.5,304,0,3455.0
2026-02-28T14:00,31.0,100.8,338.0,8.6,26.4,159.0,168,80,136.0,,31.6,17,28.8,0.0,0.0,982.3,13.4,302,0,2880.0
2026-02-28T15:00,31.8,120.1,309.0,7.8,21.3,152.0,168,76,171.0,,31.2,18,27.9,0.0,0.0,982.2,13.0,297,0,2800.0
2026-02-28T16:00,36.0,147.1,343.0,9.9,18.5,140.0,168,70,215.0,,30.4,20,27.2,0.0,0.0,982.0,13.4,301,0,2620.0
2026-02-28T17:00,48.3,251.5,432.0,12.6,13.5,115.0,168,95,393.0,,29.6,23,26.8,0.0,0.0,981.9,13.0,295,0,2535.0
2026-02-28T18:00,60.5,293.4,607.0,21.0,15.9,97.0,168,106,438.0,,27.9,31,26.5,0.0,0.0,982.4,7.8,304,0,945.0
2026-02-28T19:00,71.5,335.3,837.0,32.4,19.3,72.0,169,117,499.0,,26.3,38,25.9,0.0,0.0,983.1,4.3,312,0,435.0
2026-02-28T20:00,80.3,361.4,1022.0,40.5,21.8,53.0,169,124,534.0,,25.0,47,25.3,0.0,0.0,983.5,3.7,321,0,215.0
2026-02-28T21:00,85.9,372.5,1133.0,42.4,22.9,45.0,169,127,522.0,,24.5,48,24.9,0.0,0.0,984.1,2.9,349,0,155.0
2026-02-28T22:00,88.2,356.7,1199.0,41.0,23.1,44.0,168,123,484.0,,23.8,49,24.2,0.0,0.0,984.1,2.5,330,0,135.0
2026-02-28T23:00,85.9,317.6,1204.0,38.2,22.6,44.0,168,113,437.0,,22.5,55,22.6,0.0,0.0,984.2,5.4,334,0,215.0
