time,pm2_5,pm10,carbon_monoxide,nitrogen_dioxide,sulphur_dioxide,ozone,us_aqi,european_aqi,dust,ammonia,temperature_2m,relative_humidity_2m,apparent_temperature,precipitation,rain,surface_pressure,wind_speed_10m,wind_direction_10m,weather_code,boundary_layer_height
2025-09-01T00:00,37.3,37.4,563.0,28.2,18.9,47.0,101,53,0.0,,25.4,94,30.0,1.7,1.7,977.2,12.2,121,61,360.0
2025-09-01T01:00,31.9,32.0,394.0,23.8,16.5,50.0,101,50,0.0,,24.7,95,29.4,0.9,0.9,976.7,8.8,133,53,310.0
2025-09-01T02:00,27.5,27.6,281.0,20.3,14.6,53.0,100,47,0.0,,24.3,97,29.0,1.0,1.0,976.1,8.4,137,55,305.0
2025-09-01T03:00,23.2,23.2,263.0,18.1,13.8,56.0,99,45,0.0,,24.0,99,28.7,5.8,5.8,975.9,8.9,151,63,380.0
2025-09-01T04:00,19.3,19.3,300.0,16.8,13.5,59.0,98,42,0.0,,24.1,98,28.7,2.6,2.6,975.6,8.9,132,63,460.0
2025-09-01T05:00,24.8,24.9,359.0,25.1,18.9,42.0,97,46,0.0,,24.1,98,28.7,1.9,1.9,975.9,9.4,113,61,420.0
2025-09-01T06:00,22.6,22.6,446.0,27.2,19.7,44.0,96,44,0.0,,24.6,96,29.7,1.5,1.5,975.6,6.8,90,61,180.0
2025-09-01T07:00,19.8,19.9,555.0,30.0,20.7,46.0,94,43,0.0,,24.6,96,29.2,1.3,1.3,976.0,9.2,123,61,350.0
2025-09-01T08:00,19.3,19.3,628.0,30.8,21.2,51.0,93,43,0.0,,24.6,95,29.6,2.0,2.0,975.8,6.7,134,61,300.0
2025-09-01T09:00,12.8,12.8,639.0,27.8,20.5,57.0,92,42,0.0,,25.1,94,30.1,1.4,1.4,976.3,7.9,129,61,330.0
2025-09-01T10:00,9.8,9.8,615.0,22.9,19.1,64.0,90,37,0.0,,26.3,88,31.0,0.3,0.3,976.2,10.2,141,51,360.0
2025-09-01T11:00,10.8,10.8,583.0,18.7,18.1,76.0,89,32,0.0,,27.7,84,33.1,0.1,0.1,976.2,7.6,118,51,530.0
2025-09-01T12:00,12.3,12.3,534.0,15.9,17.9,99.0,88,40,0.0,,29.2,77,35.0,0.3,0.3,975.7,7.5,125,51,865.0
2025-09-01T13:00,14.3,14.3,477.0,13.9,18.1,126.0,86,63,0.0,,28.1,80,32.7,2.5,2.5,974.7,11.0,142,63,485.0
2025-09-01T14:00,16.4,16.4,459.0,13.9,18.0,140.0,85,70,0.0,,28.1,83,33.0,0.6,0.6,973.6,11.5,98,53,515.0
2025-09-01T15:00,16.9,17.1,520.0,17.1,17.1,130.0,84,65,0.0,,27.7,84,31.9,0.1,0.1,972.8,15.7,112,51,550.0
2025-09-01T16:00,18.0,18.2,621.0,22.3,15.9,107.0,82,47,1.0,,26.1,89,30.3,0.4,0.4,973.5,13.2,143,51,475.0
2025-09-01T17:00,22.6,22.7,695.0,24.0,17.5,76.0,81,44,0.0,,25.8,91,30.3,0.4,0.4,973.4,10.8,123,51,480.0
2025-09-01T18:00,25.5,25.6,717.0,23.1,17.5,72.0,80,46,0.0,,24.9,94,28.4,0.9,0.9,974.5,17.5,104,53,680.0
2025-09-01T19:00,26.7,26.8,712.0,21.9,17.4,67.0,79,47,0.0,,24.5,96,28.2,0.7,0.7,974.9,14.8,106,53,655.0
2025-09-01T20:00,26.1,26.3,690.0,20.4,16.9,64.0,78,46,0.0,,24.4,96,28.1,1.2,1.2,975.8,14.6,116,55,630.0
2025-09-01T21:00,25.0,25.2,648.0,18.7,15.7,64.0,77,46,0.0,,24.3,97,28.0,0.7,0.7,976.3,15.3,115,53,580.0
2025-09-01T22:00,24.6,24.7,589.0,16.9,14.0,65.0,76,45,0.0,,24.2,98,28.3,1.9,1.9,976.5,12.5,110,61,490.0
2025-09-01T23:00,23.1,23.3,529.0,15.2,12.5,66.0,74,45,0.0,,24.4,97,28.4,1.3,1.3,976.2,14.0,122,61,460.0
2025-09-02T00:00,20.4,20.5,469.0,13.7,11.3,67.0,73,43,0.0,,24.2,99,28.3,2.8,2.8,975.8,13.2,133,63,435.0
2025-09-02T01:00,17.8,17.9,408.0,12.4,10.4,69.0,72,42,0.0,,24.2,98,28.5,0.5,0.5,975.3,11.3,149,53,480.0
2025-09-02T02:00,15.5,15.6,365.0,11.5,9.8,70.0,71,40,0.0,,23.8,98,27.5,3.5,3.5,974.8,14.2,148,63,470.0
2025-09-02T03:00,13.7,13.7,343.0,11.0,9.8,70.0,70,37,0.0,,24.0,98,27.7,1.9,1.9,974.5,13.9,141,61,525.0
2025-09-02T04:00,11.6,11.6,338.0,10.9,10.2,70.0,69,33,0.0,,23.8,97,27.7,1.1,1.1,974.6,12.1,132,55,475.0
2025-09-02T05:00,10.7,10.7,364.0,14.1,11.8,63.0,68,31,0.0,,23.9,98,27.9,0.3,0.3,975.0,12.8,124,51,485.0
2025-09-02T06:00,11.0,11.1,452.0,16.6,12.2,62.0,67,32,0.0,,24.2,96,27.9,0.9,0.9,976.1,14.5,121,53,465.0
2025-09-02T07:00,12.7,12.7,569.0,19.9,12.7,60.0,66,35,0.0,,24.0,98,27.9,1.2,1.2,976.7,13.7,117,55,535.0
2025-09-02T08:00,13.3,13.3,634.0,22.0,13.1,61.0,66,37,0.0,,24.4,94,28.3,0.8,0.8,977.2,12.4,118,53,445.0
2025-09-02T09:00,12.8,12.8,590.0,21.9,13.3,65.0,65,36,0.0,,24.9,90,28.2,0.1,0.1,977.9,15.6,112,51,470.0
2025-09-02T10:00,13.6,13.7,494.0,20.7,13.4,70.0,65,37,0.0,,26.1,86,29.8,0.0,0.0,978.2,14.5,118,3,635.0
2025-09-02T11:00,14.3,14.3,427.0,18.9,13.6,78.0,66,39,0.0,,26.9,83,30.9,0.1,0.1,978.1,13.1,133,51,645.0
2025-09-02T12:00,16.8,16.8,425.0,15.8,14.2,91.0,66,41,0.0,,26.6,84,30.9,0.9,0.9,977.8,10.8,136,53,535.0
2025-09-02T13:00,16.6,16.7,452.0,12.2,15.0,106.0,66,46,0.0,,27.0,81,30.7,0.8,0.8,977.0,13.8,111,53,530.0
2025-09-02T14:00,19.4,19.4,487.0,11.4,15.6,113.0,66,53,0.0,,26.4,86,30.8,1.3,1.3,976.2,10.7,113,61,500.0
2025-09-02T15:00,22.1,22.2,528.0,15.5,15.4,107.0,67,47,0.0,,26.4,86,30.8,1.7,1.7,975.8,11.4,96,61,575.0
2025-09-02T16:00,21.9,22.0,576.0,22.4,15.0,94.0,67,44,0.0,,26.1,88,30.1,0.6,0.6,975.7,13.6,108,53,515.0
2025-09-02T17:00,29.5,29.9,620.0,31.6,15.4,59.0,67,48,1.0,,25.9,90,30.2,0.4,0.4,975.8,12.9,96,51,585.0
2025-09-02T18:00,26.4,26.6,661.0,31.2,16.1,58.0,68,47,1.0,,24.6,98,28.8,2.4,2.4,976.8,13.5,109,61,425.0
2025-09-02T19:00,26.0,26.3,698.0,30.5,16.9,56.0,68,46,1.0,,24.6,96,28.6,0.4,0.4,977.4,14.2,117,51,470.0
2025-09-02T20:00,26.8,27.2,710.0,29.2,17.3,56.0,68,47,1.0,,24.8,95,28.8,0.0,0.0,978.2,13.6,124,3,440.0
2025-09-02T21:00,26.8,27.4,685.0,26.8,16.7,59.0,68,47,1.0,,24.9,95,29.2,0.0,0.0,978.7,11.9,124,3,410.0
2025-09-02T22:00,25.9,26.4,636.0,23.7,15.6,63.0,68,46,1.0,,24.9,96,29.6,0.0,0.0,979.1,10.7,121,3,415.0
2025-09-02T23:00,23.6,24.2,582.0,21.1,14.6,66.0,68,45,1.0,,24.9,96,29.7,0.0,0.0,979.6,10.2,120,3,410.0
2025-09-03T00:00,21.4,22.1,521.0,19.4,13.8,67.0,68,44,1.0,,24.8,96,29.4,0.0,0.0,979.5,10.4,129,3,365.0
2025-09-03T01:00,21.1,21.7,455.0,18.0,13.0,66.0,68,43,1.0,,24.5,96,29.2,0.0,0.0,979.0,9.4,132,3,320.0
2025-09-03T02:00,20.0,20.4,406.0,16.8,12.2,66.0,69,43,1.0,,24.3,97,29.1,0.0,0.0,978.9,8.1,135,1,270.0
2025-09-03T03:00,18.5,18.9,371.0,14.9,11.0,68.0,69,42,1.0,,24.2,97,28.8,0.0,0.0,978.7,9.3,118,1,270.0
2025-09-03T04:00,15.8,16.2,352.0,13.1,9.8,71.0,69,40,1.0,,24.1,98,28.6,0.0,0.0,978.8,9.6,120,2,305.0
2025-09-03T05:00,15.3,15.4,380.0,16.4,11.8,62.0,70,40,0.0,,24.1,98,29.1,0.0,0.0,979.1,6.0,117,3,260.0
2025-09-03T06:00,12.5,12.7,499.0,19.2,12.1,61.0,70,35,0.0,,24.1,96,28.8,8.3,8.3,979.9,6.6,139,65,250.0
2025-09-03T07:00,12.4,12.5,665.0,23.0,12.7,60.0,70,37,0.0,,24.8,95,30.0,1.9,1.9,980.9,5.5,171,61,130.0
2025-09-03T08:00,10.8,10.9,777.0,25.2,13.7,60.0,70,40,0.0,,25.4,93,31.2,0.3,0.3,980.7,2.5,172,51,140.0
2025-09-03T09:00,12.4,12.5,785.0,24.3,15.6,63.0,70,39,0.0,,26.6,88,32.4,0.1,0.1,981.2,4.5,133,51,305.0
2025-09-03T10:00,11.0,11.2,739.0,21.8,17.9,67.0,70,36,0.0,,27.8,86,34.5,0.1,0.1,981.3,1.0,59,51,500.0
2025-09-03T11:00,8.4,8.5,686.0,19.9,19.7,74.0,70,33,0.0,,29.2,81,36.3,0.1,0.1,981.1,5.4,48,51,750.0
2025-09-03T12:00,10.8,10.8,628.0,19.2,20.4,87.0,69,34,0.0,,29.4,76,34.9,0.7,0.7,980.7,9.1,58,53,700.0
2025-09-03T13:00,12.8,12.8,564.0,19.0,20.4,102.0,69,42,0.0,,27.9,82,32.8,0.4,0.4,980.1,10.4,73,51,485.0
2025-09-03T14:00,15.0,15.0,532.0,19.5,20.4,111.0,69,51,0.0,,28.4,79,33.3,0.2,0.2,978.8,9.8,73,51,625.0
2025-09-03T15:00,15.1,15.1,541.0,19.7,20.2,111.0,68,51,0.0,,28.8,78,33.9,0.5,0.5,977.9,9.2,70,53,665.0
2025-09-03T16:00,16.6,16.6,584.0,20.7,20.0,104.0,68,44,0.0,,28.4,80,33.5,0.1,0.1,977.6,9.7,79,51,635.0
2025-09-03T17:00,25.6,25.6,676.0,28.6,19.3,82.0,67,46,0.0,,28.0,83,33.2,0.0,0.0,977.4,9.2,74,3,535.0
2025-09-03T18:00,24.3,24.3,876.0,28.2,18.6,73.0,67,45,0.0,,26.2,86,30.7,0.0,0.0,978.9,9.5,79,3,530.0
2025-09-03T19:00,23.5,23.5,1125.0,27.7,17.6,61.0,67,45,0.0,,25.9,85,30.3,0.0,0.0,979.3,8.4,83,3,455.0
2025-09-03T20:00,21.9,21.9,1267.0,28.7,17.0,49.0,67,44,0.0,,25.8,87,30.5,0.1,0.1,980.0,6.7,81,51,365.0
2025-09-03T21:00,21.5,21.5,1205.0,33.2,17.3,39.0,66,45,0.0,,25.6,90,30.5,0.4,0.4,980.6,6.7,74,51,280.0
2025-09-03T22:00,24.2,24.4,1036.0,39.2,18.0,29.0,66,48,0.0,,25.4,91,30.4,1.1,1.1,980.5,6.8,63,55,200.0
2025-09-03T23:00,28.7,29.0,886.0,41.5,17.9,24.0,66,49,0.0,,25.1,95,30.7,0.4,0.4,981.0,4.8,42,51,135.0
2025-09-04T00:00,26.0,26.2,801.0,36.7,16.2,27.0,66,47,0.0,,25.1,96,30.6,0.4,0.4,980.9,5.3,18,51,105.0
2025-09-04T01:00,21.0,21.2,737.0,28.4,13.6,34.0,66,43,0.0,,25.0,96,30.4,0.6,0.6,980.5,6.3,18,53,130.0
2025-09-04T02:00,17.3,17.5,683.0,21.8,11.5,40.0,66,41,0.0,,24.8,97,30.0,0.5,0.5,980.0,7.3,23,53,155.0
2025-09-04T03:00,14.8,15.0,631.0,19.0,10.2,40.0,66,40,0.0,,24.7,97,29.6,0.3,0.3,979.5,8.6,30,51,190.0
2025-09-04T04:00,13.2,13.4,590.0,18.0,9.4,39.0,66,36,0.0,,24.8,97,29.6,0.1,0.1,979.6,9.3,36,51,215.0
2025-09-04T05:00,23.0,23.6,579.0,27.9,13.0,23.0,66,45,0.0,,24.5,97,29.3,1.7,1.7,979.9,8.2,38,61,235.0
2025-09-04T06:00,25.6,26.3,624.0,30.8,14.4,22.0,66,46,0.0,,24.2,96,28.3,12.0,12.0,981.0,12.0,16,65,300.0
2025-09-04T07:00,32.8,33.6,699.0,34.4,16.5,23.0,67,50,0.0,,24.2,96,29.4,1.8,1.8,981.1,4.3,42,61,160.0
2025-09-04T08:00,35.3,36.4,742.0,34.6,18.5,36.0,69,52,0.0,,25.2,94,30.8,0.0,0.0,981.5,3.7,51,3,175.0
2025-09-04T09:00,31.4,32.1,725.0,28.0,20.4,71.0,71,49,0.0,,26.8,89,32.9,0.0,0.0,981.8,4.2,36,3,215.0
2025-09-04T10:00,25.4,25.8,676.0,18.1,22.2,119.0,72,59,0.0,,28.6,84,35.1,0.0,0.0,982.2,3.4,43,3,375.0
2025-09-04T11:00,24.2,24.6,620.0,10.4,23.5,158.0,73,79,1.0,,30.0,77,36.7,0.0,0.0,981.8,4.0,69,3,690.0
2025-09-04T12:00,25.3,25.8,542.0,7.2,24.2,184.0,75,104,4.0,,31.0,72,38.7,0.0,0.0,981.2,3.7,61,3,985.0
2025-09-04T13:00,28.2,39.5,457.0,6.4,24.5,201.0,76,121,7.0,,31.4,69,38.9,0.0,0.0,979.8,3.2,52,2,1065.0
2025-09-04T14:00,29.9,34.8,429.0,7.2,24.4,208.0,77,128,9.0,,31.4,67,37.5,0.0,0.0,979.1,8.2,49,3,1125.0
2025-09-04T15:00,31.0,33.9,485.0,8.7,23.8,201.0,79,121,7.0,,30.0,76,35.7,0.3,0.3,978.2,7.9,90,51,430.0
2025-09-04T16:00,29.3,30.5,598.0,11.8,22.8,182.0,117,102,3.0,,29.1,81,35.4,0.0,0.0,978.0,5.6,65,3,340.0
2025-09-04T17:00,37.3,98.0,752.0,18.8,17.4,118.0,148,58,118.0,,28.9,82,35.1,0.0,0.0,977.9,5.6,48,3,355.0
2025-09-04T18:00,39.0,68.7,989.0,26.2,18.2,98.0,156,54,83.0,,27.8,86,34.0,0.0,0.0,978.8,4.8,34,1,285.0
2025-09-04T19:00,38.9,45.1,1266.0,36.3,19.3,69.0,153,54,35.0,,27.4,88,33.5,0.0,0.0,979.2,4.9,33,1,225.0
2025-09-04T20:00,38.1,38.4,1441.0,43.5,19.9,47.0,135,53,0.0,,27.0,89,33.0,0.0,0.0,979.8,5.4,48,2,170.0
2025-09-04T21:00,38.1,38.3,1443.0,45.1,19.5,36.0,106,53,0.0,,26.7,89,32.5,0.0,0.0,980.1,5.7,49,3,155.0
2025-09-04T22:00,37.8,38.1,1343.0,43.8,18.6,31.0,86,53,0.0,,26.4,91,32.3,0.0,0.0,980.0,4.3,57,3,125.0
2025-09-04T23:00,37.4,37.5,1212.0,41.9,17.6,28.0,87,53,0.0,,26.2,91,32.0,0.0,0.0,980.5,4.0,58,3,115.0
2025-09-05T00:00,37.1,37.4,1053.0,40.0,16.6,25.0,88,53,0.0,,26.0,91,31.8,0.0,0.0,980.0,4.1,38,3,110.0
2025-09-05T01:00,36.4,36.8,862.0,37.6,15.6,23.0,89,52,1.0,,25.9,92,31.5,0.0,0.0,979.9,5.7,79,0,160.0
2025-09-05T02:00,35.4,35.7,702.0,35.4,14.9,22.0,90,52,1.0,,25.7,93,31.4,0.0,0.0,979.8,5.0,44,1,130.0
2025-09-05T03:00,34.6,34.9,589.0,34.0,14.5,20.0,92,51,1.0,,25.5,92,30.7,0.4,0.4,980.0,7.1,52,51,165.0
2025-09-05T04:00,34.0,34.3,506.0,32.9,14.4,19.0,93,51,0.0,,25.4,93,30.7,0.3,0.3,980.0,5.5,36,51,120.0
2025-09-05T05:00,35.9,36.8,461.0,32.2,15.0,26.0,95,52,1.0,,25.2,94,30.6,0.0,0.0,980.2,5.5,41,0,125.0
2025-09-05T06:00,32.1,34.6,481.0,28.2,15.7,40.0,96,50,23.0,,26.7,86,31.3,0.0,0.0,980.5,10.7,78,3,810.0
2025-09-05T07:00,34.2,91.5,539.0,22.6,16.7,60.0,96,52,53.0,,27.1,84,31.5,0.0,0.0,981.0,11.9,87,3,845.0
2025-09-05T08:00,27.4,62.9,563.0,17.4,17.3,82.0,96,47,68.0,,28.0,80,32.4,0.0,0.0,981.5,12.6,88,3,955.0
2025-09-05T09:00,22.6,30.4,506.0,13.1,17.1,106.0,96,46,55.0,,29.0,74,32.5,0.0,0.0,981.8,16.8,94,3,1000.0
2025-09-05T10:00,24.7,37.6,415.0,9.1,16.5,131.0,95,66,28.0,,29.8,75,34.6,0.0,0.0,981.6,13.4,85,3,1175.0
2025-09-05T11:00,24.9,28.3,360.0,6.3,16.0,151.0,95,76,7.0,,30.5,73,36.1,0.0,0.0,981.1,13.1,81,3,1290.0
2025-09-05T12:00,25.0,28.5,373.0,4.6,15.7,165.0,95,85,1.0,,31.0,72,37.0,0.1,0.1,980.2,14.0,82,51,1335.0
2025-09-05T13:00,24.7,26.3,422.0,3.9,15.4,173.0,95,93,1.0,,29.9,75,35.2,1.6,1.6,979.3,17.0,100,61,670.0
2025-09-05T14:00,25.4,26.5,485.0,5.1,15.0,172.0,95,92,2.0,,30.5,76,36.4,1.5,1.5,978.0,10.6,60,61,1045.0
2025-09-05T15:00,25.6,26.2,569.0,8.5,13.9,158.0,94,79,1.0,,29.6,71,33.6,0.1,0.1,977.5,13.5,80,51,580.0
2025-09-05T16:00,24.9,25.1,667.0,13.6,12.7,134.0,109,67,0.0,,28.7,79,33.3,0.4,0.4,977.7,12.5,86,51,610.0
2025-09-05T17:00,30.5,31.8,740.0,15.7,20.3,135.0,120,68,2.0,,27.0,87,32.1,0.4,0.4,977.7,9.7,105,51,390.0
2025-09-05T18:00,33.2,34.1,776.0,19.1,20.3,119.0,126,59,1.0,,27.1,89,32.6,0.0,0.0,979.1,8.8,102,3,455.0
2025-09-05T19:00,33.4,33.9,787.0,23.7,20.3,98.0,123,51,1.0,,26.9,91,33.1,0.0,0.0,980.1,5.3,72,3,390.0
2025-09-05T20:00,33.2,33.4,765.0,26.5,20.2,81.0,112,50,0.0,,26.8,92,32.6,0.0,0.0,980.5,7.6,76,3,415.0
2025-09-05T21:00,31.7,31.8,693.0,26.1,19.9,74.0,94,50,0.0,,26.7,91,32.2,0.0,0.0,981.2,9.0,85,3,470.0
2025-09-05T22:00,29.4,29.5,587.0,24.0,19.5,72.0,91,48,0.0,,26.6,91,32.0,0.0,0.0,981.3,9.1,81,3,470.0
2025-09-05T23:00,27.1,27.2,493.0,21.6,18.7,71.0,91,47,0.0,,26.4,93,31.8,0.0,0.0,981.4,9.2,79,3,450.0
2025-09-06T00:00,25.1,25.1,420.0,19.3,17.2,69.0,90,46,0.0,,25.4,96,30.3,4.7,4.7,981.2,10.5,115,63,530.0
2025-09-06T01:00,23.2,23.3,359.0,16.8,15.4,69.0,89,45,0.0,,24.8,96,29.1,3.8,3.8,980.8,12.5,96,63,450.0
2025-09-06T02:00,21.9,22.0,322.0,14.8,13.7,68.0,88,44,0.0,,24.5,95,28.3,0.1,0.1,980.5,14.1,92,51,415.0
2025-09-06T03:00,19.7,19.8,311.0,13.3,11.9,68.0,87,43,0.0,,24.6,96,28.9,0.1,0.1,980.5,11.5,98,51,430.0
2025-09-06T04:00,14.7,14.8,325.0,12.2,10.2,68.0,86,39,0.0,,24.7,96,29.3,0.1,0.1,980.5,9.8,108,51,455.0
2025-09-06T05:00,19.5,19.6,371.0,15.4,13.8,64.0,84,43,0.0,,24.6,96,29.7,0.0,0.0,981.0,7.2,89,3,325.0
2025-09-06T06:00,20.8,21.0,487.0,17.0,15.4,64.0,83,43,0.0,,26.0,92,31.3,0.0,0.0,980.9,7.7,99,3,425.0
2025-09-06T07:00,23.7,23.9,635.0,19.0,17.7,66.0,82,45,0.0,,26.6,91,32.2,0.0,0.0,981.5,7.7,93,3,500.0
2025-09-06T08:00,27.4,27.6,709.0,19.2,19.5,76.0,81,47,0.0,,27.8,86,33.3,0.0,0.0,982.0,10.1,102,3,575.0
2025-09-06T09:00,31.7,31.9,637.0,15.9,20.3,103.0,81,50,0.0,,29.2,78,34.1,0.0,0.0,982.4,12.6,114,3,810.0
2025-09-06T10:00,34.5,34.9,490.0,10.9,20.6,139.0,82,70,1.0,,30.3,72,35.2,0.2,0.2,982.4,13.5,117,51,920.0
2025-09-06T11:00,33.5,34.2,382.0,7.1,20.6,167.0,83,87,1.0,,30.8,71,36.5,0.1,0.1,982.2,11.8,113,51,1150.0
2025-09-06T12:00,32.6,33.4,351.0,5.3,20.2,181.0,83,101,1.0,,31.2,72,37.7,0.1,0.1,981.4,11.9,113,51,1270.0
2025-09-06T13:00,32.8,33.6,357.0,4.8,19.5,186.0,84,106,2.0,,31.2,72,37.6,0.1,0.1,980.0,11.9,112,51,1115.0
2025-09-06T14:00,32.6,33.5,395.0,6.3,18.7,182.0,85,102,2.0,,31.2,73,37.4,0.2,0.2,978.8,11.1,115,51,1185.0
2025-09-06T15:00,33.4,34.2,472.0,11.1,17.6,164.0,101,84,2.0,,29.5,80,35.3,2.4,2.4,977.9,8.9,98,61,500.0
2025-09-06T16:00,32.6,33.4,581.0,17.9,16.5,137.0,121,69,1.0,,29.3,80,34.8,1.2,1.2,977.8,10.0,104,55,515.0
2025-09-06T17:00,44.7,55.8,693.0,22.6,19.2,122.0,134,61,22.0,,28.6,83,34.3,0.2,0.2,978.3,8.8,75,51,410.0
2025-09-06T18:00,47.8,53.0,828.0,26.1,19.8,106.0,138,59,17.0,,28.8,83,35.0,0.0,0.0,979.4,7.1,81,2,355.0
2025-09-06T19:00,47.5,49.1,967.0,30.8,20.6,85.0,131,59,10.0,,28.3,85,34.2,0.0,0.0,980.1,7.8,67,3,345.0
2025-09-06T20:00,48.0,49.7,1023.0,33.3,20.9,69.0,114,59,4.0,,27.7,88,33.1,0.0,0.0,980.4,10.7,82,3,400.0
2025-09-06T21:00,46.2,48.1,935.0,31.6,20.4,66.0,91,58,2.0,,26.8,88,32.1,0.0,0.0,981.2,8.5,96,3,285.0
2025-09-06T22:00,44.5,45.8,764.0,27.7,19.5,68.0,92,57,1.0,,26.4,89,31.4,0.0,0.0,981.4,9.1,100,3,290.0
2025-09-06T23:00,43.4,44.1,611.0,24.3,18.7,70.0,93,56,1.0,,26.2,90,31.2,0.0,0.0,981.5,9.0,105,3,315.0
2025-09-07T00:00,42.3,42.7,505.0,22.4,18.2,69.0,94,56,1.0,,26.1,90,30.8,0.0,0.0,981.0,11.0,128,3,420.0
2025-09-07T01:00,41.4,41.8,417.0,21.0,17.8,67.0,96,55,1.0,,25.2,93,29.7,1.2,1.2,980.8,10.7,121,55,380.0
2025-09-07T02:00,40.6,41.1,363.0,20.4,17.8,64.0,97,55,1.0,,25.3,95,30.3,0.0,0.0,980.1,8.8,125,3,350.0
2025-09-07T03:00,40.2,40.9,348.0,21.2,18.4,58.0,99,54,1.0,,25.1,96,30.4,0.0,0.0,980.6,6.6,139,1,330.0
2025-09-07T04:00,40.7,41.7,366.0,22.7,19.5,50.0,100,55,2.0,,24.9,96,30.1,0.0,0.0,980.2,6.6,137,0,280.0
2025-09-07T05:00,37.8,38.9,419.0,21.8,19.8,49.0,103,53,2.0,,24.8,96,30.1,0.0,0.0,980.6,5.8,112,0,235.0
2025-09-07T06:00,38.1,39.5,545.0,22.2,19.3,49.0,105,53,2.0,,25.8,95,31.2,0.0,0.0,980.3,9.0,105,3,255.0
2025-09-07T07:00,35.5,36.8,706.0,22.6,18.6,51.0,107,52,2.0,,26.6,93,32.4,0.0,0.0,980.9,7.6,91,1,295.0
2025-09-07T08:00,28.5,29.3,784.0,21.6,18.2,61.0,108,48,2.0,,27.9,87,33.7,0.0,0.0,981.2,9.0,100,1,445.0
2025-09-07T09:00,25.8,26.4,699.0,17.7,18.4,88.0,108,46,2.0,,29.3,81,35.1,0.0,0.0,981.7,9.3,118,1,655.0
2025-09-07T10:00,25.4,26.1,532.0,12.3,18.9,122.0,108,61,1.0,,30.5,75,36.5,0.1,0.1,982.1,9.8,126,51,950.0
2025-09-07T11:00,25.8,26.5,402.0,8.6,18.9,147.0,107,74,1.0,,31.3,72,38.4,0.0,0.0,981.8,9.0,136,1,1215.0
2025-09-07T12:00,25.0,25.6,347.0,7.9,17.7,152.0,106,76,1.0,,31.8,69,38.8,0.0,0.0,981.1,9.6,137,0,1340.0
2025-09-07T13:00,28.5,29.0,329.0,8.8,16.0,147.0,105,74,1.0,,31.9,68,38.7,0.0,0.0,979.9,8.9,137,0,1340.0
2025-09-07T14:00,31.7,32.1,360.0,10.7,15.4,141.0,105,71,1.0,,31.9,70,38.7,0.0,0.0,978.3,7.9,139,0,1245.0
2025-09-07T15:00,34.1,34.6,429.0,12.7,16.8,141.0,105,71,1.0,,31.2,74,37.2,0.2,0.2,977.2,9.3,118,51,855.0
2025-09-07T16:00,35.7,36.3,547.0,15.7,19.3,141.0,105,71,1.0,,30.8,76,37.4,0.1,0.1,977.2,5.4,143,51,690.0
2025-09-07T17:00,36.6,36.8,749.0,22.0,26.9,140.0,105,70,0.0,,29.9,78,36.2,0.7,0.7,977.4,5.6,159,53,535.0
2025-09-07T18:00,46.4,46.7,1150.0,34.9,26.7,112.0,107,58,0.0,,28.0,88,34.3,0.0,0.0,979.0,6.5,104,3,290.0
2025-09-07T19:00,56.6,56.7,1635.0,52.7,26.5,74.0,105,63,0.0,,27.4,89,33.5,0.0,0.0,979.8,5.8,104,3,205.0
2025-09-07T20:00,53.7,53.8,1904.0,65.0,26.0,44.0,105,63,0.0,,27.0,90,33.1,0.0,0.0,980.7,5.2,112,3,140.0
2025-09-07T21:00,55.1,55.3,1772.0,67.5,25.3,31.0,105,64,0.0,,26.7,90,32.7,0.0,0.0,981.3,5.2,115,3,130.0
2025-09-07T22:00,55.6,55.9,1422.0,64.6,24.3,26.0,106,63,0.0,,26.5,91,32.2,0.0,0.0,981.7,6.2,112,0,155.0
2025-09-07T23:00,51.3,51.6,1107.0,59.7,23.1,25.0,108,61,0.0,,26.2,92,32.0,0.0,0.0,981.4,5.7,103,0,155.0
2025-09-08T00:00,46.8,47.0,905.0,52.6,21.2,28.0,108,58,0.0,,26.0,93,31.7,0.0,0.0,980.8,5.7,125,0,160.0
2025-09-08T01:00,45.4,45.5,737.0,43.5,19.1,34.0,109,57,0.0,,25.8,95,31.7,0.0,0.0,980.1,4.5,130,0,135.0
2025-09-08T02:00,42.3,42.5,617.0,36.4,17.5,38.0,109,56,0.0,,25.5,96,31.6,0.0,0.0,979.8,3.3,119,0,95.0
2025-09-08T03:00,39.8,40.0,555.0,33.1,16.6,37.0,109,54,0.0,,25.3,97,31.5,0.0,0.0,979.8,2.7,132,0,75.0
2025-09-08T04:00,38.8,38.9,542.0,31.8,16.3,34.0,109,54,0.0,,25.2,98,31.3,0.0,0.0,980.1,3.1,130,0,75.0
2025-09-08T05:00,35.2,35.3,564.0,33.5,17.6,29.0,109,52,0.0,,25.2,98,31.1,0.0,0.0,980.4,4.2,140,0,100.0
2025-09-08T06:00,36.6,36.7,652.0,32.4,19.1,35.0,109,52,0.0,,25.8,96,31.7,0.0,0.0,981.2,5.9,135,0,130.0
2025-09-08T07:00,37.7,38.0,775.0,30.7,21.2,44.0,109,53,1.0,,26.7,93,33.0,0.0,0.0,981.6,5.1,141,0,185.0
2025-09-08T08:00,33.2,33.6,823.0,27.8,23.7,61.0,109,50,1.0,,27.9,89,34.4,0.0,0.0,981.8,5.8,144,0,330.0
2025-09-08T09:00,29.3,30.6,722.0,22.7,26.9,90.0,109,48,2.0,,29.2,81,35.5,0.1,0.1,982.7,6.1,157,51,630.0
2025-09-08T10:00,28.8,30.6,547.0,16.4,30.5,127.0,110,64,2.0,,30.3,74,36.9,0.1,0.1,982.9,5.1,172,51,840.0
2025-09-08T11:00,29.5,31.3,411.0,11.6,32.6,156.0,110,78,3.0,,30.9,72,38.5,0.1,0.1,982.7,3.8,175,51,1025.0
2025-09-08T12:00,29.9,31.7,348.0,8.7,31.9,175.0,111,95,3.0,,31.4,71,39.4,0.1,0.1,982.2,4.0,183,51,1195.0
2025-09-08T13:00,30.3,32.1,323.0,7.3,29.8,186.0,111,106,3.0,,31.5,70,39.1,0.1,0.1,981.3,4.5,196,51,1125.0
2025-09-08T14:00,30.3,32.1,347.0,8.2,28.4,190.0,111,110,3.0,,31.7,65,38.4,0.1,0.1,980.3,4.6,211,51,1125.0
2025-09-08T15:00,29.6,31.3,418.0,10.8,28.5,185.0,111,105,3.0,,32.0,60,37.1,0.1,0.1,979.6,4.0,198,51,1145.0
2025-09-08T16:00,28.9,30.7,537.0,15.7,29.4,172.0,115,92,4.0,,31.9,60,37.1,0.0,0.0,979.0,2.2,194,0,1125.0
2025-09-08T17:00,31.1,42.7,720.0,23.7,27.2,145.0,139,73,23.0,,31.4,64,36.8,0.0,0.0,979.6,3.6,70,0,1020.0
2025-09-08T18:00,41.0,48.7,1013.0,47.4,33.4,115.0,151,55,20.0,,30.5,72,36.5,0.0,0.0,980.8,3.8,172,1,155.0
2025-09-08T19:00,60.5,67.5,1369.0,79.8,42.0,74.0,148,70,16.0,,29.3,78,35.7,0.0,0.0,981.5,2.9,158,1,55.0
2025-09-08T20:00,76.8,83.1,1661.0,101.6,48.5,42.0,131,81,12.0,,28.8,80,35.2,0.0,0.0,982.2,1.5,144,3,35.0
2025-09-08T21:00,88.0,93.4,1872.0,102.6,51.3,30.0,112,81,10.0,,28.4,81,34.8,0.0,0.0,982.8,1.3,124,3,30.0
2025-09-08T22:00,94.3,99.2,2019.0,93.2,51.9,27.0,115,82,8.0,,28.0,82,34.4,0.0,0.0,982.9,0.9,101,3,25.0
2025-09-08T23:00,91.5,95.5,2027.0,84.9,51.1,25.0,119,81,7.0,,27.5,84,33.7,0.0,0.0,982.6,1.8,135,3,35.0
2025-09-09T00:00,87.3,91.0,1789.0,81.8,48.2,20.0,123,79,7.0,,27.1,85,32.8,0.0,0.0,982.4,3.5,165,1,55.0
2025-09-09T01:00,85.9,89.6,1412.0,79.8,43.8,16.0,128,78,7.0,,26.6,85,32.1,0.0,0.0,982.1,3.8,185,3,65.0
2025-09-09T02:00,84.1,88.2,1137.0,78.8,40.0,12.0,132,77,8.0,,26.3,84,31.3,0.0,0.0,981.8,5.2,239,0,105.0
2025-09-09T03:00,81.0,85.7,1077.0,80.5,38.1,6.0,136,76,10.0,,26.0,86,30.8,0.0,0.0,981.6,6.7,262,0,130.0
2025-09-09T04:00,75.7,81.7,1119.0,83.2,36.8,0.0,140,73,12.0,,25.9,87,30.6,0.0,0.0,981.9,7.7,273,0,150.0
2025-09-09T05:00,53.3,66.1,1168.0,72.4,27.2,5.0,144,66,25.0,,25.8,88,30.4,0.0,0.0,982.2,7.9,274,0,170.0
2025-09-09T06:00,50.6,67.5,1227.0,60.9,24.4,19.0,146,60,36.0,,26.7,86,31.8,0.0,0.0,982.7,7.2,276,0,205.0
2025-09-09T07:00,43.9,67.5,1292.0,44.6,20.5,39.0,148,57,52.0,,27.5,84,33.0,0.0,0.0,983.4,6.7,275,0,255.0
2025-09-09T08:00,40.3,70.8,1254.0,30.5,17.7,62.0,148,54,59.0,,28.6,80,34.1,0.0,0.0,983.8,7.7,286,0,390.0
2025-09-09T09:00,37.3,72.2,1014.0,20.5,16.9,91.0,149,53,51.0,,30.0,74,35.4,0.0,0.0,984.3,8.0,290,0,665.0
2025-09-09T10:00,31.7,49.2,671.0,12.6,17.1,124.0,150,62,35.0,,30.5,70,36.1,0.3,0.3,984.6,9.3,298,51,735.0
2025-09-09T11:00,29.2,41.1,415.0,7.1,17.3,149.0,150,75,23.0,,31.3,66,37.0,0.1,0.1,984.5,8.9,294,51,845.0
2025-09-09T12:00,29.3,39.5,330.0,4.6,17.3,164.0,150,84,17.0,,31.9,64,38.1,0.0,0.0,984.0,8.1,295,0,990.0
2025-09-09T13:00,29.3,39.2,331.0,4.5,17.4,172.0,150,92,15.0,,32.4,64,38.7,0.0,0.0,983.0,8.8,293,0,1190.0
2025-09-09T14:00,28.9,39.1,357.0,5.8,17.3,173.0,150,93,20.0,,32.3,63,37.9,0.0,0.0,982.0,10.0,291,0,1130.0
2025-09-09T15:00,28.3,41.4,392.0,8.4,16.7,163.0,150,83,37.0,,32.4,63,37.3,0.0,0.0,981.2,9.9,292,0,1130.0
2025-09-09T16:00,27.8,58.2,452.0,12.4,15.9,146.0,150,73,61.0,,32.0,62,36.4,0.0,0.0,980.8,10.8,296,0,1080.0
2025-09-09T17:00,28.3,92.0,523.0,18.0,14.4,115.0,149,55,125.0,,31.2,68,36.3,0.0,0.0,980.5,8.2,303,0,1005.0
2025-09-09T18:00,31.8,94.3,622.0,25.3,15.7,97.0,149,53,123.0,,30.3,72,36.1,0.0,0.0,981.6,5.6,299,0,290.0
2025-09-09T19:00,36.4,97.8,732.0,35.2,17.4,71.0,148,54,121.0,,29.5,76,35.2,0.0,0.0,981.8,6.4,292,0,225.0
2025-09-09T20:00,39.7,102.7,793.0,41.4,18.4,53.0,146,55,120.0,,29.0,79,34.6,0.0,0.0,982.2,7.6,289,0,295.0
2025-09-09T21:00,40.4,105.0,769.0,40.5,18.0,48.0,142,56,121.0,,28.6,78,33.8,0.0,0.0,982.8,7.8,285,0,275.0
2025-09-09T22:00,39.3,105.7,695.0,35.8,16.9,50.0,137,56,123.0,,28.1,78,33.2,0.0,0.0,982.8,6.9,284,0,200.0
2025-09-09T23:00,37.3,101.7,617.0,31.2,15.9,52.0,131,55,124.0,,27.7,79,32.5,0.0,0.0,982.8,7.0,280,0,180.0
2025-09-10T00:00,35.2,96.6,540.0,27.7,15.2,54.0,126,54,124.0,,27.3,80,31.9,0.0,0.0,982.4,7.3,281,0,190.0
2025-09-10T01:00,33.9,97.1,459.0,24.3,14.5,57.0,120,54,124.0,,26.9,80,31.3,0.0,0.0,982.1,7.6,282,0,205.0
2025-09-10T02:00,33.3,98.5,406.0,21.8,14.2,58.0,115,54,125.0,,26.4,81,30.7,0.0,0.0,981.9,7.8,279,0,215.0
2025-09-10T03:00,32.9,98.3,395.0,20.8,14.3,56.0,109,54,127.0,,26.1,83,30.3,0.0,0.0,981.9,7.6,275,0,195.0
2025-09-10T04:00,32.9,99.2,412.0,20.6,14.8,52.0,104,54,129.0,,25.8,84,29.9,0.0,0.0,981.9,8.2,280,0,210.0
2025-09-10T05:00,35.9,149.9,447.0,15.0,14.4,67.0,100,68,219.0,,25.6,85,29.6,0.0,0.0,982.2,9.1,280,0,240.0
2025-09-10T06:00,37.1,143.9,521.0,16.3,15.6,68.0,99,66,218.0,,27.1,88,32.1,0.0,0.0,982.2,10.6,288,0,435.0
2025-09-10T07:00,39.9,142.0,613.0,18.0,17.1,70.0,98,66,214.0,,27.8,86,33.4,0.0,0.0,983.1,7.9,283,0,495.0
2025-09-10T08:00,39.8,143.0,644.0,17.9,17.8,77.0,97,66,198.0,,28.9,81,34.4,0.0,0.0,983.4,9.7,281,0,770.0
2025-09-10T09:00,33.1,104.1,558.0,14.4,17.0,93.0,97,56,159.0,,30.1,75,35.0,0.0,0.0,983.8,13.2,284,0,1030.0
2025-09-10T10:00,26.5,70.5,413.0,9.2,15.4,115.0,97,55,108.0,,31.2,69,36.0,0.0,0.0,983.8,14.1,289,0,1090.0
2025-09-10T11:00,24.2,58.7,301.0,5.3,13.9,130.0,96,65,67.0,,32.1,62,37.1,0.0,0.0,983.7,14.6,294,0,1150.0
2025-09-10T12:00,22.2,48.1,262.0,3.9,12.6,135.0,96,68,40.0,,32.7,59,37.7,0.0,0.0,982.9,14.8,294,0,1215.0
2025-09-10T13:00,20.9,39.9,256.0,3.8,11.3,135.0,95,68,23.0,,33.1,56,37.6,0.0,0.0,981.9,15.1,293,0,1285.0
2025-09-10T14:00,20.3,37.1,264.0,4.8,10.4,132.0,95,66,33.0,,33.2,55,37.1,0.0,0.0,980.9,15.6,293,0,1320.0
2025-09-10T15:00,23.0,69.8,283.0,7.1,10.1,126.0,94,63,87.0,,32.9,56,36.2,0.0,0.0,979.8,15.6,294,0,1320.0
2025-09-10T16:00,27.5,112.7,315.0,10.4,10.3,118.0,94,58,169.0,,32.2,59,35.6,0.0,0.0,979.2,15.3,294,0,1230.0
2025-09-10T17:00,39.6,197.4,345.0,13.8,10.7,105.0,94,81,308.0,,31.3,63,35.0,0.0,0.0,978.9,13.9,295,0,1155.0
2025-09-10T18:00,43.1,214.7,368.0,15.7,11.5,97.0,95,85,319.0,,30.1,66,34.0,0.0,0.0,979.6,11.5,295,0,945.0
2025-09-10T19:00,45.6,221.2,389.0,18.4,12.6,86.0,95,87,333.0,,29.3,70,33.4,0.0,0.0,979.6,10.4,293,3,675.0
2025-09-10T20:00,47.7,221.7,413.0,20.9,13.5,76.0,96,87,337.0,,28.6,73,32.9,0.0,0.0,980.2,9.5,291,0,505.0
2025-09-10T21:00,49.6,219.3,450.0,23.3,14.2,68.0,97,86,325.0,,28.0,76,32.3,0.0,0.0,980.8,8.7,278,0,375.0
2025-09-10T22:00,51.1,208.6,490.0,25.6,14.7,62.0,98,84,303.0,,27.4,79,31.9,0.0,0.0,980.8,7.9,281,0,310.0
2025-09-10T23:00,51.7,195.6,502.0,26.8,14.8,56.0,98,80,277.0,,26.9,80,31.4,0.0,0.0,981.0,7.3,280,0,265.0
2025-09-11T00:00,50.9,180.7,463.0,26.3,14.2,51.0,100,76,248.0,,26.5,81,30.7,0.0,0.0,980.8,7.9,271,1,245.0
2025-09-11T01:00,49.1,162.5,398.0,24.8,13.3,46.0,101,71,216.0,,26.0,80,30.0,0.0,0.0,980.8,7.6,273,0,220.0
2025-09-11T02:00,46.8,144.8,344.0,23.5,12.6,42.0,103,67,187.0,,25.7,79,29.3,0.0,0.0,980.4,8.3,276,0,220.0
2025-09-11T03:00,44.4,127.6,314.0,23.0,12.4,38.0,104,62,161.0,,25.5,79,28.8,0.0,0.0,980.4,8.6,278,0,230.0
2025-09-11T04:00,41.9,114.1,297.0,22.7,12.4,34.0,105,58,138.0,,25.1,79,28.2,0.0,0.0,980.7,9.0,267,0,220.0
2025-09-11T05:00,39.7,154.6,298.0,13.6,9.6,49.0,106,69,221.0,,24.7,79,27.6,0.0,0.0,981.1,9.9,266,1,260.0
2025-09-11T06:00,40.3,156.5,337.0,14.6,10.5,51.0,107,70,231.0,,26.4,77,29.5,0.0,0.0,981.3,12.0,279,2,540.0
2025-09-11T07:00,42.6,159.3,395.0,15.8,11.7,53.0,107,70,245.0,,27.2,76,30.8,0.0,0.0,981.9,11.2,282,1,620.0
2025-09-11T08:00,44.1,175.6,417.0,15.6,12.4,60.0,107,75,253.0,,28.3,73,32.2,0.0,0.0,982.1,11.3,278,0,680.0
2025-09-11T09:00,42.6,169.5,366.0,12.5,12.4,74.0,108,73,249.0,,29.7,69,33.3,0.0,0.0,982.6,13.5,284,0,1150.0
2025-09-11T10:00,39.5,157.9,279.0,8.0,11.9,93.0,109,70,241.0,,30.9,63,34.9,0.0,0.0,982.7,14.9,292,1,1265.0
2025-09-11T11:00,36.6,159.3,214.0,4.6,11.3,106.0,110,70,238.0,,32.0,58,36.2,0.0,0.0,982.5,15.2,296,1,1395.0
2025-09-11T12:00,35.9,166.2,196.0,3.0,10.3,111.0,111,72,251.0,,32.5,55,36.5,0.0,0.0,981.9,14.1,289,1,1560.0
2025-09-11T13:00,35.4,174.2,200.0,2.6,9.0,111.0,113,74,270.0,,32.6,54,36.2,0.0,0.0,981.3,13.8,283,1,1615.0
2025-09-11T14:00,33.9,177.4,211.0,4.0,8.4,108.0,114,75,280.0,,32.8,53,36.0,0.0,0.0,980.3,14.1,280,1,1605.0
2025-09-11T15:00,33.4,180.2,205.0,7.4,8.5,104.0,116,76,274.0,,32.8,52,35.3,0.0,0.0,979.7,14.7,278,1,1695.0
2025-09-11T16:00,34.1,173.7,207.0,12.6,9.2,96.0,117,74,259.0,,32.3,54,34.9,0.0,0.0,979.2,14.4,282,1,1595.0
2025-09-11T17:00,37.3,171.8,275.0,19.4,11.0,85.0,117,74,262.0,,31.5,57,34.7,0.0,0.0,979.5,11.6,283,1,1505.0
2025-09-11T18:00,42.8,163.9,488.0,29.5,13.5,68.0,117,72,250.0,,30.2,65,34.6,0.0,0.0,980.2,6.8,310,3,680.0
2025-09-11T19:00,49.9,165.3,768.0,43.4,16.9,45.0,117,72,233.0,,29.4,69,34.0,0.0,0.0,980.7,6.0,303,3,500.0
2025-09-11T20:00,54.2,169.5,934.0,53.5,19.7,27.0,118,73,222.0,,28.9,70,33.4,0.0,0.0,981.4,6.0,286,3,365.0
2025-09-11T21:00,57.5,173.2,884.0,55.7,21.0,20.0,118,74,222.0,,28.1,75,33.0,0.0,0.0,982.2,4.5,272,3,165.0
2025-09-11T22:00,60.3,176.0,720.0,54.0,21.6,18.0,119,75,228.0,,27.5,79,32.7,0.0,0.0,982.3,4.0,275,3,100.0
2025-09-11T23:00,63.3,183.5,571.0,53.5,22.2,16.0,120,77,229.0,,26.9,83,32.3,0.0,0.0,982.2,3.8,273,3,70.0
2025-09-12T00:00,66.6,185.3,477.0,56.9,23.1,11.0,121,77,222.0,,26.5,84,31.7,0.0,0.0,982.2,4.5,256,2,100.0
2025-09-12T01:00,68.9,180.7,397.0,61.3,23.9,5.0,123,76,210.0,,26.1,83,30.8,0.0,0.0,981.9,5.4,249,2,110.0
2025-09-12T02:00,68.7,170.9,344.0,63.5,24.0,1.0,125,74,194.0,,25.7,80,29.8,0.0,0.0,981.4,5.4,255,2,100.0
2025-09-12T03:00,65.0,153.2,325.0,61.9,22.9,0.0,127,69,172.0,,25.3,78,28.7,0.0,0.0,981.4,7.1,255,1,125.0
2025-09-12T04:00,59.1,134.6,333.0,58.0,21.1,0.0,129,65,146.0,,24.9,78,28.1,0.0,0.0,981.6,7.6,265,0,160.0
2025-09-12T05:00,29.2,81.7,352.0,18.0,8.9,34.0,131,50,100.0,,24.6,80,27.8,0.0,0.0,981.8,7.8,262,0,170.0
2025-09-12T06:00,30.0,83.1,395.0,18.2,9.8,40.0,130,50,116.0,,25.9,80,29.5,0.0,0.0,982.8,10.1,273,0,385.0
2025-09-12T07:00,33.4,92.9,451.0,18.3,11.1,50.0,129,53,140.0,,26.9,77,30.8,0.0,0.0,983.5,8.8,274,0,455.0
2025-09-12T08:00,36.9,123.4,467.0,17.2,12.3,63.0,128,61,166.0,,28.3,71,32.1,0.0,0.0,984.1,9.9,273,0,570.0
2025-09-12T09:00,41.3,165.8,406.0,13.8,13.3,83.0,127,72,200.0,,29.8,66,33.6,0.0,0.0,984.7,10.9,277,0,755.0
2025-09-12T10:00,44.5,188.6,305.0,9.2,14.1,107.0,127,78,235.0,,31.1,61,35.4,0.1,0.1,984.6,11.2,292,51,985.0
2025-09-12T11:00,42.3,171.4,231.0,5.8,14.5,124.0,128,74,249.0,,32.1,56,36.3,0.1,0.1,984.3,10.3,295,51,1150.0
2025-09-12T12:00,38.1,143.4,211.0,4.2,14.2,129.0,128,66,224.0,,33.0,52,37.6,0.0,0.0,983.5,9.8,287,0,1325.0
2025-09-12T13:00,32.2,112.9,218.0,3.9,13.6,126.0,129,63,178.0,,33.3,50,37.7,0.0,0.0,982.7,9.6,283,1,1410.0
2025-09-12T14:00,29.7,101.7,232.0,5.3,13.2,121.0,128,61,139.0,,33.5,49,37.2,0.0,0.0,981.8,10.2,279,0,1410.0
2025-09-12T15:00,28.5,94.5,241.0,8.1,13.1,114.0,128,54,118.0,,33.3,50,36.3,0.0,0.0,981.0,11.3,278,0,1385.0
2025-09-12T16:00,28.6,93.1,257.0,12.7,13.3,105.0,127,53,104.0,,32.8,52,35.8,0.0,0.0,980.3,11.3,279,0,1355.0
2025-09-12T17:00,30.3,88.2,297.0,19.1,13.9,90.0,127,52,112.0,,32.0,55,35.2,0.0,0.0,980.2,10.8,288,1,1225.0
2025-09-12T18:00,37.0,85.9,341.0,31.8,16.5,71.0,126,53,107.0,,31.6,56,35.5,0.0,0.0,981.3,5.6,310,0,1195.0
2025-09-12T19:00,46.4,94.3,409.0,49.6,20.4,43.0,125,58,100.0,,31.0,59,35.2,0.0,0.0,981.5,4.9,332,0,705.0
2025-09-12T20:00,55.1,106.9,576.0,64.5,25.4,22.0,125,63,97.0,,30.1,67,35.4,0.0,0.0,982.3,2.7,328,1,410.0
2025-09-12T21:00,65.9,123.4,988.0,73.8,32.7,12.0,125,68,103.0,,29.7,71,35.5,0.0,0.0,983.1,1.8,270,1,35.0
2025-09-12T22:00,78.5,141.1,1499.0,80.3,41.1,7.0,126,74,114.0,,29.1,74,35.1,0.0,0.0,983.5,1.2,231,1,20.0
2025-09-12T23:00,88.9,154.1,1750.0,84.5,47.0,4.0,128,79,123.0,,28.4,75,33.8,0.0,0.0,983.4,3.1,204,0,35.0
2025-09-13T00:00,94.3,159.3,1498.0,86.3,48.4,1.0,131,82,127.0,,27.8,79,33.2,0.0,0.0,983.4,3.4,212,2,35.0
2025-09-13T01:00,95.5,161.6,986.0,85.9,47.2,1.0,133,82,130.0,,27.6,80,33.0,0.0,0.0,983.1,3.9,248,3,50.0
2025-09-13T02:00,96.6,165.3,588.0,84.2,45.7,0.0,136,83,129.0,,27.4,80,32.5,0.0,0.0,982.8,4.7,261,2,70.0
2025-09-13T03:00,98.5,169.0,455.0,81.5,44.8,0.0,139,83,125.0,,27.1,80,32.4,0.0,0.0,982.3,2.7,266,1,60.0
2025-09-13T04:00,97.8,167.2,436.0,77.6,43.6,0.0,143,83,118.0,,26.7,80,31.5,0.0,0.0,982.3,4.6,252,1,70.0
2025-09-13T05:00,42.0,80.3,453.0,40.8,15.3,16.0,147,55,71.0,,26.3,79,30.7,0.0,0.0,982.6,5.1,247,0,85.0
2025-09-13T06:00,42.8,72.2,512.0,38.0,15.6,30.0,148,56,64.0,,27.7,73,32.0,0.0,0.0,983.5,5.8,261,2,215.0
2025-09-13T07:00,43.1,68.5,606.0,33.7,16.1,50.0,149,56,54.0,,28.5,69,32.7,0.0,0.0,984.3,6.0,275,1,285.0
2025-09-13T08:00,37.8,64.3,639.0,28.5,16.6,71.0,150,53,49.0,,29.2,66,33.4,0.0,0.0,984.7,6.2,280,3,330.0
2025-09-13T09:00,31.8,56.7,544.0,21.3,17.1,95.0,150,50,53.0,,30.9,60,35.0,0.0,0.0,985.1,5.8,279,0,520.0
2025-09-13T10:00,25.7,52.7,386.0,13.0,17.6,120.0,149,60,62.0,,33.0,49,36.7,0.0,0.0,984.9,7.0,293,1,1305.0
2025-09-13T11:00,23.6,60.1,267.0,7.0,17.7,138.0,147,69,70.0,,34.3,44,38.2,0.0,0.0,984.6,7.4,292,0,1505.0
2025-09-13T12:00,23.6,67.8,229.0,4.4,17.0,144.0,145,72,76.0,,35.0,42,39.1,0.0,0.0,983.6,8.4,277,1,1650.0
2025-09-13T13:00,23.3,66.8,228.0,4.1,15.8,142.0,144,71,81.0,,35.3,41,38.8,0.1,0.1,982.7,10.1,270,51,1745.0
2025-09-13T14:00,23.3,66.8,239.0,5.5,15.2,137.0,143,69,85.0,,34.8,42,37.6,0.2,0.2,981.6,11.3,270,51,1595.0
2025-09-13T15:00,24.1,71.9,256.0,8.1,15.3,131.0,142,66,87.0,,34.4,44,36.7,0.3,0.3,980.8,11.5,273,51,1480.0
2025-09-13T16:00,24.7,74.3,283.0,12.6,15.9,121.0,142,61,89.0,,33.4,49,36.2,0.3,0.3,980.4,11.2,280,51,1275.0
2025-09-13T17:00,27.2,66.8,310.0,20.8,16.5,108.0,142,48,77.0,,32.5,54,36.0,0.0,0.0,980.4,9.4,293,1,1195.0
2025-09-13T18:00,36.0,70.5,309.0,36.2,19.7,84.0,141,52,75.0,,32.9,48,35.8,0.0,0.0,981.1,7.8,304,2,1260.0
2025-09-13T19:00,46.9,82.0,306.0,57.8,24.3,51.0,141,59,72.0,,32.5,50,35.9,0.0,0.0,981.3,5.4,284,3,1160.0
2025-09-13T20:00,57.2,94.5,371.0,75.9,29.9,25.0,141,68,71.0,,32.0,53,36.0,0.0,0.0,982.1,2.7,278,3,980.0
2025-09-13T21:00,69.4,109.9,584.0,87.2,37.2,12.0,141,74,72.0,,31.2,57,35.6,0.0,0.0,982.6,1.9,236,2,75.0
2025-09-13T22:00,84.1,127.1,865.0,95.1,45.4,5.0,142,78,73.0,,30.4,60,35.0,0.0,0.0,982.7,1.5,194,3,40.0
2025-09-13T23:00,95.0,136.4,1034.0,100.1,51.3,1.0,142,82,75.0,,29.7,64,34.3,0.0,0.0,982.6,2.4,167,3,30.0
2025-09-14T00:00,97.6,139.2,988.0,101.4,53.1,0.0,143,83,77.0,,29.0,68,33.6,0.0,0.0,982.5,4.0,148,1,40.0
2025-09-14T01:00,100.8,143.9,832.0,99.8,52.5,0.0,143,84,79.0,,28.5,70,33.1,0.0,0.0,982.5,4.2,173,1,65.0
2025-09-14T02:00,102.4,146.2,699.0,97.7,51.6,0.0,144,85,80.0,,28.0,73,32.7,0.0,0.0,982.2,4.7,212,1,80.0
2025-09-14T03:00,98.0,140.6,639.0,96.0,50.9,0.0,144,83,81.0,,27.6,77,32.4,0.0,0.0,982.1,4.7,223,0,70.0
2025-09-14T04:00,94.3,137.4,602.0,93.8,49.9,0.0,144,82,81.0,,27.3,78,32.3,0.0,0.0,982.5,4.0,231,1,60.0
2025-09-14T05:00,68.9,100.4,576.0,68.1,31.2,1.0,144,69,57.0,,27.0,80,31.9,0.0,0.0,982.5,4.3,248,0,65.0
2025-09-14T06:00,63.1,87.5,568.0,62.9,30.6,19.0,147,67,54.0,,27.6,81,32.8,0.0,0.0,983.0,5.7,226,0,115.0
2025-09-14T07:00,61.5,80.6,570.0,55.3,29.7,45.0,149,66,50.0,,29.0,73,34.3,0.0,0.0,983.8,4.7,247,0,175.0
2025-09-14T08:00,48.8,73.1,543.0,45.9,28.4,71.0,150,59,46.0,,31.5,59,36.0,0.0,0.0,984.1,4.3,272,0,665.0
2025-09-14T09:00,32.0,58.6,455.0,32.9,26.4,98.0,151,50,44.0,,33.4,48,36.9,0.0,0.0,984.5,5.6,287,0,1320.0
2025-09-14T10:00,26.2,48.8,339.0,18.1,24.1,126.0,151,63,42.0,,34.9,42,38.1,0.0,0.0,984.4,7.5,300,0,1565.0
2025-09-14T11:00,23.9,44.8,255.0,7.4,21.8,146.0,151,73,41.0,,35.6,39,38.8,0.1,0.1,983.8,9.0,300,51,1730.0
2025-09-14T12:00,24.0,44.9,232.0,3.5,19.6,153.0,151,77,40.0,,36.1,38,39.6,0.1,0.1,983.0,9.4,290,51,1845.0
2025-09-14T13:00,23.6,43.3,241.0,3.6,17.6,153.0,151,77,38.0,,36.2,39,39.6,0.0,0.0,982.0,9.6,284,2,1845.0
2025-09-14T14:00,23.1,41.7,255.0,5.6,16.3,148.0,151,74,37.0,,36.5,38,39.6,0.0,0.0,980.9,10.4,279,2,1915.0
2025-09-14T15:00,22.4,41.0,268.0,7.2,15.5,141.0,151,71,35.0,,36.2,39,38.5,0.0,0.0,979.9,11.8,279,3,1915.0
2025-09-14T16:00,24.0,42.3,287.0,10.6,15.6,130.0,151,65,34.0,,35.3,42,37.5,0.0,0.0,979.5,12.1,280,3,1690.0
2025-09-14T17:00,24.0,45.5,306.0,18.0,14.5,107.0,151,47,42.0,,34.3,45,36.8,0.0,0.0,979.5,11.5,290,2,1460.0
2025-09-14T18:00,32.2,49.9,299.0,34.3,19.0,84.0,150,50,41.0,,33.3,50,36.5,0.0,0.0,980.5,8.9,297,3,1295.0
2025-09-14T19:00,41.7,59.8,292.0,57.1,25.5,53.0,150,58,40.0,,33.0,50,36.7,0.0,0.0,981.2,5.2,304,2,1160.0
2025-09-14T20:00,54.1,74.5,353.0,76.4,31.9,27.0,150,68,39.0,,32.7,51,36.7,0.0,0.0,981.8,3.7,259,0,805.0
2025-09-14T21:00,71.2,92.4,565.0,88.8,38.5,13.0,150,74,39.0,,32.0,56,36.5,0.0,0.0,982.1,2.4,216,1,65.0
2025-09-14T22:00,85.2,105.7,845.0,97.7,45.0,5.0,150,79,38.0,,31.1,61,36.1,0.0,0.0,982.1,2.2,185,0,25.0
2025-09-14T23:00,87.1,108.0,1011.0,102.9,49.3,0.0,150,81,39.0,,30.4,65,35.4,0.0,0.0,982.1,3.4,186,0,45.0
2025-09-15T00:00,85.2,107.3,957.0,103.4,49.7,0.0,150,81,41.0,,29.8,68,34.8,0.0,0.0,981.8,4.2,185,0,65.0
2025-09-15T01:00,83.8,107.3,790.0,100.3,47.8,0.0,149,80,43.0,,29.1,71,34.0,0.0,0.0,981.5,4.9,204,0,90.0
2025-09-15T02:00,84.3,109.4,648.0,96.3,45.8,0.0,147,78,45.0,,28.6,73,33.6,0.0,0.0,980.9,3.7,235,0,75.0
2025-09-15T03:00,85.2,111.3,577.0,92.8,45.0,0.0,145,78,46.0,,28.1,75,32.9,0.0,0.0,980.9,5.2,245,0,100.0
2025-09-15T04:00,83.4,109.9,531.0,88.6,44.1,0.0,144,77,46.0,,27.8,76,32.4,0.0,0.0,980.9,6.3,246,0,125.0
2025-09-15T05:00,38.0,57.5,506.0,45.6,18.8,21.0,142,53,37.0,,27.3,75,31.5,0.0,0.0,981.1,6.8,253,0,160.0
2025-09-15T06:00,36.8,54.9,521.0,41.1,18.8,36.0,139,52,36.0,,28.6,68,32.7,0.0,0.0,981.3,6.1,258,1,200.0
2025-09-15T07:00,38.0,54.2,558.0,34.5,18.8,57.0,136,53,35.0,,29.5,62,33.3,0.0,0.0,981.6,6.0,267,0,305.0
2025-09-15T08:00,33.2,51.1,553.0,27.6,18.6,79.0,134,50,35.0,,31.4,54,34.7,0.0,0.0,981.8,6.5,273,0,480.0
2025-09-15T09:00,26.7,41.2,461.0,19.9,18.1,104.0,132,47,35.0,,33.3,46,35.9,0.0,0.0,982.2,8.5,275,0,1230.0
2025-09-15T10:00,22.5,36.3,328.0,11.7,17.3,131.0,132,66,36.0,,34.7,41,37.4,0.0,0.0,982.1,10.4,281,0,1585.0
2025-09-15T11:00,21.6,41.9,230.0,5.9,16.4,149.0,131,75,40.0,,35.6,39,39.0,0.0,0.0,981.6,10.5,274,0,1805.0
2025-09-15T12:00,22.2,51.2,201.0,3.6,15.3,153.0,131,77,51.0,,36.3,38,39.7,0.0,0.0,980.9,11.3,270,0,1970.0
2025-09-15T13:00,22.8,57.5,208.0,3.7,14.0,148.0,131,74,65.0,,36.4,37,39.4,0.0,0.0,979.8,11.9,267,0,2015.0
2025-09-15T14:00,23.1,61.0,221.0,4.9,13.2,140.0,131,70,75.0,,36.4,38,39.1,0.0,0.0,978.6,13.0,272,0,2000.0
2025-09-15T15:00,22.9,62.9,233.0,5.3,12.5,133.0,131,67,78.0,,36.0,39,38.0,0.0,0.0,977.8,13.0,274,0,1900.0
2025-09-15T16:00,22.9,63.6,253.0,6.9,12.3,124.0,131,62,77.0,,35.2,42,37.2,0.0,0.0,977.5,13.3,283,0,1865.0
2025-09-15T17:00,21.2,54.6,273.0,14.0,14.9,112.0,131,52,66.0,,34.3,44,36.6,0.0,0.0,977.6,11.8,287,0,1750.0
2025-09-15T18:00,27.4,59.0,261.0,27.8,17.1,89.0,131,47,65.0,,33.5,47,36.5,0.0,0.0,978.4,8.1,265,3,1285.0
2025-09-15T19:00,36.3,67.1,250.0,47.1,20.4,57.0,130,53,64.0,,33.4,47,36.7,0.0,0.0,979.1,5.8,272,3,1070.0
2025-09-15T20:00,47.4,82.0,335.0,63.6,25.5,31.0,129,62,65.0,,33.3,48,37.1,0.0,0.0,980.3,3.3,292,3,780.0
2025-09-15T21:00,61.0,99.7,638.0,74.7,34.2,19.0,129,67,70.0,,32.8,53,37.6,0.0,0.0,981.0,0.5,270,3,45.0
2025-09-15T22:00,75.9,116.6,1037.0,83.0,44.6,14.0,128,73,77.0,,32.1,53,36.5,0.0,0.0,981.1,1.7,162,3,35.0
2025-09-15T23:00,86.4,129.0,1262.0,88.0,51.3,10.0,127,78,79.0,,31.3,58,35.4,0.0,0.0,981.4,5.6,147,3,220.0
2025-09-16T00:00,91.7,133.6,1148.0,88.3,51.4,7.0,127,81,74.0,,30.5,62,34.6,0.0,0.0,980.9,6.9,143,3,215.0
2025-09-16T01:00,89.9,127.6,860.0,85.3,47.7,5.0,127,80,64.0,,29.5,67,33.8,0.0,0.0,980.3,6.8,151,3,185.0
2025-09-16T02:00,78.5,108.0,628.0,82.1,43.9,4.0,128,74,53.0,,28.8,70,33.3,0.0,0.0,980.0,5.7,148,3,195.0
2025-09-16T03:00,68.5,88.9,542.0,80.5,40.7,3.0,127,70,40.0,,28.4,71,32.8,0.0,0.0,980.0,6.0,153,3,255.0
2025-09-16T04:00,62.2,75.9,512.0,78.7,37.3,2.0,126,69,27.0,,28.0,73,32.4,0.0,0.0,980.5,6.4,112,1,275.0
2025-09-16T05:00,42.4,55.2,501.0,64.0,27.2,15.0,123,62,25.0,,27.3,77,31.7,0.0,0.0,980.8,6.9,97,0,300.0
2025-09-16T06:00,44.7,54.8,512.0,57.2,27.6,23.0,124,58,22.0,,28.8,62,32.0,0.0,0.0,981.0,6.4,288,3,335.0
2025-09-16T07:00,43.0,51.7,541.0,47.5,28.2,36.0,125,56,17.0,,29.2,60,32.5,0.0,0.0,981.8,5.4,323,3,430.0
2025-09-16T08:00,36.0,43.7,541.0,37.7,28.2,57.0,125,52,15.0,,30.4,56,33.8,0.0,0.0,982.3,4.9,309,2,540.0
2025-09-16T09:00,31.3,38.8,479.0,27.9,27.3,94.0,126,49,16.0,,32.4,48,35.6,0.0,0.0,982.5,4.4,291,1,860.0
2025-09-16T10:00,29.5,38.1,387.0,18.0,25.9,138.0,126,69,19.0,,34.1,43,37.5,0.0,0.0,982.8,6.0,287,0,1340.0
2025-09-16T11:00,28.6,40.4,315.0,10.6,24.4,172.0,127,92,23.0,,35.3,40,39.3,0.0,0.0,982.1,6.7,278,3,1780.0
2025-09-16T12:00,27.9,43.1,282.0,7.0,22.8,187.0,127,107,27.0,,36.2,38,40.2,0.0,0.0,981.1,7.6,267,1,1970.0
2025-09-16T13:00,28.1,45.1,269.0,5.8,21.3,192.0,128,112,32.0,,36.8,37,40.7,0.0,0.0,979.9,8.3,268,1,2140.0
2025-09-16T14:00,28.4,46.9,269.0,6.2,20.3,190.0,129,110,36.0,,36.6,38,39.3,0.0,0.0,978.7,10.2,261,2,2170.0
2025-09-16T15:00,28.8,48.3,276.0,7.3,20.2,182.0,129,102,38.0,,35.7,41,38.2,0.0,0.0,977.9,10.0,257,1,1990.0
2025-09-16T16:00,28.1,47.7,297.0,10.0,20.7,167.0,130,87,40.0,,35.2,42,38.0,0.0,0.0,977.9,8.5,265,1,1855.0
2025-09-16T17:00,29.7,59.5,338.0,13.6,17.2,121.0,148,61,58.0,,34.3,45,37.9,0.0,0.0,978.3,3.5,282,1,1680.0
2025-09-16T18:00,33.2,62.2,424.0,20.3,19.1,102.0,153,50,63.0,,32.6,56,37.4,0.0,0.0,979.5,2.7,94,0,445.0
2025-09-16T19:00,36.8,68.9,531.0,29.7,21.7,75.0,146,52,68.0,,32.6,53,37.0,0.0,0.0,980.5,2.2,95,1,1155.0
2025-09-16T20:00,43.5,79.2,599.0,36.7,23.8,55.0,132,56,70.0,,31.0,61,35.0,0.1,0.1,981.4,8.3,129,51,315.0
2025-09-16T21:00,49.8,88.5,594.0,39.4,24.8,48.0,131,60,64.0,,30.0,67,34.5,0.0,0.0,981.8,8.1,111,0,230.0
2025-09-16T22:00,55.5,87.8,549.0,39.9,25.2,49.0,130,63,54.0,,29.2,71,33.7,0.0,0.0,982.1,8.5,103,0,280.0
2025-09-16T23:00,56.0,78.7,505.0,39.4,25.4,51.0,128,63,44.0,,28.4,74,32.9,0.0,0.0,982.1,7.7,121,0,285.0
2025-09-17T00:00,55.6,71.0,471.0,37.9,25.5,54.0,125,63,35.0,,27.9,75,32.3,0.0,0.0,982.0,7.0,134,0,250.0
2025-09-17T01:00,55.8,67.3,437.0,35.3,25.4,60.0,121,63,25.0,,27.5,76,31.9,0.0,0.0,981.5,6.9,152,0,235.0
2025-09-17T02:00,56.1,65.4,413.0,33.3,25.4,63.0,118,63,18.0,,27.1,77,31.6,0.0,0.0,981.1,6.2,163,0,220.0
2025-09-17T03:00,57.6,65.9,390.0,32.2,25.4,61.0,115,64,15.0,,26.9,79,31.7,0.0,0.0,981.1,4.2,168,0,160.0
2025-09-17T04:00,58.0,65.4,376.0,31.7,25.4,57.0,114,64,14.0,,27.0,80,32.4,0.0,0.0,981.5,1.0,135,0,135.0
2025-09-17T05:00,58.2,68.5,406.0,44.8,37.7,37.0,114,64,20.0,,26.7,80,31.0,0.0,0.0,981.9,7.7,54,1,265.0
2025-09-17T06:00,58.3,70.5,535.0,44.8,40.5,44.0,115,64,22.0,,27.4,76,32.2,0.0,0.0,981.9,3.1,177,0,85.0
2025-09-17T07:00,59.1,74.5,707.0,44.3,44.2,55.0,117,65,25.0,,28.8,70,34.0,0.0,0.0,982.5,1.8,37,0,175.0
2025-09-17T08:00,55.1,73.8,792.0,40.8,45.4,74.0,119,63,36.0,,30.6,64,35.8,0.0,0.0,983.0,1.7,41,0,520.0
2025-09-17T09:00,49.6,79.6,703.0,31.2,42.1,109.0,121,60,62.0,,32.5,55,37.3,0.0,0.0,983.4,1.7,319,0,1175.0
2025-09-17T10:00,45.3,97.8,526.0,18.6,36.3,151.0,122,76,96.0,,33.9,49,38.5,0.1,0.1,983.3,4.9,332,51,1465.0
2025-09-17T11:00,42.5,101.5,389.0,9.1,30.8,181.0,124,101,116.0,,35.1,44,39.7,0.0,0.0,982.8,4.5,337,1,1655.0
2025-09-17T12:00,38.9,90.8,342.0,5.5,26.2,189.0,126,109,112.0,,36.2,40,40.7,0.0,0.0,982.1,5.2,338,1,1875.0
2025-09-17T13:00,36.7,82.7,335.0,5.1,21.9,185.0,127,105,95.0,,36.4,38,40.4,0.0,0.0,981.1,6.2,338,1,1910.0
2025-09-17T14:00,34.6,74.5,340.0,6.0,18.8,176.0,128,96,79.0,,36.3,39,39.6,0.1,0.1,979.7,7.3,330,51,1835.0
2025-09-17T15:00,33.5,69.6,354.0,6.7,17.1,165.0,128,85,67.0,,35.8,40,38.4,0.0,0.0,978.6,8.9,322,1,1780.0
2025-09-17T16:00,30.5,57.5,381.0,8.8,16.6,149.0,129,75,56.0,,35.2,42,37.9,0.0,0.0,978.5,9.5,316,0,1715.0
2025-09-17T17:00,52.0,95.9,407.0,16.7,22.1,128.0,144,64,86.0,,34.2,45,37.2,0.0,0.0,978.5,7.8,312,0,1560.0
2025-09-17T18:00,56.0,98.5,423.0,28.1,26.2,108.0,148,63,84.0,,31.6,61,36.9,0.0,0.0,979.8,1.8,101,0,630.0
2025-09-17T19:00,64.0,107.8,438.0,43.7,31.9,79.0,139,67,80.0,,31.4,62,36.8,0.0,0.0,980.4,2.1,200,0,60.0
2025-09-17T20:00,75.0,113.2,460.0,53.6,35.4,59.0,136,73,74.0,,31.1,64,36.5,0.0,0.0,981.2,1.8,114,1,40.0
2025-09-17T21:00,76.8,108.7,497.0,52.7,35.0,54.0,140,73,64.0,,30.7,65,35.6,0.0,0.0,982.1,5.8,116,0,275.0
2025-09-17T22:00,75.4,102.2,542.0,46.3,32.5,57.0,143,73,53.0,,29.5,73,34.5,0.0,0.0,982.2,7.8,128,0,360.0
2025-09-17T23:00,73.3,95.5,574.0,40.2,29.9,59.0,145,72,43.0,,28.5,79,33.8,0.0,0.0,982.3,7.4,139,0,290.0
2025-09-18T00:00,70.8,90.1,589.0,36.4,27.5,58.0,146,70,37.0,,27.8,82,33.2,0.0,0.0,981.9,6.5,122,0,275.0
2025-09-18T01:00,68.0,85.2,592.0,33.1,24.9,57.0,148,69,34.0,,27.2,85,32.6,0.0,0.0,981.7,6.8,102,0,295.0
2025-09-18T02:00,64.7,80.1,581.0,30.5,22.8,55.0,149,67,30.0,,26.3,87,31.3,0.0,0.0,981.2,7.2,102,0,247.5
2025-09-18T03:00,61.7,75.0,536.0,29.0,20.9,50.0,150,66,25.0,,25.8,88,30.6,0.0,0.0,981.3,6.6,106,0,170.0
2025-09-18T04:00,59.4,70.1,477.0,28.3,19.4,45.0,150,65,20.0,,25.4,89,30.0,0.0,0.0,981.4,7.2,89,0,143.75
2025-09-18T05:00,54.2,66.8,461.0,28.4,20.7,51.0,150,62,24.0,,25.1,90,29.9,0.0,0.0,981.7,5.9,102,0,125.0
2025-09-18T06:00,53.8,72.2,542.0,28.5,25.2,59.0,150,62,31.0,,27.3,82,32.9,0.0,0.0,982.0,3.9,124,0,120.0
2025-09-18T07:00,52.0,73.3,667.0,28.6,31.4,72.0,150,61,42.0,,27.9,79,33.3,0.0,0.0,982.8,4.5,113,0,140.0
2025-09-18T08:00,54.7,82.7,730.0,27.2,37.0,92.0,149,62,54.0,,29.4,73,34.8,0.0,0.0,982.9,4.2,155,0,220.0
2025-09-18T09:00,59.4,95.5,669.0,23.4,42.0,125.0,149,65,70.0,,31.4,63,36.9,0.1,0.1,983.4,2.2,156,51,470.0
2025-09-18T10:00,63.3,106.2,546.0,18.2,46.3,165.0,150,85,88.0,,33.3,52,38.5,0.1,0.1,983.2,2.7,352,51,665.0
2025-09-18T11:00,61.0,111.8,450.0,13.6,46.8,194.0,151,114,99.0,,34.9,45,39.6,0.0,0.0,982.8,4.9,358,1,810.0
2025-09-18T12:00,56.6,107.6,413.0,10.0,40.6,204.0,151,124,97.0,,34.9,43,39.0,0.0,0.0,981.9,7.2,359,1,995.0
2025-09-18T13:00,52.0,97.6,401.0,7.0,30.6,204.0,152,124,89.0,,32.8,48,36.8,0.7,0.7,981.4,4.2,329,53,1120.0
2025-09-18T14:00,46.6,87.1,403.0,5.8,22.8,197.0,152,117,80.0,,31.9,55,36.1,0.2,0.2,979.7,3.1,270,51,1020.0
2025-09-18T15:00,42.7,80.6,416.0,6.4,19.5,184.0,152,104,74.0,,32.2,56,36.3,0.3,0.3,978.8,6.7,270,51,615.0
2025-09-18T16:00,38.6,72.2,442.0,8.8,18.3,165.0,155,85,68.0,,32.5,55,36.8,0.2,0.2,978.9,4.9,287,51,860.0
2025-09-18T17:00,50.4,88.7,476.0,13.9,23.9,140.0,167,70,75.0,,32.0,57,36.5,0.0,0.0,979.1,4.6,312,0,350.0
2025-09-18T18:00,55.4,88.2,520.0,23.0,26.0,117.0,169,63,67.0,,32.7,51,35.9,0.0,0.0,980.2,8.5,2,2,35.0
2025-09-18T19:00,61.9,91.0,571.0,35.6,29.0,84.0,162,66,56.0,,32.0,57,36.2,0.0,0.0,981.1,6.7,24,3,15.0
2025-09-18T20:00,68.7,92.7,613.0,45.9,31.2,58.0,153,69,47.0,,31.6,60,36.3,0.0,0.0,981.7,4.5,56,0,20.0
2025-09-18T21:00,76.1,99.2,641.0,51.9,32.2,44.0,153,73,42.0,,31.1,63,36.1,0.0,0.0,982.5,3.8,90,0,35.0
2025-09-18T22:00,80.6,101.5,660.0,55.6,32.5,37.0,153,75,39.0,,30.3,67,35.3,0.0,0.0,982.4,5.3,108,0,40.0
2025-09-18T23:00,79.4,97.6,673.0,57.0,32.3,32.0,153,75,35.0,,29.5,71,34.7,0.0,0.0,982.3,5.2,110,0,50.0
2025-09-19T00:00,73.8,88.7,675.0,55.0,31.5,31.0,153,72,30.0,,28.9,75,34.4,0.0,0.0,981.9,3.6,108,0,60.0
2025-09-19T01:00,68.5,80.6,671.0,50.7,30.3,32.0,153,69,24.0,,28.4,78,34.2,0.0,0.0,981.6,3.2,133,0,65.0
2025-09-19T02:00,66.4,77.1,675.0,47.8,29.5,32.0,153,68,20.0,,28.0,81,33.7,0.0,0.0,981.5,4.3,132,0,75.0
2025-09-19T03:00,66.4,76.4,698.0,48.2,29.1,26.0,153,68,17.0,,27.5,84,33.3,0.0,0.0,981.5,4.2,140,0,40.0
2025-09-19T04:00,66.4,75.2,729.0,49.9,29.2,18.0,153,68,16.0,,27.1,86,33.0,0.0,0.0,981.9,3.9,167,0,30.0
2025-09-19T05:00,76.6,84.5,750.0,67.7,32.8,8.0,153,73,15.0,,26.8,88,32.8,0.0,0.0,982.1,3.0,197,0,25.0
2025-09-19T06:00,73.6,86.8,764.0,61.6,41.9,25.0,154,72,20.0,,27.5,79,32.4,0.0,0.0,982.5,6.3,175,0,20.0
2025-09-19T07:00,66.6,82.7,768.0,52.7,54.1,50.0,155,68,26.0,,28.6,72,33.4,0.0,0.0,983.1,4.3,213,0,65.0
2025-09-19T08:00,62.2,79.4,740.0,43.1,60.9,78.0,155,66,33.0,,30.7,64,35.7,0.0,0.0,983.9,3.7,256,0,220.0
2025-09-19T09:00,59.1,81.7,654.0,32.1,57.7,113.0,155,65,39.0,,32.6,53,36.6,0.0,0.0,984.2,5.4,290,0,475.0
2025-09-19T10:00,56.7,80.8,536.0,20.4,49.1,151.0,155,76,45.0,,32.4,52,35.4,0.4,0.4,984.8,11.5,315,51,1045.0
2025-09-19T11:00,51.3,76.8,442.0,11.5,40.2,178.0,155,98,49.0,,33.5,47,36.5,0.0,0.0,984.4,7.8,323,0,1235.0
2025-09-19T12:00,49.9,73.8,394.0,7.3,31.6,184.0,155,104,49.0,,34.8,41,38.1,0.1,0.1,983.5,8.9,333,51,1025.0
2025-09-19T13:00,49.9,73.6,369.0,5.9,22.8,179.0,155,99,46.0,,34.9,42,38.1,0.2,0.2,982.6,9.8,324,51,1350.0
2025-09-19T14:00,51.7,74.0,354.0,6.1,17.1,172.0,155,92,44.0,,35.4,41,38.5,0.0,0.0,980.9,8.7,326,0,1515.0
2025-09-19T15:00,50.6,74.5,346.0,7.0,16.5,169.0,155,89,45.0,,35.5,41,37.8,0.0,0.0,980.1,10.7,331,0,1425.0
2025-09-19T16:00,49.0,73.1,347.0,9.4,19.0,165.0,155,85,46.0,,34.6,42,36.9,0.0,0.0,979.4,10.7,330,0,1210.0
2025-09-19T17:00,42.5,69.4,358.0,15.1,22.6,141.0,155,71,53.0,,33.6,47,36.3,0.0,0.0,979.4,10.8,324,0,355.0
2025-09-19T18:00,43.1,68.7,357.0,19.9,23.1,122.0,155,61,49.0,,32.6,54,36.1,0.0,0.0,980.6,9.1,326,2,145.0
2025-09-19T19:00,46.9,69.4,364.0,27.0,23.9,96.0,155,58,44.0,,31.9,59,36.2,0.0,0.0,981.3,6.7,340,1,65.0
2025-09-19T20:00,49.5,70.5,441.0,35.5,25.7,72.0,154,60,41.0,,31.3,61,35.7,0.0,0.0,981.8,6.1,357,0,55.0
2025-09-19T21:00,54.4,75.9,659.0,46.8,29.6,54.0,154,62,44.0,,30.7,63,35.6,0.0,0.0,982.4,3.6,351,0,35.0
2025-09-19T22:00,61.2,86.8,946.0,59.5,34.4,39.0,153,66,50.0,,30.2,67,35.5,0.0,0.0,982.5,2.7,323,0,15.0
2025-09-19T23:00,68.0,96.2,1148.0,68.8,37.6,28.0,152,69,55.0,,29.7,69,34.8,0.0,0.0,982.1,3.1,332,0,15.0
2025-09-20T00:00,71.5,99.4,1188.0,72.3,37.8,21.0,152,71,56.0,,29.2,72,34.7,0.0,0.0,981.5,2.3,337,0,20.0
2025-09-20T01:00,71.7,99.0,1142.0,72.3,36.3,18.0,152,71,55.0,,28.5,73,33.7,0.0,0.0,981.5,2.5,240,0,30.0
2025-09-20T02:00,71.2,100.1,1084.0,70.8,34.7,16.0,152,71,56.0,,28.1,73,32.8,0.0,0.0,981.4,4.2,252,0,35.0
2025-09-20T03:00,71.2,101.7,1040.0,68.3,33.3,13.0,152,71,58.0,,27.5,76,32.2,0.0,0.0,981.5,4.9,272,0,45.0
2025-09-20T04:00,70.5,102.7,982.0,64.3,31.7,12.0,152,70,61.0,,27.1,79,31.9,0.0,0.0,981.6,4.2,295,0,55.0
2025-09-20T05:00,53.0,75.7,904.0,34.6,20.9,39.0,153,62,44.0,,26.8,80,31.8,0.0,0.0,981.8,3.8,295,0,65.0
2025-09-20T06:00,56.9,75.4,791.0,33.4,21.7,50.0,152,63,47.0,,28.2,79,33.4,0.0,0.0,982.5,6.7,278,0,75.0
2025-09-20T07:00,58.1,76.6,657.0,31.4,22.7,66.0,151,64,51.0,,29.2,74,34.4,0.0,0.0,983.0,6.3,270,0,130.0
2025-09-20T08:00,46.9,75.4,534.0,27.7,23.1,85.0,151,58,55.0,,31.3,59,35.2,0.0,0.0,983.6,8.5,283,0,305.0
2025-09-20T09:00,39.6,71.7,426.0,20.8,22.3,110.0,151,54,56.0,,33.3,45,35.3,0.0,0.0,984.0,11.4,305,0,785.0
2025-09-20T10:00,34.0,64.5,328.0,12.2,20.9,137.0,150,69,56.0,,34.5,40,36.4,0.0,0.0,983.8,12.5,313,0,1155.0
2025-09-20T11:00,30.7,60.8,261.0,5.9,19.2,156.0,148,78,59.0,,35.3,38,37.6,0.0,0.0,983.5,12.7,314,0,1335.0
2025-09-20T12:00,28.8,61.0,239.0,3.5,17.1,161.0,146,81,66.0,,35.8,37,38.1,0.0,0.0,982.5,12.7,315,1,1410.0
2025-09-20T13:00,27.5,64.5,248.0,3.4,14.7,157.0,144,79,75.0,,36.2,37,38.7,0.0,0.0,981.6,12.9,314,0,1450.0
2025-09-20T14:00,26.8,71.2,263.0,4.4,13.1,150.0,141,75,88.0,,36.0,37,37.8,0.0,0.0,980.5,13.8,310,0,1475.0
2025-09-20T15:00,26.6,80.6,273.0,5.9,12.5,143.0,139,72,106.0,,35.7,37,36.9,0.0,0.0,979.6,14.1,308,0,1480.0
2025-09-20T16:00,27.2,91.3,288.0,8.5,12.6,133.0,136,67,127.0,,35.0,39,36.1,0.0,0.0,979.3,14.8,308,0,1370.0
2025-09-20T17:00,35.2,147.1,318.0,11.9,13.4,114.0,134,67,218.0,,34.0,41,35.2,0.0,0.0,978.9,14.4,311,0,685.0
2025-09-20T18:00,39.6,159.7,368.0,16.4,14.9,101.0,133,71,233.0,,32.8,45,34.6,0.0,0.0,979.8,11.3,316,0,230.0
2025-09-20T19:00,45.1,174.2,433.0,22.7,17.0,82.0,133,74,253.0,,32.1,48,34.7,0.0,0.0,980.1,8.1,321,0,125.0
2025-09-20T20:00,48.9,183.9,502.0,28.0,18.7,67.0,133,77,261.0,,31.2,53,34.6,0.0,0.0,980.4,5.4,318,0,95.0
2025-09-20T21:00,51.0,182.1,587.0,31.3,19.5,58.0,133,77,246.0,,30.4,59,34.4,0.0,0.0,981.0,3.5,294,0,85.0
2025-09-20T22:00,52.2,169.0,676.0,33.6,19.8,52.0,132,73,218.0,,29.7,61,33.6,0.0,0.0,981.2,4.5,254,0,70.0
2025-09-20T23:00,51.9,152.3,725.0,35.5,19.8,47.0,131,69,192.0,,28.8,65,32.9,0.0,0.0,981.3,3.8,267,0,60.0
2025-09-21T00:00,50.8,137.8,705.0,37.0,19.5,42.0,130,65,171.0,,28.1,66,31.7,0.0,0.0,981.2,6.0,260,0,55.0
2025-09-21T01:00,50.4,128.5,646.0,38.1,19.0,37.0,127,62,152.0,,27.3,68,30.5,0.0,0.0,980.9,6.6,261,0,50.0
2025-09-21T02:00,50.2,122.0,590.0,39.0,18.6,33.0,125,61,135.0,,26.6,69,29.8,0.0,0.0,980.6,6.4,259,0,50.0
2025-09-21T03:00,49.0,112.9,540.0,40.0,18.4,27.0,123,59,120.0,,26.1,71,29.3,0.0,0.0,980.4,6.6,254,0,65.0
2025-09-21T04:00,47.7,105.5,493.0,40.9,18.3,22.0,121,59,107.0,,25.7,72,28.7,0.0,0.0,980.8,6.8,252,0,65.0
2025-09-21T05:00,35.3,66.8,488.0,25.1,15.2,45.0,118,52,61.0,,25.4,71,28.1,0.0,0.0,981.4,6.7,254,0,65.0
2025-09-21T06:00,40.2,66.1,578.0,26.7,16.6,50.0,117,54,58.0,,27.1,73,31.1,0.0,0.0,981.9,5.5,279,0,70.0
2025-09-21T07:00,42.3,65.2,709.0,28.7,18.6,59.0,115,56,54.0,,28.1,69,32.1,0.0,0.0,982.3,5.2,286,0,115.0
2025-09-21T08:00,40.3,67.5,756.0,28.0,20.1,74.0,113,54,53.0,,30.2,61,34.1,0.0,0.0,982.9,5.5,289,0,230.0
2025-09-21T09:00,36.7,66.4,632.0,22.1,21.1,104.0,112,52,55.0,,32.3,54,35.6,0.0,0.0,982.9,9.3,294,0,525.0
2025-09-21T10:00,32.8,63.6,425.0,13.6,21.8,141.0,112,71,60.0,,33.9,45,36.6,0.0,0.0,982.7,13.0,297,0,1050.0
2025-09-21T11:00,30.3,64.5,270.0,7.1,21.3,166.0,112,86,67.0,,35.1,40,37.4,0.0,0.0,982.1,14.4,301,0,1215.0
2025-09-21T12:00,28.2,67.3,229.0,4.5,18.8,171.0,112,91,78.0,,35.8,37,37.9,0.0,0.0,981.2,14.4,300,0,1300.0
2025-09-21T13:00,26.6,72.4,241.0,3.9,15.2,165.0,112,85,91.0,,36.3,35,38.4,0.0,0.0,980.1,13.8,299,0,1410.0
2025-09-21T14:00,25.8,80.1,262.0,4.5,12.5,156.0,112,78,108.0,,36.4,34,37.9,0.0,0.0,979.1,13.4,301,1,1475.0
2025-09-21T15:00,26.1,92.2,273.0,6.1,11.7,148.0,112,74,129.0,,36.1,35,37.2,0.0,0.0,978.5,13.2,304,1,1465.0
2025-09-21T16:00,28.7,107.6,292.0,9.0,11.8,137.0,112,69,153.0,,35.3,38,36.5,0.0,0.0,978.3,13.5,307,1,1380.0
2025-09-21T17:00,41.4,177.0,331.0,12.6,12.7,116.0,119,75,265.0,,34.2,43,35.9,0.0,0.0,978.2,13.6,307,0,375.0
2025-09-21T18:00,44.6,184.9,409.0,16.1,13.7,104.0,122,77,281.0,,33.2,44,34.9,0.0,0.0,979.0,11.5,302,0,130.0
2025-09-21T19:00,48.4,197.9,507.0,21.0,15.1,87.0,114,81,302.0,,32.8,44,34.5,0.0,0.0,979.3,10.8,294,0,105.0
2025-09-21T20:00,50.5,210.0,574.0,25.4,16.3,72.0,113,84,310.0,,32.2,46,34.2,0.0,0.0,979.7,9.5,302,0,105.0
2025-09-21T21:00,51.6,209.1,589.0,28.4,17.1,64.0,113,84,294.0,,31.1,51,33.8,0.0,0.0,980.5,7.1,294,0,95.0
2025-09-21T22:00,52.4,194.6,575.0,30.9,17.7,58.0,114,80,266.0,,30.4,55,33.5,0.0,0.0,980.6,5.6,310,0,70.0
2025-09-21T23:00,52.9,178.3,547.0,34.2,18.4,52.0,114,76,242.0,,29.7,57,33.1,0.0,0.0,980.8,4.0,280,0,50.0
2025-09-22T00:00,54.6,173.2,500.0,39.3,19.4,44.0,114,74,231.0,,28.7,62,31.9,0.0,0.0,981.0,6.7,243,0,45.0
2025-09-22T01:00,57.6,174.6,440.0,45.1,20.4,35.0,114,75,225.0,,27.9,65,31.3,0.0,0.0,980.9,4.8,257,0,40.0
2025-09-22T02:00,60.1,173.7,402.0,49.6,21.2,27.0,115,74,216.0,,27.3,67,30.7,0.0,0.0,980.8,4.6,244,0,40.0
2025-09-22T03:00,61.5,170.9,396.0,52.2,21.3,19.0,116,74,202.0,,26.9,67,30.2,0.0,0.0,980.8,4.8,243,0,50.0
2025-09-22T04:00,61.2,161.6,411.0,53.6,21.2,13.0,117,71,185.0,,26.5,68,29.5,0.0,0.0,981.0,5.7,257,0,60.0
2025-09-22T05:00,42.3,92.0,456.0,33.6,16.3,37.0,119,56,94.0,,26.1,68,29.1,0.0,0.0,981.3,5.2,266,0,75.0
2025-09-22T06:00,43.2,81.3,572.0,33.0,17.1,46.0,119,56,89.0,,27.3,74,31.4,0.0,0.0,981.9,6.4,260,0,90.0
2025-09-22T07:00,44.1,78.9,716.0,31.9,18.2,59.0,120,57,82.0,,28.5,68,32.5,0.0,0.0,982.6,5.9,259,0,140.0
2025-09-22T08:00,41.4,82.7,770.0,28.8,19.0,77.0,120,55,79.0,,30.5,59,34.2,0.0,0.0,983.0,7.3,263,0,260.0
2025-09-22T09:00,35.3,76.8,644.0,21.9,19.2,106.0,120,52,80.0,,32.7,50,35.6,0.0,0.0,983.3,9.2,270,0,505.0
2025-09-22T10:00,29.0,69.4,428.0,13.2,19.1,140.0,120,70,84.0,,34.1,44,36.8,0.0,0.0,983.1,12.2,278,0,1000.0
2025-09-22T11:00,26.9,74.3,264.0,6.6,18.4,164.0,119,84,93.0,,35.3,39,38.2,0.0,0.0,982.4,12.8,289,0,1415.0
2025-09-22T12:00,26.0,83.4,216.0,4.0,16.8,170.0,119,90,109.0,,36.4,34,38.6,0.0,0.0,981.7,14.1,297,0,1550.0
2025-09-22T13:00,26.0,93.4,221.0,3.7,14.6,167.0,119,87,130.0,,36.9,31,38.2,0.0,0.0,980.7,15.7,300,0,1655.0
2025-09-22T14:00,26.7,105.9,237.0,4.5,13.0,160.0,119,80,156.0,,36.8,31,37.6,0.0,0.0,979.8,16.0,299,0,1720.0
2025-09-22T15:00,30.2,126.7,249.0,6.2,12.5,153.0,119,77,190.0,,36.6,31,36.7,0.0,0.0,979.7,15.6,299,0,1590.0
2025-09-22T16:00,33.6,149.5,272.0,9.0,12.5,142.0,119,71,230.0,,35.5,36,36.1,0.0,0.0,979.4,15.9,303,0,1420.0
2025-09-22T17:00,50.1,286.8,314.0,11.7,13.1,123.0,122,104,465.0,,34.5,39,35.4,0.0,0.0,979.1,15.3,302,0,505.0
2025-09-22T18:00,55.1,293.4,395.0,14.5,14.2,113.0,126,106,476.0,,34.0,39,35.1,0.0,0.0,979.8,12.6,304,0,190.0
2025-09-22T19:00,58.9,312.9,495.0,18.4,15.6,98.0,122,111,487.0,,33.0,43,34.6,0.0,0.0,980.1,11.1,299,0,180.0
2025-09-22T20:00,59.4,303.6,560.0,21.9,16.6,85.0,123,109,475.0,,32.1,46,33.9,0.0,0.0,980.5,10.8,296,0,180.0
2025-09-22T21:00,57.2,273.8,562.0,24.3,16.6,76.0,124,101,419.0,,31.2,50,33.3,0.0,0.0,981.1,10.2,293,0,165.0
2025-09-22T22:00,54.0,230.0,530.0,26.2,16.0,67.0,124,89,340.0,,30.6,51,32.6,0.0,0.0,981.4,9.9,291,0,130.0
2025-09-22T23:00,50.8,191.4,493.0,28.0,15.5,60.0,125,79,271.0,,30.2,51,32.3,0.0,0.0,981.3,8.6,299,0,105.0
2025-09-23T00:00,48.2,162.5,453.0,29.9,15.2,53.0,124,71,225.0,,29.9,52,32.1,0.0,0.0,981.2,7.1,311,0,80.0
2025-09-23T01:00,47.0,143.9,408.0,31.6,14.9,46.0,124,66,189.0,,28.9,55,31.1,0.0,0.0,981.0,6.8,267,0,55.0
2025-09-23T02:00,46.6,131.3,382.0,33.0,14.6,40.0,123,63,161.0,,27.8,58,30.1,0.0,0.0,981.0,6.2,260,0,50.0
2025-09-23T03:00,46.0,122.0,380.0,33.9,14.3,34.0,121,61,140.0,,27.0,61,29.4,0.0,0.0,980.9,6.3,257,0,75.0
2025-09-23T04:00,45.1,113.4,395.0,34.4,14.1,28.0,119,58,126.0,,26.5,63,28.8,0.0,0.0,980.9,6.8,259,0,90.0
2025-09-23T05:00,32.0,90.1,436.0,21.0,10.7,47.0,118,52,110.0,,26.1,65,28.4,0.0,0.0,981.3,7.5,260,0,105.0
2025-09-23T06:00,34.9,84.3,539.0,23.2,12.0,49.0,117,51,109.0,,27.0,71,30.5,0.0,0.0,981.9,7.4,276,0,130.0
2025-09-23T07:00,38.6,88.2,667.0,25.9,13.7,53.0,116,53,109.0,,27.8,68,31.1,0.0,0.0,982.4,7.6,275,0,195.0
2025-09-23T08:00,39.8,98.0,713.0,25.9,15.1,65.0,115,54,110.0,,29.8,57,32.6,0.0,0.0,982.8,8.7,276,0,320.0
2025-09-23T09:00,37.0,96.2,597.0,20.5,15.7,95.0,115,54,111.0,,32.0,50,34.3,0.0,0.0,983.0,11.6,282,0,505.0
2025-09-23T10:00,31.8,89.9,398.0,12.4,16.0,133.0,115,67,113.0,,33.9,46,36.5,0.0,0.0,983.1,13.7,291,0,800.0
2025-09-23T11:00,28.3,92.0,248.0,6.3,15.8,160.0,116,80,124.0,,35.4,38,37.7,0.0,0.0,982.5,15.1,305,0,1355.0
2025-09-23T12:00,27.8,103.4,203.0,4.0,15.0,168.0,116,88,148.0,,36.4,34,38.2,0.0,0.0,981.8,15.4,307,0,1690.0
2025-09-23T13:00,29.3,121.1,208.0,3.6,13.9,164.0,116,84,180.0,,36.7,33,38.1,0.0,0.0,980.7,16.2,308,1,1745.0
2025-09-23T14:00,31.5,142.5,222.0,4.3,13.0,158.0,116,79,218.0,,36.6,33,37.5,0.0,0.0,979.6,16.7,307,0,1725.0
2025-09-23T15:00,34.2,171.8,231.0,5.9,12.5,150.0,117,75,265.0,,36.1,33,36.3,0.0,0.0,978.9,15.8,308,0,1545.0
2025-09-23T16:00,38.0,199.3,251.0,8.6,12.3,139.0,117,81,318.0,,35.2,35,35.5,0.0,0.0,978.4,15.7,309,0,1375.0
2025-09-23T17:00,45.1,270.1,289.0,12.2,12.5,117.0,118,100,442.0,,34.2,36,34.6,0.0,0.0,978.3,14.5,304,0,510.0
2025-09-23T18:00,50.9,283.1,359.0,16.2,13.9,105.0,119,103,453.0,,33.2,38,33.7,0.0,0.0,979.2,12.9,297,0,185.0
2025-09-23T19:00,56.0,293.4,449.0,21.8,15.9,89.0,117,106,467.0,,32.6,39,33.3,0.0,0.0,979.3,11.5,305,0,140.0
2025-09-23T20:00,58.6,295.2,526.0,26.5,17.4,76.0,116,107,460.0,,32.2,39,33.1,0.0,0.0,979.8,9.7,321,0,115.0
2025-09-23T21:00,58.6,276.6,592.0,29.4,18.2,69.0,116,102,417.0,,31.5,41,32.8,0.0,0.0,980.4,7.3,320,0,95.0
2025-09-23T22:00,57.4,243.1,647.0,31.4,18.5,64.0,116,93,354.0,,30.9,44,32.5,0.0,0.0,980.4,6.7,308,0,75.0
2025-09-23T23:00,55.3,208.6,655.0,32.7,18.5,60.0,117,84,296.0,,29.6,49,31.3,0.0,0.0,980.3,7.1,261,0,55.0
2025-09-24T00:00,53.4,181.6,579.0,33.2,18.0,55.0,117,76,251.0,,28.4,55,30.5,0.0,0.0,980.0,7.5,259,0,50.0
2025-09-24T01:00,51.5,158.8,457.0,32.9,17.1,51.0,118,70,213.0,,27.9,58,30.1,0.0,0.0,979.7,7.0,267,0,45.0
2025-09-24T02:00,49.8,145.8,368.0,32.4,16.2,47.0,118,67,183.0,,27.3,60,29.5,0.0,0.0,979.3,7.2,264,0,45.0
2025-09-24T03:00,48.3,136.9,345.0,31.8,15.5,42.0,119,65,166.0,,26.7,61,28.8,0.0,0.0,979.4,7.0,266,0,85.0
2025-09-24T04:00,46.1,129.5,356.0,30.9,14.8,38.0,119,63,159.0,,26.3,61,28.2,0.0,0.0,979.5,7.0,271,0,110.0
2025-09-24T05:00,38.3,133.2,383.0,19.9,11.0,53.0,119,64,182.0,,25.8,62,27.6,0.0,0.0,979.5,6.9,265,0,145.0
2025-09-24T06:00,38.5,125.3,444.0,21.1,11.6,55.0,120,61,170.0,,26.3,68,28.6,0.0,0.0,980.2,10.1,276,0,175.0
2025-09-24T07:00,40.3,115.3,522.0,22.5,12.4,59.0,120,59,155.0,,27.2,63,29.6,0.0,0.0,980.9,8.6,270,0,245.0
2025-09-24T08:00,39.3,118.5,546.0,21.9,13.2,70.0,120,60,152.0,,29.1,58,31.3,0.0,0.0,981.4,10.6,284,0,360.0
2025-09-24T09:00,36.7,118.7,464.0,17.5,13.9,95.0,120,60,167.0,,31.1,52,33.3,0.0,0.0,981.8,12.2,290,0,535.0
2025-09-24T10:00,34.2,124.3,329.0,11.1,14.6,126.0,120,63,193.0,,33.0,47,35.3,0.0,0.0,981.6,14.7,295,0,785.0
2025-09-24T11:00,34.9,151.3,228.0,6.2,14.9,149.0,120,75,227.0,,34.6,39,36.5,0.0,0.0,981.0,15.6,301,0,1125.0
2025-09-24T12:00,37.4,180.7,200.0,4.2,14.5,157.0,121,79,270.0,,35.5,34,37.3,0.0,0.0,980.1,15.1,302,0,1290.0
2025-09-24T13:00,39.5,204.4,208.0,3.8,13.8,156.0,122,83,319.0,,36.0,33,37.6,0.0,0.0,978.9,15.0,302,0,1370.0
2025-09-24T14:00,42.3,228.2,224.0,4.5,13.2,151.0,123,89,367.0,,36.1,32,37.0,0.0,0.0,977.5,14.8,301,0,1345.0
2025-09-24T15:00,44.2,246.8,234.0,6.2,12.9,143.0,124,94,411.0,,35.7,32,36.0,0.0,0.0,977.0,14.1,298,0,1265.0
2025-09-24T16:00,47.8,270.1,254.0,9.0,12.7,132.0,125,100,452.0,,35.0,34,35.4,0.0,0.0,976.7,13.8,297,0,1110.0
2025-09-24T17:00,43.5,238.4,303.0,13.2,14.0,114.0,126,92,384.0,,33.7,39,34.6,0.0,0.0,976.6,12.7,297,0,340.0
2025-09-24T18:00,49.8,257.0,410.0,18.5,15.3,100.0,126,97,404.0,,33.1,44,35.1,0.0,0.0,977.6,9.5,306,0,105.0
2025-09-24T19:00,55.9,271.9,547.0,25.8,17.2,80.0,126,101,430.0,,32.5,46,35.2,0.0,0.0,978.1,6.5,316,0,70.0
2025-09-24T20:00,59.8,285.9,651.0,31.9,18.7,64.0,126,104,441.0,,32.0,48,34.9,0.0,0.0,978.6,5.5,314,0,60.0
2025-09-24T21:00,62.4,287.8,701.0,35.7,19.7,55.0,126,105,429.0,,31.2,51,34.2,0.0,0.0,979.1,5.1,318,0,55.0
2025-09-24T22:00,63.6,275.7,716.0,38.2,20.3,50.0,127,102,402.0,,30.3,55,33.7,0.0,0.0,979.5,3.8,295,0,45.0
2025-09-24T23:00,62.2,251.5,696.0,39.4,20.3,46.0,127,95,366.0,,29.4,59,32.5,0.0,0.0,979.5,6.5,264,0,45.0
2025-09-25T00:00,59.3,222.6,614.0,38.5,19.3,43.0,128,87,317.0,,28.5,63,31.9,0.0,0.0,979.6,6.3,277,0,45.0
2025-09-25T01:00,56.2,192.3,496.0,36.4,17.7,42.0,129,79,259.0,,28.0,66,31.5,0.0,0.0,979.3,5.5,279,0,40.0
2025-09-25T02:00,53.2,163.0,415.0,34.9,16.4,40.0,129,71,210.0,,27.5,67,31.2,0.0,0.0,979.1,4.4,277,0,35.0
2025-09-25T03:00,51.2,143.9,399.0,35.5,15.9,34.0,129,66,177.0,,27.0,69,30.7,0.0,0.0,979.3,4.0,262,0,60.0
2025-09-25T04:00,50.1,130.9,420.0,36.8,15.7,28.0,130,63,154.0,,26.4,72,30.0,0.0,0.0,979.5,5.2,266,0,90.0
2025-09-25T05:00,37.4,99.0,463.0,25.2,12.4,42.0,130,54,117.0,,25.9,74,29.2,0.0,0.0,979.8,6.5,272,0,125.0
2025-09-25T06:00,37.8,98.3,556.0,25.5,12.8,47.0,130,54,116.0,,26.0,75,29.1,0.0,0.0,980.6,8.9,277,0,150.0
2025-09-25T07:00,39.6,96.4,671.0,25.5,13.3,55.0,130,54,115.0,,27.0,68,29.9,0.0,0.0,981.2,8.0,279,0,205.0
2025-09-25T08:00,37.5,100.8,707.0,23.8,13.8,68.0,130,55,121.0,,29.2,57,31.9,0.0,0.0,981.8,7.6,282,0,305.0
2025-09-25T09:00,32.5,99.9,585.0,18.4,14.4,92.0,130,55,137.0,,31.7,48,33.7,0.0,0.0,982.3,10.0,288,0,475.0
2025-09-25T10:00,29.3,105.0,383.0,11.2,15.0,122.0,129,61,159.0,,33.7,41,35.6,0.0,0.0,982.2,11.9,295,0,755.0
2025-09-25T11:00,29.4,124.8,235.0,5.8,15.4,144.0,129,72,185.0,,35.0,36,37.0,0.0,0.0,981.7,12.9,300,0,1185.0
2025-09-25T12:00,31.2,142.5,200.0,3.7,15.3,154.0,128,77,214.0,,35.8,34,38.0,0.0,0.0,980.9,12.8,304,0,1380.0
2025-09-25T13:00,33.4,158.3,217.0,3.5,15.0,156.0,127,78,247.0,,36.1,34,38.2,0.0,0.0,979.9,13.1,304,0,1415.0
2025-09-25T14:00,36.3,179.7,242.0,4.4,14.9,154.0,127,77,282.0,,36.2,33,37.7,0.0,0.0,978.7,13.5,307,0,1390.0
2025-09-25T15:00,39.3,204.0,254.0,6.2,15.1,148.0,126,82,323.0,,35.9,33,36.6,0.0,0.0,978.3,13.4,307,0,1385.0
2025-09-25T16:00,42.6,230.5,274.0,9.2,15.5,137.0,126,89,366.0,,35.1,36,35.9,0.0,0.0,978.3,13.0,305,0,1250.0
2025-09-25T17:00,41.6,232.8,312.0,13.5,16.8,120.0,125,90,376.0,,33.8,41,35.1,0.0,0.0,978.4,12.8,304,0,250.0
2025-09-25T18:00,46.9,235.2,387.0,19.1,18.1,104.0,125,91,384.0,,33.0,44,34.9,0.0,0.0,979.5,9.9,305,0,80.0
2025-09-25T19:00,52.0,245.9,481.0,26.8,19.8,81.0,125,94,393.0,,32.4,46,34.9,0.0,0.0,980.3,7.2,295,0,60.0
2025-09-25T20:00,54.5,254.3,551.0,32.4,20.8,63.0,124,96,389.0,,31.7,50,34.4,0.0,0.0,980.8,6.9,298,0,60.0
2025-09-25T21:00,54.4,250.5,581.0,33.8,20.6,56.0,124,95,365.0,,31.0,51,33.9,0.0,0.0,981.4,5.4,307,0,60.0
2025-09-25T22:00,52.9,228.6,587.0,33.1,19.8,53.0,123,89,328.0,,30.4,52,33.1,0.0,0.0,981.0,5.6,310,0,65.0
2025-09-25T23:00,49.8,197.9,577.0,31.8,18.8,52.0,122,81,286.0,,29.9,53,32.5,0.0,0.0,981.0,6.0,321,0,60.0
2025-09-26T00:00,45.8,165.8,542.0,29.9,17.6,51.0,120,72,237.0,,29.3,54,32.0,0.0,0.0,980.8,5.1,324,0,55.0
2025-09-26T01:00,42.0,136.0,490.0,27.4,16.2,52.0,119,64,184.0,,28.5,57,31.3,0.0,0.0,980.6,4.6,296,0,50.0
2025-09-26T02:00,39.0,111.5,452.0,26.0,15.2,51.0,118,58,138.0,,27.6,61,30.4,0.0,0.0,980.6,4.9,272,0,50.0
2025-09-26T03:00,36.4,91.7,433.0,26.5,14.8,46.0,116,52,104.0,,26.7,66,29.6,0.0,0.0,980.5,5.5,281,0,60.0
2025-09-26T04:00,34.2,76.4,429.0,28.0,14.7,41.0,115,51,78.0,,26.2,69,29.3,0.0,0.0,980.8,5.0,285,0,65.0
2025-09-26T05:00,33.9,92.2,452.0,21.7,15.3,56.0,113,53,110.0,,25.8,71,29.0,0.0,0.0,981.3,4.9,280,0,65.0
2025-09-26T06:00,35.2,85.0,544.0,23.9,16.3,58.0,113,52,98.0,,26.7,76,30.6,0.0,0.0,982.0,6.7,308,0,75.0
2025-09-26T07:00,38.0,78.0,664.0,26.6,17.6,63.0,112,53,82.0,,27.7,72,31.8,0.0,0.0,982.8,5.7,302,0,130.0
2025-09-26T08:00,36.2,75.0,705.0,26.5,18.6,75.0,112,52,73.0,,29.8,62,33.7,0.0,0.0,983.0,6.5,309,0,240.0
2025-09-26T09:00,31.0,69.4,589.0,20.9,19.2,103.0,112,49,73.0,,32.5,50,35.4,0.0,0.0,983.4,9.8,322,0,430.0
2025-09-26T10:00,27.1,68.5,395.0,12.6,19.4,138.0,112,69,81.0,,34.4,40,36.2,0.0,0.0,983.2,14.0,325,0,870.0
2025-09-26T11:00,25.7,75.0,253.0,6.3,19.2,164.0,112,84,97.0,,35.6,36,37.6,0.0,0.0,982.6,13.9,322,0,1130.0
2025-09-26T12:00,26.4,88.0,223.0,4.0,18.2,172.0,111,92,125.0,,36.4,33,38.6,0.0,0.0,981.8,13.0,319,0,1250.0
2025-09-26T13:00,29.4,109.9,245.0,3.7,16.6,170.0,111,90,163.0,,36.9,31,38.9,0.0,0.0,980.7,13.1,318,0,1330.0
2025-09-26T14:00,32.9,137.4,276.0,4.6,15.7,164.0,110,84,205.0,,37.0,30,38.2,0.0,0.0,979.7,13.5,316,0,1345.0
2025-09-26T15:00,36.4,169.5,294.0,6.4,15.7,156.0,110,78,256.0,,36.6,32,37.2,0.0,0.0,979.3,13.5,316,0,1365.0
2025-09-26T16:00,40.4,202.6,320.0,9.5,16.3,145.0,110,82,311.0,,35.4,39,37.0,0.0,0.0,979.1,13.4,318,0,1305.0
2025-09-26T17:00,48.1,326.9,377.0,12.8,15.3,119.0,124,115,551.0,,34.2,45,36.4,0.0,0.0,979.1,12.5,319,0,300.0
2025-09-26T18:00,55.2,339.0,490.0,17.8,16.7,104.0,128,118,564.0,,33.5,49,36.6,0.0,0.0,980.1,10.0,321,0,110.0
2025-09-26T19:00,61.5,359.5,633.0,25.0,18.8,83.0,120,124,581.0,,33.0,51,36.7,0.0,0.0,980.8,6.9,319,0,75.0
2025-09-26T20:00,66.1,365.1,751.0,31.7,20.6,65.0,112,125,584.0,,32.3,55,36.5,0.0,0.0,981.8,5.6,315,0,60.0
2025-09-26T21:00,69.4,356.7,837.0,37.6,22.1,53.0,113,123,563.0,,31.6,58,35.8,0.0,0.0,982.7,5.4,326,0,55.0
2025-09-26T22:00,71.7,341.8,898.0,43.0,23.4,44.0,115,119,529.0,,31.0,59,35.1,0.0,0.0,982.8,5.3,325,0,50.0
2025-09-26T23:00,73.8,331.6,900.0,46.8,23.9,37.0,117,116,497.0,,30.4,59,34.2,0.0,0.0,983.1,5.6,329,0,50.0
2025-09-27T00:00,75.4,329.7,800.0,48.6,23.2,31.0,119,116,473.0,,29.6,61,33.4,0.0,0.0,983.0,4.6,339,0,45.0
2025-09-27T01:00,76.1,314.8,641.0,48.7,21.6,27.0,122,112,451.0,,29.1,62,32.9,0.0,0.0,983.0,4.3,358,0,45.0
2025-09-27T02:00,74.5,297.1,524.0,47.2,20.2,25.0,126,107,425.0,,28.7,63,32.4,0.0,0.0,982.7,4.3,2,0,50.0
2025-09-27T03:00,71.7,276.6,482.0,43.0,18.9,26.0,129,102,391.0,,28.2,65,31.9,0.0,0.0,982.5,4.1,360,0,65.0
2025-09-27T04:00,69.8,256.1,480.0,37.2,17.7,29.0,133,96,353.0,,27.8,67,31.4,0.0,0.0,982.7,5.1,343,0,70.0
2025-09-27T05:00,68.0,213.7,517.0,30.3,16.9,38.0,137,85,276.0,,27.2,70,30.9,0.0,0.0,983.1,5.0,347,0,75.0
2025-09-27T06:00,69.4,181.6,630.0,31.5,18.0,45.0,140,76,248.0,,28.1,73,32.8,0.0,0.0,983.9,4.3,5,0,60.0
2025-09-27T07:00,72.6,166.7,782.0,32.9,19.8,57.0,144,72,209.0,,29.1,69,33.9,0.0,0.0,984.5,3.9,22,0,75.0
2025-09-27T08:00,72.6,170.0,856.0,31.8,22.6,79.0,148,73,183.0,,31.3,60,36.1,0.0,0.0,985.0,3.3,22,0,140.0
2025-09-27T09:00,65.9,165.8,777.0,25.8,27.9,120.0,150,72,183.0,,33.4,51,37.6,0.0,0.0,985.5,3.7,35,1,345.0
2025-09-27T10:00,52.7,152.3,620.0,17.4,34.2,172.0,151,92,195.0,,35.0,44,39.4,0.0,0.0,985.4,3.5,55,1,755.0
2025-09-27T11:00,48.0,149.9,498.0,10.8,38.1,214.0,152,134,201.0,,36.5,39,41.2,0.0,0.0,984.5,3.3,54,0,965.0
2025-09-27T12:00,48.4,144.8,455.0,7.7,37.4,238.0,153,158,194.0,,37.7,35,42.3,0.0,0.0,983.7,3.8,87,0,1100.0
2025-09-27T13:00,49.2,140.2,447.0,6.5,34.3,252.0,154,172,181.0,,38.6,33,42.7,0.0,0.0,982.4,4.7,94,0,1230.0
2025-09-27T14:00,49.2,133.2,458.0,7.0,31.7,256.0,154,176,167.0,,38.7,32,41.9,0.0,0.0,981.4,6.1,78,1,1325.0
2025-09-27T15:00,48.5,125.3,486.0,9.2,30.8,249.0,159,169,152.0,,37.3,35,40.1,0.0,0.0,981.3,3.3,68,1,1475.0
2025-09-27T16:00,48.2,119.2,532.0,13.1,30.5,232.0,189,152,136.0,,36.0,38,39.0,0.0,0.0,981.4,4.2,130,1,630.0
2025-09-27T17:00,42.7,92.4,585.0,20.1,27.3,178.0,206,98,99.0,,34.9,45,38.6,0.0,0.0,980.9,4.4,145,0,155.0
2025-09-27T18:00,44.6,82.7,642.0,25.5,27.9,150.0,210,75,82.0,,34.5,45,38.2,0.1,0.1,982.0,3.6,70,51,55.0
2025-09-27T19:00,45.6,75.7,705.0,33.1,28.8,112.0,208,57,58.0,,33.4,53,38.1,0.0,0.0,982.7,2.7,53,1,50.0
2025-09-27T20:00,49.6,69.4,767.0,40.5,29.7,79.0,201,60,39.0,,33.0,56,38.3,0.0,0.0,983.2,1.0,149,2,50.0
2025-09-27T21:00,54.4,69.4,834.0,47.6,30.6,59.0,178,62,30.0,,32.0,60,37.3,0.0,0.0,983.6,2.6,155,2,50.0
2025-09-27T22:00,59.4,73.8,901.0,54.5,31.6,46.0,153,65,25.0,,31.3,65,36.9,0.0,0.0,983.5,3.1,144,0,65.0
2025-09-27T23:00,61.7,73.1,945.0,59.0,31.9,36.0,153,66,22.0,,30.8,69,36.7,0.0,0.0,983.5,3.6,131,0,70.0
2025-09-28T00:00,62.4,71.9,957.0,60.0,31.3,31.0,153,66,19.0,,30.4,71,36.3,0.0,0.0,983.1,3.4,115,0,70.0
2025-09-28T01:00,63.1,71.5,946.0,58.7,30.0,29.0,152,67,18.0,,30.1,71,35.6,0.0,0.0,983.0,4.1,119,1,60.0
2025-09-28T02:00,62.4,71.5,924.0,56.1,28.8,30.0,152,66,17.0,,29.6,72,34.9,0.0,0.0,982.8,5.0,111,0,55.0
2025-09-28T03:00,60.3,70.3,890.0,52.1,27.6,31.0,151,65,17.0,,29.0,74,34.1,0.0,0.0,982.7,6.3,108,0,115.0
2025-09-28T04:00,58.1,69.4,845.0,46.9,26.4,34.0,151,64,17.0,,28.6,76,33.5,0.0,0.0,983.3,7.7,115,0,145.0
2025-09-28T05:00,40.9,91.7,798.0,21.6,23.0,74.0,151,55,98.0,,28.3,77,33.3,0.0,0.0,983.5,7.1,117,0,145.0
2025-09-28T06:00,40.4,88.5,757.0,22.9,26.0,77.0,150,55,92.0,,29.3,75,34.5,0.0,0.0,984.2,7.8,138,0,160.0
2025-09-28T07:00,39.5,82.7,714.0,24.4,29.9,81.0,147,54,84.0,,30.0,71,35.2,0.0,0.0,984.4,7.0,113,0,360.0
2025-09-28T08:00,33.2,74.5,653.0,23.8,31.4,91.0,143,50,79.0,,31.2,66,35.8,0.0,0.0,984.9,10.0,108,0,700.0
2025-09-28T09:00,24.4,48.0,551.0,19.0,28.1,111.0,139,51,81.0,,32.6,59,36.8,0.0,0.0,984.9,10.8,105,0,865.0
2025-09-28T10:00,22.2,57.9,430.0,12.1,22.3,135.0,135,68,87.0,,34.2,50,37.8,0.0,0.0,984.7,12.4,99,0,1000.0
2025-09-28T11:00,22.5,69.4,342.0,6.9,17.7,154.0,132,77,91.0,,35.4,43,38.6,0.0,0.0,984.2,13.5,99,0,1120.0
2025-09-28T12:00,22.6,75.0,311.0,4.9,15.5,162.0,129,82,93.0,,36.0,41,39.3,0.0,0.0,983.2,13.3,99,0,1205.0
2025-09-28T13:00,21.8,71.5,312.0,4.6,14.4,164.0,126,84,94.0,,36.3,42,40.0,0.0,0.0,982.1,11.9,95,0,1230.0
2025-09-28T14:00,21.3,68.5,327.0,5.7,14.1,161.0,124,81,92.0,,36.5,41,39.8,0.0,0.0,980.7,11.3,92,0,1245.0
2025-09-28T15:00,21.2,66.1,355.0,8.1,14.5,155.0,121,78,87.0,,36.3,42,39.2,0.0,0.0,979.8,10.4,89,0,1340.0
2025-09-28T16:00,20.8,61.7,397.0,11.9,15.7,144.0,118,72,79.0,,35.7,44,38.9,0.0,0.0,979.7,9.6,96,0,1310.0
2025-09-28T17:00,25.1,84.8,429.0,15.5,16.5,122.0,119,61,116.0,,34.7,48,38.2,0.0,0.0,979.8,9.7,105,0,355.0
2025-09-28T18:00,29.2,81.5,438.0,19.6,18.4,108.0,121,50,110.0,,33.4,55,37.7,0.0,0.0,980.6,9.0,106,0,85.0
2025-09-28T19:00,32.5,82.7,437.0,25.4,21.1,88.0,115,50,101.0,,32.8,58,37.3,0.0,0.0,981.1,8.5,108,0,60.0
2025-09-28T20:00,33.6,82.2,447.0,29.8,23.2,72.0,110,51,94.0,,32.5,59,37.1,0.0,0.0,981.6,7.8,112,0,65.0
2025-09-28T21:00,34.9,83.6,489.0,32.0,24.2,64.0,108,51,91.0,,32.0,62,36.9,0.0,0.0,981.8,7.3,101,0,90.0
2025-09-28T22:00,35.7,83.4,541.0,32.8,24.5,59.0,106,52,89.0,,31.2,66,36.2,0.0,0.0,982.2,7.9,103,0,125.0
2025-09-28T23:00,35.4,80.6,562.0,32.3,24.3,57.0,104,52,87.0,,30.5,70,35.7,0.0,0.0,981.9,6.8,112,0,165.0
2025-09-29T00:00,33.4,78.5,520.0,29.4,23.2,58.0,101,51,85.0,,29.9,73,35.3,0.0,0.0,981.9,6.2,116,0,185.0
2025-09-29T01:00,32.2,75.9,447.0,25.1,21.7,61.0,99,50,84.0,,29.4,74,34.7,0.0,0.0,981.6,6.8,112,0,170.0
2025-09-29T02:00,31.8,73.8,396.0,22.3,20.7,62.0,96,50,80.0,,28.9,76,34.1,0.0,0.0,981.6,6.7,110,0,140.0
2025-09-29T03:00,31.3,70.5,387.0,22.5,20.8,56.0,94,49,74.0,,28.5,78,33.7,0.0,0.0,981.6,6.5,114,0,135.0
2025-09-29T04:00,30.7,65.2,400.0,24.1,21.5,48.0,92,49,65.0,,28.1,79,33.3,0.0,0.0,981.7,6.8,112,0,130.0
2025-09-29T05:00,20.4,23.1,431.0,16.3,16.9,61.0,89,43,5.0,,27.8,81,33.0,0.0,0.0,982.2,6.9,104,0,100.0
2025-09-29T06:00,21.0,21.8,502.0,18.8,20.4,60.0,88,43,18.0,,28.3,76,33.2,0.0,0.0,982.1,5.7,99,0,90.0
2025-09-29T07:00,23.9,36.4,591.0,22.0,25.1,60.0,86,45,36.0,,29.0,74,34.2,0.0,0.0,982.6,5.7,103,0,210.0
2025-09-29T08:00,27.0,53.7,627.0,22.9,28.5,69.0,85,47,51.0,,30.6,68,35.6,0.0,0.0,983.3,7.3,120,0,535.0
2025-09-29T09:00,26.5,47.7,557.0,19.2,29.4,95.0,85,47,59.0,,32.4,58,36.5,0.0,0.0,983.4,8.4,130,0,795.0
2025-09-29T10:00,27.1,43.1,433.0,13.3,28.9,130.0,85,65,64.0,,33.7,51,37.7,0.0,0.0,983.3,8.6,121,0,985.0
2025-09-29T11:00,29.1,62.4,340.0,8.6,27.8,158.0,85,79,65.0,,34.8,45,38.8,0.0,0.0,982.4,8.1,114,1,1135.0
2025-09-29T12:00,29.5,52.2,313.0,6.5,25.9,173.0,86,93,63.0,,35.5,41,39.3,0.0,0.0,981.7,7.4,122,1,1240.0
2025-09-29T13:00,30.7,59.0,317.0,5.8,23.4,182.0,86,102,57.0,,36.1,40,40.1,0.0,0.0,980.7,6.1,120,1,1325.0
2025-09-29T14:00,30.9,57.0,335.0,6.3,21.8,185.0,87,105,51.0,,36.2,39,39.8,0.0,0.0,979.3,5.8,120,0,1360.0
2025-09-29T15:00,30.2,52.3,368.0,7.7,21.8,184.0,90,104,45.0,,36.3,39,39.4,0.0,0.0,978.4,5.6,123,0,1040.0
2025-09-29T16:00,30.6,49.9,416.0,10.4,22.8,177.0,117,97,39.0,,35.9,39,38.6,0.1,0.1,977.9,6.5,129,51,620.0
2025-09-29T17:00,37.6,61.0,456.0,16.5,22.7,138.0,140,69,45.0,,34.7,43,37.7,0.1,0.1,978.0,6.4,137,51,435.0
2025-09-29T18:00,44.1,62.6,474.0,26.0,25.2,114.0,149,57,38.0,,34.0,46,37.1,0.0,0.0,979.2,7.4,135,1,95.0
2025-09-29T19:00,49.9,67.1,485.0,39.1,28.5,80.0,145,60,28.0,,33.1,49,36.3,0.0,0.0,979.5,7.8,146,0,80.0
2025-09-29T20:00,54.2,64.7,510.0,48.8,31.1,54.0,129,62,20.0,,32.3,52,35.9,0.0,0.0,979.9,5.5,142,0,90.0
2025-09-29T21:00,55.2,63.1,564.0,51.9,32.1,44.0,103,63,16.0,,31.9,55,35.9,0.0,0.0,980.1,4.5,137,0,60.0
2025-09-29T22:00,55.5,62.2,632.0,51.5,32.2,41.0,96,63,13.0,,31.3,58,35.5,0.0,0.0,980.1,4.8,153,0,45.0
2025-09-29T23:00,55.3,61.2,688.0,50.1,32.0,40.0,97,63,11.0,,30.2,65,34.8,0.0,0.0,980.3,5.2,180,0,55.0
2025-09-30T00:00,54.1,59.3,737.0,48.4,31.5,38.0,99,62,9.0,,29.4,71,34.7,0.0,0.0,980.0,3.4,205,0,75.0
2025-09-30T01:00,51.7,55.9,773.0,45.7,30.6,37.0,101,61,7.0,,28.8,74,34.5,0.0,0.0,979.2,1.6,276,0,90.0
2025-09-30T02:00,46.2,49.0,758.0,42.2,29.7,38.0,103,58,5.0,,28.6,75,34.2,0.0,0.0,978.4,2.4,306,0,50.0
2025-09-30T03:00,38.1,40.0,631.0,36.8,28.4,43.0,104,53,3.0,,26.6,83,30.4,4.4,4.4,979.1,14.0,142,63,20.0
2025-09-30T04:00,32.0,33.4,452.0,30.5,27.1,50.0,105,50,2.0,,24.4,93,29.0,3.6,3.6,979.1,6.7,234,63,15.0
2025-09-30T05:00,35.2,35.4,359.0,36.1,33.0,41.0,105,52,0.0,,24.6,92,29.3,0.0,0.0,979.7,6.3,167,3,80.0
2025-09-30T06:00,35.9,36.1,450.0,36.5,34.1,43.0,107,52,0.0,,27.3,81,32.9,0.0,0.0,980.8,1.8,191,1,150.0
2025-09-30T07:00,37.8,38.1,628.0,36.8,35.7,48.0,108,53,0.0,,28.2,77,33.7,0.0,0.0,980.8,2.9,11,3,170.0
2025-09-30T08:00,36.7,36.8,737.0,35.3,37.4,61.0,110,52,0.0,,29.7,71,35.5,0.0,0.0,981.2,0.7,90,1,240.0
2025-09-30T09:00,36.2,36.3,697.0,30.6,39.8,88.0,111,52,0.0,,31.9,60,37.1,0.0,0.0,981.3,2.7,113,2,405.0
2025-09-30T10:00,34.5,37.1,589.0,24.1,42.3,123.0,112,62,0.0,,33.4,52,38.2,0.0,0.0,981.0,3.4,87,3,580.0
2025-09-30T11:00,35.7,37.5,502.0,18.5,43.0,154.0,112,77,3.0,,34.4,47,39.0,0.0,0.0,980.4,3.5,66,3,780.0
2025-09-30T12:00,39.2,48.5,465.0,14.1,39.9,178.0,113,98,10.0,,34.8,45,38.6,0.0,0.0,979.6,5.2,84,3,970.0
2025-09-30T13:00,41.4,53.8,450.0,10.7,34.9,197.0,114,117,20.0,,34.4,46,38.0,0.0,0.0,978.9,4.5,113,3,1075.0
2025-09-30T14:00,43.3,56.5,459.0,9.4,31.8,209.0,115,129,26.0,,34.4,45,38.5,0.0,0.0,977.9,1.3,146,3,1120.0
2025-09-30T15:00,45.1,58.2,501.0,10.8,32.8,213.0,117,133,26.0,,33.6,47,37.4,0.0,0.0,977.1,2.2,318,3,575.0
2025-09-30T16:00,46.3,61.2,567.0,14.5,35.8,210.0,127,130,24.0,,33.3,48,37.1,0.0,0.0,976.8,3.2,322,3,480.0
2025-09-30T17:00,53.3,101.7,633.0,32.0,32.1,118.0,156,62,95.0,,33.0,49,36.8,0.0,0.0,977.0,3.4,267,3,365.0
2025-09-30T18:00,54.6,118.5,686.0,33.1,32.4,103.0,161,62,121.0,,32.5,52,36.2,0.0,0.0,977.7,5.8,248,3,285.0
2025-09-30T19:00,54.5,137.4,740.0,34.6,32.8,83.0,158,65,155.0,,31.8,56,35.9,0.0,0.0,978.3,5.2,241,1,240.0
2025-09-30T20:00,53.0,142.0,809.0,36.3,32.7,66.0,145,66,173.0,,31.1,61,35.6,0.0,0.0,978.9,4.8,214,3,205.0
2025-09-30T21:00,50.1,131.8,935.0,38.1,31.6,56.0,123,63,158.0,,30.3,66,35.1,0.0,0.0,979.3,5.6,207,3,170.0
2025-09-30T22:00,46.9,112.7,1076.0,40.1,30.1,49.0,122,58,127.0,,29.8,69,34.7,0.0,0.0,979.4,5.6,211,1,100.0
2025-09-30T23:00,43.7,94.5,1128.0,41.7,28.6,43.0,121,56,98.0,,29.2,71,33.9,0.0,0.0,979.5,7.2,207,2,50.0
2025-10-01T00:00,41.6,79.2,1012.0,42.7,27.4,38.0,120,55,78.0,,28.8,72,33.4,0.0,0.0,979.2,7.0,212,2,40.0
2025-10-01T01:00,41.3,70.8,805.0,43.3,26.3,35.0,119,55,61.0,,28.5,73,33.0,0.0,0.0,978.5,6.5,231,3,45.0
2025-10-01T02:00,41.2,66.1,640.0,44.0,25.5,31.0,118,55,48.0,,28.0,74,32.5,0.0,0.0,977.7,6.6,253,0,30.0
2025-10-01T03:00,41.0,62.4,557.0,45.6,24.7,25.0,117,55,42.0,,27.5,76,31.9,0.0,0.0,977.7,7.0,249,0,25.0
2025-10-01T04:00,41.9,62.6,515.0,47.3,24.1,19.0,118,55,40.0,,27.1,78,31.7,0.0,0.0,977.7,5.5,253,0,45.0
2025-10-01T05:00,33.4,51.1,518.0,27.4,19.1,44.0,119,51,34.0,,24.6,93,29.2,0.0,0.0,979.3,7.7,3,3,45.0
2025-10-01T06:00,35.3,47.6,606.0,28.9,22.6,47.0,118,52,25.0,,24.5,91,29.5,0.0,0.0,979.5,3.2,43,0,40.0
2025-10-01T07:00,36.4,43.9,740.0,30.6,27.7,53.0,118,52,14.0,,25.3,88,30.7,0.0,0.0,980.0,1.4,113,0,95.0
2025-10-01T08:00,34.5,38.6,807.0,30.5,32.8,65.0,118,51,8.0,,27.0,81,32.5,0.0,0.0,980.8,1.0,31,0,335.0
2025-10-01T09:00,33.4,44.1,734.0,26.7,38.3,87.0,118,51,14.0,,28.5,72,33.6,0.0,0.0,981.2,2.2,346,1,600.0
2025-10-01T10:00,33.8,49.7,593.0,20.9,43.9,115.0,118,55,26.0,,29.9,65,34.8,0.0,0.0,981.1,1.9,343,0,755.0
2025-10-01T11:00,36.8,55.8,490.0,16.1,47.0,141.0,118,71,37.0,,30.7,63,36.6,0.0,0.0,980.6,3.1,320,1,880.0
2025-10-01T12:00,40.7,65.2,467.0,12.8,45.8,165.0,118,85,46.0,,32.1,58,38.4,0.1,0.1,980.1,1.7,342,51,970.0
2025-10-01T13:00,45.8,74.5,481.0,10.5,42.1,188.0,118,108,54.0,,32.7,53,38.6,0.1,0.1,979.3,0.3,135,51,1015.0
2025-10-01T14:00,47.1,78.2,510.0,9.8,39.0,202.0,118,122,61.0,,33.5,49,38.1,0.0,0.0,978.1,1.2,63,1,1105.0
2025-10-01T15:00,48.9,85.9,553.0,11.3,37.8,204.0,119,124,68.0,,28.5,75,32.3,2.6,2.6,978.1,13.7,141,63,1050.0
2025-10-01T16:00,50.5,92.0,611.0,14.4,37.3,198.0,119,118,73.0,,27.9,76,33.2,0.0,0.0,978.0,2.2,132,1,985.0
2025-10-01T17:00,50.3,74.3,664.0,18.2,34.1,174.0,143,94,47.0,,27.8,74,32.6,0.0,0.0,977.9,3.8,329,1,285.0
2025-10-01T18:00,57.5,78.2,697.0,27.4,38.1,150.0,159,75,44.0,,28.2,74,33.4,0.0,0.0,978.2,1.9,202,1,85.0
2025-10-01T19:00,65.0,85.4,725.0,40.3,43.7,117.0,164,68,40.0,,28.2,77,33.4,0.0,0.0,979.0,4.3,156,0,75.0
2025-10-01T20:00,74.3,93.6,776.0,50.9,47.9,88.0,160,72,38.0,,28.0,79,33.7,0.0,0.0,980.3,2.7,238,0,85.0
2025-10-01T21:00,80.3,101.5,886.0,57.3,49.6,68.0,147,75,40.0,,27.9,80,33.8,0.0,0.0,980.9,2.3,176,0,100.0
2025-10-01T22:00,82.0,105.9,1019.0,61.4,49.9,53.0,126,76,45.0,,27.7,79,32.6,0.0,0.0,981.1,6.3,156,0,105.0
2025-10-01T23:00,80.1,104.3,1090.0,63.2,49.2,41.0,130,75,47.0,,26.4,83,30.8,0.0,0.0,981.3,8.5,174,0,115.0
2025-10-02T00:00,75.7,98.7,1052.0,61.5,47.2,34.0,133,73,45.0,,26.6,83,31.3,0.0,0.0,980.7,8.0,203,0,120.0
2025-10-02T01:00,70.1,92.0,953.0,57.4,44.3,32.0,137,70,42.0,,26.5,82,31.3,0.0,0.0,980.3,5.6,209,0,120.0
2025-10-02T02:00,64.3,83.8,851.0,54.7,42.1,29.0,140,67,38.0,,26.3,84,31.5,0.0,0.0,980.3,3.3,186,0,100.0
2025-10-02T03:00,60.1,76.8,740.0,55.6,40.8,23.0,142,65,35.0,,26.2,85,31.6,0.0,0.0,980.5,2.3,151,0,85.0
2025-10-02T04:00,57.7,73.3,627.0,57.7,40.3,16.0,144,64,32.0,,25.3,85,29.3,0.1,0.1,981.4,9.1,129,51,25.0
2025-10-02T05:00,35.2,43.4,587.0,22.6,20.6,68.0,146,52,16.0,,24.4,90,29.3,0.0,0.0,981.1,2.6,309,1,25.0
2025-10-02T06:00,31.8,40.0,701.0,25.1,24.6,70.0,146,50,16.0,,25.1,87,30.1,0.0,0.0,982.2,2.4,132,0,35.0
2025-10-02T07:00,34.0,42.1,889.0,28.4,30.3,73.0,146,51,16.0,,26.4,80,31.3,0.0,0.0,983.1,2.2,99,0,95.0
2025-10-02T08:00,36.7,45.9,986.0,29.1,35.4,86.0,146,52,18.0,,28.7,70,33.2,0.0,0.0,984.0,4.5,16,0,225.0
2025-10-02T09:00,39.9,58.2,900.0,24.8,39.9,115.0,146,55,22.0,,30.3,63,34.9,0.0,0.0,984.3,4.1,41,0,495.0
2025-10-02T10:00,42.8,62.2,724.0,18.0,43.9,152.0,147,76,28.0,,31.7,56,36.1,0.0,0.0,984.3,5.8,74,0,860.0
2025-10-02T11:00,40.4,57.9,572.0,12.4,45.6,185.0,147,105,34.0,,31.1,56,35.6,0.0,0.0,984.3,6.4,108,2,1080.0
2025-10-02T12:00,39.0,57.2,478.0,9.3,43.5,209.0,148,129,39.0,,32.4,51,36.4,0.0,0.0,984.1,8.5,95,1,1170.0
2025-10-02T13:00,39.3,59.6,409.0,7.6,39.1,229.0,148,149,43.0,,32.3,52,36.3,0.2,0.2,983.7,7.2,86,51,1145.0
2025-10-02T14:00,40.4,63.6,382.0,7.5,35.6,238.0,147,158,46.0,,31.6,55,35.2,0.3,0.3,982.9,7.4,93,51,800.0
2025-10-02T15:00,41.2,64.7,420.0,9.5,34.3,234.0,146,154,46.0,,31.9,54,35.6,0.0,0.0,982.4,5.4,120,1,555.0
2025-10-02T16:00,41.8,65.2,500.0,13.2,33.8,220.0,168,140,44.0,,31.5,50,34.1,0.3,0.3,982.4,8.3,132,51,510.0
2025-10-02T17:00,60.3,81.7,574.0,20.3,31.4,162.0,190,82,41.0,,28.8,73,33.6,0.1,0.1,982.5,6.2,165,51,505.0
2025-10-02T18:00,57.5,70.3,629.0,23.1,31.3,142.0,197,71,32.0,,28.0,72,32.0,0.0,0.0,983.3,8.1,155,1,95.0
2025-10-02T19:00,53.2,61.2,678.0,26.9,31.1,115.0,196,62,19.0,,27.7,73,32.3,0.0,0.0,984.1,3.6,131,3,190.0
2025-10-02T20:00,51.3,56.1,707.0,29.6,30.6,94.0,184,61,9.0,,27.8,73,32.4,0.0,0.0,984.8,4.3,92,3,230.0
2025-10-02T21:00,48.2,50.9,703.0,30.3,29.8,85.0,166,59,3.0,,27.7,75,32.1,0.0,0.0,985.8,6.5,92,2,230.0
2025-10-02T22:00,45.1,46.4,680.0,29.8,28.7,81.0,141,57,0.0,,27.3,79,31.8,0.0,0.0,986.1,7.5,105,3,245.0
2025-10-02T23:00,42.3,43.0,662.0,28.8,27.4,78.0,135,56,1.0,,27.2,87,32.6,0.0,0.0,986.3,8.0,106,0,235.0
2025-10-03T00:00,39.6,40.0,659.0,27.1,25.6,75.0,131,54,8.0,,26.5,91,32.4,0.0,0.0,986.4,4.8,119,3,245.0
2025-10-03T01:00,38.1,48.4,662.0,24.9,23.5,73.0,127,53,18.0,,26.4,90,32.1,0.0,0.0,985.7,5.3,80,1,245.0
2025-10-03T02:00,36.8,49.7,667.0,23.4,21.7,70.0,124,52,25.0,,25.9,93,31.6,0.0,0.0,985.5,5.5,71,1,255.0
2025-10-03T03:00,36.3,49.6,669.0,23.0,20.2,63.0,121,52,27.0,,25.4,94,30.5,0.0,0.0,985.5,7.6,76,0,195.0
2025-10-03T04:00,35.2,49.6,673.0,23.3,19.0,55.0,118,52,26.0,,25.0,94,30.2,0.0,0.0,985.3,5.7,79,0,215.0
2025-10-03T05:00,32.7,45.8,691.0,24.6,18.4,47.0,116,50,25.0,,25.0,94,30.1,0.0,0.0,985.6,6.3,93,0,215.0
2025-10-03T06:00,33.1,48.8,752.0,25.8,21.5,51.0,116,50,24.0,,25.1,94,30.4,0.0,0.0,985.9,4.7,81,0,195.0
2025-10-03T07:00,33.8,46.2,827.0,27.4,25.9,58.0,116,51,22.0,,25.8,89,31.1,0.0,0.0,986.6,4.3,92,0,270.0
2025-10-03T08:00,31.5,42.4,841.0,27.0,29.6,73.0,116,49,21.0,,27.4,79,32.4,0.0,0.0,987.3,4.9,88,1,400.0
2025-10-03T09:00,29.1,39.7,736.0,23.1,32.5,102.0,115,48,22.0,,29.1,68,33.5,0.0,0.0,987.6,5.2,78,1,635.0
2025-10-03T10:00,28.3,39.9,570.0,17.3,34.7,139.0,114,70,23.0,,30.5,60,34.6,0.0,0.0,987.8,5.6,73,3,860.0
2025-10-03T11:00,29.2,42.1,444.0,12.5,35.3,169.0,113,89,25.0,,31.1,56,35.5,0.0,0.0,987.9,6.0,93,2,1025.0
2025-10-03T12:00,29.6,44.1,400.0,9.5,32.8,186.0,112,106,26.0,,32.5,52,37.1,0.0,0.0,987.2,5.3,102,2,805.0
2025-10-03T13:00,29.9,45.4,395.0,7.6,28.6,194.0,111,114,27.0,,33.2,49,37.7,0.0,0.0,986.2,4.7,97,2,1090.0
2025-10-03T14:00,29.7,44.0,404.0,7.4,25.6,197.0,110,117,28.0,,33.6,48,37.3,0.0,0.0,985.1,5.2,78,1,1110.0
2025-10-03T15:00,29.8,42.1,425.0,8.9,25.0,194.0,109,114,30.0,,33.5,47,36.8,0.0,0.0,984.3,6.8,72,1,1190.0
2025-10-03T16:00,30.4,43.1,461.0,12.0,25.7,184.0,133,104,32.0,,32.5,50,35.5,0.0,0.0,983.9,8.2,71,1,220.0
2025-10-03T17:00,28.6,49.6,491.0,17.5,21.3,134.0,155,67,41.0,,31.6,55,35.4,0.0,0.0,983.8,4.9,28,1,200.0
2025-10-03T18:00,31.7,48.5,493.0,25.4,22.2,111.0,160,51,34.0,,31.1,57,35.1,0.0,0.0,984.6,4.8,45,0,95.0
2025-10-03T19:00,37.1,50.3,489.0,36.6,23.4,79.0,156,53,24.0,,30.8,59,34.9,0.0,0.0,985.0,4.7,43,0,70.0
2025-10-03T20:00,42.0,51.5,529.0,47.7,25.0,51.0,139,55,18.0,,30.3,63,34.6,0.0,0.0,985.9,4.8,53,3,55.0
2025-10-03T21:00,49.2,58.2,654.0,59.1,27.3,33.0,110,60,18.0,,29.5,67,34.2,0.0,0.0,986.2,4.1,61,0,45.0
2025-10-03T22:00,57.7,68.9,822.0,70.4,30.0,19.0,98,65,22.0,,28.8,73,34.1,0.0,0.0,986.3,2.4,73,3,35.0
2025-10-03T23:00,65.0,80.1,960.0,76.4,31.3,11.0,99,68,28.0,,29.0,74,34.6,0.0,0.0,985.6,2.8,45,3,30.0
2025-10-04T00:00,68.5,87.8,1030.0,74.1,30.3,11.0,101,69,36.0,,29.0,74,34.5,0.0,0.0,985.6,3.4,47,3,25.0
2025-10-04T01:00,65.7,89.2,1069.0,66.5,28.0,17.0,104,68,46.0,,28.0,78,32.9,0.1,0.1,985.5,7.1,135,51,25.0
2025-10-04T02:00,61.7,90.6,1114.0,58.3,26.0,24.0,107,66,55.0,,27.0,83,32.4,0.0,0.0,985.3,3.7,169,3,25.0
2025-10-04T03:00,59.6,91.5,1195.0,50.0,24.6,31.0,110,65,62.0,,26.5,85,31.9,0.0,0.0,985.1,3.2,177,3,15.0
2025-10-04T04:00,59.5,93.6,1281.0,41.1,23.5,39.0,112,65,67.0,,26.3,86,31.9,0.0,0.0,985.0,2.0,270,3,25.0
2025-10-04T05:00,65.7,86.4,1316.0,63.9,22.5,4.0,115,68,38.0,,26.8,83,32.2,0.0,0.0,985.1,2.8,325,3,35.0
2025-10-04T06:00,66.4,88.2,1276.0,57.6,23.9,23.0,118,68,47.0,,27.0,81,32.2,0.0,0.0,985.7,3.0,303,0,50.0
2025-10-04T07:00,69.2,93.4,1185.0,48.5,25.8,50.0,122,70,60.0,,27.6,76,32.6,0.0,0.0,985.9,3.1,301,0,95.0
2025-10-04T08:00,61.0,98.7,1053.0,38.7,27.3,79.0,125,66,73.0,,29.5,64,33.7,0.0,0.0,986.3,3.7,299,0,270.0
2025-10-04T09:00,53.0,86.1,848.0,27.5,28.7,112.0,128,62,78.0,,31.2,53,34.3,0.0,0.0,986.3,7.0,293,0,650.0
2025-10-04T10:00,51.0,98.3,602.0,15.5,29.7,147.0,131,74,84.0,,32.6,47,35.3,0.0,0.0,985.6,9.0,292,0,870.0
2025-10-04T11:00,50.9,108.7,422.0,6.9,29.0,172.0,133,92,114.0,,33.3,45,36.6,0.0,0.0,985.5,9.5,295,0,1100.0
2025-10-04T12:00,50.6,131.3,361.0,3.6,25.0,181.0,136,101,180.0,,34.2,40,36.8,0.0,0.0,984.2,10.7,305,0,1275.0
2025-10-04T13:00,50.8,176.5,366.0,3.7,19.2,179.0,138,99,271.0,,34.6,38,36.8,0.0,0.0,983.2,11.9,308,0,1280.0
2025-10-04T14:00,53.6,244.9,387.0,5.0,14.9,174.0,140,94,377.0,,34.6,37,35.9,0.0,0.0,982.2,12.2,313,0,1310.0
2025-10-04T15:00,61.9,330.6,410.0,7.3,13.5,166.0,142,116,511.0,,34.3,39,35.6,0.0,0.0,981.3,11.9,311,0,1285.0
2025-10-04T16:00,70.8,407.9,449.0,10.9,13.5,154.0,146,137,661.0,,33.6,42,35.0,0.0,0.0,981.1,12.2,311,0,1175.0
2025-10-04T17:00,65.2,332.5,491.0,17.1,17.6,130.0,150,117,523.0,,32.3,47,34.4,0.0,0.0,980.8,10.4,300,0,255.0
2025-10-04T18:00,72.2,359.5,536.0,21.9,18.3,114.0,151,124,549.0,,31.3,52,34.1,0.0,0.0,981.0,7.5,287,0,70.0
2025-10-04T19:00,77.8,378.1,586.0,28.5,19.2,93.0,152,129,583.0,,30.6,56,33.9,0.0,0.0,981.5,6.5,264,0,50.0
2025-10-04T20:00,81.0,389.3,631.0,33.7,20.0,76.0,153,132,598.0,,30.3,57,33.7,0.0,0.0,982.5,6.1,275,0,45.0
2025-10-04T21:00,82.4,386.5,677.0,36.3,20.7,68.0,155,131,580.0,,30.0,58,33.3,0.0,0.0,983.0,6.4,297,0,45.0
2025-10-04T22:00,82.7,369.7,719.0,37.5,21.3,66.0,156,127,543.0,,29.1,62,32.5,0.0,0.0,983.2,6.5,283,0,45.0
2025-10-04T23:00,81.3,342.7,735.0,37.7,21.6,64.0,156,119,503.0,,28.3,65,31.7,0.0,0.0,983.0,6.5,270,0,45.0
2025-10-05T00:00,78.7,316.6,703.0,36.4,21.2,64.0,157,112,464.0,,27.6,67,31.0,0.0,0.0,982.6,6.7,278,0,45.0
2025-10-05T01:00,75.9,293.4,644.0,34.1,20.5,65.0,157,106,422.0,,27.0,69,30.3,0.0,0.0,981.9,6.8,287,0,45.0
2025-10-05T02:00,73.3,271.9,605.0,32.4,19.8,64.0,157,101,380.0,,26.4,70,29.5,0.0,0.0,981.4,7.0,273,0,50.0
2025-10-05T03:00,70.8,252.4,602.0,32.1,19.3,59.0,158,95,338.0,,25.7,73,28.9,0.0,0.0,981.0,6.5,257,0,60.0
2025-10-05T04:00,68.9,231.9,618.0,32.4,18.8,52.0,158,90,297.0,,25.2,76,28.4,0.0,0.0,981.4,6.3,257,0,80.0
2025-10-05T05:00,63.1,174.6,650.0,28.8,18.9,52.0,158,75,213.0,,25.4,85,29.5,0.0,0.0,981.8,8.3,270,0,115.0
2025-10-05T06:00,62.2,164.8,725.0,29.8,19.8,55.0,158,72,205.0,,25.6,82,29.4,0.0,0.0,982.9,8.4,279,0,175.0
2025-10-05T07:00,63.8,153.7,816.0,30.9,21.0,60.0,158,69,194.0,,26.5,75,30.2,0.0,0.0,983.9,7.2,264,0,295.0
2025-10-05T08:00,61.5,159.3,840.0,29.4,22.1,75.0,158,70,188.0,,28.4,64,31.4,0.0,0.0,984.5,8.9,264,0,435.0
2025-10-05T09:00,60.8,201.2,734.0,22.9,23.0,108.0,158,82,195.0,,30.4,58,33.1,0.0,0.0,984.8,12.5,277,0,660.0
2025-10-05T10:00,60.3,201.6,562.0,13.7,23.7,150.0,158,82,207.0,,31.8,51,34.3,0.1,0.1,985.0,12.6,298,51,920.0
2025-10-05T11:00,58.0,164.8,429.0,7.0,23.6,181.0,159,101,210.0,,31.0,50,33.9,0.0,0.0,985.2,9.7,318,1,1080.0
2025-10-05T12:00,52.2,137.8,381.0,4.5,22.2,191.0,159,111,193.0,,32.2,48,36.0,0.6,0.6,984.4,5.3,325,53,1125.0
2025-10-05T13:00,46.1,118.7,372.0,4.4,20.1,190.0,159,110,166.0,,33.4,42,36.6,0.0,0.0,983.6,5.5,293,1,1145.0
2025-10-05T14:00,41.9,118.3,378.0,5.8,18.4,183.0,159,103,151.0,,33.9,37,35.7,0.0,0.0,982.4,7.0,282,1,1190.0
2025-10-05T15:00,39.0,124.8,376.0,7.8,17.4,172.0,158,92,158.0,,33.7,38,35.2,0.0,0.0,981.6,7.8,265,0,1000.0
2025-10-05T16:00,37.8,131.8,387.0,11.3,16.9,155.0,158,78,176.0,,32.9,41,34.5,0.0,0.0,981.0,8.8,258,0,890.0
2025-10-05T17:00,46.9,194.6,454.0,16.4,18.2,127.0,157,80,289.0,,32.4,44,34.5,0.0,0.0,980.7,7.3,277,0,165.0
2025-10-05T18:00,53.0,201.2,636.0,30.4,21.4,102.0,156,82,285.0,,31.1,50,34.0,0.0,0.0,981.2,4.9,278,0,25.0
2025-10-05T19:00,63.6,206.8,873.0,50.0,25.9,68.0,156,83,282.0,,30.4,57,34.2,0.0,0.0,981.8,3.3,283,0,15.0
2025-10-05T20:00,75.7,224.4,1023.0,66.7,30.8,41.0,155,88,286.0,,29.7,58,33.3,0.0,0.0,982.5,3.4,227,0,20.0
2025-10-05T21:00,88.9,256.1,1018.0,78.2,36.6,27.0,155,96,310.0,,28.9,60,32.3,0.0,0.0,983.1,4.4,218,0,30.0
2025-10-05T22:00,99.4,279.4,926.0,86.7,42.7,20.0,155,103,343.0,,28.0,68,32.3,0.0,0.0,983.5,2.6,214,0,35.0
2025-10-05T23:00,105.0,292.4,805.0,90.5,45.9,16.0,156,106,357.0,,23.7,82,25.6,0.0,0.0,985.4,14.0,223,3,45.0
2025-10-06T00:00,104.3,283.1,643.0,87.9,43.9,16.0,156,103,335.0,,22.6,90,24.7,6.9,6.9,984.8,14.3,329,63,40.0
2025-10-06T01:00,97.6,248.7,452.0,80.6,39.0,19.0,157,94,296.0,,22.8,91,26.4,0.0,0.0,984.9,6.2,253,2,40.0
2025-10-06T02:00,82.9,222.1,326.0,72.1,34.6,23.0,158,87,264.0,,22.8,92,27.0,0.1,0.1,984.7,2.4,17,51,50.0
2025-10-06T03:00,75.0,210.9,305.0,62.1,31.9,27.0,158,84,253.0,,22.9,91,27.4,0.2,0.2,984.4,0.2,270,51,105.0
2025-10-06T04:00,71.0,201.6,349.0,50.8,29.7,33.0,158,82,251.0,,22.8,91,27.0,0.0,0.0,983.7,1.9,73,2,95.0
2025-10-06T05:00,55.8,164.8,427.0,20.8,16.8,55.0,158,72,208.0,,24.2,83,28.4,0.0,0.0,983.6,1.4,130,0,130.0
2025-10-06T06:00,50.5,135.5,556.0,23.9,18.3,58.0,158,64,196.0,,24.3,83,28.6,0.0,0.0,984.5,1.3,352,0,140.0
2025-10-06T07:00,54.4,127.6,719.0,28.0,20.4,62.0,158,62,177.0,,25.0,76,28.9,0.0,0.0,984.7,1.7,72,3,140.0
2025-10-06T08:00,53.2,133.6,836.0,30.0,22.6,70.0,157,64,155.0,,26.1,70,29.4,0.0,0.0,985.3,4.1,157,3,225.0
2025-10-06T09:00,45.4,108.0,872.0,28.0,24.8,84.0,157,57,122.0,,26.1,70,29.5,0.0,0.0,985.7,3.5,192,3,250.0
2025-10-06T10:00,38.1,85.0,863.0,23.8,27.0,102.0,157,53,86.0,,27.0,67,30.2,0.0,0.0,986.0,5.1,228,3,430.0
2025-10-06T11:00,34.1,68.7,830.0,20.2,29.2,120.0,156,60,66.0,,29.2,52,30.9,0.0,0.0,986.4,9.3,209,3,655.0
2025-10-06T12:00,34.6,67.1,763.0,17.7,31.8,139.0,155,70,75.0,,25.5,73,28.9,1.3,1.3,985.7,4.9,274,61,560.0
2025-10-06T13:00,35.3,83.8,674.0,15.7,34.2,157.0,155,79,101.0,,24.8,81,28.3,1.8,1.8,986.0,7.1,285,61,400.0
2025-10-06T14:00,37.8,104.5,616.0,15.0,35.2,167.0,155,87,129.0,,23.5,93,27.5,2.4,2.4,984.9,7.2,295,61,430.0
2025-10-06T15:00,40.7,128.5,601.0,16.1,33.5,163.0,154,83,165.0,,24.5,86,28.2,0.7,0.7,984.4,7.8,296,53,335.0
2025-10-06T16:00,44.2,150.9,617.0,18.5,30.3,150.0,154,75,203.0,,24.3,86,28.2,1.1,1.1,983.7,5.8,64,55,275.0
2025-10-06T17:00,39.9,83.4,688.0,27.8,34.1,113.0,155,54,83.0,,23.6,90,27.1,0.1,0.1,983.5,9.5,65,51,260.0
2025-10-06T18:00,41.2,62.4,879.0,30.9,36.4,100.0,154,55,66.0,,22.7,95,26.3,0.0,0.0,984.2,8.1,65,3,205.0
2025-10-06T19:00,42.5,59.1,1126.0,35.1,39.5,82.0,154,56,43.0,,22.7,94,26.1,0.0,0.0,984.6,8.5,83,3,165.0
2025-10-06T20:00,45.3,58.3,1253.0,38.2,41.0,67.0,153,57,25.0,,22.6,94,26.2,0.0,0.0,985.1,7.5,101,1,150.0
2025-10-06T21:00,44.6,54.2,1163.0,39.5,39.9,57.0,153,57,16.0,,22.4,96,25.9,0.0,0.0,985.3,8.4,115,3,115.0
2025-10-06T22:00,45.5,52.6,954.0,39.6,37.2,51.0,151,57,13.0,,22.3,96,25.7,0.0,0.0,985.5,8.7,124,1,110.0
2025-10-06T23:00,43.5,48.8,748.0,38.3,34.2,47.0,149,56,10.0,,22.6,96,26.6,0.0,0.0,985.6,6.6,99,3,135.0
2025-10-07T00:00,37.8,42.1,563.0,34.5,30.9,47.0,142,53,7.0,,22.7,96,26.6,0.0,0.0,985.3,6.4,115,2,155.0
2025-10-07T01:00,31.9,35.2,380.0,29.3,27.4,50.0,135,50,6.0,,22.1,97,26.6,0.0,0.0,984.9,1.5,83,1,150.0
2025-10-07T02:00,28.6,31.4,267.0,25.7,24.6,52.0,128,48,5.0,,21.7,98,26.0,0.0,0.0,984.7,1.4,50,3,170.0
2025-10-07T03:00,27.1,29.2,268.0,25.0,22.8,49.0,123,47,4.0,,22.1,98,26.1,0.0,0.0,984.5,5.0,92,3,175.0
2025-10-07T04:00,27.2,29.1,338.0,25.8,21.8,45.0,118,47,3.0,,22.3,96,26.1,0.4,0.4,983.9,6.0,136,51,95.0
2025-10-07T05:00,16.9,18.6,407.0,14.6,11.3,72.0,113,41,3.0,,22.1,97,25.8,0.0,0.0,984.0,7.2,155,3,85.0
2025-10-07T06:00,17.4,19.0,467.0,17.3,12.4,71.0,109,41,3.0,,22.0,98,25.6,0.2,0.2,984.4,7.7,152,51,95.0
2025-10-07T07:00,17.9,19.3,527.0,20.9,14.1,69.0,106,42,2.0,,22.5,92,25.8,0.5,0.5,985.7,7.9,197,53,125.0
2025-10-07T08:00,15.9,17.0,544.0,22.6,16.2,71.0,102,41,2.0,,23.1,90,26.2,0.3,0.3,986.0,9.8,160,51,195.0
2025-10-07T09:00,12.9,14.0,483.0,20.4,19.1,80.0,99,36,1.0,,24.3,85,27.8,0.1,0.1,986.3,8.5,153,51,415.0
2025-10-07T10:00,12.1,14.1,379.0,16.3,22.4,92.0,96,36,1.0,,25.6,80,29.1,0.1,0.1,986.6,9.0,154,51,680.0
2025-10-07T11:00,13.6,16.5,301.0,13.3,24.7,102.0,94,42,5.0,,26.9,68,30.2,0.1,0.1,986.4,6.6,163,51,920.0
2025-10-07T12:00,13.6,19.8,254.0,12.1,25.3,109.0,92,49,16.0,,27.5,67,31.6,0.0,0.0,985.7,5.4,174,1,1030.0
2025-10-07T13:00,16.1,30.4,232.0,11.9,24.9,113.0,91,53,30.0,,28.2,65,32.7,0.0,0.0,985.0,4.4,161,0,730.0
2025-10-07T14:00,19.3,40.7,283.0,13.5,24.3,114.0,89,54,41.0,,28.5,63,32.2,0.0,0.0,984.2,6.4,162,3,810.0
2025-10-07T15:00,21.8,48.9,459.0,17.5,23.6,110.0,88,50,45.0,,26.3,71,29.1,0.8,0.8,983.7,9.6,98,53,590.0
2025-10-07T16:00,26.1,51.8,707.0,23.3,22.7,103.0,86,46,45.0,,25.7,74,29.2,0.0,0.0,983.7,5.5,161,2,260.0
2025-10-07T17:00,27.8,50.3,918.0,27.1,24.8,109.0,85,49,42.0,,22.3,83,24.7,2.5,2.5,984.9,6.9,307,63,225.0
2025-10-07T18:00,35.2,56.7,1068.0,33.4,26.8,95.0,84,52,39.0,,21.9,87,24.7,0.2,0.2,984.6,5.8,81,51,150.0
2025-10-07T19:00,40.4,62.4,1181.0,42.1,29.5,75.0,83,55,36.0,,21.4,92,23.9,0.0,0.0,985.4,9.5,101,0,185.0
2025-10-07T20:00,43.7,60.8,1218.0,48.9,31.4,59.0,83,56,32.0,,21.1,93,24.0,0.0,0.0,986.2,6.6,106,0,230.0
2025-10-07T21:00,41.9,55.6,1120.0,52.0,31.7,50.0,83,55,28.0,,21.0,95,24.0,0.0,0.0,986.6,6.1,67,0,185.0
2025-10-07T22:00,43.5,55.3,946.0,53.2,31.1,44.0,83,56,24.0,,20.7,96,24.2,0.0,0.0,986.7,2.3,157,0,130.0
2025-10-07T23:00,45.9,56.9,836.0,53.6,30.1,38.0,83,58,21.0,,21.0,98,24.8,0.0,0.0,986.8,3.2,133,1,85.0
2025-10-08T00:00,47.5,58.4,881.0,54.0,28.3,31.0,83,59,19.0,,21.1,98,24.8,0.0,0.0,986.5,3.2,161,0,80.0
2025-10-08T01:00,49.7,61.0,989.0,53.7,26.2,24.0,84,60,18.0,,21.1,97,24.7,0.0,0.0,986.2,3.8,225,0,90.0
2025-10-08T02:00,51.5,61.0,1028.0,51.2,25.6,22.0,85,61,18.0,,21.0,97,24.4,0.0,0.0,985.8,5.2,245,1,65.0
2025-10-08T03:00,50.2,60.1,917.0,45.0,28.0,26.0,87,60,20.0,,20.8,98,23.7,0.0,0.0,985.5,7.6,256,3,30.0
2025-10-08T04:00,49.4,60.1,737.0,36.6,31.8,34.0,89,60,24.0,,20.6,98,23.9,0.0,0.0,985.5,4.7,298,3,30.0
2025-10-08T05:00,39.1,47.6,598.0,30.2,26.6,44.0,90,54,16.0,,20.4,99,23.8,0.0,0.0,986.1,3.7,313,3,35.0
2025-10-08T06:00,40.3,49.9,552.0,29.5,33.0,47.0,92,54,20.0,,20.7,97,24.0,0.0,0.0,986.8,4.5,337,3,40.0
2025-10-08T07:00,41.1,52.6,548.0,28.3,41.8,51.0,94,55,25.0,,21.3,94,24.5,0.0,0.0,987.0,5.0,325,2,90.0
2025-10-08T08:00,37.1,52.5,543.0,26.6,47.5,59.0,96,53,29.0,,22.3,86,25.4,0.0,0.0,987.8,5.1,312,1,280.0
2025-10-08T09:00,30.6,46.7,521.0,23.8,47.6,74.0,97,49,31.0,,23.2,84,26.3,0.0,0.0,988.6,5.9,315,1,500.0
2025-10-08T10:00,29.9,47.6,498.0,20.3,44.6,93.0,99,49,32.0,,24.1,80,27.7,0.0,0.0,988.8,2.6,344,3,700.0
2025-10-08T11:00,31.8,50.2,475.0,17.4,40.9,109.0,100,50,35.0,,24.9,76,28.9,0.0,0.0,988.6,1.5,339,3,845.0
2025-10-08T12:00,34.3,55.5,436.0,15.1,36.6,120.0,102,60,42.0,,25.7,70,29.6,0.0,0.0,987.7,0.4,243,3,935.0
2025-10-08T13:00,36.1,60.5,397.0,13.3,31.5,128.0,104,64,51.0,,25.7,67,28.7,0.0,0.0,986.6,2.8,252,3,975.0
2025-10-08T14:00,38.5,68.7,410.0,13.5,27.7,131.0,106,66,58.0,,24.5,71,26.4,0.1,0.1,986.0,9.2,321,51,985.0
2025-10-08T15:00,38.6,66.6,516.0,16.4,26.0,126.0,108,63,61.0,,23.6,77,25.9,0.1,0.1,985.5,7.7,339,51,870.0
2025-10-08T16:00,38.2,62.6,675.0,21.2,25.4,115.0,110,55,61.0,,24.2,76,27.1,0.0,0.0,985.3,5.1,328,0,740.0
2025-10-08T17:00,43.1,64.5,815.0,27.6,23.3,97.0,111,56,41.0,,24.0,81,27.4,0.0,0.0,985.6,4.5,358,1,115.0
2025-10-08T18:00,47.5,60.8,921.0,32.5,24.4,84.0,113,59,32.0,,23.7,82,27.0,0.0,0.0,985.9,5.7,302,0,295.0
2025-10-08T19:00,47.8,55.9,1008.0,39.3,26.0,66.0,114,59,19.0,,23.4,82,26.5,0.0,0.0,986.5,5.5,316,0,245.0
2025-10-08T20:00,46.2,51.2,1053.0,44.4,26.7,51.0,115,58,9.0,,22.8,83,25.8,0.0,0.0,987.1,4.8,315,0,170.0
2025-10-08T21:00,45.8,49.0,1044.0,46.7,26.1,43.0,115,58,5.0,,22.0,86,25.0,0.0,0.0,987.4,3.9,338,0,125.0
2025-10-08T22:00,47.6,50.3,994.0,47.3,24.8,38.0,116,59,4.0,,21.4,88,24.5,0.0,0.0,987.8,2.9,330,0,85.0
2025-10-08T23:00,48.1,50.8,916.0,46.1,23.0,35.0,116,59,5.0,,21.8,89,25.1,0.0,0.0,988.5,4.0,309,0,155.0
2025-10-09T00:00,46.3,49.6,787.0,42.2,20.5,35.0,116,58,7.0,,22.0,89,25.2,0.0,0.0,988.7,4.7,286,0,130.0
2025-10-09T01:00,44.5,49.6,631.0,36.5,17.6,38.0,116,57,11.0,,21.7,91,24.8,0.0,0.0,988.2,5.6,287,0,130.0
2025-10-09T02:00,42.3,50.5,532.0,31.9,15.4,40.0,116,56,15.0,,21.4,92,24.6,0.0,0.0,988.1,5.0,296,0,125.0
2025-10-09T03:00,40.3,51.5,535.0,29.6,14.4,39.0,115,54,19.0,,21.1,93,24.2,0.0,0.0,988.3,4.4,300,0,120.0
2025-10-09T04:00,39.1,51.9,595.0,28.5,14.2,38.0,114,54,22.0,,20.7,94,23.8,0.0,0.0,988.5,4.1,311,0,125.0
2025-10-09T05:00,35.3,48.7,663.0,24.0,14.7,47.0,113,52,25.0,,20.6,92,23.4,0.0,0.0,988.8,4.7,286,0,110.0
2025-10-09T06:00,37.8,48.0,747.0,25.0,16.5,51.0,112,53,22.0,,20.8,92,23.6,0.0,0.0,989.4,5.0,308,0,130.0
2025-10-09T07:00,41.0,48.0,839.0,26.2,19.0,59.0,112,55,17.0,,21.4,91,24.4,0.0,0.0,989.8,5.6,310,0,195.0
2025-10-09T08:00,39.0,46.2,861.0,25.4,21.6,72.0,112,54,14.0,,22.7,88,26.2,0.0,0.0,990.4,5.1,315,0,285.0
2025-10-09T09:00,33.8,57.4,754.0,20.8,24.7,98.0,112,51,10.0,,24.2,83,27.5,0.1,0.1,990.9,7.4,347,51,560.0
2025-10-09T10:00,25.1,31.8,577.0,14.2,27.8,130.0,113,65,7.0,,25.0,78,28.0,0.2,0.2,990.7,8.7,353,51,560.0
2025-10-09T11:00,24.7,31.7,435.0,9.1,29.2,154.0,112,77,13.0,,26.4,68,29.6,0.1,0.1,990.3,8.7,315,51,880.0
2025-10-09T12:00,25.5,34.2,355.0,6.5,27.3,166.0,111,86,31.0,,27.5,58,30.3,0.0,0.0,989.6,8.5,318,1,1195.0
2025-10-09T13:00,26.4,43.5,311.0,5.4,23.7,170.0,110,90,57.0,,28.2,50,30.2,0.0,0.0,988.9,7.7,323,0,1485.0
2025-10-09T14:00,29.5,75.0,324.0,6.5,21.0,168.0,109,88,87.0,,28.2,49,29.5,0.0,0.0,987.8,8.3,316,0,1660.0
2025-10-09T15:00,31.1,91.7,428.0,10.9,20.4,161.0,108,81,116.0,,28.0,49,28.9,0.0,0.0,987.2,8.4,318,0,1610.0
2025-10-09T16:00,33.1,117.8,590.0,17.5,20.8,147.0,108,74,150.0,,27.4,53,28.8,0.0,0.0,987.0,7.1,319,0,1425.0
2025-10-09T17:00,32.7,136.0,737.0,24.7,20.7,118.0,120,64,197.0,,26.3,61,28.2,0.0,0.0,986.7,6.8,287,0,300.0
2025-10-09T18:00,44.5,172.8,862.0,30.2,21.6,103.0,125,74,276.0,,24.6,66,26.4,0.0,0.0,987.0,6.6,292,0,175.0
2025-10-09T19:00,53.8,236.6,972.0,37.5,22.7,82.0,119,91,388.0,,23.8,68,25.4,0.0,0.0,987.6,7.5,285,0,170.0
2025-10-09T20:00,63.1,323.2,1014.0,41.7,23.1,67.0,106,114,490.0,,23.1,69,24.4,0.0,0.0,988.0,8.6,285,0,200.0
2025-10-09T21:00,72.6,407.9,942.0,39.9,22.0,63.0,108,137,584.0,,22.5,70,23.6,0.0,0.0,987.9,8.6,286,0,185.0
2025-10-09T22:00,79.4,456.3,803.0,34.9,20.1,65.0,111,150,668.0,,21.8,73,23.0,0.0,0.0,988.0,7.8,296,0,170.0
2025-10-09T23:00,81.3,452.6,677.0,30.0,18.3,68.0,114,149,699.0,,21.8,79,23.4,0.0,0.0,988.2,7.9,294,0,170.0
2025-10-10T00:00,78.5,416.3,588.0,25.6,16.8,71.0,118,139,640.0,,21.5,80,23.2,0.0,0.0,988.1,7.4,292,0,160.0
2025-10-10T01:00,72.9,359.5,513.0,21.3,15.4,75.0,121,124,528.0,,21.0,81,22.8,0.0,0.0,987.8,6.7,289,0,140.0
2025-10-10T02:00,65.4,291.5,468.0,18.5,14.6,77.0,124,106,423.0,,20.6,82,22.4,0.0,0.0,987.4,6.1,293,0,125.0
2025-10-10T03:00,58.6,231.0,450.0,17.8,14.5,74.0,126,90,342.0,,20.1,83,21.8,0.0,0.0,987.1,5.6,285,0,110.0
2025-10-10T04:00,53.9,189.1,462.0,18.7,15.0,69.0,128,78,268.0,,19.5,85,21.1,0.0,0.0,987.0,5.2,274,0,90.0
2025-10-10T05:00,49.9,161.1,531.0,19.5,15.2,68.0,130,71,206.0,,19.4,89,21.4,0.0,0.0,987.5,5.1,280,0,85.0
2025-10-10T06:00,49.5,139.2,728.0,23.3,16.7,66.0,131,65,189.0,,19.5,89,21.6,0.0,0.0,987.7,4.6,283,0,85.0
2025-10-10T07:00,52.2,124.8,980.0,28.1,18.9,64.0,133,61,165.0,,20.5,86,22.5,0.0,0.0,988.1,6.1,282,0,115.0
2025-10-10T08:00,50.2,125.7,1101.0,29.6,21.4,73.0,134,62,141.0,,22.1,81,24.7,0.0,0.0,988.9,4.2,280,0,175.0
2025-10-10T09:00,44.4,107.8,962.0,24.3,24.6,102.0,135,57,118.0,,24.0,75,26.8,0.0,0.0,989.2,4.4,279,0,285.0
2025-10-10T10:00,35.4,82.9,692.0,15.6,28.0,142.0,136,71,96.0,,25.7,65,28.5,0.0,0.0,989.1,5.2,290,0,835.0
2025-10-10T11:00,31.7,74.7,481.0,8.9,29.9,172.0,137,92,83.0,,27.0,56,29.9,0.0,0.0,989.2,5.6,297,0,1180.0
2025-10-10T12:00,31.3,76.6,390.0,5.6,28.8,186.0,138,106,85.0,,27.8,51,30.7,0.0,0.0,988.6,4.8,299,0,1435.0
2025-10-10T13:00,31.7,81.5,360.0,4.3,26.2,190.0,138,110,96.0,,28.3,46,30.6,0.0,0.0,987.8,4.7,302,0,1650.0
2025-10-10T14:00,32.0,86.1,404.0,6.2,24.1,186.0,139,106,105.0,,28.5,43,29.8,0.0,0.0,986.8,5.0,305,0,1700.0
2025-10-10T15:00,32.1,92.0,564.0,12.8,23.4,172.0,139,92,107.0,,28.4,43,29.0,0.0,0.0,986.3,5.4,307,0,1705.0
2025-10-10T16:00,32.6,98.5,798.0,22.6,23.3,149.0,139,75,108.0,,27.8,48,29.0,0.0,0.0,986.2,4.7,310,0,1675.0
2025-10-10T17:00,40.7,88.0,996.0,35.0,24.6,122.0,143,61,91.0,,26.3,55,27.8,0.0,0.0,986.3,5.0,311,0,200.0
2025-10-10T18:00,53.0,102.7,1097.0,45.3,26.5,102.0,147,62,95.0,,24.4,61,25.7,0.0,0.0,986.3,5.7,314,0,145.0
2025-10-10T19:00,58.8,109.0,1161.0,59.4,29.1,73.0,141,64,101.0,,23.3,67,24.9,0.0,0.0,986.6,5.1,318,0,90.0
2025-10-10T20:00,59.1,116.9,1257.0,68.5,30.7,52.0,142,65,110.0,,23.0,66,24.8,0.0,0.0,986.7,2.7,337,0,40.0
2025-10-10T21:00,60.3,125.7,1462.0,68.1,30.6,45.0,141,65,124.0,,22.5,68,24.3,0.0,0.0,986.8,2.2,346,0,30.0
2025-10-10T22:00,60.1,134.1,1698.0,62.8,29.6,45.0,140,65,140.0,,22.4,67,24.4,0.0,0.0,986.9,0.5,225,0,10.0
2025-10-10T23:00,60.8,141.6,1804.0,57.5,28.2,45.0,138,66,151.0,,21.8,73,24.0,0.0,0.0,986.9,1.0,248,0,15.0
2025-10-11T00:00,60.5,144.8,1669.0,53.6,26.5,44.0,136,67,154.0,,21.4,74,23.5,0.0,0.0,986.9,1.5,256,0,15.0
2025-10-11T01:00,59.5,143.0,1404.0,49.6,24.4,43.0,134,66,152.0,,20.5,79,22.4,0.0,0.0,986.5,3.2,270,0,25.0
2025-10-11T02:00,57.6,136.9,1176.0,46.1,22.7,43.0,132,65,146.0,,19.9,82,21.6,0.0,0.0,986.4,4.1,257,0,35.0
2025-10-11T03:00,55.6,128.1,1023.0,43.1,21.3,41.0,132,63,135.0,,19.6,82,21.1,0.0,0.0,986.3,4.4,249,0,40.0
2025-10-11T04:00,54.6,119.2,907.0,40.6,20.2,40.0,131,62,120.0,,19.2,83,20.7,0.0,0.0,986.4,4.5,256,0,45.0
2025-10-11T05:00,59.5,132.7,885.0,43.4,20.8,37.0,131,65,134.0,,19.4,88,21.2,0.0,0.0,986.9,5.0,268,0,65.0
2025-10-11T06:00,61.0,115.0,1063.0,43.7,21.8,43.0,132,66,108.0,,19.9,85,21.7,0.0,0.0,987.4,5.1,276,0,75.0
2025-10-11T07:00,62.9,98.0,1334.0,43.7,23.3,54.0,134,66,73.0,,20.8,83,22.6,0.0,0.0,988.0,6.4,278,0,90.0
2025-10-11T08:00,55.8,82.0,1434.0,40.5,25.0,71.0,135,63,50.0,,22.7,78,25.3,0.0,0.0,988.8,4.0,278,0,135.0
2025-10-11T09:00,39.7,65.9,1182.0,30.9,27.5,102.0,135,54,50.0,,25.0,68,27.5,0.0,0.0,989.2,4.7,286,0,305.0
2025-10-11T10:00,32.5,64.3,759.0,18.1,30.1,141.0,135,71,61.0,,26.6,58,28.8,0.0,0.0,989.2,6.0,299,1,1085.0
2025-10-11T11:00,30.0,66.6,439.0,8.6,31.3,169.0,135,89,70.0,,27.2,53,28.7,0.0,0.0,989.0,6.7,279,0,1400.0
2025-10-11T12:00,29.5,64.3,335.0,4.7,29.5,181.0,134,101,70.0,,28.0,50,30.3,0.0,0.0,988.4,6.1,293,1,1550.0
2025-10-11T13:00,29.5,64.7,334.0,4.0,26.2,183.0,134,103,69.0,,28.8,47,30.7,0.0,0.0,987.7,6.0,309,1,1780.0
2025-10-11T14:00,29.5,68.0,375.0,6.1,23.8,178.0,134,98,75.0,,29.0,44,29.8,0.0,0.0,986.9,7.3,314,1,1895.0
2025-10-11T15:00,30.2,79.4,438.0,11.5,23.2,166.0,134,86,89.0,,28.8,44,29.3,0.0,0.0,986.2,9.3,323,1,1750.0
2025-10-11T16:00,31.9,97.3,543.0,19.8,23.4,147.0,133,74,110.0,,27.9,50,28.7,0.0,0.0,986.2,9.2,327,0,1205.0
2025-10-11T17:00,37.5,146.7,686.0,23.2,22.7,126.0,136,67,209.0,,27.0,59,29.3,0.0,0.0,986.1,4.5,268,0,170.0
2025-10-11T18:00,47.8,173.7,923.0,29.8,23.4,108.0,141,74,265.0,,25.3,65,27.4,0.0,0.0,986.0,5.9,258,0,105.0
2025-10-11T19:00,55.8,225.4,1198.0,38.7,24.3,84.0,134,88,343.0,,24.4,67,26.3,0.0,0.0,986.4,6.6,257,0,125.0
2025-10-11T20:00,61.2,281.3,1341.0,44.1,24.4,66.0,132,103,417.0,,23.7,69,25.4,0.0,0.0,986.8,6.9,256,0,140.0
2025-10-11T21:00,65.7,331.6,1241.0,43.0,23.0,60.0,132,116,486.0,,23.0,70,24.5,0.0,0.0,986.8,7.1,260,0,130.0
2025-10-11T22:00,69.2,366.9,1009.0,38.4,20.8,60.0,133,126,549.0,,22.5,72,24.0,0.0,0.0,986.8,7.0,280,1,145.0
2025-10-11T23:00,70.3,378.1,804.0,33.7,18.8,61.0,134,129,581.0,,23.2,73,24.9,0.0,0.0,987.1,8.1,302,1,215.0
2025-10-12T00:00,69.2,366.9,678.0,29.5,17.3,63.0,135,126,560.0,,23.1,73,25.1,0.0,0.0,987.0,6.0,311,1,175.0
2025-10-12T01:00,67.3,340.9,579.0,25.3,16.0,66.0,136,119,508.0,,22.3,77,24.5,0.0,0.0,986.2,4.5,293,0,115.0
2025-10-12T02:00,65.0,308.3,517.0,22.2,15.2,67.0,137,110,458.0,,21.6,78,23.5,0.0,0.0,986.1,4.9,287,0,105.0
2025-10-12T03:00,62.9,279.4,492.0,20.9,15.0,64.0,137,103,421.0,,21.0,78,22.7,0.0,0.0,985.8,4.9,287,0,95.0
2025-10-12T04:00,62.6,261.7,503.0,20.8,15.4,60.0,138,98,386.0,,20.5,79,22.0,0.0,0.0,985.8,5.4,290,0,95.0
2025-10-12T05:00,70.5,299.9,561.0,20.4,16.4,61.0,139,108,429.0,,20.6,86,22.7,0.0,0.0,986.4,5.4,310,0,115.0
2025-10-12T06:00,74.0,285.9,721.0,23.8,17.8,59.0,140,104,417.0,,21.0,84,23.2,0.0,0.0,987.1,5.0,314,0,120.0
2025-10-12T07:00,78.9,255.2,926.0,28.3,19.8,58.0,142,96,397.0,,22.1,79,24.2,0.0,0.0,987.7,6.3,305,0,140.0
2025-10-12T08:00,80.3,272.9,1018.0,29.5,21.8,68.0,143,101,361.0,,23.7,75,26.4,0.0,0.0,988.3,4.2,301,0,195.0
2025-10-12T09:00,73.8,240.3,888.0,24.4,24.1,101.0,146,92,288.0,,25.6,68,28.4,0.0,0.0,988.7,4.2,301,0,315.0
2025-10-12T10:00,54.6,160.7,643.0,16.0,26.5,145.0,149,73,197.0,,27.5,59,30.3,0.0,0.0,988.4,5.3,315,0,730.0
2025-10-12T11:00,36.3,109.4,449.0,9.4,27.4,178.0,150,98,141.0,,29.0,49,31.5,0.0,0.0,988.3,6.5,304,0,1370.0
2025-10-12T12:00,33.6,109.0,367.0,6.2,25.7,190.0,151,110,145.0,,30.1,42,32.3,0.0,0.0,987.6,6.9,307,0,1715.0
2025-10-12T13:00,33.1,123.9,334.0,4.8,22.6,191.0,151,111,183.0,,30.6,39,32.1,0.0,0.0,986.7,8.5,314,0,1885.0
2025-10-12T14:00,36.2,153.7,328.0,5.6,20.5,186.0,151,106,227.0,,30.7,38,31.3,0.0,0.0,986.1,9.7,320,0,1920.0
2025-10-12T15:00,40.4,190.0,334.0,8.6,20.2,176.0,151,96,270.0,,30.3,39,30.5,0.0,0.0,985.7,9.9,325,0,1840.0
2025-10-12T16:00,44.2,217.5,367.0,13.8,20.8,159.0,151,86,318.0,,29.6,43,30.3,0.0,0.0,985.8,8.5,328,0,1690.0
2025-10-12T17:00,52.2,267.3,446.0,18.2,20.4,133.0,152,99,413.0,,28.0,48,29.0,0.0,0.0,985.6,6.5,316,0,375.0
2025-10-12T18:00,62.9,299.0,620.0,26.4,21.9,113.0,154,108,454.0,,26.3,56,27.9,0.0,0.0,986.0,5.5,302,0,200.0
2025-10-12T19:00,71.5,332.5,840.0,37.4,23.8,85.0,153,117,512.0,,25.5,61,27.3,0.0,0.0,986.4,5.5,281,0,130.0
2025-10-12T20:00,78.0,376.3,977.0,44.5,24.9,65.0,153,128,567.0,,25.0,63,26.6,0.0,0.0,986.9,6.5,273,0,140.0
2025-10-12T21:00,82.9,416.3,958.0,44.0,24.2,59.0,154,139,626.0,,24.4,65,26.0,0.0,0.0,987.2,6.7,276,0,130.0
2025-10-12T22:00,86.8,449.8,856.0,39.4,22.7,60.0,156,148,683.0,,23.4,69,25.1,0.0,0.0,987.0,5.8,290,0,110.0
2025-10-12T23:00,87.5,455.4,762.0,34.8,21.1,62.0,158,149,697.0,,22.9,74,25.1,0.0,0.0,987.5,5.3,315,0,120.0
2025-10-13T00:00,85.2,425.6,701.0,30.8,19.8,63.0,159,141,642.0,,22.9,73,24.9,0.0,0.0,987.1,4.8,329,0,115.0
2025-10-13T01:00,81.0,373.5,648.0,26.8,18.4,65.0,161,128,546.0,,22.3,74,24.2,0.0,0.0,986.7,4.8,318,0,105.0
2025-10-13T02:00,75.4,314.8,615.0,24.1,17.6,66.0,161,112,449.0,,22.1,73,24.0,0.0,0.0,986.6,4.0,321,0,85.0
2025-10-13T03:00,69.4,258.0,593.0,23.4,17.3,64.0,161,97,362.0,,21.9,72,23.6,0.0,0.0,986.3,3.9,338,0,65.0
2025-10-13T04:00,63.6,209.1,592.0,24.0,17.5,62.0,161,84,275.0,,21.6,72,23.2,0.0,0.0,986.4,3.7,313,0,55.0
2025-10-13T05:00,67.8,202.1,656.0,28.9,19.7,56.0,160,82,249.0,,20.4,85,22.6,0.0,0.0,986.9,4.2,277,0,45.0
2025-10-13T06:00,71.2,183.9,876.0,33.7,21.8,57.0,158,77,211.0,,20.5,86,22.9,0.0,0.0,987.6,3.5,291,0,40.0
2025-10-13T07:00,77.1,154.1,1161.0,39.9,24.8,61.0,156,74,158.0,,21.8,81,24.2,0.0,0.0,988.4,4.0,280,0,55.0
2025-10-13T08:00,67.1,127.1,1285.0,41.2,27.4,75.0,156,69,114.0,,23.8,73,26.6,0.0,0.0,989.3,2.7,290,0,130.0
2025-10-13T09:00,51.6,96.2,1093.0,32.8,29.7,110.0,156,61,89.0,,26.1,63,28.9,0.0,0.0,989.8,2.8,310,0,280.0
2025-10-13T10:00,41.9,76.8,740.0,19.4,31.7,155.0,155,78,74.0,,28.3,52,30.8,0.0,0.0,989.8,3.3,324,0,990.0
2025-10-13T11:00,36.7,70.3,470.0,9.3,32.3,188.0,155,108,65.0,,29.7,41,31.7,0.0,0.0,989.5,3.9,326,0,1675.0
2025-10-13T12:00,34.3,68.7,384.0,5.4,30.2,200.0,155,120,62.0,,30.9,36,32.9,0.0,0.0,988.7,3.8,315,0,1865.0
2025-10-13T13:00,33.2,68.0,380.0,4.7,26.6,201.0,155,121,65.0,,31.5,34,33.2,0.0,0.0,988.3,3.7,305,0,1975.0
2025-10-13T14:00,32.6,67.5,397.0,6.3,24.2,195.0,155,115,68.0,,31.7,33,32.7,0.0,0.0,987.3,3.9,304,0,2130.0
2025-10-13T15:00,32.8,68.9,409.0,9.7,24.0,185.0,155,105,67.0,,31.6,33,31.9,0.0,0.0,986.8,4.5,307,0,2145.0
2025-10-13T16:00,34.2,70.8,440.0,15.2,25.0,170.0,155,90,66.0,,30.9,34,31.1,0.0,0.0,986.5,5.4,312,0,2150.0
2025-10-13T17:00,36.9,71.7,505.0,24.2,27.0,148.0,161,74,67.0,,28.7,53,31.3,0.0,0.0,986.9,2.7,318,0,190.0
2025-10-13T18:00,48.9,79.9,632.0,37.5,28.7,120.0,167,60,68.0,,27.4,53,29.6,0.0,0.0,987.2,1.4,337,0,70.0
2025-10-13T19:00,59.3,94.3,791.0,55.9,31.1,81.0,162,65,71.0,,27.0,54,29.4,0.0,0.0,987.7,0.4,297,0,20.0
2025-10-13T20:00,68.7,111.1,911.0,70.4,33.1,50.0,153,69,81.0,,26.2,55,28.4,0.0,0.0,988.0,0.4,207,0,20.0
2025-10-13T21:00,78.2,131.3,959.0,78.4,34.8,34.0,153,74,100.0,,25.2,59,27.3,0.0,0.0,988.1,1.7,193,0,35.0
2025-10-13T22:00,85.4,152.7,967.0,82.5,36.1,27.0,153,78,127.0,,24.1,63,25.9,0.0,0.0,987.9,3.4,196,0,35.0
2025-10-13T23:00,84.3,168.6,959.0,81.5,36.0,25.0,153,77,157.0,,23.1,73,25.4,0.0,0.0,987.8,4.0,207,0,30.0
2025-10-14T00:00,78.2,183.0,935.0,72.3,33.2,31.0,153,77,194.0,,22.9,73,25.1,0.0,0.0,987.6,3.5,294,0,35.0
2025-10-14T01:00,72.4,201.2,894.0,58.0,29.0,41.0,152,82,236.0,,23.0,70,25.3,0.0,0.0,987.1,1.8,281,0,35.0
2025-10-14T02:00,68.9,213.3,856.0,46.7,25.5,49.0,152,85,270.0,,22.4,71,24.2,0.0,0.0,986.4,3.8,287,0,70.0
2025-10-14T03:00,67.5,223.1,801.0,41.1,23.3,48.0,152,87,296.0,,21.8,70,23.2,0.0,0.0,985.9,4.7,293,0,90.0
2025-10-14T04:00,67.8,230.5,750.0,38.5,22.0,44.0,152,89,315.0,,21.2,72,22.5,0.0,0.0,985.6,4.8,307,0,90.0
2025-10-14T05:00,64.5,198.4,781.0,39.5,21.1,47.0,152,81,249.0,,21.1,78,23.0,0.0,0.0,985.8,4.2,295,0,65.0
2025-10-14T06:00,68.7,208.6,1012.0,41.8,21.7,49.0,152,84,243.0,,21.3,80,23.5,0.0,0.0,986.3,3.1,291,0,45.0
2025-10-14T07:00,74.3,191.4,1326.0,44.4,22.7,52.0,152,79,234.0,,22.8,73,25.0,0.0,0.0,986.9,3.8,265,0,45.0
2025-10-14T08:00,71.0,190.9,1454.0,43.0,24.4,67.0,152,79,224.0,,25.1,65,27.6,0.0,0.0,987.8,2.4,261,0,115.0
2025-10-14T09:00,63.6,207.7,1207.0,33.5,27.6,102.0,152,83,213.0,,27.7,52,29.8,0.0,0.0,988.3,2.2,279,0,470.0
2025-10-14T10:00,46.2,175.6,775.0,19.9,31.4,148.0,152,75,200.0,,29.6,36,30.4,0.0,0.0,988.6,3.6,297,0,1420.0
2025-10-14T11:00,38.9,134.6,452.0,9.8,33.8,184.0,152,104,185.0,,30.3,33,31.2,0.0,0.0,988.4,5.0,283,0,1570.0
2025-10-14T12:00,37.7,118.0,368.0,5.9,33.3,202.0,152,122,165.0,,31.3,31,32.5,0.0,0.0,987.8,4.8,285,0,1700.0
2025-10-14T13:00,38.2,109.2,395.0,5.4,31.4,209.0,152,129,143.0,,31.9,29,32.7,0.0,0.0,987.1,5.1,287,0,1940.0
2025-10-14T14:00,38.1,101.0,440.0,7.5,30.3,209.0,153,129,123.0,,32.0,29,32.2,0.0,0.0,986.2,5.0,296,0,1975.0
2025-10-14T15:00,38.6,95.7,464.0,11.0,31.0,202.0,153,122,107.0,,31.8,29,31.4,0.0,0.0,985.7,5.1,309,0,1990.0
2025-10-14T16:00,40.0,89.9,506.0,17.0,32.5,188.0,153,108,93.0,,31.1,30,30.8,0.0,0.0,985.8,4.9,324,0,1975.0
2025-10-14T17:00,38.9,92.4,596.0,26.7,28.6,151.0,168,76,104.0,,29.5,33,29.5,0.0,0.0,986.2,2.9,7,0,170.0
2025-10-14T18:00,56.2,106.2,770.0,47.6,31.9,117.0,176,63,105.0,,27.9,45,29.3,0.0,0.0,986.4,1.3,56,0,155.0
2025-10-14T19:00,71.2,124.8,991.0,76.3,36.5,69.0,171,71,106.0,,27.4,45,28.8,0.0,0.0,986.9,0.8,117,0,130.0
2025-10-14T20:00,81.5,139.7,1183.0,97.8,40.2,33.0,154,79,111.0,,26.7,47,28.0,0.0,0.0,987.2,1.2,141,0,80.0
2025-10-14T21:00,88.0,154.1,1324.0,105.0,42.3,19.0,154,82,122.0,,25.9,50,27.2,0.0,0.0,987.2,1.6,153,0,70.0
2025-10-14T22:00,95.2,169.0,1436.0,104.9,43.6,15.0,154,82,137.0,,25.6,50,26.8,0.0,0.0,987.1,0.9,169,0,65.0
2025-10-14T23:00,99.2,180.7,1505.0,103.4,43.9,14.0,155,84,152.0,,25.0,59,27.1,0.0,0.0,987.1,0.9,191,0,15.0
2025-10-15T00:00,100.4,189.1,1497.0,102.0,42.8,12.0,155,84,165.0,,24.6,60,26.7,0.0,0.0,986.7,0.7,194,0,15.0
2025-10-15T01:00,99.9,195.6,1447.0,99.0,40.9,12.0,156,84,179.0,,24.3,59,26.2,0.0,0.0,986.3,1.1,180,0,15.0
2025-10-15T02:00,98.0,201.6,1441.0,95.7,39.3,12.0,157,83,193.0,,24.3,59,26.1,0.0,0.0,985.9,0.7,166,0,15.0
2025-10-15T03:00,96.4,208.6,1523.0,92.0,38.5,10.0,157,84,211.0,,23.9,60,25.7,0.0,0.0,985.6,0.4,117,0,30.0
2025-10-15T04:00,95.9,217.0,1649.0,87.9,38.1,8.0,158,86,230.0,,23.2,62,24.9,0.0,0.0,985.4,0.2,360,0,55.0
2025-10-15T05:00,99.2,209.1,1777.0,90.5,40.4,12.0,159,84,204.0,,21.8,73,23.8,0.0,0.0,985.9,2.2,294,0,55.0
2025-10-15T06:00,106.4,223.1,1966.0,90.0,41.5,22.0,160,87,194.0,,21.2,77,23.1,0.0,0.0,986.6,3.4,252,0,40.0
2025-10-15T07:00,118.3,214.7,2157.0,88.4,43.0,38.0,161,91,179.0,,22.6,71,24.5,0.0,0.0,987.6,4.0,243,0,35.0
2025-10-15T08:00,95.2,182.1,2124.0,80.5,43.9,62.0,163,82,162.0,,25.0,61,27.1,0.0,0.0,988.5,2.3,288,0,100.0
2025-10-15T09:00,70.8,190.0,1660.0,60.2,44.1,100.0,163,79,143.0,,27.5,50,29.2,0.0,0.0,989.2,2.2,284,0,305.0
2025-10-15T10:00,51.2,157.9,973.0,33.5,43.6,145.0,164,73,123.0,,29.6,35,30.3,0.0,0.0,989.1,2.9,277,0,1700.0
2025-10-15T11:00,31.4,86.6,464.0,13.7,42.3,180.0,164,100,107.0,,30.5,31,31.1,0.0,0.0,988.7,4.9,276,0,2080.0
2025-10-15T12:00,30.5,76.8,322.0,6.6,39.3,198.0,164,118,98.0,,31.3,28,32.0,0.0,0.0,988.1,5.2,274,0,2140.0
2025-10-15T13:00,31.2,76.4,358.0,6.3,35.3,206.0,163,126,92.0,,31.8,28,32.3,0.0,0.0,987.3,5.4,270,0,2220.0
2025-10-15T14:00,32.0,76.4,411.0,8.5,32.3,205.0,163,125,87.0,,31.9,28,31.8,0.0,0.0,986.4,5.8,270,0,2245.0
2025-10-15T15:00,32.4,76.4,413.0,11.9,31.1,195.0,163,115,80.0,,31.6,28,31.1,0.0,0.0,986.2,6.0,279,0,2240.0
2025-10-15T16:00,33.4,74.7,431.0,17.7,31.0,178.0,163,98,74.0,,30.9,29,30.3,0.0,0.0,986.0,6.0,297,0,2180.0
2025-10-15T17:00,38.3,86.8,506.0,25.9,29.9,155.0,163,78,94.0,,29.5,33,29.4,0.0,0.0,986.0,3.6,357,0,295.0
2025-10-15T18:00,49.0,93.8,687.0,37.4,31.2,127.0,171,64,99.0,,27.5,46,28.8,0.0,0.0,986.4,2.3,32,0,95.0
2025-10-15T19:00,56.3,108.7,924.0,53.2,33.0,87.0,168,63,106.0,,27.2,48,28.9,0.0,0.0,986.7,0.4,180,0,25.0
2025-10-15T20:00,61.5,122.5,1111.0,65.0,34.2,57.0,162,66,115.0,,26.4,46,27.6,0.0,0.0,987.0,0.6,124,0,60.0
2025-10-15T21:00,64.0,129.9,1216.0,69.2,34.4,45.0,161,67,125.0,,25.7,48,26.8,0.0,0.0,986.9,1.2,63,0,50.0
2025-10-15T22:00,66.6,138.3,1271.0,69.4,34.1,42.0,161,68,137.0,,25.4,48,26.3,0.0,0.0,986.8,1.5,111,0,55.0
2025-10-15T23:00,65.2,146.7,1267.0,68.0,33.5,41.0,160,68,151.0,,24.2,58,25.7,0.0,0.0,986.6,2.3,180,0,25.0
2025-10-16T00:00,63.3,156.0,1163.0,64.9,32.7,42.0,159,70,168.0,,23.1,64,24.5,0.0,0.0,986.3,3.5,208,0,25.0
2025-10-16T01:00,63.1,165.8,1000.0,60.2,31.8,45.0,158,72,187.0,,22.2,67,23.6,0.0,0.0,986.0,3.9,242,0,25.0
2025-10-16T02:00,62.9,172.8,892.0,56.2,30.6,47.0,156,74,203.0,,21.3,71,22.7,0.0,0.0,985.6,4.0,270,0,30.0
2025-10-16T03:00,62.4,178.3,873.0,53.8,29.0,46.0,155,76,215.0,,20.8,70,21.8,0.0,0.0,985.5,4.7,254,0,40.0
2025-10-16T04:00,61.5,182.5,908.0,52.1,27.3,45.0,154,77,224.0,,20.3,70,21.1,0.0,0.0,985.4,4.9,274,0,55.0
2025-10-16T05:00,73.8,177.9,1008.0,69.2,32.9,32.0,153,75,191.0,,20.2,75,21.3,0.0,0.0,986.0,4.8,281,0,65.0
2025-10-16T06:00,71.9,167.6,1271.0,67.6,32.5,35.0,153,73,170.0,,20.5,72,21.7,0.0,0.0,986.6,4.3,270,0,55.0
2025-10-16T07:00,75.2,157.4,1599.0,64.7,31.9,41.0,152,73,143.0,,22.0,65,22.8,0.0,0.0,987.3,5.8,263,0,50.0
2025-10-16T08:00,68.7,139.7,1710.0,57.8,31.5,58.0,150,69,131.0,,24.6,57,25.9,0.0,0.0,988.0,3.6,276,0,90.0
2025-10-16T09:00,53.7,147.6,1390.0,42.9,31.7,98.0,148,67,153.0,,27.5,46,28.5,0.0,0.0,988.7,3.5,305,0,285.0
2025-10-16T10:00,47.6,158.8,853.0,24.0,32.2,150.0,147,75,191.0,,29.4,38,30.1,0.0,0.0,988.9,4.2,306,0,1510.0
2025-10-16T11:00,43.5,153.7,452.0,10.1,32.2,189.0,146,109,213.0,,30.3,34,31.2,0.0,0.0,988.4,5.3,308,0,1585.0
2025-10-16T12:00,42.8,140.2,347.0,5.1,31.2,207.0,147,127,204.0,,31.1,32,32.3,0.0,0.0,987.5,5.4,310,0,1565.0
2025-10-16T13:00,43.8,132.2,378.0,5.0,29.8,212.0,149,132,180.0,,31.5,32,32.6,0.0,0.0,986.8,5.5,306,0,1735.0
2025-10-16T14:00,44.4,124.8,425.0,7.6,29.1,210.0,150,130,157.0,,31.7,32,32.1,0.0,0.0,985.9,5.8,304,0,1745.0
2025-10-16T15:00,45.2,119.2,443.0,11.6,29.8,202.0,150,122,139.0,,31.4,33,31.5,0.0,0.0,985.7,6.3,305,0,1745.0
2025-10-16T16:00,47.1,112.9,476.0,18.3,31.2,187.0,151,107,122.0,,30.7,35,30.8,0.0,0.0,985.6,6.9,309,0,1760.0
2025-10-16T17:00,46.9,121.5,535.0,25.2,27.2,158.0,169,79,145.0,,29.5,36,29.5,0.0,0.0,985.9,5.7,288,0,470.0
2025-10-16T18:00,60.3,127.1,636.0,39.0,29.3,128.0,179,65,143.0,,28.0,42,28.7,0.0,0.0,986.1,3.8,315,0,225.0
2025-10-16T19:00,69.6,139.7,763.0,57.8,32.2,88.0,176,70,141.0,,27.0,50,28.3,0.0,0.0,986.8,3.5,336,0,130.0
2025-10-16T20:00,73.3,148.1,883.0,70.1,33.8,58.0,159,72,143.0,,26.7,51,28.3,0.0,0.0,987.4,1.7,328,0,75.0
2025-10-16T21:00,73.3,153.2,1004.0,70.4,33.1,50.0,153,72,152.0,,26.4,53,28.3,0.0,0.0,987.8,0.9,323,0,75.0
2025-10-16T22:00,71.7,156.5,1118.0,64.3,31.2,52.0,153,71,165.0,,26.0,54,28.0,0.0,0.0,987.8,0.4,153,0,55.0
2025-10-16T23:00,68.5,163.0,1172.0,57.2,28.8,55.0,153,71,179.0,,25.8,56,27.9,0.0,0.0,987.5,0.6,342,0,75.0
2025-10-17T00:00,64.3,171.4,1118.0,50.0,25.9,56.0,153,74,194.0,,25.2,56,27.1,0.0,0.0,987.6,0.8,297,0,65.0
2025-10-17T01:00,62.4,177.0,1005.0,42.0,22.7,59.0,153,75,210.0,,24.0,59,25.6,0.0,0.0,987.2,1.9,236,0,40.0
2025-10-17T02:00,60.8,181.1,921.0,36.0,20.2,60.0,153,76,224.0,,22.3,66,23.6,0.0,0.0,987.0,3.7,241,0,35.0
2025-10-17T03:00,59.8,185.3,885.0,33.1,18.9,59.0,153,77,239.0,,21.1,71,22.4,0.0,0.0,986.9,4.4,258,0,35.0
2025-10-17T04:00,59.6,189.5,878.0,32.3,18.4,57.0,153,79,252.0,,20.4,74,21.6,0.0,0.0,986.9,4.8,259,0,45.0
2025-10-17T05:00,64.7,206.3,937.0,33.0,19.3,59.0,153,83,263.0,,20.7,77,22.1,0.0,0.0,987.6,6.3,267,0,70.0
2025-10-17T06:00,67.8,194.6,1156.0,37.8,20.8,58.0,153,80,236.0,,20.8,77,22.3,0.0,0.0,988.4,4.7,279,0,60.0
2025-10-17T07:00,73.8,177.0,1441.0,44.0,22.8,59.0,152,75,198.0,,22.0,71,23.5,0.0,0.0,989.2,5.4,284,0,65.0
2025-10-17T08:00,68.5,160.7,1546.0,45.0,25.1,71.0,152,71,175.0,,24.4,61,26.2,0.0,0.0,989.9,3.4,288,0,125.0
2025-10-17T09:00,57.3,164.8,1294.0,36.0,27.8,107.0,152,72,179.0,,27.2,50,28.7,0.0,0.0,990.4,3.5,298,0,265.0
2025-10-17T10:00,50.4,161.6,863.0,21.8,30.7,154.0,153,77,197.0,,29.5,45,31.2,0.0,0.0,990.2,4.0,321,0,1095.0
2025-10-17T11:00,45.1,153.7,538.0,11.0,32.3,191.0,153,111,210.0,,30.6,39,32.3,0.0,0.0,989.9,5.9,315,0,1520.0
2025-10-17T12:00,43.5,151.3,445.0,6.6,31.6,208.0,153,128,209.0,,31.5,37,33.5,0.0,0.0,989.0,5.4,320,0,1665.0
2025-10-17T13:00,44.0,148.5,458.0,5.5,29.8,213.0,153,133,202.0,,32.1,36,33.8,0.0,0.0,988.2,5.7,325,0,1860.0
2025-10-17T14:00,44.1,143.9,489.0,6.9,28.5,211.0,153,131,195.0,,32.3,35,33.4,0.0,0.0,987.1,5.7,332,0,1995.0
2025-10-17T15:00,44.4,142.0,491.0,10.6,28.6,201.0,153,121,187.0,,32.1,35,32.8,0.0,0.0,986.7,5.5,341,0,2030.0
2025-10-17T16:00,46.0,142.0,510.0,16.7,29.3,183.0,154,103,178.0,,31.4,36,32.0,0.0,0.0,986.5,6.2,350,0,1975.0
2025-10-17T17:00,51.5,144.8,598.0,26.2,29.0,155.0,172,78,181.0,,30.1,39,31.0,0.0,0.0,986.7,4.7,332,0,545.0
2025-10-17T18:00,65.4,156.0,788.0,42.3,31.5,123.0,179,70,189.0,,28.4,49,30.2,0.0,0.0,987.1,3.2,313,0,240.0
2025-10-17T19:00,77.3,177.9,1047.0,64.4,34.9,79.0,174,75,202.0,,27.5,53,29.5,0.0,0.0,987.5,3.2,286,0,155.0
2025-10-17T20:00,85.9,202.6,1320.0,79.4,37.0,46.0,156,82,222.0,,27.0,55,29.1,0.0,0.0,987.9,2.5,274,0,105.0
2025-10-17T21:00,92.0,228.2,1662.0,81.5,36.9,35.0,154,89,255.0,,26.2,55,28.2,0.0,0.0,987.9,2.2,246,0,55.0
2025-10-17T22:00,92.0,243.1,2018.0,76.7,35.4,35.0,154,93,295.0,,25.1,57,26.5,0.0,0.0,988.0,3.9,257,0,60.0
2025-10-17T23:00,86.6,262.6,2173.0,69.6,33.1,38.0,155,98,333.0,,24.8,62,26.7,0.0,0.0,987.9,4.1,241,0,65.0
2025-10-18T00:00,82.2,284.1,1961.0,60.3,29.5,42.0,155,104,367.0,,24.6,63,26.6,0.0,0.0,987.5,3.6,273,0,55.0
2025-10-18T01:00,79.6,299.9,1547.0,48.7,25.0,48.0,156,108,399.0,,23.9,65,25.7,0.0,0.0,987.5,4.2,306,0,55.0
2025-10-18T02:00,77.8,300.8,1208.0,40.1,21.6,51.0,156,108,417.0,,23.2,69,25.2,0.0,0.0,987.0,3.7,284,0,45.0
2025-10-18T03:00,76.6,298.0,1030.0,36.4,19.9,49.0,157,107,419.0,,22.5,71,24.4,0.0,0.0,986.9,3.8,281,0,40.0
2025-10-18T04:00,75.9,291.5,927.0,35.7,19.2,44.0,157,106,408.0,,21.7,75,23.7,0.0,0.0,987.2,3.5,279,0,40.0
2025-10-18T05:00,90.8,353.9,912.0,59.2,26.0,24.0,158,122,490.0,,21.7,80,24.0,0.0,0.0,987.5,4.4,258,0,55.0
2025-10-18T06:00,91.5,324.1,1069.0,60.3,27.0,29.0,159,114,429.0,,21.6,79,23.8,0.0,0.0,988.1,4.7,272,0,70.0
2025-10-18T07:00,96.6,285.9,1314.0,61.1,28.5,37.0,159,104,345.0,,22.4,75,24.5,0.0,0.0,988.7,4.9,262,0,90.0
2025-10-18T08:00,87.5,242.1,1412.0,57.2,30.7,57.0,160,93,289.0,,24.6,64,26.8,0.0,0.0,989.5,3.1,263,0,135.0
2025-10-18T09:00,73.1,266.4,1206.0,43.8,34.4,98.0,160,99,290.0,,27.4,52,29.2,0.0,0.0,990.0,3.4,270,0,300.0
2025-10-18T10:00,61.2,253.3,852.0,25.7,38.8,151.0,161,96,317.0,,29.6,44,31.2,0.0,0.0,989.9,3.8,273,0,925.0
2025-10-18T11:00,53.0,225.8,588.0,12.2,41.6,192.0,161,112,331.0,,30.9,38,32.9,0.0,0.0,989.5,3.4,286,0,1645.0
2025-10-18T12:00,50.8,204.4,516.0,7.1,41.1,212.0,162,132,312.0,,32.2,34,34.3,0.0,0.0,988.5,2.2,279,0,2130.0
2025-10-18T13:00,49.6,188.1,532.0,6.5,39.0,221.0,162,141,279.0,,32.9,31,34.6,0.0,0.0,987.3,1.5,225,0,2380.0
2025-10-18T14:00,49.4,176.0,564.0,8.8,37.6,221.0,162,141,248.0,,33.2,30,33.9,0.0,0.0,986.2,2.2,194,0,2475.0
2025-10-18T15:00,50.2,170.0,568.0,12.5,37.7,213.0,162,133,223.0,,33.2,29,33.4,0.0,0.0,985.6,3.8,163,0,2510.0
2025-10-18T16:00,51.8,157.4,587.0,19.1,38.5,196.0,162,116,199.0,,32.4,30,32.3,0.0,0.0,985.6,5.5,153,0,2345.0
2025-10-18T17:00,56.2,143.4,678.0,29.0,34.9,158.0,177,79,170.0,,30.8,32,31.3,0.0,0.0,985.9,1.3,146,0,100.0
2025-10-18T18:00,72.6,150.4,924.0,51.5,38.0,120.0,187,71,159.0,,28.7,44,30.1,0.0,0.0,986.2,2.3,219,0,110.0
2025-10-18T19:00,86.1,159.3,1243.0,82.6,42.4,69.0,182,78,144.0,,28.1,50,30.3,0.0,0.0,986.7,1.7,229,0,80.0
2025-10-18T20:00,98.5,169.0,1440.0,106.4,46.7,29.0,163,83,136.0,,27.6,51,29.7,0.0,0.0,987.1,1.5,315,0,80.0
2025-10-18T21:00,109.0,182.1,1413.0,115.6,51.0,14.0,163,88,139.0,,27.1,53,29.2,0.0,0.0,987.2,1.3,304,0,45.0
2025-10-18T22:00,118.3,196.5,1266.0,117.5,55.2,12.0,164,91,148.0,,27.2,55,29.7,0.0,0.0,987.3,0.7,284,0,30.0
2025-10-18T23:00,125.3,210.5,1112.0,117.8,58.0,11.0,165,94,162.0,,26.9,56,29.4,0.0,0.0,987.1,0.9,349,0,60.0
2025-10-19T00:00,128.1,223.1,969.0,118.3,58.5,8.0,166,95,180.0,,25.8,59,28.2,0.0,0.0,986.8,1.1,270,0,50.0
2025-10-19T01:00,128.1,235.6,820.0,117.3,57.6,6.0,167,95,203.0,,24.8,63,27.1,0.0,0.0,986.4,1.5,263,0,40.0
2025-10-19T02:00,129.0,250.5,729.0,115.0,56.3,5.0,169,96,227.0,,23.9,67,26.3,0.0,0.0,986.2,1.5,240,0,30.0
2025-10-19T03:00,129.5,264.5,710.0,110.9,54.4,2.0,170,99,257.0,,23.2,69,25.4,0.0,0.0,986.1,2.6,214,0,30.0
2025-10-19T04:00,128.1,277.5,749.0,105.5,52.0,0.0,172,102,288.0,,23.3,70,25.9,0.0,0.0,986.2,0.6,236,0,15.0
2025-10-19T05:00,108.0,278.5,869.0,80.2,33.4,8.0,173,102,318.0,,23.0,76,25.9,0.0,0.0,986.7,1.8,24,0,40.0
2025-10-19T06:00,112.7,284.1,1179.0,79.9,33.3,15.0,174,104,294.0,,23.7,72,26.6,0.0,0.0,987.3,0.9,37,0,40.0
2025-10-19T07:00,121.5,268.2,1571.0,78.8,33.7,27.0,174,100,262.0,,24.6,68,27.2,0.0,0.0,988.2,2.7,132,0,60.0
2025-10-19T08:00,105.0,234.7,1738.0,72.8,38.1,49.0,175,91,242.0,,26.4,61,29.1,0.0,0.0,988.9,2.3,184,0,120.0
2025-10-19T09:00,84.3,232.4,1464.0,57.3,51.2,92.0,176,90,250.0,,28.8,50,31.1,0.0,0.0,989.6,1.6,207,0,395.0
2025-10-19T10:00,65.7,224.4,965.0,37.0,68.2,146.0,176,88,269.0,,30.6,40,32.2,0.0,0.0,989.5,2.0,225,0,1340.0
2025-10-19T11:00,60.8,203.5,591.0,21.3,78.3,188.0,176,108,276.0,,31.4,37,33.6,0.0,0.0,988.8,2.3,238,0,1840.0
2025-10-19T12:00,61.7,182.1,496.0,13.8,75.0,211.0,176,131,256.0,,32.7,34,34.8,0.0,0.0,988.2,1.7,238,1,2140.0
2025-10-19T13:00,61.9,169.0,525.0,11.1,64.8,222.0,177,142,223.0,,33.3,32,35.1,0.0,0.0,987.4,1.3,188,1,2335.0
2025-10-19T14:00,61.2,159.7,563.0,12.2,56.6,223.0,177,143,192.0,,33.6,30,34.3,0.0,0.0,986.2,2.8,145,1,2490.0
2025-10-19T15:00,60.5,151.8,533.0,17.0,53.5,212.0,177,132,167.0,,33.5,29,33.4,0.0,0.0,985.5,6.5,141,1,2515.0
2025-10-19T16:00,61.7,137.4,511.0,25.7,52.4,190.0,178,110,143.0,,32.3,32,32.0,0.0,0.0,985.1,10.1,136,2,2105.0
2025-10-19T17:00,69.8,133.2,614.0,49.1,49.1,143.0,178,72,123.0,,30.5,38,31.5,0.0,0.0,985.3,2.4,48,0,305.0
2025-10-19T18:00,80.1,147.6,946.0,64.4,51.6,113.0,182,75,125.0,,29.0,51,31.7,0.0,0.0,985.8,0.9,307,0,45.0
2025-10-19T19:00,92.4,158.8,1403.0,85.5,55.1,71.0,179,81,129.0,,28.3,52,30.7,0.0,0.0,986.1,1.8,307,0,125.0
2025-10-19T20:00,99.0,169.5,1785.0,101.4,58.5,39.0,179,84,136.0,,27.5,52,29.3,0.0,0.0,986.3,3.1,336,0,120.0
2025-10-19T21:00,106.2,183.9,2016.0,106.7,61.7,27.0,179,86,148.0,,27.0,52,28.9,0.0,0.0,986.3,2.4,343,0,95.0
2025-10-19T22:00,115.0,200.2,2173.0,106.8,64.9,25.0,179,90,163.0,,26.7,54,28.8,0.0,0.0,986.7,1.0,329,0,55.0
2025-10-19T23:00,122.5,216.5,2284.0,106.4,67.2,23.0,179,93,178.0,,26.5,57,29.0,0.0,0.0,986.3,0.8,45,0,25.0
2025-10-20T00:00,126.2,229.1,2363.0,106.7,68.0,19.0,179,94,192.0,,26.2,55,28.3,0.0,0.0,986.3,0.4,207,0,10.0
2025-10-20T01:00,129.5,239.3,2396.0,106.6,68.0,16.0,179,96,205.0,,26.0,55,28.2,0.0,0.0,986.1,0.3,225,0,10.0
2025-10-20T02:00,131.8,247.7,2378.0,107.4,68.6,13.0,179,97,217.0,,26.0,54,28.0,0.0,0.0,986.0,0.6,108,0,35.0
2025-10-20T03:00,133.6,255.2,2271.0,110.7,70.8,7.0,179,97,230.0,,25.2,56,27.1,0.0,0.0,986.1,0.3,225,0,60.0
2025-10-20T04:00,136.4,262.6,2111.0,114.8,73.6,1.0,179,99,243.0,,24.0,60,25.6,0.0,0.0,986.0,2.5,300,0,70.0
2025-10-20T05:00,118.5,261.7,2004.0,95.7,45.4,4.0,179,98,267.0,,22.9,72,25.1,0.0,0.0,986.9,3.4,254,0,55.0
2025-10-20T06:00,126.7,270.1,2053.0,93.4,44.8,15.0,179,100,239.0,,22.8,74,25.3,0.0,0.0,987.3,1.8,246,0,35.0
2025-10-20T07:00,136.0,253.3,2154.0,89.4,44.1,31.0,180,98,201.0,,24.1,67,26.6,0.0,0.0,988.3,1.5,210,0,35.0
2025-10-20T08:00,106.4,204.0,2099.0,80.5,44.9,56.0,180,87,183.0,,26.2,58,28.5,0.0,0.0,988.9,1.5,135,0,125.0
2025-10-20T09:00,75.4,205.4,1728.0,62.2,49.3,97.0,180,83,209.0,,28.7,48,30.6,0.0,0.0,989.7,2.3,108,0,330.0
2025-10-20T10:00,63.3,214.2,1201.0,39.1,55.2,146.0,180,85,255.0,,30.5,40,31.8,0.0,0.0,989.4,3.9,114,0,1335.0
2025-10-20T11:00,56.5,202.1,784.0,21.2,57.3,183.0,180,103,280.0,,31.6,35,32.9,0.0,0.0,988.9,5.8,112,0,2270.0
2025-10-20T12:00,52.3,177.9,584.0,12.6,51.9,201.0,180,121,262.0,,32.8,31,33.6,0.0,0.0,988.3,7.1,109,0,2530.0
2025-10-20T13:00,48.3,156.0,494.0,9.3,42.8,207.0,179,127,222.0,,33.1,30,33.4,0.0,0.0,987.5,8.0,110,0,2610.0
2025-10-20T14:00,46.0,141.1,463.0,9.7,35.7,205.0,179,125,186.0,,33.0,29,32.6,0.0,0.0,986.4,8.3,112,0,2490.0
2025-10-20T15:00,44.2,129.5,465.0,13.8,33.1,193.0,179,113,160.0,,32.6,30,32.2,0.0,0.0,985.9,8.2,112,0,2370.0
2025-10-20T16:00,44.7,115.9,525.0,21.6,32.5,171.0,178,91,138.0,,32.1,30,31.7,0.0,0.0,985.9,8.0,117,0,2010.0
2025-10-20T17:00,54.2,123.9,672.0,27.2,27.1,131.0,178,66,135.0,,30.7,36,30.6,0.0,0.0,985.8,8.5,84,0,1140.0
2025-10-20T18:00,61.5,117.1,962.0,35.0,27.7,111.0,177,66,122.0,,29.6,41,30.6,0.0,0.0,986.4,4.3,62,0,580.0
2025-10-20T19:00,64.5,113.9,1338.0,45.9,28.6,82.0,177,67,103.0,,28.7,47,30.3,0.0,0.0,987.1,3.5,39,0,325.0
2025-10-20T20:00,66.6,111.8,1654.0,54.1,29.2,60.0,176,68,87.0,,28.0,51,30.0,0.0,0.0,987.2,3.3,41,0,220.0
2025-10-20T21:00,70.1,112.2,1868.0,57.2,29.2,51.0,175,70,76.0,,27.3,55,29.5,0.0,0.0,987.5,3.1,45,0,180.0
2025-10-20T22:00,73.3,110.8,2022.0,57.8,29.0,47.0,174,72,67.0,,26.5,57,28.5,0.0,0.0,987.7,3.2,71,0,155.0
2025-10-20T23:00,75.4,107.3,2093.0,57.8,28.7,45.0,173,73,61.0,,25.6,64,28.0,0.0,0.0,987.7,3.9,74,0,120.0
2025-10-21T00:00,77.3,108.3,2030.0,58.0,28.6,41.0,171,74,59.0,,24.8,68,27.4,0.0,0.0,987.5,3.4,90,0,95.0
2025-10-21T01:00,79.9,111.8,1884.0,57.7,28.5,39.0,170,75,60.0,,24.2,71,26.8,0.0,0.0,987.7,3.5,105,0,85.0
2025-10-21T02:00,82.4,114.3,1783.0,57.0,28.2,36.0,168,76,61.0,,23.6,74,26.4,0.0,0.0,987.7,3.5,99,0,70.0
2025-10-21T03:00,83.8,113.2,1819.0,55.5,27.4,33.0,167,77,60.0,,23.2,77,26.0,0.0,0.0,987.9,3.3,112,0,65.0
2025-10-21T04:00,83.6,112.9,1900.0,53.7,26.5,29.0,165,77,58.0,,22.7,79,25.6,0.0,0.0,987.8,3.3,131,0,60.0
2025-10-21T05:00,70.1,112.5,1882.0,29.4,24.0,53.0,164,70,81.0,,23.2,78,25.8,0.0,0.0,988.3,5.8,112,3,95.0
2025-10-21T06:00,77.5,106.2,1678.0,36.1,25.9,50.0,162,74,70.0,,23.8,77,26.7,0.0,0.0,989.0,4.1,165,2,135.0
2025-10-21T07:00,86.1,111.1,1374.0,44.8,28.7,47.0,161,78,56.0,,24.1,74,27.0,0.0,0.0,989.8,3.6,273,1,145.0
2025-10-21T08:00,84.5,109.4,1089.0,47.9,32.2,58.0,159,77,47.0,,25.9,64,28.6,0.0,0.0,990.7,2.6,168,0,175.0
2025-10-21T09:00,79.9,109.7,844.0,40.1,37.6,95.0,159,75,49.0,,28.3,52,30.4,0.0,0.0,990.9,3.8,180,1,605.0
2025-10-21T10:00,75.0,102.9,618.0,26.7,43.7,146.0,159,73,56.0,,30.1,43,31.5,0.0,0.0,990.8,4.9,156,1,1480.0
2025-10-21T11:00,69.6,100.6,464.0,16.0,46.4,185.0,159,105,60.0,,30.3,40,31.4,0.0,0.0,990.2,7.0,132,1,1725.0
2025-10-21T12:00,63.6,94.1,417.0,10.6,42.5,203.0,159,123,59.0,,30.4,39,31.2,0.1,0.1,989.5,5.4,146,51,1680.0
2025-10-21T13:00,62.4,89.9,441.0,7.8,35.3,209.0,160,129,56.0,,30.4,39,30.9,0.1,0.1,988.8,7.1,146,51,1730.0
2025-10-21T14:00,61.2,87.3,484.0,8.1,30.3,207.0,160,127,51.0,,30.1,40,30.8,0.1,0.1,987.9,7.0,148,51,1585.0
2025-10-21T15:00,61.2,79.9,536.0,12.0,29.9,195.0,161,115,44.0,,29.9,41,30.7,0.1,0.1,987.5,5.6,165,51,1540.0
2025-10-21T16:00,63.8,82.4,607.0,19.0,31.7,174.0,161,94,35.0,,29.3,42,30.1,0.0,0.0,987.4,6.0,177,0,985.0
2025-10-21T17:00,93.4,117.3,676.0,40.1,40.9,150.0,163,81,46.0,,30.1,37,30.8,0.0,0.0,987.0,2.9,248,2,1550.0
2025-10-21T18:00,106.6,130.4,720.0,56.3,43.4,118.0,172,87,41.0,,29.2,42,30.0,0.0,0.0,987.6,5.3,298,0,710.0
2025-10-21T19:00,125.7,144.4,761.0,78.5,46.7,74.0,167,94,35.0,,28.2,49,29.8,0.0,0.0,988.1,4.6,342,0,290.0
2025-10-21T20:00,134.1,149.5,844.0,94.7,48.8,40.0,166,98,30.0,,27.5,54,29.4,0.0,0.0,988.6,5.1,45,0,185.0
2025-10-21T21:00,137.8,154.6,1008.0,99.0,48.4,27.0,168,99,28.0,,26.6,59,28.7,0.0,0.0,988.6,5.2,65,0,155.0
2025-10-21T22:00,141.6,156.5,1214.0,97.2,46.6,24.0,170,101,26.0,,25.7,65,28.6,0.0,0.0,988.7,1.8,53,0,80.0
2025-10-21T23:00,143.4,157.9,1395.0,94.8,45.0,23.0,172,101,26.0,,25.9,67,29.3,0.0,0.0,988.7,0.7,166,1,15.0
2025-10-22T00:00,143.4,157.9,1539.0,93.2,43.8,20.0,174,101,26.0,,25.6,69,29.0,0.0,0.0,988.5,0.5,90,0,15.0
2025-10-22T01:00,143.0,157.4,1658.0,90.9,42.6,18.0,176,101,27.0,,25.2,69,28.5,0.0,0.0,988.7,1.0,45,0,80.0
2025-10-22T02:00,144.4,159.3,1720.0,89.0,42.2,16.0,178,102,28.0,,25.0,74,28.8,0.0,0.0,988.8,0.6,18,0,115.0
2025-10-22T03:00,147.1,162.5,1672.0,88.2,42.7,13.0,180,103,30.0,,24.7,75,28.6,0.0,0.0,988.7,0.0,270,0,120.0
2025-10-22T04:00,149.9,166.2,1568.0,87.8,43.9,10.0,182,104,32.0,,24.0,77,27.4,0.0,0.0,988.8,1.2,321,0,100.0
2025-10-22T05:00,158.3,178.3,1533.0,97.2,46.7,6.0,184,107,38.0,,23.8,85,28.1,0.0,0.0,988.6,0.9,143,0,40.0
2025-10-22T06:00,159.3,178.8,1703.0,94.2,47.3,16.0,186,108,38.0,,23.5,87,27.9,0.0,0.0,989.3,0.5,225,0,15.0
2025-10-22T07:00,166.2,185.8,1943.0,89.1,48.2,32.0,189,110,39.0,,24.1,84,28.0,0.0,0.0,990.2,3.9,292,0,70.0
2025-10-22T08:00,150.4,174.2,1977.0,79.0,49.3,57.0,191,104,45.0,,25.7,75,29.5,0.0,0.0,990.9,3.6,303,0,135.0
2025-10-22T09:00,116.6,164.8,1594.0,58.9,51.4,99.0,193,91,63.0,,28.2,61,31.4,0.0,0.0,991.3,3.9,304,0,355.0
2025-10-22T10:00,98.7,163.4,1005.0,33.6,53.8,150.0,194,83,87.0,,30.2,46,32.2,0.0,0.0,991.2,4.1,299,0,1280.0
2025-10-22T11:00,85.2,138.3,560.0,14.9,53.5,188.0,195,108,102.0,,30.8,46,33.0,0.0,0.0,990.7,6.8,299,0,1675.0
2025-10-22T12:00,78.7,122.0,416.0,7.8,48.4,203.0,195,123,99.0,,31.4,40,32.6,0.0,0.0,989.5,6.6,305,1,1630.0
2025-10-22T13:00,75.9,117.1,416.0,7.1,40.8,204.0,196,124,89.0,,32.0,35,32.9,0.0,0.0,988.6,6.6,292,1,1865.0
2025-10-22T14:00,74.3,117.8,443.0,9.1,34.6,198.0,196,118,85.0,,32.1,31,31.8,0.0,0.0,987.6,7.3,286,0,1855.0
2025-10-22T15:00,73.1,122.9,455.0,12.9,31.5,184.0,197,104,96.0,,31.9,30,31.4,0.0,0.0,986.9,8.1,291,0,1885.0
2025-10-22T16:00,74.3,131.8,493.0,19.3,29.8,162.0,197,82,115.0,,31.2,32,30.6,0.0,0.0,986.8,9.2,301,0,1835.0
2025-10-22T17:00,85.7,163.0,569.0,33.9,25.7,116.0,197,78,149.0,,30.3,32,29.5,0.0,0.0,986.6,9.0,296,0,570.0
2025-10-22T18:00,88.0,169.0,721.0,37.3,25.7,101.0,197,79,175.0,,29.5,32,28.5,0.0,0.0,987.1,8.8,311,0,495.0
2025-10-22T19:00,84.1,187.2,909.0,41.8,25.6,81.0,197,78,212.0,,28.8,32,28.1,0.0,0.0,987.8,6.0,314,0,265.0
2025-10-22T20:00,78.0,212.3,1027.0,44.4,25.0,65.0,195,85,257.0,,27.8,34,27.2,0.0,0.0,988.3,5.1,309,0,160.0
2025-10-22T21:00,77.3,246.8,1016.0,43.7,23.7,58.0,194,94,318.0,,26.9,38,26.5,0.0,0.0,988.6,5.6,291,0,120.0
2025-10-22T22:00,76.4,278.5,935.0,41.0,21.9,54.0,192,102,386.0,,25.8,43,25.7,0.0,0.0,988.4,5.2,301,0,100.0
2025-10-22T23:00,75.9,302.7,846.0,37.7,20.2,53.0,190,109,429.0,,25.0,52,25.9,0.0,0.0,988.5,4.4,308,0,120.0
2025-10-23T00:00,74.0,305.5,759.0,33.4,18.6,53.0,188,109,430.0,,24.6,52,25.1,0.0,0.0,988.5,5.4,300,0,120.0
2025-10-23T01:00,72.2,290.6,666.0,28.5,17.1,55.0,186,105,405.0,,24.0,51,24.1,0.0,0.0,988.3,6.1,302,0,110.0
2025-10-23T02:00,70.8,268.2,603.0,25.2,16.2,56.0,184,100,369.0,,23.3,51,23.3,0.0,0.0,987.8,5.6,295,0,100.0
2025-10-23T03:00,68.7,240.3,572.0,24.2,15.9,54.0,181,92,321.0,,22.6,53,22.5,0.0,0.0,987.6,5.6,285,0,90.0
2025-10-23T04:00,65.9,206.8,570.0,24.8,16.3,51.0,179,83,261.0,,22.0,54,22.0,0.0,0.0,987.6,5.0,300,0,85.0
2025-10-23T05:00,64.7,230.5,634.0,20.6,16.3,62.0,177,89,309.0,,21.6,64,22.4,0.0,0.0,987.9,4.8,281,0,80.0
2025-10-23T06:00,69.6,228.2,847.0,26.7,17.9,53.0,174,89,293.0,,21.2,68,22.1,0.0,0.0,988.6,4.8,295,0,90.0
2025-10-23T07:00,77.1,226.3,1124.0,34.9,20.3,42.0,171,88,269.0,,21.8,66,22.6,0.0,0.0,989.3,6.3,301,0,115.0
2025-10-23T08:00,79.4,206.3,1246.0,38.4,23.3,47.0,169,83,237.0,,23.7,59,24.9,0.0,0.0,990.0,4.0,306,0,150.0
2025-10-23T09:00,77.5,197.4,1061.0,33.0,27.9,83.0,166,81,189.0,,26.5,50,27.7,0.0,0.0,990.4,4.1,326,0,235.0
2025-10-23T10:00,63.1,145.3,721.0,23.1,33.1,136.0,165,68,133.0,,29.2,42,30.0,0.0,0.0,990.3,5.8,340,0,705.0
2025-10-23T11:00,52.2,99.7,462.0,14.8,35.5,175.0,164,95,92.0,,30.9,32,31.0,0.0,0.0,989.9,8.6,337,0,2135.0
2025-10-23T12:00,40.7,77.8,382.0,9.5,32.6,190.0,163,110,77.0,,31.4,28,31.1,0.0,0.0,989.1,8.2,334,0,2350.0
2025-10-23T13:00,36.9,75.0,384.0,5.8,27.0,192.0,162,112,77.0,,31.7,27,31.3,0.0,0.0,988.2,7.3,320,0,2420.0
2025-10-23T14:00,36.2,78.2,408.0,6.2,22.9,186.0,161,106,82.0,,31.8,26,30.9,0.0,0.0,987.1,7.4,304,0,2500.0
2025-10-23T15:00,37.0,85.2,430.0,13.1,22.2,171.0,160,91,90.0,,31.4,26,30.0,0.0,0.0,986.8,8.5,295,0,2435.0
2025-10-23T16:00,39.7,96.2,473.0,24.0,22.9,147.0,159,74,104.0,,30.5,28,29.0,0.0,0.0,986.7,9.7,297,0,1865.0
2025-10-23T17:00,58.1,117.8,556.0,38.2,24.6,118.0,158,64,115.0,,29.7,27,27.9,0.0,0.0,986.8,9.2,298,0,1010.0
2025-10-23T18:00,63.8,134.1,708.0,40.2,24.9,105.0,157,67,133.0,,28.8,28,27.2,0.0,0.0,987.6,8.2,308,0,490.0
2025-10-23T19:00,66.1,152.3,898.0,43.0,25.4,86.0,156,69,158.0,,28.2,30,27.1,0.0,0.0,987.9,5.0,314,0,355.0
2025-10-23T20:00,66.8,159.7,1051.0,45.8,25.7,70.0,156,71,177.0,,27.3,33,26.8,0.0,0.0,988.2,2.3,309,0,110.0
2025-10-23T21:00,68.9,159.7,1134.0,48.6,25.8,59.0,155,71,185.0,,26.6,34,26.2,0.0,0.0,988.3,1.4,293,0,55.0
2025-10-23T22:00,71.9,166.7,1180.0,51.4,25.7,51.0,155,72,187.0,,25.0,38,24.4,0.0,0.0,988.1,3.6,273,0,50.0
2025-10-23T23:00,72.2,171.4,1214.0,52.9,25.4,45.0,155,74,188.0,,24.3,47,24.4,0.0,0.0,988.2,4.1,272,0,60.0
2025-10-24T00:00,70.5,171.8,1253.0,51.9,24.7,41.0,155,74,190.0,,23.4,52,23.6,0.0,0.0,987.9,4.0,260,0,45.0
2025-10-24T01:00,71.2,173.2,1280.0,49.6,23.9,39.0,155,74,190.0,,22.5,56,23.1,0.0,0.0,987.5,3.3,248,0,30.0
2025-10-24T02:00,74.0,175.1,1264.0,48.8,23.5,36.0,155,75,189.0,,21.6,59,22.1,0.0,0.0,987.4,4.2,258,0,35.0
2025-10-24T03:00,76.8,176.0,1145.0,51.0,23.6,29.0,155,75,188.0,,20.8,64,21.2,0.0,0.0,987.2,5.2,266,0,50.0
2025-10-24T04:00,79.2,177.0,984.0,54.6,24.2,21.0,155,75,184.0,,20.2,66,20.5,0.0,0.0,987.3,5.5,243,0,45.0
2025-10-24T05:00,104.5,238.4,935.0,76.7,33.7,2.0,155,92,247.0,,20.2,73,21.0,0.0,0.0,987.8,6.0,265,0,55.0
2025-10-24T06:00,108.3,240.3,1150.0,74.5,34.1,8.0,157,92,215.0,,20.2,72,21.0,0.0,0.0,988.5,5.4,255,0,60.0
2025-10-24T07:00,114.3,219.3,1477.0,70.7,34.6,18.0,158,90,172.0,,21.2,66,21.9,0.0,0.0,989.2,6.0,253,0,65.0
2025-10-24T08:00,98.7,174.6,1609.0,63.0,35.4,39.0,159,83,142.0,,23.5,58,24.6,0.0,0.0,990.1,2.9,263,0,105.0
2025-10-24T09:00,76.4,160.7,1344.0,47.5,37.0,81.0,159,73,140.0,,26.6,45,27.4,0.0,0.0,990.5,2.4,279,0,185.0
2025-10-24T10:00,60.1,146.2,884.0,28.1,38.9,134.0,159,67,151.0,,29.2,35,29.7,0.0,0.0,990.2,2.3,302,0,615.0
2025-10-24T11:00,51.6,132.2,532.0,13.5,39.1,174.0,159,94,156.0,,30.5,27,30.6,0.0,0.0,989.8,3.1,280,0,2140.0
2025-10-24T12:00,49.9,119.2,414.0,7.2,36.1,191.0,159,111,144.0,,31.6,24,31.7,0.0,0.0,989.0,3.7,305,0,2200.0
2025-10-24T13:00,48.8,110.1,403.0,5.8,31.5,195.0,160,115,125.0,,32.1,23,31.8,0.0,0.0,987.9,4.3,315,0,2395.0
2025-10-24T14:00,48.2,104.1,424.0,7.9,28.1,191.0,160,111,109.0,,32.2,22,31.1,0.0,0.0,986.9,4.8,326,0,2505.0
2025-10-24T15:00,48.2,99.7,451.0,13.5,27.0,178.0,160,98,97.0,,31.8,24,30.5,0.0,0.0,986.2,5.8,326,0,2495.0
2025-10-24T16:00,49.9,96.9,509.0,22.6,27.2,158.0,161,79,87.0,,30.8,26,29.6,0.0,0.0,986.1,6.5,330,0,2430.0
2025-10-24T17:00,66.1,100.6,595.0,45.0,32.9,131.0,161,68,67.0,,29.0,29,28.3,0.0,0.0,986.2,3.2,360,0,265.0
2025-10-24T18:00,78.0,110.8,692.0,53.8,34.0,107.0,161,74,60.0,,28.0,40,28.9,0.0,0.0,986.6,0.6,304,0,45.0
2025-10-24T19:00,88.5,115.9,815.0,66.0,35.5,74.0,162,79,51.0,,27.3,39,27.7,0.0,0.0,986.9,1.4,140,0,45.0
2025-10-24T20:00,92.9,117.6,1012.0,75.8,36.8,47.0,162,81,47.0,,26.1,43,26.4,0.0,0.0,987.0,3.5,125,0,60.0
2025-10-24T21:00,98.7,124.8,1384.0,80.8,37.5,33.0,163,83,50.0,,25.3,50,26.4,0.0,0.0,987.4,1.7,122,0,50.0
2025-10-24T22:00,104.1,134.1,1828.0,83.3,38.0,26.0,164,86,58.0,,24.8,52,25.9,0.0,0.0,987.5,1.3,172,0,35.0
2025-10-24T23:00,106.4,142.0,2083.0,84.7,38.4,21.0,165,87,67.0,,23.8,53,24.5,0.0,0.0,987.2,3.3,193,0,40.0
2025-10-25T00:00,106.9,147.6,1988.0,85.0,38.9,18.0,166,87,77.0,,23.0,54,23.2,0.0,0.0,986.8,5.1,197,0,50.0
2025-10-25T01:00,108.3,154.6,1704.0,84.2,39.3,18.0,167,87,88.0,,22.2,53,22.0,0.0,0.0,986.2,6.0,209,0,45.0
2025-10-25T02:00,110.1,162.1,1448.0,83.5,39.9,17.0,168,88,98.0,,21.6,55,21.5,0.0,0.0,985.9,5.2,241,0,45.0
2025-10-25T03:00,112.0,169.0,1254.0,83.5,40.5,14.0,169,89,109.0,,20.9,58,20.9,0.0,0.0,985.8,4.9,246,0,45.0
2025-10-25T04:00,113.9,175.6,1089.0,83.5,41.3,10.0,170,90,120.0,,20.1,62,20.3,0.0,0.0,986.1,3.8,259,0,40.0
2025-10-25T05:00,139.2,186.3,1074.0,97.2,42.5,0.0,171,100,89.0,,19.7,76,20.9,0.0,0.0,987.2,3.4,295,0,55.0
2025-10-25T06:00,147.1,195.6,1390.0,92.0,40.8,10.0,172,103,84.0,,19.9,76,21.5,0.0,0.0,987.7,1.3,278,0,40.0
2025-10-25T07:00,151.8,192.8,1856.0,84.2,38.6,26.0,173,105,78.0,,21.2,69,22.7,0.0,0.0,988.3,1.7,212,0,20.0
2025-10-25T08:00,127.6,169.0,2050.0,72.9,38.3,50.0,175,95,78.0,,23.7,59,25.2,0.0,0.0,989.0,1.5,339,0,80.0
2025-10-25T09:00,98.0,152.7,1690.0,55.1,42.4,90.0,175,83,93.0,,26.7,46,27.8,0.0,0.0,989.5,1.3,352,0,200.0
2025-10-25T10:00,77.1,143.9,1059.0,33.8,48.5,138.0,176,74,115.0,,29.2,36,29.8,0.0,0.0,989.6,1.1,18,0,1670.0
2025-10-25T11:00,62.6,128.5,580.0,17.7,51.0,174.0,177,94,127.0,,29.8,30,30.5,0.0,0.0,989.2,1.0,211,0,1990.0
2025-10-25T12:00,54.1,111.1,438.0,9.7,46.3,191.0,177,111,122.0,,31.2,27,31.8,0.0,0.0,988.4,2.5,225,0,2270.0
2025-10-25T13:00,52.5,104.5,449.0,6.8,38.2,195.0,177,115,108.0,,31.6,26,31.6,0.0,0.0,987.5,4.6,225,0,2305.0
2025-10-25T14:00,51.6,100.1,486.0,9.1,32.3,191.0,177,111,94.0,,31.7,26,31.0,0.0,0.0,986.6,5.7,235,0,2315.0
2025-10-25T15:00,50.9,95.5,501.0,17.8,31.1,176.0,177,96,82.0,,31.3,26,30.2,0.0,0.0,986.1,6.4,245,0,2315.0
2025-10-25T16:00,52.6,90.3,542.0,31.6,32.2,152.0,177,76,69.0,,30.4,27,29.4,0.0,0.0,986.2,5.2,276,0,2215.0
2025-10-25T17:00,78.9,121.5,632.0,49.5,39.4,133.0,177,74,82.0,,28.8,30,28.1,0.0,0.0,986.0,2.9,300,0,220.0
2025-10-25T18:00,91.5,129.9,793.0,64.0,40.5,104.0,178,81,77.0,,27.4,33,26.8,0.0,0.0,986.4,3.6,354,0,350.0
2025-10-25T19:00,103.6,138.3,1003.0,84.2,42.2,64.0,178,85,71.0,,26.7,35,26.1,0.0,0.0,986.9,3.8,31,0,240.0
2025-10-25T20:00,115.0,149.9,1215.0,100.3,44.6,33.0,179,90,66.0,,26.0,40,26.0,0.0,0.0,987.3,2.7,70,0,100.0
2025-10-25T21:00,126.2,162.1,1443.0,108.9,48.4,21.0,179,94,65.0,,25.4,41,25.5,0.0,0.0,987.8,2.0,90,0,70.0
2025-10-25T22:00,133.6,170.0,1675.0,113.4,52.8,18.0,180,97,67.0,,24.6,44,24.8,0.0,0.0,988.1,2.1,110,0,55.0
2025-10-25T23:00,136.4,172.3,1824.0,114.9,55.6,17.0,181,99,68.0,,24.1,49,24.6,0.0,0.0,988.2,1.9,112,0,40.0
2025-10-26T00:00,136.0,171.8,1838.0,112.8,55.5,17.0,182,98,68.0,,23.5,52,24.3,0.0,0.0,988.3,1.1,108,0,30.0
2025-10-26T01:00,135.5,171.4,1770.0,107.7,53.7,19.0,183,98,68.0,,22.4,55,23.0,0.0,0.0,988.1,2.4,126,0,35.0
2025-10-26T02:00,135.5,171.4,1697.0,102.2,51.7,20.0,184,98,68.0,,21.3,59,21.5,0.0,0.0,987.9,4.5,127,0,35.0
2025-10-26T03:00,136.4,174.2,1601.0,97.0,49.9,18.0,184,99,70.0,,21.0,59,20.9,0.0,0.0,987.9,6.5,136,0,50.0
2025-10-26T04:00,139.7,178.8,1499.0,91.5,48.0,16.0,185,100,73.0,,20.0,64,20.2,0.0,0.0,987.8,5.0,125,0,45.0
2025-10-26T05:00,139.2,175.6,1521.0,76.2,41.7,25.0,186,100,68.0,,19.3,69,19.8,0.0,0.0,988.0,4.3,123,0,45.0
2025-10-26T06:00,141.6,175.1,1851.0,76.1,40.0,33.0,186,101,65.0,,18.9,70,19.3,0.0,0.0,988.5,4.8,117,0,50.0
2025-10-26T07:00,148.1,178.8,2303.0,75.2,37.8,46.0,186,103,61.0,,20.2,66,20.6,0.0,0.0,989.2,5.2,151,0,55.0
2025-10-26T08:00,128.5,159.7,2452.0,69.4,37.3,66.0,185,95,59.0,,22.7,59,23.6,0.0,0.0,990.1,3.6,120,0,90.0
2025-10-26T09:00,103.1,136.4,1991.0,54.2,40.9,98.0,186,85,61.0,,25.8,47,26.5,0.0,0.0,990.4,2.9,97,0,195.0
2025-10-26T10:00,76.4,110.8,1225.0,34.1,46.2,137.0,186,73,65.0,,28.2,38,28.5,0.0,0.0,990.3,4.0,111,0,645.0
2025-10-26T11:00,55.6,91.5,646.0,18.7,48.2,166.0,186,86,69.0,,29.6,33,30.2,0.0,0.0,989.9,3.8,139,0,1385.0
2025-10-26T12:00,49.6,91.5,463.0,10.9,43.3,181.0,185,101,72.0,,30.7,28,31.3,0.0,0.0,989.1,2.7,143,0,1655.0
2025-10-26T13:00,47.1,86.8,465.0,7.7,35.1,187.0,185,107,74.0,,31.4,25,31.3,0.0,0.0,988.2,4.0,144,0,1980.0
2025-10-26T14:00,46.4,83.8,513.0,9.8,29.5,184.0,185,104,73.0,,31.6,24,30.5,0.0,0.0,987.4,5.7,145,0,2165.0
2025-10-26T15:00,47.0,82.4,572.0,18.8,29.0,170.0,185,90,66.0,,31.2,24,29.6,0.0,0.0,986.8,7.1,144,0,2155.0
2025-10-26T16:00,51.1,81.3,677.0,33.2,31.2,147.0,185,74,56.0,,30.4,25,28.8,0.0,0.0,986.3,6.8,140,0,2000.0
2025-10-26T17:00,63.8,88.5,789.0,59.9,36.5,114.0,185,67,48.0,,29.0,34,29.4,0.0,0.0,986.7,0.8,117,0,40.0
2025-10-26T18:00,78.5,104.8,865.0,70.2,38.6,92.0,184,74,49.0,,27.7,36,27.9,0.0,0.0,987.0,0.9,11,0,50.0
2025-10-26T19:00,95.0,121.1,948.0,84.6,41.5,62.0,184,82,50.0,,26.8,40,27.0,0.0,0.0,987.3,2.5,45,0,265.0
2025-10-26T20:00,105.9,132.7,1133.0,96.1,44.2,38.0,184,86,51.0,,26.2,44,26.8,0.0,0.0,988.1,1.6,90,0,145.0
2025-10-26T21:00,115.0,144.4,1568.0,102.2,46.4,27.0,183,90,53.0,,25.6,46,26.3,0.0,0.0,988.4,1.8,135,0,95.0
2025-10-26T22:00,121.5,151.8,2103.0,105.4,48.4,23.0,183,93,55.0,,24.9,49,25.8,0.0,0.0,988.2,1.5,111,3,60.0
2025-10-26T23:00,121.1,150.9,2388.0,107.1,49.2,20.0,183,92,56.0,,23.7,53,24.2,0.0,0.0,988.3,4.1,139,3,60.0
2025-10-27T00:00,117.6,145.3,2180.0,107.3,48.1,17.0,182,91,55.0,,22.6,59,23.3,0.0,0.0,988.0,4.3,132,2,50.0
2025-10-27T01:00,115.3,142.0,1721.0,105.9,45.8,16.0,182,90,52.0,,22.0,61,22.7,0.0,0.0,987.7,4.2,110,2,50.0
2025-10-27T02:00,116.4,143.0,1382.0,104.1,43.9,14.0,181,91,50.0,,21.5,62,22.2,0.0,0.0,987.5,4.4,122,0,45.0
2025-10-27T03:00,119.7,146.2,1310.0,102.5,43.1,10.0,181,92,50.0,,21.4,63,22.2,0.0,0.0,987.1,3.4,115,0,40.0
2025-10-27T04:00,123.4,150.4,1358.0,100.5,42.7,6.0,180,93,50.0,,20.9,65,21.9,0.0,0.0,987.2,2.5,111,0,45.0
2025-10-27T05:00,112.9,135.0,1451.0,96.2,37.5,7.0,180,89,42.0,,20.6,66,21.6,0.0,0.0,987.3,2.0,95,0,50.0
2025-10-27T06:00,124.3,147.1,1650.0,91.6,36.9,14.0,179,94,41.0,,20.3,68,21.3,0.0,0.0,987.8,2.2,55,0,60.0
2025-10-27T07:00,137.8,156.5,1894.0,84.6,36.3,26.0,178,99,41.0,,21.3,66,22.5,0.0,0.0,988.9,2.2,90,0,60.0
2025-10-27T08:00,116.6,143.4,1933.0,73.8,37.1,48.0,178,91,50.0,,23.4,57,24.4,0.0,0.0,989.7,3.3,49,0,100.0
2025-10-27T09:00,89.2,122.0,1563.0,55.7,41.0,89.0,178,80,78.0,,26.1,48,26.9,0.0,0.0,990.5,3.9,56,0,195.0
2025-10-27T10:00,70.5,113.9,988.0,33.8,46.2,140.0,177,70,116.0,,28.5,39,28.8,0.0,0.0,990.4,4.3,68,1,840.0
2025-10-27T11:00,67.5,140.6,565.0,17.9,48.9,177.0,177,97,141.0,,29.1,38,29.5,0.0,0.0,990.1,6.0,73,3,1480.0
2025-10-27T12:00,64.3,142.5,456.0,11.3,46.5,190.0,177,110,142.0,,30.3,34,30.3,0.0,0.0,989.3,6.5,92,3,1720.0
2025-10-27T13:00,61.5,130.4,498.0,10.7,41.6,189.0,178,109,130.0,,30.0,35,29.6,0.0,0.0,988.8,8.2,113,3,1900.0
2025-10-27T14:00,60.1,121.5,564.0,15.1,38.1,179.0,178,99,119.0,,28.8,41,28.5,0.0,0.0,987.9,11.2,135,3,1625.0
2025-10-27T15:00,60.1,120.1,619.0,27.3,38.1,156.0,179,78,111.0,,25.9,51,25.4,0.0,0.0,988.1,14.3,146,3,485.0
2025-10-27T16:00,64.5,119.7,697.0,44.6,39.5,125.0,179,67,104.0,,24.8,48,24.4,0.0,0.0,988.1,9.2,147,3,295.0
2025-10-27T17:00,68.9,226.3,771.0,31.3,31.8,113.0,179,88,301.0,,25.8,47,25.3,0.0,0.0,988.5,10.7,163,3,425.0
2025-10-27T18:00,72.4,246.8,832.0,32.5,33.7,104.0,180,94,289.0,,24.7,49,24.1,0.0,0.0,988.8,10.9,158,3,410.0
2025-10-27T19:00,72.2,232.8,889.0,34.2,36.4,90.0,179,90,270.0,,23.8,57,23.8,0.0,0.0,989.4,9.7,161,3,375.0
2025-10-27T20:00,70.5,200.2,944.0,35.6,38.3,79.0,179,81,245.0,,23.2,64,24.0,0.0,0.0,989.7,7.7,155,3,320.0
2025-10-27T21:00,71.0,173.7,1008.0,36.6,38.6,72.0,178,74,207.0,,22.7,69,24.0,0.0,0.0,990.2,6.4,158,3,265.0
2025-10-27T22:00,73.3,157.4,1070.0,37.4,38.2,67.0,176,72,163.0,,22.3,71,23.9,0.0,0.0,990.4,5.2,168,3,205.0
2025-10-27T23:00,75.9,143.0,1094.0,37.8,37.8,63.0,175,73,127.0,,22.1,74,23.7,0.0,0.0,990.4,6.4,164,3,240.0
2025-10-28T00:00,78.7,135.0,1043.0,37.2,37.7,60.0,174,74,107.0,,21.9,76,24.0,0.0,0.0,990.5,4.0,153,3,200.0
2025-10-28T01:00,82.2,131.3,955.0,36.3,37.5,58.0,172,76,95.0,,21.6,78,23.9,0.0,0.0,990.2,2.8,125,3,130.0
2025-10-28T02:00,86.4,132.2,907.0,37.1,37.6,53.0,171,78,86.0,,21.3,81,23.7,0.0,0.0,990.0,2.5,159,3,80.0
2025-10-28T03:00,91.0,135.5,920.0,41.4,37.8,42.0,171,80,80.0,,21.3,82,24.2,0.0,0.0,989.7,0.4,333,3,30.0
2025-10-28T04:00,95.2,136.9,972.0,47.4,38.1,30.0,170,82,78.0,,21.4,79,23.8,0.0,0.0,989.3,2.6,25,3,95.0
2025-10-28T05:00,95.9,133.6,1079.0,43.3,35.8,38.0,169,82,71.0,,22.0,80,24.7,0.0,0.0,989.9,1.8,84,3,95.0
2025-10-28T06:00,103.8,138.3,1320.0,42.8,38.4,43.0,168,86,63.0,,22.0,78,24.7,0.0,0.0,990.7,1.9,61,3,120.0
2025-10-28T07:00,110.6,136.0,1615.0,41.9,42.0,50.0,168,88,52.0,,22.3,75,24.6,0.0,0.0,991.3,3.4,65,3,140.0
2025-10-28T08:00,89.9,113.2,1741.0,39.3,44.1,60.0,167,80,44.0,,22.7,74,24.9,0.0,0.0,991.5,4.0,51,3,185.0
2025-10-28T09:00,68.7,88.9,1544.0,33.7,43.9,76.0,166,69,42.0,,23.4,70,25.5,0.0,0.0,991.8,4.4,52,3,280.0
2025-10-28T10:00,54.8,74.7,1176.0,26.5,42.2,94.0,166,62,43.0,,24.7,63,26.6,0.0,0.0,991.8,4.0,100,3,675.0
2025-10-28T11:00,48.1,72.4,875.0,20.4,39.6,111.0,165,59,47.0,,25.4,58,27.1,0.0,0.0,991.4,3.5,111,3,895.0
2025-10-28T12:00,48.7,80.3,722.0,15.7,35.3,126.0,165,63,57.0,,25.5,57,27.0,0.0,0.0,990.6,4.3,95,3,835.0
2025-10-28T13:00,48.9,86.4,635.0,12.1,30.0,139.0,164,70,71.0,,26.2,53,27.4,0.0,0.0,989.8,6.0,106,3,1065.0
2025-10-28T14:00,47.3,88.5,601.0,11.5,26.2,143.0,164,72,79.0,,26.3,55,27.6,0.0,0.0,989.3,6.5,103,3,930.0
2025-10-28T15:00,45.8,87.5,611.0,15.0,25.0,135.0,163,68,77.0,,26.6,53,27.9,0.0,0.0,988.8,6.0,99,3,1055.0
2025-10-28T16:00,46.7,84.3,675.0,21.5,25.2,119.0,163,59,69.0,,26.3,55,27.6,0.0,0.0,988.6,6.7,109,3,1070.0
2025-10-28T17:00,55.6,91.5,807.0,36.4,31.3,90.0,162,63,69.0,,24.8,66,26.7,0.0,0.0,988.8,6.9,135,3,420.0
2025-10-28T18:00,68.9,96.2,1063.0,48.7,33.1,71.0,162,69,63.0,,23.9,72,26.2,0.0,0.0,989.1,5.4,138,3,270.0
2025-10-28T19:00,80.1,105.7,1388.0,65.6,35.7,44.0,162,75,54.0,,23.4,75,25.5,0.0,0.0,989.7,6.8,145,3,260.0
2025-10-28T20:00,87.1,112.2,1625.0,78.9,38.0,23.0,162,79,48.0,,22.6,80,25.1,0.0,0.0,989.9,5.6,149,3,225.0
2025-10-28T21:00,92.9,117.3,1702.0,84.7,39.5,13.0,163,81,47.0,,22.1,84,24.7,0.0,0.0,990.5,5.6,163,3,195.0
2025-10-28T22:00,98.3,122.9,1693.0,86.9,40.7,9.0,163,83,48.0,,21.6,87,24.7,0.0,0.0,990.2,2.9,180,3,110.0
2025-10-28T23:00,101.5,128.1,1659.0,87.9,41.7,6.0,164,85,50.0,,21.3,86,24.1,0.0,0.0,990.4,3.6,171,3,105.0
2025-10-29T00:00,105.9,135.0,1622.0,89.0,43.0,3.0,165,86,53.0,,21.0,88,24.0,0.0,0.0,990.2,2.4,207,3,70.0
2025-10-29T01:00,111.5,143.0,1562.0,89.1,44.1,1.0,166,89,57.0,,20.9,89,24.0,0.0,0.0,989.8,1.6,270,3,40.0
2025-10-29T02:00,114.6,144.4,1475.0,87.1,44.3,0.0,166,90,57.0,,20.8,90,23.8,0.0,0.0,989.5,1.9,292,3,45.0
2025-10-29T03:00,110.8,136.0,1331.0,81.9,42.6,0.0,167,88,51.0,,20.7,89,23.6,0.0,0.0,989.2,2.7,332,3,95.0
2025-10-29T04:00,105.2,126.7,1160.0,74.8,39.9,2.0,168,86,42.0,,20.7,88,23.4,0.0,0.0,988.6,3.0,346,3,125.0
2025-10-29T05:00,94.5,149.0,1058.0,50.0,33.2,12.0,168,82,102.0,,20.2,87,22.6,0.0,0.0,988.6,3.5,339,3,120.0
2025-10-29T06:00,97.1,136.9,1109.0,48.5,33.9,13.0,168,83,89.0,,20.3,86,22.7,0.0,0.0,988.8,3.0,346,1,115.0
2025-10-29T07:00,99.7,136.0,1228.0,46.0,35.0,15.0,168,84,72.0,,21.1,81,23.3,0.0,0.0,989.5,3.8,335,0,115.0
2025-10-29T08:00,96.2,131.8,1252.0,41.6,36.8,29.0,168,82,68.0,,22.8,73,25.0,0.0,0.0,989.7,3.6,330,0,250.0
2025-10-29T09:00,84.8,122.9,1075.0,33.5,40.4,65.0,168,77,91.0,,25.0,64,26.9,0.0,0.0,990.0,5.5,341,2,515.0
2025-10-29T10:00,72.2,122.9,804.0,23.4,44.7,112.0,168,71,128.0,,26.9,55,28.1,0.0,0.0,989.5,8.6,349,0,710.0
2025-10-29T11:00,72.6,153.2,595.0,15.6,46.8,151.0,169,76,155.0,,27.7,53,29.6,0.0,0.0,989.2,7.6,5,0,1025.0
2025-10-29T12:00,72.9,157.4,512.0,10.9,44.5,174.0,169,94,160.0,,28.6,50,30.6,0.0,0.0,988.7,6.7,360,0,1215.0
2025-10-29T13:00,70.1,150.4,492.0,8.4,40.0,189.0,170,109,155.0,,29.2,47,31.0,0.0,0.0,987.6,6.1,360,3,1295.0
2025-10-29T14:00,67.1,144.4,495.0,9.5,36.9,193.0,171,113,150.0,,29.2,46,30.6,0.0,0.0,986.6,5.6,356,3,1330.0
2025-10-29T15:00,66.1,145.3,514.0,15.0,36.8,184.0,171,104,147.0,,29.0,46,30.2,0.0,0.0,986.0,6.3,7,3,1160.0
2025-10-29T16:00,67.5,144.8,557.0,24.0,38.0,165.0,172,85,143.0,,28.4,48,29.8,0.0,0.0,985.9,5.6,2,3,1170.0
2025-10-29T17:00,77.5,153.7,609.0,35.1,35.2,124.0,173,74,147.0,,27.9,48,29.4,0.0,0.0,986.3,3.6,18,3,1045.0
2025-10-29T18:00,90.1,171.8,669.0,45.4,36.5,102.0,173,80,162.0,,27.1,52,28.8,0.0,0.0,986.2,3.4,25,3,390.0
2025-10-29T19:00,101.5,195.1,739.0,59.7,38.1,72.0,174,85,185.0,,26.7,54,28.4,0.0,0.0,986.5,4.0,30,2,320.0
2025-10-29T20:00,109.9,221.7,811.0,70.8,39.0,48.0,175,88,213.0,,26.0,61,28.5,0.0,0.0,987.0,1.9,49,2,215.0
2025-10-29T21:00,117.1,249.6,897.0,76.1,38.5,36.0,175,95,248.0,,25.9,60,28.5,0.0,0.0,987.4,0.7,346,0,205.0
2025-10-29T22:00,123.4,275.7,985.0,78.2,37.3,29.0,176,102,289.0,,25.3,61,27.5,0.0,0.0,987.3,2.4,351,0,160.0
2025-10-29T23:00,127.1,302.7,1026.0,77.4,35.6,26.0,177,109,329.0,,24.8,66,27.2,0.0,0.0,987.4,2.8,18,3,115.0
2025-10-30T00:00,129.9,326.0,977.0,72.7,33.2,26.0,177,115,372.0,,24.7,63,26.7,0.0,0.0,987.1,4.3,24,3,120.0
2025-10-30T01:00,129.0,341.8,882.0,65.1,30.4,29.0,178,119,415.0,,24.1,66,26.2,0.0,0.0,986.8,4.1,23,3,100.0
2025-10-30T02:00,124.8,359.5,818.0,57.5,28.2,33.0,179,124,440.0,,24.0,67,26.0,0.0,0.0,986.8,4.7,32,3,110.0
2025-10-30T03:00,120.6,366.9,798.0,49.5,26.8,38.0,179,126,446.0,,23.5,69,25.4,0.0,0.0,986.4,5.5,41,3,120.0
2025-10-30T04:00,117.1,357.6,810.0,41.6,25.9,45.0,179,123,434.0,,23.1,72,25.1,0.0,0.0,986.9,4.8,65,3,140.0
2025-10-30T05:00,91.5,170.0,895.0,26.4,24.8,63.0,180,81,149.0,,22.9,78,25.7,0.0,0.0,987.1,3.0,128,3,135.0
2025-10-30T06:00,89.6,136.4,1143.0,31.6,25.9,57.0,180,80,112.0,,22.6,80,25.5,0.0,0.0,987.6,2.7,217,3,100.0
2025-10-30T07:00,92.4,119.2,1464.0,38.5,27.7,51.0,179,81,60.0,,23.0,78,26.0,0.0,0.0,988.2,1.9,221,3,90.0
2025-10-30T08:00,87.1,99.2,1629.0,42.2,30.4,54.0,179,79,23.0,,23.4,76,26.7,0.0,0.0,988.8,0.7,166,3,150.0
2025-10-30T09:00,78.7,85.2,1493.0,39.2,34.6,76.0,179,74,14.0,,24.8,72,28.2,0.0,0.0,989.4,0.6,326,3,275.0
2025-10-30T10:00,71.2,82.7,1200.0,32.9,39.9,107.0,179,71,20.0,,26.1,68,29.4,0.0,0.0,989.4,2.6,129,3,535.0
2025-10-30T11:00,69.4,82.0,953.0,28.4,45.0,132.0,179,70,24.0,,27.3,65,30.5,0.0,0.0,988.9,4.9,141,3,885.0
2025-10-30T12:00,68.9,78.0,811.0,27.2,49.9,146.0,179,73,21.0,,27.3,61,30.0,0.1,0.1,988.2,4.6,149,51,850.0
2025-10-30T13:00,69.8,78.0,715.0,27.8,54.7,154.0,178,77,17.0,,26.9,63,29.6,0.0,0.0,987.5,5.0,150,3,700.0
2025-10-30T14:00,70.3,77.5,685.0,30.1,58.5,157.0,178,79,14.0,,26.7,64,29.5,0.0,0.0,986.7,4.5,130,3,505.0
2025-10-30T15:00,70.8,77.1,735.0,33.3,60.6,155.0,179,78,12.0,,26.4,65,29.3,0.0,0.0,986.0,3.7,141,3,430.0
2025-10-30T16:00,72.6,78.5,852.0,38.4,61.7,147.0,179,74,11.0,,26.1,66,29.1,0.0,0.0,985.9,2.7,148,3,360.0
2025-10-30T17:00,83.6,87.3,1013.0,50.7,62.8,114.0,179,77,7.0,,24.9,75,28.5,0.0,0.0,986.1,2.2,132,3,275.0
2025-10-30T18:00,103.4,106.9,1227.0,69.8,69.0,88.0,179,85,7.0,,24.8,77,28.4,0.0,0.0,986.1,2.9,112,1,235.0
2025-10-30T19:00,121.5,124.8,1487.0,96.3,77.7,53.0,179,93,7.0,,24.0,83,27.7,0.0,0.0,986.7,3.9,114,3,170.0
2025-10-30T20:00,137.8,141.6,1747.0,117.4,85.5,25.0,180,99,7.0,,23.5,88,27.3,0.0,0.0,987.3,5.7,143,3,155.0
2025-10-30T21:00,153.7,156.9,2040.0,127.7,91.8,13.0,181,105,6.0,,23.2,91,27.4,0.0,0.0,987.7,3.9,152,3,115.0
2025-10-30T22:00,164.4,167.2,2334.0,132.5,97.3,9.0,182,110,6.0,,23.1,93,27.4,0.0,0.0,987.8,3.9,152,3,130.0
2025-10-30T23:00,163.0,165.8,2491.0,134.9,100.5,7.0,183,109,5.0,,22.9,95,26.9,0.0,0.0,988.1,6.3,156,3,255.0
2025-10-31T00:00,161.1,163.4,2420.0,135.2,100.6,4.0,184,108,5.0,,22.9,94,26.8,0.0,0.0,987.8,5.8,158,3,275.0
2025-10-31T01:00,161.6,163.9,2213.0,133.1,98.4,3.0,185,109,4.0,,22.7,94,26.8,0.0,0.0,987.6,4.4,161,3,255.0
2025-10-31T02:00,160.7,162.5,2006.0,130.1,95.5,2.0,186,108,4.0,,22.5,94,26.5,0.0,0.0,987.3,4.4,189,3,235.0
2025-10-31T03:00,159.7,162.1,1851.0,127.1,92.1,0.0,187,108,4.0,,22.3,95,26.4,0.0,0.0,987.0,3.4,205,3,190.0
2025-10-31T04:00,157.4,159.7,1697.0,123.3,88.0,0.0,188,107,5.0,,22.1,96,26.4,0.0,0.0,986.7,1.8,186,3,135.0
2025-10-31T05:00,97.1,105.0,1530.0,54.3,43.5,19.0,190,83,15.0,,21.6,96,25.7,0.0,0.0,986.4,1.1,288,3,35.0
2025-10-31T06:00,102.7,112.5,1331.0,52.0,44.3,23.0,190,85,20.0,,21.4,97,25.5,0.0,0.0,986.8,1.8,233,3,110.0
2025-10-31T07:00,108.7,121.1,1119.0,48.5,45.4,30.0,190,87,28.0,,22.2,95,25.9,0.0,0.0,987.4,5.2,258,3,145.0
2025-10-31T08:00,91.3,109.0,936.0,43.1,45.5,45.0,191,81,33.0,,23.2,90,26.9,0.0,0.0,987.8,6.4,280,3,255.0
2025-10-31T09:00,65.4,87.8,798.0,34.2,44.0,75.0,191,68,34.0,,24.9,79,28.3,0.0,0.0,988.0,6.5,309,1,515.0
2025-10-31T10:00,55.6,72.6,690.0,23.3,41.6,114.0,190,63,33.0,,26.6,68,29.8,0.0,0.0,988.1,5.3,308,1,825.0
2025-10-31T11:00,56.5,73.8,602.0,14.9,38.8,146.0,190,73,33.0,,27.9,61,30.9,0.0,0.0,987.4,4.4,282,0,1010.0
2025-10-31T12:00,56.1,76.4,529.0,10.2,35.4,167.0,189,87,35.0,,29.1,55,32.1,0.1,0.1,986.5,3.9,313,51,1165.0
2025-10-31T13:00,54.4,76.1,478.0,8.0,31.6,180.0,189,100,38.0,,29.9,51,32.6,0.0,0.0,985.7,4.0,309,3,1350.0
2025-10-31T14:00,53.3,76.6,457.0,8.4,28.7,184.0,189,104,45.0,,30.3,48,32.6,0.0,0.0,985.1,4.0,291,2,1485.0
2025-10-31T15:00,52.4,82.4,472.0,11.1,27.1,176.0,188,96,60.0,,30.3,47,32.2,0.0,0.0,984.7,5.8,300,1,1495.0
2025-10-31T16:00,52.5,91.7,518.0,16.4,26.5,159.0,188,80,79.0,,29.7,47,31.2,0.0,0.0,984.5,6.9,307,1,1465.0
2025-10-31T17:00,84.8,120.1,593.0,37.2,32.5,121.0,187,77,68.0,,28.2,55,30.7,0.0,0.0,984.9,4.3,272,1,185.0
2025-10-31T18:00,99.9,139.7,716.0,58.4,37.5,91.0,187,84,70.0,,26.9,64,30.0,0.0,0.0,985.2,3.6,264,0,105.0
2025-10-31T19:00,117.3,160.2,867.0,87.2,44.2,50.0,187,91,73.0,,26.1,68,29.3,0.0,0.0,985.6,4.0,243,0,85.0
2025-10-31T20:00,126.2,170.0,983.0,105.1,47.7,21.0,187,94,83.0,,25.5,70,28.4,0.0,0.0,986.1,4.9,234,0,80.0
2025-10-31T21:00,124.8,172.8,1043.0,102.5,45.2,16.0,186,94,104.0,,24.8,71,27.4,0.0,0.0,986.5,6.2,224,0,85.0
2025-10-31T22:00,120.1,183.0,1067.0,89.0,39.5,24.0,186,92,132.0,,24.0,73,26.4,0.0,0.0,986.5,6.6,221,0,95.0
2025-10-31T23:00,114.8,198.8,1055.0,75.3,33.9,31.0,184,90,160.0,,23.4,81,26.3,0.0,0.0,986.4,5.5,229,0,60.0
2025-11-01T00:00,109.9,210.9,986.0,64.0,29.3,35.0,183,88,188.0,,23.0,82,25.9,0.0,0.0,986.2,4.8,233,0,55.0
2025-11-01T01:00,107.8,223.5,880.0,52.6,24.9,38.0,181,88,217.0,,22.7,82,25.3,0.0,0.0,986.0,5.8,240,0,60.0
2025-11-01T02:00,105.7,232.4,799.0,43.7,21.4,40.0,180,90,236.0,,22.0,85,24.8,0.0,0.0,985.9,5.2,266,0,75.0
2025-11-01T03:00,104.8,236.6,744.0,38.5,19.2,40.0,178,91,244.0,,21.2,89,24.0,0.0,0.0,986.2,5.2,268,0,100.0
2025-11-01T04:00,103.6,235.2,714.0,35.8,17.9,38.0,176,91,243.0,,20.8,92,23.6,0.0,0.0,986.1,5.4,264,0,95.0
2025-11-01T05:00,116.4,273.8,771.0,50.2,21.6,22.0,175,101,292.0,,20.9,95,23.9,0.0,0.0,986.1,5.7,252,0,75.0
2025-11-01T06:00,117.3,258.0,1029.0,51.8,23.2,24.0,175,97,251.0,,20.8,96,23.9,0.0,0.0,986.7,5.3,294,0,75.0
2025-11-01T07:00,122.5,237.5,1373.0,53.4,25.4,28.0,176,93,194.0,,21.3,91,24.1,0.0,0.0,987.4,6.1,273,0,80.0
2025-11-01T08:00,117.3,194.6,1519.0,50.5,27.1,45.0,176,91,147.0,,23.1,81,26.2,0.0,0.0,988.4,4.0,262,0,100.0
2025-11-01T09:00,100.4,173.2,1269.0,38.8,27.9,87.0,177,84,119.0,,26.0,64,28.5,0.0,0.0,988.9,4.3,268,0,195.0
2025-11-01T10:00,83.6,151.8,820.0,22.5,28.1,141.0,178,77,102.0,,28.4,48,29.8,0.0,0.0,988.9,5.6,285,0,660.0
2025-11-01T11:00,71.9,119.2,479.0,10.3,27.4,181.0,179,101,91.0,,29.8,36,30.2,0.0,0.0,988.3,7.9,291,0,1880.0
2025-11-01T12:00,63.8,102.0,377.0,4.8,24.8,194.0,179,114,86.0,,30.6,31,30.5,0.0,0.0,987.4,8.9,297,0,2030.0
2025-11-01T13:00,59.8,100.1,382.0,3.2,21.3,193.0,180,113,88.0,,30.9,29,30.2,0.0,0.0,986.5,9.8,298,0,2220.0
2025-11-01T14:00,59.0,108.5,413.0,6.0,19.1,183.0,180,103,96.0,,30.8,29,29.4,0.0,0.0,985.9,10.2,301,0,2240.0
2025-11-01T15:00,60.1,124.3,443.0,15.5,19.3,164.0,180,84,111.0,,30.4,29,29.1,0.0,0.0,985.7,10.2,301,0,2145.0
2025-11-01T16:00,63.3,138.3,498.0,29.3,20.7,138.0,180,69,132.0,,29.6,30,28.2,0.0,0.0,985.6,9.6,300,0,2050.0
2025-11-01T17:00,98.3,195.1,571.0,42.3,21.7,102.0,180,83,186.0,,27.0,47,27.7,0.0,0.0,985.7,5.4,320,0,310.0
2025-11-01T18:00,104.8,209.5,682.0,44.1,23.1,92.0,181,86,205.0,,25.6,52,26.4,0.0,0.0,986.0,5.7,323,0,195.0
2025-11-01T19:00,108.0,224.4,812.0,46.5,24.9,78.0,181,88,230.0,,24.7,55,25.5,0.0,0.0,986.2,5.4,296,0,125.0
2025-11-01T20:00,109.4,240.3,889.0,46.9,25.9,68.0,181,92,249.0,,24.1,56,24.7,0.0,0.0,986.7,6.1,282,0,105.0
2025-11-01T21:00,111.8,251.5,874.0,44.2,25.4,66.0,180,95,258.0,,23.5,58,24.1,0.0,0.0,986.9,6.0,273,0,80.0
2025-11-01T22:00,112.7,253.3,807.0,39.5,24.0,69.0,180,96,261.0,,23.0,58,23.5,0.0,0.0,986.9,6.0,263,0,65.0
2025-11-01T23:00,111.1,244.0,741.0,34.3,22.3,73.0,180,93,253.0,,22.0,68,23.2,0.0,0.0,986.7,5.2,266,0,50.0
2025-11-02T00:00,107.1,224.9,688.0,28.2,20.3,79.0,180,88,225.0,,21.4,68,22.2,0.0,0.0,986.5,5.8,279,0,65.0
2025-11-02T01:00,102.2,201.2,636.0,21.6,18.0,85.0,179,85,187.0,,21.2,68,21.9,0.0,0.0,986.3,6.2,282,0,75.0
2025-11-02T02:00,97.6,180.7,604.0,16.8,16.2,89.0,179,83,157.0,,20.9,69,21.5,0.0,0.0,986.0,6.5,270,0,80.0
2025-11-02T03:00,93.6,169.5,579.0,14.5,15.1,88.0,179,81,147.0,,20.1,72,20.8,0.0,0.0,986.0,6.2,280,0,80.0
2025-11-02T04:00,90.8,166.2,572.0,14.0,14.5,83.0,179,80,147.0,,19.6,73,20.2,0.0,0.0,985.6,6.1,275,0,85.0
2025-11-02T05:00,93.6,171.8,641.0,16.0,16.1,74.0,178,81,147.0,,19.4,79,20.4,0.0,0.0,986.2,5.9,268,0,85.0
2025-11-02T06:00,95.5,162.5,880.0,24.4,18.2,63.0,178,82,129.0,,19.3,80,20.4,0.0,0.0,986.7,5.6,272,0,75.0
2025-11-02T07:00,100.6,158.3,1194.0,35.5,21.1,50.0,177,84,104.0,,19.9,78,21.0,0.0,0.0,987.5,6.3,275,0,85.0
2025-11-02T08:00,99.4,144.8,1350.0,40.5,23.4,51.0,176,84,86.0,,21.6,73,23.0,0.0,0.0,988.3,6.1,275,0,140.0
2025-11-02T09:00,93.8,137.4,1196.0,33.4,24.7,82.0,176,82,77.0,,23.8,65,25.3,0.0,0.0,988.9,5.9,282,0,225.0
2025-11-02T10:00,88.0,129.5,884.0,20.2,25.3,127.0,176,79,76.0,,25.8,58,27.4,0.0,0.0,988.7,5.9,284,0,410.0
2025-11-02T11:00,77.1,123.4,640.0,9.9,25.0,161.0,176,81,89.0,,27.6,50,29.0,0.0,0.0,988.3,8.8,287,0,1270.0
2025-11-02T12:00,69.4,129.0,551.0,5.6,23.1,173.0,176,93,125.0,,28.8,39,28.8,0.0,0.0,987.7,12.3,300,0,1445.0
2025-11-02T13:00,65.9,147.6,530.0,4.3,20.2,174.0,176,94,176.0,,29.3,36,28.7,0.0,0.0,986.9,12.8,305,0,1520.0
2025-11-02T14:00,65.7,182.5,539.0,6.1,18.1,168.0,176,88,227.0,,29.4,35,28.2,0.0,0.0,986.2,12.7,303,0,1535.0
2025-11-02T15:00,66.8,220.7,575.0,12.8,17.7,154.0,176,87,275.0,,29.1,35,28.0,0.0,0.0,986.1,12.2,301,0,1460.0
2025-11-02T16:00,69.8,251.5,640.0,22.7,18.0,132.0,177,95,323.0,,28.1,39,27.5,0.0,0.0,985.6,9.8,301,0,1290.0
2025-11-02T17:00,91.7,307.3,710.0,31.3,17.7,101.0,177,110,414.0,,26.2,48,26.5,0.0,0.0,985.6,7.6,289,0,345.0
2025-11-02T18:00,97.3,321.3,792.0,34.0,18.7,91.0,177,114,430.0,,24.6,54,25.2,0.0,0.0,985.9,6.8,282,0,175.0
2025-11-02T19:00,99.9,334.3,878.0,37.7,20.1,78.0,176,117,451.0,,23.7,56,24.2,0.0,0.0,986.2,7.0,273,0,135.0
2025-11-02T20:00,101.3,340.9,914.0,39.8,21.0,67.0,176,119,454.0,,23.1,56,23.3,0.0,0.0,986.3,7.2,276,0,130.0
2025-11-02T21:00,101.7,333.4,861.0,39.2,21.0,63.0,176,117,427.0,,22.5,56,22.4,0.0,0.0,986.7,7.4,283,0,130.0
2025-11-02T22:00,99.7,308.3,757.0,37.0,20.6,62.0,176,110,382.0,,21.8,57,21.5,0.0,0.0,986.4,7.9,286,0,135.0
2025-11-02T23:00,97.1,274.7,664.0,34.4,20.0,61.0,175,101,335.0,,21.6,60,21.6,0.0,0.0,986.3,8.2,280,0,130.0
2025-11-03T00:00,93.8,240.3,594.0,31.1,19.3,60.0,175,92,288.0,,21.2,60,21.0,0.0,0.0,986.0,8.5,272,0,120.0
2025-11-03T01:00,90.8,212.8,534.0,27.3,18.4,60.0,174,85,238.0,,20.6,61,20.1,0.0,0.0,985.5,9.1,263,0,120.0
2025-11-03T02:00,87.8,193.2,510.0,24.5,17.8,59.0,174,80,198.0,,19.7,64,19.2,0.0,0.0,985.1,9.2,263,0,115.0
2025-11-03T03:00,85.2,179.7,519.0,23.1,17.4,57.0,174,78,174.0,,19.0,66,18.5,0.0,0.0,984.9,8.8,268,0,115.0
2025-11-03T04:00,82.4,168.6,563.0,22.7,17.1,54.0,174,76,158.0,,18.5,68,18.0,0.0,0.0,984.7,8.5,265,0,110.0
2025-11-03T05:00,83.8,169.5,671.0,20.1,17.3,57.0,173,77,161.0,,18.2,72,17.9,0.0,0.0,984.5,8.3,265,0,105.0
2025-11-03T06:00,86.6,164.8,929.0,26.2,19.0,50.0,173,78,143.0,,17.9,73,17.6,0.0,0.0,984.9,8.0,261,0,100.0
2025-11-03T07:00,90.3,157.9,1252.0,34.3,21.3,42.0,173,80,117.0,,18.3,70,17.9,0.0,0.0,985.6,8.3,257,0,105.0
2025-11-03T08:00,88.0,140.2,1410.0,37.9,23.3,47.0,172,79,98.0,,19.9,69,20.0,0.0,0.0,986.1,8.1,258,0,130.0
2025-11-03T09:00,82.7,130.9,1256.0,32.8,24.9,78.0,172,76,87.0,,22.3,60,22.8,0.0,0.0,987.0,5.9,268,0,190.0
2025-11-03T10:00,76.1,121.5,938.0,23.2,26.1,122.0,172,73,82.0,,24.8,52,25.3,0.0,0.0,986.9,6.0,267,0,290.0
2025-11-03T11:00,68.7,114.8,671.0,15.3,26.3,154.0,171,77,89.0,,27.2,46,28.1,0.0,0.0,986.3,7.0,273,0,465.0
2025-11-03T12:00,59.8,115.9,522.0,10.2,24.8,165.0,171,85,117.0,,28.8,40,29.5,0.0,0.0,985.4,8.7,278,0,1035.0
2025-11-03T13:00,54.1,128.5,423.0,6.7,22.4,163.0,171,83,157.0,,29.9,35,29.7,0.0,0.0,984.6,10.8,281,0,1550.0
2025-11-03T14:00,50.1,148.5,386.0,7.5,20.4,155.0,171,78,193.0,,30.5,28,28.4,0.0,0.0,983.5,14.1,293,0,1640.0
2025-11-03T15:00,47.6,169.0,433.0,14.7,19.1,138.0,170,73,219.0,,30.0,28,28.0,0.0,0.0,983.3,13.3,295,0,1565.0
2025-11-03T16:00,49.7,186.3,541.0,26.1,18.3,114.0,169,78,240.0,,28.7,32,27.3,0.0,0.0,983.1,10.3,293,0,1275.0
2025-11-03T17:00,65.0,181.6,662.0,40.1,20.7,85.0,169,76,225.0,,26.3,42,26.1,0.0,0.0,983.0,6.9,300,0,325.0
2025-11-03T18:00,70.5,190.9,764.0,48.5,23.5,71.0,168,79,241.0,,25.2,46,25.0,0.0,0.0,983.4,6.9,317,0,240.0
2025-11-03T19:00,76.4,207.2,877.0,60.1,27.7,52.0,167,83,264.0,,24.3,51,24.6,0.0,0.0,983.7,5.7,316,0,145.0
2025-11-03T20:00,85.4,236.1,1043.0,69.0,32.1,37.0,167,91,287.0,,24.1,50,24.6,0.0,0.0,984.2,2.7,290,0,60.0
2025-11-03T21:00,97.3,263.6,1327.0,72.6,37.5,31.0,166,98,314.0,,23.5,51,24.1,0.0,0.0,984.7,1.6,243,0,20.0
2025-11-03T22:00,108.5,286.8,1662.0,73.5,43.2,28.0,166,104,341.0,,22.7,53,23.2,0.0,0.0,984.7,2.0,243,0,20.0
2025-11-03T23:00,117.1,306.4,1892.0,73.5,46.4,26.0,166,110,355.0,,23.0,54,23.7,0.0,0.0,984.8,1.7,212,0,15.0
2025-11-04T00:00,121.1,313.9,1944.0,72.9,45.2,22.0,167,112,348.0,,21.7,57,22.5,0.0,0.0,984.6,0.4,207,0,10.0
2025-11-04T01:00,120.6,304.5,1890.0,71.4,41.5,18.0,168,109,327.0,,21.0,59,21.7,0.0,0.0,984.3,0.4,180,0,10.0
2025-11-04T02:00,115.9,279.4,1790.0,70.3,38.1,14.0,169,103,302.0,,20.1,63,20.5,0.0,0.0,984.5,2.5,159,0,15.0
2025-11-04T03:00,109.9,250.5,1607.0,70.4,35.5,11.0,169,95,272.0,,19.3,67,19.7,0.0,0.0,984.3,3.6,131,3,20.0
2025-11-04T04:00,105.0,226.3,1378.0,70.8,33.0,9.0,170,88,239.0,,19.5,69,19.8,0.0,0.0,984.1,5.3,128,2,45.0
2025-11-04T05:00,100.4,233.3,1268.0,63.5,30.0,11.0,171,90,249.0,,18.9,74,19.4,0.0,0.0,984.6,5.1,144,3,50.0
2025-11-04T06:00,101.5,227.7,1434.0,60.8,30.9,13.0,171,89,225.0,,19.9,68,20.2,0.0,0.0,985.1,6.8,140,1,70.0
2025-11-04T07:00,103.6,224.4,1719.0,56.8,32.3,17.0,172,88,193.0,,20.1,67,20.0,0.0,0.0,986.1,9.0,160,1,125.0
2025-11-04T08:00,103.8,195.1,1817.0,51.5,33.6,32.0,172,86,172.0,,21.8,65,22.1,0.0,0.0,986.5,8.5,156,0,150.0
2025-11-04T09:00,97.3,207.2,1528.0,44.0,35.2,66.0,173,83,177.0,,23.6,61,24.9,0.0,0.0,986.9,3.8,155,0,185.0
2025-11-04T10:00,82.9,201.2,1051.0,35.2,36.7,110.0,173,82,193.0,,25.7,54,27.3,0.0,0.0,986.8,2.0,135,0,290.0
2025-11-04T11:00,65.7,167.6,679.0,27.5,37.4,144.0,173,73,195.0,,27.5,47,29.0,0.0,0.0,986.4,3.9,196,0,505.0
2025-11-04T12:00,48.1,122.0,524.0,19.7,36.3,163.0,173,83,168.0,,28.7,42,30.0,0.0,0.0,985.6,4.2,162,0,1010.0
2025-11-04T13:00,39.3,95.5,472.0,13.0,34.3,172.0,173,92,126.0,,28.7,44,29.2,0.0,0.0,984.7,10.6,156,0,1435.0
2025-11-04T14:00,35.0,83.6,478.0,13.3,32.9,170.0,172,90,94.0,,28.2,46,28.3,0.0,0.0,983.8,11.0,165,0,920.0
2025-11-04T15:00,32.8,78.7,534.0,25.9,33.0,151.0,172,76,80.0,,27.9,43,27.8,0.0,0.0,983.5,9.4,162,0,765.0
2025-11-04T16:00,35.2,77.5,648.0,45.4,33.8,120.0,171,60,75.0,,26.9,47,27.3,0.0,0.0,983.4,7.1,159,0,555.0
2025-11-04T17:00,67.8,112.7,792.0,56.6,39.5,109.0,171,69,87.0,,25.4,62,27.3,0.0,0.0,982.9,5.2,153,0,130.0
2025-11-04T18:00,71.7,120.1,987.0,56.4,37.2,94.0,171,71,91.0,,24.7,60,25.9,0.0,0.0,983.2,6.8,140,0,165.0
2025-11-04T19:00,71.7,123.4,1213.0,56.1,33.9,74.0,171,71,96.0,,23.6,64,25.0,0.0,0.0,984.4,5.8,160,0,125.0
2025-11-04T20:00,73.1,124.3,1377.0,55.9,31.2,56.0,171,72,97.0,,23.0,67,24.3,0.0,0.0,984.9,6.8,169,0,130.0
2025-11-04T21:00,76.4,123.4,1425.0,56.4,29.8,44.0,171,73,88.0,,22.1,71,23.6,0.0,0.0,985.4,5.4,180,1,95.0
2025-11-04T22:00,81.3,120.6,1411.0,57.0,28.9,35.0,170,76,75.0,,21.6,73,23.2,0.0,0.0,985.5,4.7,198,0,80.0
2025-11-04T23:00,84.1,118.7,1410.0,55.9,28.1,29.0,169,77,65.0,,21.8,80,24.3,0.0,0.0,985.4,3.7,203,2,55.0
2025-11-05T00:00,86.8,119.2,1461.0,51.6,26.9,26.0,168,78,63.0,,21.3,83,23.7,0.0,0.0,984.9,3.8,199,0,45.0
2025-11-05T01:00,90.1,123.4,1525.0,45.5,25.7,27.0,167,80,65.0,,21.5,82,24.1,0.0,0.0,985.0,2.4,228,0,50.0
2025-11-05T02:00,93.8,129.9,1560.0,40.5,25.0,27.0,166,82,68.0,,21.4,81,23.5,0.0,0.0,985.1,6.1,34,0,100.0
2025-11-05T03:00,97.3,133.2,1520.0,36.8,25.0,26.0,166,83,74.0,,20.2,86,21.9,0.0,0.0,985.0,6.7,44,0,130.0
2025-11-05T04:00,100.8,140.6,1451.0,34.2,25.6,26.0,165,84,82.0,,19.4,88,21.1,0.0,0.0,984.7,5.9,76,0,125.0
2025-11-05T05:00,103.4,133.6,1450.0,42.2,26.7,26.0,165,85,57.0,,19.0,92,21.1,0.0,0.0,984.6,4.0,141,0,45.0
2025-11-05T06:00,108.3,143.0,1637.0,45.8,28.1,27.0,165,87,59.0,,18.9,92,21.1,0.0,0.0,985.0,3.2,164,0,40.0
2025-11-05T07:00,117.6,155.1,1893.0,50.4,30.3,31.0,165,91,62.0,,20.0,88,22.2,0.0,0.0,985.6,4.0,180,0,40.0
2025-11-05T08:00,122.5,155.1,1954.0,51.0,35.1,45.0,166,93,62.0,,22.1,80,24.5,0.0,0.0,986.1,4.3,222,0,95.0
2025-11-05T09:00,119.2,162.5,1631.0,44.1,46.3,81.0,166,92,56.0,,24.2,72,26.9,0.0,0.0,986.7,3.2,236,0,225.0
2025-11-05T10:00,83.1,115.3,1114.0,33.3,60.1,128.0,167,77,47.0,,26.1,63,28.8,0.0,0.0,986.6,3.1,273,0,380.0
2025-11-05T11:00,61.5,82.7,710.0,23.7,65.8,162.0,167,82,41.0,,28.1,55,30.6,0.0,0.0,986.3,5.4,290,0,750.0
2025-11-05T12:00,53.3,73.6,544.0,15.9,55.9,172.0,167,92,39.0,,29.3,43,30.4,0.0,0.0,985.8,8.0,301,1,1865.0
2025-11-05T13:00,42.5,62.6,492.0,9.3,38.0,168.0,167,88,39.0,,29.5,37,29.1,0.0,0.0,985.1,9.4,310,0,1965.0
2025-11-05T14:00,37.7,59.0,480.0,7.9,24.5,158.0,167,79,41.0,,29.4,35,28.6,0.0,0.0,984.4,10.2,316,0,1965.0
2025-11-05T15:00,36.6,60.8,496.0,15.3,20.7,141.0,167,71,42.0,,28.9,36,28.0,0.0,0.0,984.2,10.9,320,0,1980.0
2025-11-05T16:00,38.3,65.9,553.0,27.8,21.3,117.0,167,57,46.0,,28.0,39,27.4,0.0,0.0,984.2,10.2,330,0,1845.0
2025-11-05T17:00,49.8,129.0,621.0,32.2,20.8,96.0,167,62,152.0,,27.1,40,26.6,0.0,0.0,984.0,8.1,309,0,480.0
2025-11-05T18:00,57.7,184.4,717.0,31.2,21.0,92.0,167,77,261.0,,25.9,45,25.5,0.0,0.0,984.6,9.2,313,0,435.0
2025-11-05T19:00,69.4,270.1,825.0,29.6,21.3,86.0,167,100,409.0,,24.8,47,24.2,0.0,0.0,985.4,9.7,317,0,410.0
2025-11-05T20:00,81.3,351.1,865.0,27.6,21.2,81.0,166,122,512.0,,23.8,49,23.1,0.0,0.0,986.0,8.9,320,0,415.0
2025-11-05T21:00,88.5,380.0,779.0,25.0,20.3,80.0,167,129,524.0,,22.8,50,22.1,0.0,0.0,986.4,8.8,325,0,365.0
2025-11-05T22:00,90.1,361.4,624.0,21.9,19.1,80.0,167,124,490.0,,22.0,51,21.1,0.0,0.0,986.6,8.9,320,0,345.0
2025-11-05T23:00,88.2,331.6,494.0,19.1,17.7,80.0,167,116,456.0,,21.3,60,21.0,0.0,0.0,986.9,8.4,312,0,285.0
2025-11-06T00:00,85.9,310.1,421.0,16.4,16.2,80.0,167,111,439.0,,20.5,60,19.8,0.0,0.0,987.1,9.8,308,0,355.0
2025-11-06T01:00,84.5,303.6,372.0,14.0,14.6,81.0,167,109,422.0,,19.6,57,18.5,0.0,0.0,987.0,9.8,310,0,330.0
2025-11-06T02:00,83.1,300.8,347.0,12.4,13.5,80.0,167,108,405.0,,18.8,50,16.9,0.0,0.0,986.8,9.4,308,0,320.0
2025-11-06T03:00,81.7,295.2,334.0,11.7,13.1,78.0,167,107,390.0,,17.7,48,15.4,0.0,0.0,986.6,9.5,302,0,270.0
2025-11-06T04:00,79.9,283.1,345.0,11.8,13.3,74.0,166,103,374.0,,16.8,51,14.6,0.0,0.0,986.7,9.4,300,0,245.0
2025-11-06T05:00,70.8,223.5,411.0,14.2,14.4,68.0,166,88,281.0,,16.4,64,14.8,0.0,0.0,987.0,10.2,296,0,245.0
2025-11-06T06:00,69.6,203.5,604.0,20.2,16.1,59.0,165,82,242.0,,15.8,66,14.4,0.0,0.0,987.7,8.9,299,0,225.0
2025-11-06T07:00,69.8,181.6,853.0,28.1,18.4,49.0,164,76,187.0,,16.1,66,14.7,0.0,0.0,988.6,8.9,297,0,210.0
2025-11-06T08:00,67.3,143.4,974.0,31.6,20.3,49.0,162,69,141.0,,17.7,63,16.7,0.0,0.0,989.5,7.6,284,0,230.0
2025-11-06T09:00,58.1,129.0,846.0,26.2,21.4,71.0,161,64,109.0,,19.8,56,19.0,0.0,0.0,989.9,7.2,282,0,430.0
2025-11-06T10:00,44.0,94.1,592.0,16.4,22.1,104.0,159,57,85.0,,22.1,47,20.9,0.0,0.0,990.2,8.4,295,0,695.0
2025-11-06T11:00,33.1,74.5,394.0,8.9,22.4,130.0,158,65,79.0,,24.1,38,22.7,0.0,0.0,989.9,10.2,300,0,905.0
2025-11-06T12:00,32.5,83.4,321.0,5.9,22.1,143.0,157,72,99.0,,25.2,32,23.9,0.0,0.0,989.1,9.5,302,0,1015.0
2025-11-06T13:00,32.9,100.1,306.0,5.4,21.3,148.0,156,74,136.0,,25.9,29,24.2,0.0,0.0,988.4,9.6,300,0,1090.0
2025-11-06T14:00,35.0,127.1,328.0,7.8,20.8,147.0,156,74,176.0,,26.1,29,23.8,0.0,0.0,987.7,9.9,302,0,1130.0
2025-11-06T15:00,40.5,164.8,399.0,15.1,20.8,135.0,156,72,214.0,,25.7,30,23.3,0.0,0.0,987.3,10.7,303,0,1125.0
2025-11-06T16:00,46.7,193.7,508.0,25.5,21.1,117.0,156,80,254.0,,24.8,33,22.8,0.0,0.0,987.0,9.3,306,0,1060.0
2025-11-06T17:00,49.2,171.8,598.0,34.9,22.2,95.0,156,74,230.0,,22.9,42,21.6,0.0,0.0,987.3,6.8,295,0,410.0
2025-11-06T18:00,56.6,199.8,653.0,36.6,22.3,87.0,156,81,263.0,,21.7,47,20.8,0.0,0.0,987.8,6.3,290,0,280.0
2025-11-06T19:00,61.5,226.8,689.0,38.9,22.4,76.0,156,88,308.0,,21.0,50,20.0,0.0,0.0,988.4,7.2,288,0,225.0
2025-11-06T20:00,64.5,245.9,698.0,39.3,22.0,68.0,156,94,337.0,,20.2,52,19.1,0.0,0.0,988.7,7.6,285,0,190.0
2025-11-06T21:00,66.1,252.4,669.0,36.5,20.7,66.0,155,95,337.0,,19.7,52,18.3,0.0,0.0,988.8,8.4,286,0,195.0
2025-11-06T22:00,66.1,245.9,613.0,32.0,18.9,68.0,155,94,322.0,,19.1,52,17.5,0.0,0.0,988.7,8.4,289,0,195.0
2025-11-06T23:00,63.8,224.9,557.0,27.5,17.3,69.0,154,88,298.0,,18.7,53,17.1,0.0,0.0,989.0,9.1,292,0,225.0
2025-11-07T00:00,60.1,197.0,501.0,23.4,16.1,70.0,153,81,262.0,,17.8,55,16.2,0.0,0.0,988.6,8.4,293,0,195.0
2025-11-07T01:00,56.7,172.3,444.0,19.4,15.0,70.0,153,74,218.0,,17.0,56,15.3,0.0,0.0,988.1,8.3,290,0,180.0
2025-11-07T02:00,54.1,157.4,415.0,16.6,14.4,70.0,152,70,189.0,,16.4,58,14.7,0.0,0.0,988.0,8.1,288,0,175.0
2025-11-07T03:00,53.6,156.5,415.0,15.0,14.1,69.0,151,70,191.0,,15.8,60,14.1,0.0,0.0,987.9,7.7,288,0,170.0
2025-11-07T04:00,54.7,165.8,443.0,14.5,14.2,67.0,150,72,208.0,,15.4,61,13.7,0.0,0.0,988.0,7.6,285,0,160.0
2025-11-07T05:00,55.1,165.8,516.0,15.1,14.9,67.0,147,72,201.0,,15.4,65,13.8,0.0,0.0,988.5,8.7,283,0,170.0
2025-11-07T06:00,57.3,166.7,691.0,20.7,16.7,60.0,146,72,190.0,,14.8,67,13.2,0.0,0.0,989.2,8.2,279,0,155.0
2025-11-07T07:00,61.0,165.8,912.0,28.0,19.2,52.0,145,72,175.0,,15.0,66,13.3,0.0,0.0,990.0,9.0,273,0,155.0
2025-11-07T08:00,62.6,150.4,1032.0,31.5,21.7,55.0,144,68,160.0,,16.5,62,15.0,0.0,0.0,990.5,8.3,275,0,190.0
2025-11-07T09:00,60.3,160.7,960.0,27.3,24.3,80.0,143,71,144.0,,18.9,54,17.5,0.0,0.0,991.2,7.6,284,0,255.0
2025-11-07T10:00,53.9,139.7,787.0,19.1,26.9,117.0,143,65,127.0,,21.3,46,20.0,0.0,0.0,991.2,7.5,287,0,365.0
2025-11-07T11:00,42.6,105.7,637.0,12.6,28.4,146.0,144,73,118.0,,24.4,39,23.4,0.0,0.0,991.0,9.0,283,0,510.0
2025-11-07T12:00,36.3,91.5,543.0,8.9,28.1,160.0,145,80,120.0,,26.1,32,24.9,0.0,0.0,990.5,9.3,285,0,720.0
2025-11-07T13:00,34.5,95.7,472.0,6.9,26.6,166.0,146,86,128.0,,27.0,27,25.2,0.0,0.0,989.9,9.6,286,0,945.0
2025-11-07T14:00,34.0,108.0,454.0,8.6,25.3,163.0,146,83,141.0,,27.3,24,24.6,0.0,0.0,989.2,10.0,287,0,1120.0
2025-11-07T15:00,35.5,126.7,526.0,16.9,24.5,146.0,146,73,156.0,,27.0,25,24.4,0.0,0.0,988.9,9.6,290,0,1150.0
2025-11-07T16:00,38.9,140.6,649.0,28.8,23.8,121.0,145,65,174.0,,25.9,29,23.7,0.0,0.0,988.8,8.4,289,0,875.0
2025-11-07T17:00,50.4,151.3,739.0,41.4,24.7,94.0,144,68,188.0,,24.0,36,22.3,0.0,0.0,988.9,7.7,288,0,350.0
2025-11-07T18:00,53.8,172.3,760.0,39.6,23.5,88.0,145,74,215.0,,22.7,40,21.1,0.0,0.0,989.4,7.6,295,0,305.0
2025-11-07T19:00,55.3,191.4,747.0,37.1,21.9,80.0,144,79,252.0,,21.5,43,19.9,0.0,0.0,990.0,7.3,293,0,235.0
2025-11-07T20:00,55.8,203.0,720.0,34.5,20.2,74.0,144,82,273.0,,20.5,45,18.9,0.0,0.0,990.2,7.4,293,0,190.0
2025-11-07T21:00,56.1,202.6,682.0,32.1,18.6,71.0,143,82,266.0,,19.5,47,17.9,0.0,0.0,990.1,6.8,288,0,150.0
2025-11-07T22:00,55.4,190.5,631.0,29.7,17.0,70.0,142,79,243.0,,18.7,48,17.0,0.0,0.0,990.0,7.0,288,0,140.0
2025-11-07T23:00,53.2,171.4,577.0,27.1,15.7,69.0,141,74,216.0,,18.3,51,16.5,0.0,0.0,990.1,8.0,286,0,155.0
2025-11-08T00:00,50.5,149.9,513.0,23.9,14.6,69.0,140,68,185.0,,17.3,53,15.6,0.0,0.0,989.9,7.9,290,0,150.0
2025-11-08T01:00,47.4,129.9,447.0,20.4,13.8,69.0,139,63,150.0,,16.8,55,15.0,0.0,0.0,989.8,8.0,288,0,145.0
2025-11-08T02:00,44.7,112.0,409.0,17.8,13.4,69.0,138,58,121.0,,16.3,56,14.4,0.0,0.0,989.5,8.2,289,0,145.0
2025-11-08T03:00,43.0,98.3,387.0,15.8,13.4,70.0,137,56,103.0,,15.8,57,13.9,0.0,0.0,989.6,7.5,287,0,135.0
2025-11-08T04:00,43.0,91.0,394.0,14.6,13.7,70.0,135,56,91.0,,15.2,58,13.4,0.0,0.0,989.5,6.5,284,0,115.0
2025-11-08T05:00,43.4,92.4,499.0,15.1,14.8,71.0,134,56,90.0,,14.4,64,12.8,0.0,0.0,989.8,6.2,285,0,100.0
2025-11-08T06:00,48.4,93.4,827.0,22.3,16.9,61.0,133,59,82.0,,13.9,66,12.4,0.0,0.0,990.0,5.2,284,0,70.0
2025-11-08T07:00,56.5,98.0,1254.0,32.0,19.9,47.0,132,63,71.0,,14.8,61,13.3,0.0,0.0,991.0,5.4,264,0,60.0
2025-11-08T08:00,60.1,93.1,1476.0,36.7,22.8,47.0,132,65,61.0,,16.8,56,15.3,0.0,0.0,991.6,6.1,270,0,105.0
2025-11-08T09:00,56.6,91.0,1296.0,31.7,25.5,72.0,131,63,52.0,,19.4,47,18.1,0.0,0.0,992.4,4.7,274,0,165.0
2025-11-08T10:00,49.9,78.0,911.0,21.7,28.2,109.0,131,60,44.0,,22.0,38,20.5,0.0,0.0,992.5,5.5,281,0,375.0
2025-11-08T11:00,40.3,62.4,605.0,13.8,29.7,138.0,131,69,42.0,,24.6,29,22.8,0.0,0.0,992.1,8.3,286,0,780.0
2025-11-08T12:00,36.8,59.8,482.0,9.7,29.4,152.0,130,76,48.0,,25.9,25,24.0,0.0,0.0,991.5,9.4,293,0,930.0
2025-11-08T13:00,37.0,66.6,438.0,7.8,28.0,157.0,130,79,60.0,,26.6,23,24.2,0.0,0.0,991.0,10.1,295,0,1040.0
2025-11-08T14:00,37.8,77.3,442.0,9.6,26.7,154.0,131,77,75.0,,26.8,22,23.6,0.0,0.0,990.0,10.7,299,0,1080.0
2025-11-08T15:00,39.1,92.7,505.0,18.1,25.8,139.0,131,70,91.0,,26.4,23,23.3,0.0,0.0,989.8,10.4,302,0,1065.0
2025-11-08T16:00,42.0,106.6,617.0,30.5,24.9,116.0,131,56,110.0,,25.4,26,22.7,0.0,0.0,989.5,9.3,302,0,1020.0
2025-11-08T17:00,61.9,136.4,718.0,45.3,25.1,85.0,132,66,141.0,,23.2,34,21.3,0.0,0.0,989.6,6.0,295,0,360.0
2025-11-08T18:00,68.2,156.5,797.0,44.9,24.6,79.0,133,70,166.0,,22.1,39,20.5,0.0,0.0,989.8,5.7,294,0,270.0
2025-11-08T19:00,70.5,177.9,864.0,44.2,23.9,71.0,134,75,201.0,,21.2,42,19.7,0.0,0.0,990.3,6.0,299,0,185.0
2025-11-08T20:00,73.3,194.6,896.0,42.6,23.0,66.0,136,80,224.0,,20.2,45,18.7,0.0,0.0,990.6,6.1,304,0,145.0
2025-11-08T21:00,75.2,201.2,874.0,39.6,21.8,65.0,138,82,227.0,,19.3,49,18.0,0.0,0.0,990.7,5.7,298,0,110.0
2025-11-08T22:00,76.1,197.9,816.0,35.6,20.5,66.0,140,81,218.0,,18.7,49,17.3,0.0,0.0,990.3,5.9,297,0,105.0
2025-11-08T23:00,74.5,183.9,749.0,31.4,19.4,68.0,142,77,201.0,,18.1,54,16.8,0.0,0.0,990.3,6.1,289,0,95.0
2025-11-09T00:00,73.8,164.8,666.0,26.7,18.5,70.0,144,72,172.0,,17.5,53,15.9,0.0,0.0,989.6,6.7,290,0,100.0
2025-11-09T01:00,72.4,143.9,575.0,21.8,17.9,73.0,147,71,134.0,,16.9,54,15.2,0.0,0.0,989.4,7.1,297,0,110.0
2025-11-09T02:00,70.8,126.2,519.0,18.2,17.5,74.0,149,70,103.0,,16.3,55,14.6,0.0,0.0,989.1,6.4,299,0,100.0
2025-11-09T03:00,69.6,114.3,499.0,16.2,17.4,74.0,151,70,86.0,,15.7,57,14.0,0.0,0.0,988.7,6.3,294,0,95.0
2025-11-09T04:00,68.9,108.3,516.0,15.5,17.7,72.0,151,69,76.0,,15.1,59,13.4,0.0,0.0,988.4,6.2,285,0,90.0
2025-11-09T05:00,73.1,105.9,613.0,18.5,18.3,68.0,152,72,60.0,,14.2,67,12.8,0.0,0.0,988.5,6.0,286,0,95.0
2025-11-09T06:00,75.4,104.5,894.0,24.9,19.8,61.0,153,73,56.0,,14.1,66,12.6,0.0,0.0,989.0,5.8,275,0,85.0
2025-11-09T07:00,79.4,106.9,1255.0,33.3,22.0,52.0,154,75,50.0,,14.7,64,13.1,0.0,0.0,990.0,7.0,269,0,90.0
2025-11-09T08:00,79.2,103.8,1437.0,36.9,23.8,56.0,154,75,45.0,,16.4,60,15.1,0.0,0.0,990.7,6.5,265,0,130.0
2025-11-09T09:00,72.4,98.3,1270.0,30.9,25.1,86.0,155,71,40.0,,19.0,52,18.0,0.0,0.0,991.4,4.5,270,0,190.0
2025-11-09T10:00,59.3,83.6,924.0,20.0,26.2,129.0,156,65,36.0,,21.7,44,20.7,0.0,0.0,991.4,4.9,280,0,330.0
2025-11-09T11:00,37.8,59.0,643.0,11.6,26.6,162.0,156,82,40.0,,24.4,33,22.9,0.0,0.0,990.6,8.4,295,0,835.0
2025-11-09T12:00,34.5,63.3,510.0,7.5,26.0,176.0,156,96,59.0,,25.9,28,24.3,0.0,0.0,989.9,8.6,303,0,960.0
2025-11-09T13:00,33.9,75.4,442.0,5.9,24.7,179.0,156,99,86.0,,26.7,26,24.8,0.0,0.0,988.9,8.6,300,0,1055.0
2025-11-09T14:00,34.1,91.0,443.0,8.8,23.9,174.0,156,94,109.0,,26.8,25,24.3,0.0,0.0,988.2,9.0,299,0,1090.0
2025-11-09T15:00,36.9,110.1,548.0,19.6,24.0,156.0,155,78,124.0,,26.5,27,24.1,0.0,0.0,987.8,9.3,294,0,1070.0
2025-11-09T16:00,39.9,118.3,720.0,35.0,24.6,129.0,155,65,134.0,,25.6,30,23.4,0.0,0.0,987.5,9.0,290,0,955.0
2025-11-09T17:00,67.5,135.0,853.0,45.5,24.3,103.0,155,69,128.0,,23.5,38,22.1,0.0,0.0,987.6,6.2,277,0,270.0
2025-11-09T18:00,75.2,150.9,901.0,46.5,24.6,94.0,155,73,144.0,,22.4,41,21.0,0.0,0.0,987.9,6.9,277,0,215.0
2025-11-09T19:00,78.7,165.8,909.0,47.8,24.9,80.0,156,74,166.0,,21.4,42,19.8,0.0,0.0,988.4,7.3,279,0,180.0
2025-11-09T20:00,79.9,177.4,905.0,47.4,24.8,71.0,156,75,181.0,,20.5,43,18.7,0.0,0.0,988.8,7.1,285,0,165.0
2025-11-09T21:00,82.2,184.4,899.0,44.2,24.1,68.0,156,77,186.0,,19.6,45,17.9,0.0,0.0,988.9,6.4,281,0,120.0
2025-11-09T22:00,84.8,185.8,881.0,39.4,22.9,69.0,156,78,184.0,,19.1,45,17.3,0.0,0.0,988.7,6.6,281,0,105.0
2025-11-09T23:00,85.7,179.7,848.0,34.3,21.9,71.0,157,78,174.0,,18.5,48,16.8,0.0,0.0,989.0,6.7,279,0,115.0
2025-11-10T00:00,85.2,169.0,784.0,28.7,21.1,74.0,157,78,154.0,,17.8,51,16.1,0.0,0.0,988.3,6.9,298,0,125.0
2025-11-10T01:00,83.8,153.7,705.0,22.8,20.3,78.0,157,77,126.0,,16.8,55,15.2,0.0,0.0,988.0,6.3,307,0,110.0
2025-11-10T02:00,82.7,136.9,657.0,18.7,19.9,80.0,158,76,100.0,,16.1,58,14.6,0.0,0.0,987.8,5.9,308,0,95.0
2025-11-10T03:00,81.7,122.9,633.0,16.7,19.8,79.0,158,76,79.0,,15.6,59,14.1,0.0,0.0,987.4,5.8,306,0,85.0
2025-11-10T04:00,81.5,112.9,639.0,16.5,20.1,77.0,158,76,61.0,,15.0,61,13.5,0.0,0.0,987.2,5.5,289,0,65.0
2025-11-10T05:00,80.1,104.8,747.0,16.7,21.4,82.0,159,75,45.0,,14.2,69,12.9,0.0,0.0,987.6,5.6,272,0,55.0
2025-11-10T06:00,85.7,106.2,1085.0,25.4,23.1,71.0,159,78,41.0,,13.9,70,12.7,0.0,0.0,988.2,5.2,272,0,60.0
2025-11-10T07:00,95.5,114.1,1524.0,37.0,25.6,57.0,159,82,35.0,,14.5,68,13.2,0.0,0.0,989.0,5.8,263,0,65.0
2025-11-10T08:00,94.5,110.1,1745.0,42.5,27.9,58.0,160,82,29.0,,16.4,63,15.4,0.0,0.0,989.9,5.5,259,0,95.0
2025-11-10T09:00,88.9,102.7,1543.0,36.2,30.2,90.0,160,79,23.0,,19.3,52,18.4,0.0,0.0,990.6,4.1,270,0,160.0
2025-11-10T10:00,75.4,86.6,1122.0,23.9,32.4,138.0,161,73,18.0,,22.0,43,21.0,0.0,0.0,990.8,4.0,270,0,270.0
2025-11-10T11:00,51.1,60.3,780.0,14.2,33.4,174.0,161,94,17.0,,24.4,35,23.5,0.0,0.0,990.5,5.4,284,0,840.0
2025-11-10T12:00,44.0,56.1,614.0,8.8,32.2,188.0,162,108,24.0,,26.1,28,24.6,0.0,0.0,989.9,7.2,292,0,1020.0
2025-11-10T13:00,43.5,61.5,526.0,5.9,29.8,190.0,162,110,36.0,,26.7,25,24.8,0.0,0.0,989.0,8.4,290,0,1135.0
2025-11-10T14:00,43.5,68.0,519.0,9.0,28.1,182.0,162,102,46.0,,27.0,24,24.4,0.0,0.0,988.5,8.8,290,2,1210.0
2025-11-10T15:00,44.4,75.2,621.0,22.1,27.8,161.0,162,81,53.0,,26.6,24,24.0,0.0,0.0,988.1,8.8,285,2,1170.0
2025-11-10T16:00,48.3,79.6,804.0,41.2,28.2,129.0,163,65,58.0,,25.7,26,23.2,0.0,0.0,988.0,8.1,282,2,1030.0
2025-11-10T17:00,90.6,121.5,983.0,64.6,31.2,89.0,163,80,59.0,,23.4,35,21.9,0.0,0.0,988.1,4.7,279,1,175.0
2025-11-10T18:00,107.8,142.5,1152.0,72.7,34.5,72.0,164,87,64.0,,22.3,38,20.9,0.0,0.0,988.6,4.6,288,0,115.0
2025-11-10T19:00,120.6,159.3,1318.0,83.4,38.8,48.0,165,92,71.0,,21.3,43,20.3,0.0,0.0,989.0,4.0,302,0,85.0
2025-11-10T20:00,126.2,168.6,1413.0,89.0,40.8,32.0,166,94,79.0,,20.5,45,19.6,0.0,0.0,989.3,3.2,317,1,65.0
2025-11-10T21:00,125.7,172.8,1403.0,85.6,38.5,29.0,167,94,88.0,,19.9,47,18.9,0.0,0.0,989.6,3.3,331,1,60.0
2025-11-10T22:00,122.5,174.2,1324.0,77.0,33.9,33.0,168,93,96.0,,19.4,47,18.2,0.0,0.0,989.5,3.8,329,3,60.0
2025-11-10T23:00,116.6,171.8,1214.0,66.8,29.5,39.0,170,91,102.0,,19.0,50,18.0,0.0,0.0,989.7,3.2,308,3,55.0
2025-11-11T00:00,109.9,167.2,1058.0,54.6,26.0,46.0,170,88,103.0,,17.5,53,16.4,0.0,0.0,989.3,3.3,299,0,55.0
2025-11-11T01:00,105.7,162.1,872.0,40.8,22.8,56.0,171,86,102.0,,16.4,57,15.2,0.0,0.0,989.1,3.8,278,0,40.0
2025-11-11T02:00,103.6,156.0,743.0,30.5,20.5,62.0,172,85,96.0,,15.4,59,13.9,0.0,0.0,988.8,5.5,297,0,50.0
2025-11-11T03:00,102.2,148.1,684.0,25.7,19.3,63.0,172,85,84.0,,14.6,62,13.1,0.0,0.0,988.6,5.3,288,0,55.0
2025-11-11T04:00,101.0,138.8,683.0,24.3,19.1,62.0,173,84,69.0,,14.1,63,12.6,0.0,0.0,988.6,5.4,268,0,50.0
2025-11-11T05:00,105.2,143.4,788.0,26.7,19.9,60.0,174,86,71.0,,13.7,70,12.4,0.0,0.0,988.8,5.8,272,0,60.0
2025-11-11T06:00,107.3,137.8,1124.0,32.4,21.6,56.0,174,87,61.0,,13.7,70,12.3,0.0,0.0,989.3,5.9,272,0,60.0
2025-11-11T07:00,112.9,137.4,1565.0,39.8,24.1,53.0,175,89,46.0,,14.2,67,12.7,0.0,0.0,990.0,6.8,270,0,65.0
2025-11-11T08:00,109.0,127.6,1786.0,42.3,26.5,62.0,176,88,34.0,,16.4,61,15.0,0.0,0.0,990.8,7.0,267,0,95.0
2025-11-11T09:00,103.8,118.7,1576.0,35.2,29.0,96.0,176,86,25.0,,19.3,51,18.3,0.0,0.0,991.6,4.9,268,0,150.0
2025-11-11T10:00,90.6,103.8,1145.0,23.3,31.3,143.0,176,80,19.0,,22.2,42,21.0,0.0,0.0,991.7,5.2,276,0,275.0
2025-11-11T11:00,66.1,77.5,795.0,13.9,32.2,177.0,177,97,21.0,,24.8,34,23.6,0.0,0.0,991.3,7.1,286,0,845.0
2025-11-11T12:00,56.0,72.6,632.0,8.9,30.4,189.0,177,109,37.0,,26.4,28,24.7,0.0,0.0,990.8,9.2,301,0,1035.0
2025-11-11T13:00,53.1,80.8,549.0,6.4,27.2,189.0,178,109,61.0,,27.1,25,24.9,0.0,0.0,989.9,9.9,303,0,1150.0
2025-11-11T14:00,52.0,95.9,534.0,8.7,24.6,179.0,178,99,84.0,,27.4,23,24.5,0.0,0.0,989.1,10.3,299,0,1220.0
2025-11-11T15:00,52.4,114.1,610.0,19.6,23.6,156.0,178,78,103.0,,27.0,24,24.1,0.0,0.0,988.8,10.6,294,0,1175.0
2025-11-11T16:00,56.2,124.8,752.0,35.3,23.4,125.0,178,63,120.0,,26.0,27,23.4,0.0,0.0,988.6,9.4,293,0,1015.0
2025-11-11T17:00,85.2,142.0,874.0,48.5,24.1,96.0,179,78,108.0,,23.8,32,21.9,0.0,0.0,988.8,6.0,287,0,335.0
2025-11-11T18:00,91.3,153.2,953.0,47.0,24.2,89.0,179,81,120.0,,22.6,37,21.0,0.0,0.0,989.3,6.0,286,0,205.0
2025-11-11T19:00,94.5,164.8,1012.0,44.8,24.2,80.0,178,82,136.0,,21.4,42,19.9,0.0,0.0,989.8,6.8,281,0,160.0
2025-11-11T20:00,97.3,175.1,1030.0,41.8,24.0,73.0,177,83,145.0,,20.4,47,19.0,0.0,0.0,990.2,6.7,278,0,120.0
2025-11-11T21:00,101.5,180.2,988.0,37.6,23.4,72.0,176,85,143.0,,19.7,49,18.3,0.0,0.0,990.3,6.9,279,0,120.0
2025-11-11T22:00,105.2,180.2,906.0,32.6,22.5,73.0,176,86,135.0,,19.1,49,17.5,0.0,0.0,990.5,7.5,287,0,140.0
2025-11-11T23:00,106.9,173.2,824.0,27.8,21.7,75.0,175,87,123.0,,18.8,52,17.3,0.0,0.0,990.6,7.7,307,0,170.0
2025-11-12T00:00,107.1,163.0,742.0,23.2,21.1,77.0,175,87,106.0,,17.8,54,16.3,0.0,0.0,990.2,7.1,319,0,155.0
2025-11-12T01:00,107.1,152.7,659.0,18.9,20.6,79.0,175,87,86.0,,17.0,56,15.6,0.0,0.0,989.7,6.4,315,0,130.0
2025-11-12T02:00,106.9,145.3,614.0,15.8,20.3,80.0,175,87,71.0,,16.4,58,15.0,0.0,0.0,989.5,6.1,313,0,115.0
2025-11-12T03:00,106.6,141.1,608.0,14.1,20.2,80.0,175,87,64.0,,15.8,60,14.4,0.0,0.0,989.3,5.8,286,0,90.0
2025-11-12T04:00,105.9,138.8,640.0,13.7,20.4,80.0,175,86,61.0,,15.2,62,13.7,0.0,0.0,989.1,6.5,268,0,80.0
2025-11-12T05:00,100.8,131.3,748.0,14.1,21.6,85.0,175,84,56.0,,14.3,69,12.9,0.0,0.0,989.7,7.2,270,0,80.0
2025-11-12T06:00,105.5,132.7,1031.0,22.0,23.0,75.0,175,86,50.0,,14.0,70,12.5,0.0,0.0,989.9,7.6,270,0,90.0
2025-11-12T07:00,111.8,136.9,1391.0,32.6,25.1,62.0,175,89,43.0,,14.4,68,12.7,0.0,0.0,990.7,8.7,266,0,100.0
2025-11-12T08:00,111.8,131.8,1571.0,38.0,27.2,63.0,175,89,37.0,,16.3,62,14.8,0.0,0.0,991.4,7.8,265,0,130.0
2025-11-12T09:00,107.8,128.1,1407.0,33.2,29.6,92.0,175,87,34.0,,19.2,52,18.0,0.0,0.0,992.1,6.7,273,0,200.0
2025-11-12T10:00,96.2,115.9,1063.0,23.2,32.0,136.0,175,82,33.0,,22.2,43,20.9,0.0,0.0,992.4,7.1,279,0,350.0
2025-11-12T11:00,86.8,106.6,775.0,15.0,32.9,167.0,175,87,37.0,,24.9,36,23.4,0.0,0.0,992.2,9.6,284,0,975.0
2025-11-12T12:00,77.1,100.8,618.0,9.7,31.0,176.0,176,96,48.0,,26.6,29,24.6,0.0,0.0,991.7,11.8,293,0,1175.0
2025-11-12T13:00,68.9,99.7,516.0,6.2,27.6,174.0,177,94,63.0,,27.3,26,24.7,0.0,0.0,991.0,12.8,299,0,1260.0
2025-11-12T14:00,62.9,102.7,482.0,7.7,25.0,164.0,177,84,76.0,,27.5,24,24.4,0.0,0.0,990.3,12.8,299,0,1315.0
2025-11-12T15:00,61.0,108.5,548.0,18.2,24.2,144.0,177,72,84.0,,27.1,25,24.1,0.0,0.0,990.0,12.3,300,0,1265.0
2025-11-12T16:00,64.5,114.6,680.0,33.8,24.3,116.0,178,67,90.0,,26.2,26,23.5,0.0,0.0,989.9,10.7,299,0,1155.0
2025-11-12T17:00,102.4,141.1,796.0,49.5,26.7,86.0,178,85,73.0,,23.9,35,22.2,0.0,0.0,990.0,6.3,294,0,410.0
2025-11-12T18:00,107.6,148.1,866.0,50.1,27.3,79.0,178,87,78.0,,22.8,39,21.4,0.0,0.0,990.3,5.6,301,0,255.0
2025-11-12T19:00,111.3,155.5,919.0,50.9,28.0,68.0,179,89,84.0,,21.7,43,20.6,0.0,0.0,990.8,5.4,307,0,175.0
2025-11-12T20:00,115.3,163.0,953.0,50.4,28.4,61.0,179,90,89.0,,20.8,47,19.8,0.0,0.0,991.3,5.1,309,0,135.0
2025-11-12T21:00,120.1,170.0,961.0,48.2,28.1,59.0,180,92,92.0,,20.2,51,19.4,0.0,0.0,991.4,4.2,306,0,95.0
2025-11-12T22:00,124.8,175.6,950.0,44.7,27.3,59.0,181,94,93.0,,19.4,53,18.6,0.0,0.0,991.5,4.2,290,0,55.0
2025-11-12T23:00,126.7,175.1,944.0,40.2,26.4,61.0,181,95,90.0,,19.1,54,18.4,0.0,0.0,991.8,3.6,264,0,50.0
2025-11-13T00:00,126.2,170.0,954.0,33.8,25.2,65.0,182,94,81.0,,17.3,59,16.2,0.0,0.0,991.5,5.8,277,0,55.0
2025-11-13T01:00,125.3,162.5,968.0,26.4,23.9,70.0,182,94,69.0,,16.2,64,15.2,0.0,0.0,991.3,5.6,285,0,65.0
2025-11-13T02:00,123.9,154.6,975.0,21.0,23.0,74.0,183,94,57.0,,15.4,69,14.5,0.0,0.0,990.9,5.4,276,0,65.0
2025-11-13T03:00,122.0,147.6,936.0,18.4,22.6,75.0,183,93,48.0,,14.7,72,13.9,0.0,0.0,990.7,5.1,274,0,55.0
2025-11-13T04:00,121.5,143.0,889.0,17.8,22.7,74.0,184,93,40.0,,14.3,75,13.4,0.0,0.0,990.3,5.4,272,0,60.0
2025-11-13T05:00,119.7,137.8,938.0,18.4,23.8,76.0,184,92,33.0,,13.7,80,12.9,0.0,0.0,991.0,6.2,278,0,75.0
2025-11-13T06:00,124.3,139.7,1213.0,25.6,25.2,67.0,185,94,29.0,,13.2,81,12.4,0.0,0.0,991.5,5.5,279,0,75.0
2025-11-13T07:00,132.2,146.2,1584.0,35.1,27.3,57.0,185,97,25.0,,13.8,76,12.7,0.0,0.0,992.4,6.5,275,0,80.0
2025-11-13T08:00,130.9,142.5,1762.0,39.8,29.8,61.0,186,96,21.0,,15.7,68,14.7,0.0,0.0,993.4,6.3,268,0,110.0
2025-11-13T09:00,127.6,137.8,1565.0,35.1,33.2,95.0,187,95,19.0,,18.3,57,17.5,0.0,0.0,994.1,4.9,278,0,170.0
2025-11-13T10:00,116.2,126.7,1174.0,25.6,37.0,143.0,187,90,18.0,,21.2,47,20.3,0.0,0.0,994.2,4.9,278,0,290.0
2025-11-13T11:00,97.6,108.3,850.0,17.5,38.9,179.0,188,99,20.0,,23.8,37,22.5,0.0,0.0,994.1,8.1,288,0,890.0
2025-11-13T12:00,87.8,100.8,674.0,11.3,37.4,192.0,188,112,26.0,,25.2,33,23.7,0.0,0.0,993.5,9.4,296,0,1005.0
2025-11-13T13:00,79.4,96.6,563.0,6.6,34.0,192.0,188,112,34.0,,25.9,28,23.9,0.0,0.0,992.6,9.5,297,0,1140.0
2025-11-13T14:00,74.5,96.9,533.0,8.6,31.4,182.0,189,102,42.0,,26.3,26,23.6,0.0,0.0,991.6,9.7,299,0,1210.0
2025-11-13T15:00,72.4,99.7,623.0,23.0,30.8,158.0,189,79,47.0,,26.0,26,23.2,0.0,0.0,991.2,9.9,297,0,1185.0
2025-11-13T16:00,76.1,102.9,793.0,44.1,31.0,124.0,189,73,51.0,,25.1,29,22.7,0.0,0.0,991.0,8.9,294,0,1025.0
2025-11-13T17:00,100.8,126.7,937.0,57.5,31.1,102.0,190,84,48.0,,22.5,38,20.9,0.0,0.0,991.2,5.5,289,0,245.0
2025-11-13T18:00,106.6,134.6,1024.0,56.7,30.9,93.0,190,87,53.0,,21.5,40,19.9,0.0,0.0,991.7,6.2,285,0,195.0
2025-11-13T19:00,107.1,138.3,1085.0,55.3,30.7,80.0,190,87,59.0,,20.4,44,18.9,0.0,0.0,992.0,6.5,289,0,155.0
2025-11-13T20:00,107.6,141.6,1106.0,52.7,29.9,71.0,189,87,63.0,,19.3,48,17.8,0.0,0.0,992.4,6.5,284,0,115.0
2025-11-13T21:00,109.4,143.9,1070.0,48.2,28.4,68.0,189,88,63.0,,18.6,50,17.1,0.0,0.0,992.4,6.7,275,0,95.0
2025-11-13T22:00,110.1,143.0,995.0,42.4,26.4,68.0,189,88,60.0,,17.9,52,16.4,0.0,0.0,992.2,6.5,278,0,90.0
2025-11-13T23:00,108.0,137.8,918.0,36.5,24.4,69.0,189,87,55.0,,17.6,55,16.1,0.0,0.0,992.4,6.7,284,0,110.0
2025-11-14T00:00,104.8,130.4,840.0,30.1,22.5,71.0,188,86,48.0,,16.7,57,15.2,0.0,0.0,991.8,6.7,294,0,115.0
2025-11-14T01:00,101.0,122.0,761.0,23.6,20.7,74.0,187,84,39.0,,15.7,61,14.4,0.0,0.0,991.4,5.7,298,0,100.0
2025-11-14T02:00,97.3,114.1,711.0,19.0,19.4,75.0,187,83,31.0,,15.0,64,13.8,0.0,0.0,991.1,5.4,291,0,85.0
2025-11-14T03:00,94.1,107.3,680.0,16.8,18.5,72.0,186,82,25.0,,14.5,66,13.2,0.0,0.0,990.9,5.5,281,0,75.0
2025-11-14T04:00,91.7,102.4,680.0,16.6,18.1,68.0,185,81,21.0,,13.9,68,12.5,0.0,0.0,990.7,5.8,275,0,75.0
2025-11-14T05:00,98.5,107.1,776.0,20.7,19.5,61.0,184,83,16.0,,13.5,74,12.4,0.0,0.0,991.5,6.0,279,0,75.0
2025-11-14T06:00,101.0,107.6,1090.0,27.4,21.2,52.0,183,84,13.0,,13.3,75,12.2,0.0,0.0,991.9,5.6,270,0,70.0
2025-11-14T07:00,107.1,112.0,1499.0,36.3,23.6,42.0,183,87,9.0,,13.7,74,12.4,0.0,0.0,992.7,6.7,261,0,70.0
2025-11-14T08:00,105.9,109.4,1706.0,40.3,26.1,45.0,182,86,6.0,,15.6,67,14.5,0.0,0.0,993.5,6.2,260,0,100.0
2025-11-14T09:00,100.8,104.5,1519.0,34.9,29.1,76.0,181,84,6.0,,18.4,56,17.5,0.0,0.0,994.1,4.9,266,0,160.0
2025-11-14T10:00,88.2,92.7,1129.0,24.7,32.2,121.0,180,79,8.0,,21.1,46,20.0,0.0,0.0,994.0,5.2,274,0,275.0
2025-11-14T11:00,68.2,73.6,809.0,16.3,33.9,156.0,180,78,10.0,,23.5,37,22.3,0.0,0.0,994.0,7.0,282,0,765.0
2025-11-14T12:00,50.9,57.2,652.0,10.2,32.9,175.0,179,95,12.0,,25.1,29,23.2,0.0,0.0,993.0,8.6,290,0,1080.0
2025-11-14T13:00,45.3,52.9,564.0,5.9,30.5,184.0,178,104,15.0,,25.7,28,23.5,0.0,0.0,992.1,9.4,294,0,1160.0
2025-11-14T14:00,42.6,51.8,543.0,8.6,29.0,181.0,177,101,18.0,,26.0,26,23.4,0.0,0.0,991.4,9.5,295,0,1250.0
2025-11-14T15:00,41.8,53.2,612.0,23.8,29.4,160.0,176,80,20.0,,25.8,24,22.9,0.0,0.0,991.0,9.7,295,0,1245.0
2025-11-14T16:00,46.0,57.3,746.0,46.0,30.7,127.0,175,64,22.0,,24.9,27,22.3,0.0,0.0,990.9,8.9,295,0,1095.0
2025-11-14T17:00,85.9,95.7,869.0,65.8,32.2,89.0,174,78,18.0,,22.6,35,20.9,0.0,0.0,991.0,5.2,292,0,275.0
2025-11-14T18:00,99.0,109.2,964.0,70.1,34.0,75.0,173,84,18.0,,21.9,38,20.3,0.0,0.0,991.1,5.4,291,0,185.0
2025-11-14T19:00,107.1,117.3,1048.0,75.7,36.2,57.0,173,87,19.0,,20.8,42,19.3,0.0,0.0,991.7,5.6,285,0,130.0
2025-11-14T20:00,108.5,119.0,1090.0,76.6,36.8,44.0,173,87,19.0,,19.6,46,18.2,0.0,0.0,992.2,5.6,276,0,100.0
2025-11-14T21:00,105.9,116.4,1074.0,69.1,34.2,44.0,173,86,19.0,,18.8,50,17.4,0.0,0.0,992.2,5.6,270,0,85.0
2025-11-14T22:00,101.5,112.0,1016.0,56.9,29.8,49.0,173,85,19.0,,18.1,52,16.7,0.0,0.0,992.0,5.6,272,0,85.0
2025-11-14T23:00,96.6,107.1,942.0,45.6,26.0,55.0,173,83,19.0,,17.5,57,16.3,0.0,0.0,992.1,5.8,286,0,105.0
2025-11-15T00:00,93.4,103.1,838.0,36.3,23.5,59.0,173,81,18.0,,16.9,56,15.5,0.0,0.0,991.7,6.0,307,0,110.0
2025-11-15T01:00,91.7,100.6,718.0,27.9,21.5,62.0,172,81,16.0,,15.9,59,14.5,0.0,0.0,991.5,5.6,310,0,100.0
2025-11-15T02:00,91.3,99.0,642.0,22.0,20.2,63.0,172,81,14.0,,15.2,62,13.8,0.0,0.0,991.4,5.4,307,0,85.0
2025-11-15T03:00,91.3,98.0,612.0,19.3,19.6,61.0,172,81,13.0,,14.4,65,13.1,0.0,0.0,991.1,5.2,292,0,65.0
2025-11-15T04:00,91.7,98.0,626.0,19.2,19.6,58.0,172,81,12.0,,13.7,69,12.4,0.0,0.0,991.2,4.9,276,0,55.0
2025-11-15T05:00,97.8,102.0,743.0,22.4,20.8,52.0,172,83,8.0,,13.1,76,12.0,0.0,0.0,991.8,5.4,270,0,60.0
2025-11-15T06:00,103.8,107.6,1091.0,28.3,22.6,45.0,172,86,7.0,,12.8,77,11.6,0.0,0.0,992.5,5.6,263,0,60.0
2025-11-15T07:00,113.4,116.9,1542.0,36.0,25.2,37.0,172,89,6.0,,13.0,76,11.7,0.0,0.0,993.4,6.6,259,0,65.0
2025-11-15T08:00,111.8,114.6,1772.0,39.4,28.3,43.0,172,89,5.0,,15.1,67,14.0,0.0,0.0,994.2,6.2,262,0,90.0
2025-11-15T09:00,107.6,110.4,1575.0,34.3,32.5,77.0,172,87,5.0,,18.1,56,17.1,0.0,0.0,994.8,4.7,270,0,145.0
2025-11-15T10:00,95.0,98.5,1157.0,24.9,37.1,126.0,172,82,7.0,,21.0,45,19.8,0.0,0.0,995.2,5.1,280,0,255.0
2025-11-15T11:00,74.3,77.8,813.0,17.1,40.0,163.0,173,83,7.0,,23.6,36,22.3,0.0,0.0,995.0,6.7,284,0,640.0
2025-11-15T12:00,63.8,67.1,640.0,11.7,39.8,179.0,173,99,6.0,,25.3,29,23.7,0.0,0.0,994.3,7.5,294,0,945.0
2025-11-15T13:00,57.7,60.5,541.0,8.0,37.9,183.0,173,103,5.0,,26.1,28,24.1,0.0,0.0,993.3,8.8,303,0,1085.0
2025-11-15T14:00,53.0,55.2,523.0,9.7,36.0,176.0,173,96,4.0,,26.6,25,23.9,0.0,0.0,992.6,10.0,308,0,1145.0
2025-11-15T15:00,49.7,51.5,634.0,21.1,34.7,154.0,174,77,3.0,,26.4,25,23.6,0.0,0.0,992.0,10.3,310,0,1145.0
2025-11-15T16:00,50.5,51.9,826.0,37.9,33.4,120.0,174,60,2.0,,25.5,28,23.1,0.0,0.0,992.0,9.0,308,0,1115.0
2025-11-15T17:00,84.5,87.5,966.0,57.4,36.0,89.0,174,77,6.0,,22.8,39,21.6,0.0,0.0,991.8,5.2,290,0,255.0
2025-11-15T18:00,94.3,97.1,996.0,60.6,36.0,75.0,174,82,5.0,,22.2,39,20.7,0.0,0.0,992.3,5.9,284,0,190.0
2025-11-15T19:00,95.7,98.3,974.0,64.7,35.9,56.0,174,82,5.0,,21.2,42,19.6,0.0,0.0,992.7,6.8,282,0,160.0
2025-11-15T20:00,94.5,96.9,942.0,65.3,34.9,42.0,174,82,4.0,,20.3,45,18.7,0.0,0.0,993.2,7.2,276,0,125.0
2025-11-15T21:00,91.5,93.6,913.0,59.7,32.4,39.0,173,81,4.0,,19.5,47,17.9,0.0,0.0,993.6,7.0,273,0,110.0
2025-11-15T22:00,87.5,89.6,874.0,50.7,29.0,42.0,173,79,4.0,,18.7,49,17.2,0.0,0.0,993.9,6.3,285,0,115.0
2025-11-15T23:00,82.9,84.8,825.0,42.0,26.1,46.0,172,76,4.0,,17.3,58,16.2,0.0,0.0,994.0,5.4,312,0,135.0
2025-11-16T00:00,78.9,80.8,754.0,34.4,24.1,49.0,172,74,4.0,,16.2,59,15.0,0.0,0.0,993.7,5.2,304,0,90.0
2025-11-16T01:00,76.8,78.7,674.0,27.2,22.6,52.0,171,73,3.0,,15.3,63,14.1,0.0,0.0,993.6,4.8,292,0,60.0
2025-11-16T02:00,75.9,77.5,620.0,22.2,21.6,54.0,171,73,3.0,,14.6,67,13.5,0.0,0.0,993.6,4.6,288,0,50.0
2025-11-16T03:00,75.7,77.3,572.0,20.0,21.1,53.0,171,73,3.0,,13.9,69,12.9,0.0,0.0,993.6,4.0,270,0,40.0
2025-11-16T04:00,76.1,77.8,551.0,20.0,21.0,51.0,170,73,3.0,,13.3,70,12.0,0.0,0.0,993.5,4.7,263,0,45.0
2025-11-16T05:00,80.3,81.7,650.0,20.2,23.1,56.0,170,75,3.0,,12.5,80,11.5,0.0,0.0,994.3,4.9,270,0,50.0
2025-11-16T06:00,86.8,88.5,1017.0,26.7,24.8,49.0,169,78,3.0,,12.3,79,11.3,0.0,0.0,994.8,4.7,268,0,50.0
2025-11-16T07:00,96.9,98.5,1504.0,35.3,27.3,41.0,169,83,2.0,,12.8,75,11.5,0.0,0.0,995.5,6.1,267,0,60.0
2025-11-16T08:00,95.0,96.2,1766.0,39.3,30.0,45.0,168,82,2.0,,15.0,66,13.6,0.0,0.0,996.1,6.9,265,0,90.0
2025-11-16T09:00,89.4,90.8,1589.0,34.2,33.4,74.0,168,80,3.0,,18.0,55,16.9,0.0,0.0,996.7,4.8,281,0,145.0
2025-11-16T10:00,76.4,78.2,1186.0,24.4,37.0,116.0,167,73,3.0,,21.0,45,19.8,0.0,0.0,997.3,5.7,298,0,300.0
2025-11-16T11:00,60.3,62.4,851.0,16.3,38.6,147.0,167,74,4.0,,23.7,37,22.3,0.0,0.0,996.5,7.7,303,0,710.0
2025-11-16T12:00,49.7,51.6,679.0,10.9,36.5,158.0,166,79,4.0,,25.6,29,23.6,0.0,0.0,995.8,10.2,314,0,955.0
2025-11-16T13:00,42.7,44.4,575.0,7.3,32.4,159.0,166,80,3.0,,26.5,26,24.0,0.0,0.0,994.9,11.4,319,0,1105.0
2025-11-16T14:00,38.6,40.2,543.0,8.6,29.1,151.0,165,76,3.0,,26.8,24,23.7,0.0,0.0,994.0,11.6,319,0,1180.0
2025-11-16T15:00,36.8,38.1,623.0,19.0,27.7,132.0,165,66,3.0,,26.4,24,23.3,0.0,0.0,993.5,11.5,320,0,1165.0
2025-11-16T16:00,38.1,39.1,775.0,34.3,27.0,105.0,164,53,2.0,,25.5,26,22.8,0.0,0.0,993.2,9.8,314,0,1060.0
2025-11-16T17:00,52.2,53.8,887.0,44.1,26.9,80.0,164,61,3.0,,23.0,34,21.3,0.0,0.0,993.2,5.7,302,0,380.0
2025-11-16T18:00,59.6,61.0,908.0,47.1,27.4,71.0,163,65,3.0,,22.3,36,20.5,0.0,0.0,993.5,6.2,296,0,280.0
2025-11-16T19:00,62.4,63.8,889.0,51.0,28.1,58.0,162,66,2.0,,21.1,40,19.3,0.0,0.0,994.0,6.5,293,0,190.0
2025-11-16T20:00,64.5,65.7,865.0,53.1,28.4,48.0,161,67,2.0,,19.7,45,18.2,0.0,0.0,994.1,5.7,283,0,115.0
2025-11-16T21:00,67.5,68.9,850.0,51.9,28.0,44.0,160,69,2.0,,18.9,47,17.3,0.0,0.0,994.3,6.1,272,0,100.0
2025-11-16T22:00,70.8,72.2,830.0,48.9,27.2,43.0,159,70,2.0,,18.3,48,16.5,0.0,0.0,994.3,6.5,276,0,105.0
2025-11-16T23:00,72.2,73.6,798.0,45.1,26.1,43.0,159,71,2.0,,17.4,52,15.8,0.0,0.0,994.2,6.2,287,0,110.0
2025-11-17T00:00,72.2,73.6,736.0,40.0,24.6,44.0,159,71,2.0,,15.9,56,14.3,0.0,0.0,993.9,5.8,306,0,95.0
2025-11-17T01:00,72.9,74.3,661.0,34.3,22.9,45.0,158,71,3.0,,14.8,60,13.3,0.0,0.0,993.4,5.2,299,0,75.0
2025-11-17T02:00,74.7,76.1,618.0,30.7,21.7,45.0,158,72,3.0,,14.3,62,12.7,0.0,0.0,993.2,5.2,286,0,60.0
2025-11-17T03:00,77.3,78.7,596.0,30.9,21.2,40.0,158,74,3.0,,13.7,63,12.1,0.0,0.0,992.9,5.2,274,0,60.0
2025-11-17T04:00,79.6,81.3,606.0,33.3,21.2,33.0,158,75,3.0,,13.2,65,11.5,0.0,0.0,993.0,5.4,264,0,60.0
2025-11-17T05:00,80.8,82.4,726.0,28.7,22.5,41.0,158,75,3.0,,12.3,73,10.9,0.0,0.0,993.1,5.2,266,0,55.0
2025-11-17T06:00,91.0,92.7,1096.0,34.0,24.8,33.0,158,80,3.0,,12.3,73,10.8,0.0,0.0,993.6,5.5,261,0,55.0
2025-11-17T07:00,105.2,106.6,1576.0,40.9,28.2,24.0,159,86,2.0,,12.7,70,11.0,0.0,0.0,994.3,6.4,260,0,60.0
2025-11-17T08:00,103.6,104.5,1828.0,43.6,31.7,29.0,159,85,2.0,,14.8,63,13.2,0.0,0.0,995.0,6.8,268,0,85.0
2025-11-17T09:00,98.3,99.4,1635.0,38.2,35.4,62.0,159,83,3.0,,17.8,52,16.5,0.0,0.0,995.6,4.7,274,0,140.0
2025-11-17T10:00,90.1,91.7,1212.0,28.6,39.2,110.0,159,80,3.0,,20.6,42,19.3,0.0,0.0,996.1,4.4,289,0,235.0
2025-11-17T11:00,77.3,79.4,871.0,20.6,42.0,147.0,160,74,4.0,,23.2,36,22.0,0.0,0.0,995.4,4.4,300,0,695.0
2025-11-17T12:00,61.9,64.0,721.0,13.5,42.8,167.0,160,87,4.0,,25.0,30,23.6,0.0,0.0,994.9,5.9,315,0,930.0
2025-11-17T13:00,59.5,61.2,651.0,8.1,42.5,177.0,161,97,3.0,,25.7,29,24.1,0.0,0.0,993.9,6.5,312,0,1050.0
2025-11-17T14:00,58.6,60.1,642.0,12.4,42.9,173.0,161,93,3.0,,26.0,28,24.2,0.0,0.0,993.2,6.1,304,0,1110.0
2025-11-17T15:00,58.2,59.6,671.0,34.3,43.8,148.0,162,74,3.0,,25.8,29,24.0,0.0,0.0,993.0,5.6,303,0,1135.0
2025-11-17T16:00,65.2,66.4,760.0,65.8,45.3,109.0,162,68,2.0,,25.1,30,23.4,0.0,0.0,992.9,5.3,298,0,1085.0
2025-11-17T17:00,115.0,117.1,953.0,82.9,46.7,71.0,163,90,4.0,,22.7,43,22.0,0.0,0.0,992.9,3.5,309,0,410.0
2025-11-17T18:00,143.4,145.3,1305.0,89.1,53.1,58.0,165,101,4.0,,22.0,43,21.3,0.0,0.0,993.4,2.7,337,0,285.0
2025-11-17T19:00,164.4,166.7,1760.0,97.5,62.1,41.0,168,110,4.0,,21.3,45,20.7,0.0,0.0,994.1,1.3,45,0,115.0
2025-11-17T20:00,180.7,183.0,2200.0,102.9,69.1,28.0,171,116,4.0,,20.4,48,19.9,0.0,0.0,994.3,1.6,96,0,95.0
2025-11-17T21:00,193.2,195.6,2633.0,102.7,72.8,23.0,174,121,4.0,,19.6,52,19.1,0.0,0.0,994.4,1.5,144,0,75.0
2025-11-17T22:00,201.2,203.5,3050.0,99.6,74.5,23.0,178,124,4.0,,18.8,55,18.6,0.0,0.0,994.5,1.1,198,0,25.0
2025-11-17T23:00,204.0,206.3,3305.0,95.9,74.2,23.0,182,126,4.0,,17.7,60,17.3,0.0,0.0,994.3,2.0,225,0,25.0
2025-11-18T00:00,203.0,205.8,3303.0,92.2,71.1,22.0,186,125,4.0,,16.6,64,16.1,0.0,0.0,993.9,2.1,239,0,25.0
2025-11-18T01:00,202.1,204.4,3140.0,88.0,65.9,21.0,189,125,5.0,,16.0,66,15.5,0.0,0.0,993.4,2.1,255,0,30.0
2025-11-18T02:00,200.2,202.6,2953.0,84.0,60.9,20.0,193,124,5.0,,15.5,67,15.1,0.0,0.0,993.2,1.7,257,0,35.0
2025-11-18T03:00,195.6,198.4,2748.0,80.0,56.2,17.0,197,122,5.0,,15.1,68,14.6,0.0,0.0,992.8,1.8,264,0,35.0
2025-11-18T04:00,191.4,193.7,2520.0,76.2,51.7,14.0,201,121,4.0,,14.2,72,13.4,0.0,0.0,992.3,3.3,276,0,35.0
2025-11-18T05:00,184.9,187.2,2394.0,72.9,44.4,10.0,205,118,4.0,,14.5,70,13.9,0.0,0.0,992.5,2.3,266,0,45.0
2025-11-18T06:00,185.3,187.7,2524.0,74.2,44.5,13.0,210,118,3.0,,13.5,74,12.6,0.0,0.0,992.7,4.2,260,0,45.0
2025-11-18T07:00,190.5,192.3,2756.0,75.3,44.7,19.0,214,120,2.0,,13.6,74,12.5,0.0,0.0,993.4,5.1,260,0,50.0
2025-11-18T08:00,173.7,174.6,2757.0,71.5,45.8,36.0,217,113,2.0,,15.3,68,14.4,0.0,0.0,993.9,4.9,270,0,75.0
2025-11-18T09:00,149.9,151.3,2290.0,58.3,48.8,76.0,220,104,2.0,,18.0,58,17.3,0.0,0.0,994.4,3.5,285,0,135.0
2025-11-18T10:00,122.5,124.3,1592.0,40.1,52.7,127.0,222,93,3.0,,20.8,48,20.0,0.0,0.0,994.3,3.9,294,0,255.0
2025-11-18T11:00,96.6,98.5,1045.0,25.6,54.5,168.0,224,88,4.0,,23.4,40,22.4,0.0,0.0,993.6,5.6,292,0,665.0
2025-11-18T12:00,82.2,84.3,804.0,16.0,52.2,191.0,225,111,4.0,,24.9,34,23.8,0.0,0.0,992.7,6.9,298,0,885.0
2025-11-18T13:00,76.1,78.0,715.0,10.2,47.9,203.0,225,123,3.0,,25.6,34,24.2,0.0,0.0,991.5,7.6,301,0,975.0
2025-11-18T14:00,71.9,73.8,696.0,13.2,44.8,200.0,226,120,3.0,,25.8,34,24.3,0.0,0.0,990.6,7.7,301,0,1045.0
2025-11-18T15:00,70.1,71.7,725.0,31.3,43.9,176.0,227,96,3.0,,25.7,36,24.3,0.0,0.0,990.2,7.8,302,0,1060.0
2025-11-18T16:00,74.5,75.7,825.0,58.4,44.1,138.0,227,72,2.0,,24.9,41,24.0,0.0,0.0,990.0,7.5,310,0,1040.0
2025-11-18T17:00,107.1,108.7,980.0,78.2,45.5,106.0,228,87,3.0,,22.6,54,22.8,0.0,0.0,989.8,4.6,324,0,430.0
2025-11-18T18:00,124.3,125.7,1195.0,85.8,49.7,87.0,227,94,3.0,,21.9,59,22.4,0.0,0.0,990.2,3.4,357,0,280.0
2025-11-18T19:00,141.6,143.0,1466.0,96.1,55.4,60.0,226,101,3.0,,21.4,61,22.2,0.0,0.0,990.6,2.2,42,0,150.0
2025-11-18T20:00,156.9,158.3,1758.0,103.1,59.8,38.0,225,107,3.0,,20.9,63,21.9,0.0,0.0,990.7,0.9,90,0,85.0
2025-11-18T21:00,170.0,171.8,2142.0,104.4,62.2,25.0,224,112,3.0,,19.9,66,20.8,0.0,0.0,990.8,0.9,217,0,35.0
2025-11-18T22:00,178.3,179.7,2549.0,102.5,63.3,17.0,223,115,3.0,,18.5,70,18.8,0.0,0.0,990.7,3.8,239,0,45.0
2025-11-18T23:00,177.9,179.3,2732.0,98.2,61.5,12.0,223,115,3.0,,17.1,77,17.5,0.0,0.0,990.7,3.9,242,0,35.0
2025-11-19T00:00,169.0,170.4,2513.0,90.9,54.9,11.0,221,112,3.0,,16.2,80,16.6,0.0,0.0,990.3,3.2,251,0,35.0
2025-11-19T01:00,159.7,161.1,2072.0,81.2,45.5,14.0,220,108,2.0,,15.6,83,15.9,0.0,0.0,990.2,3.0,253,0,30.0
2025-11-19T02:00,152.7,154.1,1699.0,72.8,37.8,16.0,218,105,2.0,,15.2,83,15.3,0.0,0.0,989.9,4.0,262,0,35.0
2025-11-19T03:00,148.1,149.5,1455.0,66.5,33.3,16.0,216,103,2.0,,14.7,84,14.6,0.0,0.0,989.9,4.4,261,0,45.0
2025-11-19T04:00,143.9,145.3,1280.0,61.3,30.6,15.0,214,102,2.0,,14.2,83,14.0,0.0,0.0,990.0,4.0,249,0,40.0
2025-11-19T05:00,159.3,160.7,1285.0,65.4,37.3,10.0,212,108,2.0,,13.6,84,13.3,0.0,0.0,990.4,3.7,256,0,35.0
2025-11-19T06:00,164.8,166.2,1667.0,67.8,39.1,6.0,211,110,2.0,,13.3,83,12.8,0.0,0.0,991.1,4.0,262,0,40.0
2025-11-19T07:00,182.5,183.9,2230.0,70.7,41.9,2.0,210,117,1.0,,13.8,79,13.2,0.0,0.0,992.3,4.2,263,0,40.0
2025-11-19T08:00,186.7,187.7,2498.0,69.1,46.0,17.0,210,119,1.0,,15.7,71,15.5,0.0,0.0,993.3,2.2,279,0,60.0
2025-11-19T09:00,149.0,149.5,2175.0,59.0,52.6,68.0,211,104,1.0,,18.7,59,18.8,0.0,0.0,994.2,0.4,297,0,130.0
2025-11-19T10:00,116.4,117.3,1558.0,44.5,60.6,138.0,211,91,2.0,,21.7,50,21.8,0.0,0.0,994.6,1.1,108,0,240.0
2025-11-19T11:00,93.4,94.5,1058.0,33.1,66.7,192.0,210,112,2.0,,24.0,46,23.7,0.0,0.0,994.1,5.3,100,0,815.0
2025-11-19T12:00,73.1,74.3,825.0,24.9,69.1,218.0,210,138,2.0,,25.3,40,25.0,0.0,0.0,993.4,5.9,102,1,985.0
2025-11-19T13:00,68.5,69.4,709.0,19.9,69.6,228.0,210,148,2.0,,25.9,38,25.4,0.0,0.0,992.7,5.4,110,0,1090.0
2025-11-19T14:00,65.9,66.8,680.0,25.3,70.2,222.0,209,142,2.0,,26.0,37,25.4,0.0,0.0,991.6,4.8,119,0,1160.0
2025-11-19T15:00,65.2,66.1,754.0,49.7,71.5,193.0,209,113,2.0,,25.8,37,25.2,0.0,0.0,991.1,4.4,125,0,1155.0
2025-11-19T16:00,73.1,73.8,914.0,84.6,73.0,147.0,209,74,1.0,,25.1,40,24.5,0.0,0.0,991.2,4.8,132,0,1085.0
2025-11-19T17:00,116.4,117.6,1078.0,105.9,60.6,102.0,209,91,2.0,,23.4,48,23.3,0.0,0.0,991.0,4.4,150,0,235.0
2025-11-19T18:00,145.3,146.7,1207.0,111.9,64.7,82.0,209,102,2.0,,22.5,56,22.9,0.0,0.0,991.3,3.5,159,0,155.0
2025-11-19T19:00,162.5,163.4,1341.0,119.9,70.3,54.0,210,109,2.0,,21.8,59,22.8,0.0,0.0,991.8,0.9,180,0,20.0
2025-11-19T20:00,172.8,173.7,1511.0,124.3,74.6,33.0,211,113,2.0,,21.1,63,22.3,0.0,0.0,992.1,0.4,153,0,15.0
2025-11-19T21:00,181.1,182.1,1761.0,121.8,76.7,25.0,212,116,2.0,,20.4,64,21.4,0.0,0.0,992.1,0.6,146,0,35.0
2025-11-19T22:00,188.6,190.0,2049.0,115.6,77.5,22.0,212,119,2.0,,20.0,65,20.9,0.0,0.0,992.1,0.7,166,0,35.0
2025-11-19T23:00,192.8,194.2,2277.0,109.9,77.2,21.0,213,121,2.0,,18.8,71,19.7,0.0,0.0,991.9,1.2,207,0,20.0
2025-11-20T00:00,193.7,195.1,2409.0,106.2,75.6,19.0,213,121,2.0,,18.1,73,18.9,0.0,0.0,991.6,1.3,236,0,20.0
2025-11-20T01:00,193.7,194.6,2482.0,103.1,73.0,17.0,214,121,2.0,,17.4,76,18.0,0.0,0.0,991.3,2.5,262,0,35.0
2025-11-20T02:00,191.4,192.8,2510.0,100.0,70.1,15.0,216,121,2.0,,16.4,80,16.6,0.0,0.0,991.1,4.2,265,0,50.0
2025-11-20T03:00,189.1,190.5,2454.0,96.3,66.3,12.0,217,120,2.0,,16.0,79,16.1,0.0,0.0,991.1,4.2,260,0,50.0
2025-11-20T04:00,187.2,188.6,2353.0,92.7,62.3,8.0,219,119,2.0,,15.3,81,15.2,0.0,0.0,990.9,4.6,257,0,50.0
2025-11-20T05:00,204.0,205.4,2341.0,123.3,79.6,1.0,221,126,2.0,,14.4,85,14.4,0.0,0.0,991.2,4.4,251,0,45.0
2025-11-20T06:00,207.2,208.6,2581.0,123.6,79.4,0.0,223,127,2.0,,14.1,85,14.0,0.0,0.0,992.0,4.2,265,0,50.0
2025-11-20T07:00,220.3,221.2,2910.0,123.1,79.3,0.0,224,132,1.0,,14.4,84,14.2,0.0,0.0,992.8,4.5,263,0,55.0
2025-11-20T08:00,209.1,209.5,2974.0,115.8,80.4,20.0,226,128,1.0,,16.2,76,16.3,0.0,0.0,993.7,3.4,264,0,70.0
2025-11-20T09:00,181.6,182.5,2512.0,95.9,83.9,79.0,227,117,1.0,,19.2,65,19.8,0.0,0.0,994.5,1.5,249,0,100.0
2025-11-20T10:00,155.5,156.5,1784.0,69.2,88.5,157.0,228,106,2.0,,22.2,54,22.8,0.0,0.0,994.7,1.1,252,0,270.0
2025-11-20T11:00,128.1,129.0,1218.0,47.2,91.6,221.0,230,141,2.0,,24.4,46,24.3,0.0,0.0,994.2,4.7,180,0,965.0
2025-11-20T12:00,109.4,110.8,986.0,30.8,91.6,259.0,231,179,2.0,,25.6,42,25.6,0.0,0.0,993.5,5.3,172,0,1135.0
2025-11-20T13:00,106.2,107.6,916.0,19.1,90.1,282.0,233,202,2.0,,26.0,41,25.9,0.0,0.0,992.7,4.9,176,0,1250.0
2025-11-20T14:00,104.8,106.2,922.0,20.8,89.2,284.0,235,204,2.0,,26.1,40,25.9,0.0,0.0,992.1,4.5,180,0,1305.0
2025-11-20T15:00,105.5,106.9,953.0,44.8,88.8,253.0,236,173,2.0,,25.7,41,25.4,0.0,0.0,991.6,4.9,180,0,1250.0
2025-11-20T16:00,119.7,121.1,1060.0,82.3,88.9,201.0,238,121,2.0,,25.0,43,24.6,0.0,0.0,991.4,5.6,186,0,1080.0
2025-11-20T17:00,156.9,158.8,1306.0,98.8,78.4,140.0,240,107,3.0,,23.4,50,23.4,0.0,0.0,991.3,4.9,180,0,195.0
2025-11-20T18:00,186.7,189.1,1827.0,109.1,80.3,109.0,241,119,3.0,,22.0,57,22.4,0.0,0.0,992.1,4.1,203,0,85.0
2025-11-20T19:00,207.2,209.5,2486.0,123.3,82.8,67.0,243,127,4.0,,21.0,62,21.4,0.0,0.0,992.3,4.1,225,0,50.0
2025-11-20T20:00,218.4,220.3,2938.0,133.5,83.5,33.0,245,131,4.0,,20.6,63,21.3,0.0,0.0,992.7,2.0,225,0,30.0
2025-11-20T21:00,221.7,224.0,2977.0,136.0,80.8,17.0,247,133,4.0,,20.1,66,21.1,0.0,0.0,992.9,0.5,180,0,10.0
2025-11-20T22:00,221.2,223.5,2809.0,134.5,76.4,10.0,249,132,4.0,,19.2,68,20.1,0.0,0.0,992.9,0.7,104,0,20.0
2025-11-20T23:00,219.3,221.7,2702.0,131.9,72.0,6.0,250,132,4.0,,18.3,72,19.1,0.0,0.0,992.6,0.7,166,0,15.0
2025-11-21T00:00,217.0,219.8,2790.0,128.9,68.0,2.0,251,131,4.0,,17.5,73,18.2,0.0,0.0,992.6,0.6,236,0,10.0
2025-11-21T01:00,217.0,219.3,2940.0,124.9,64.2,1.0,252,131,5.0,,16.8,75,17.3,0.0,0.0,992.3,1.5,234,0,15.0
2025-11-21T02:00,217.5,220.3,3019.0,121.2,61.8,0.0,253,131,5.0,,16.4,75,16.8,0.0,0.0,992.4,1.4,230,0,15.0
2025-11-21T03:00,217.9,221.2,2961.0,118.2,61.5,0.0,254,131,5.0,,16.2,74,16.5,0.0,0.0,992.2,0.9,217,0,10.0
2025-11-21T04:00,219.8,222.6,2833.0,115.5,62.6,0.0,255,132,5.0,,15.9,75,16.2,0.0,0.0,992.3,0.9,217,0,10.0
2025-11-21T05:00,215.6,218.4,2705.0,105.3,57.2,1.0,257,130,5.0,,15.1,78,15.2,0.0,0.0,992.8,2.3,209,0,15.0
2025-11-21T06:00,213.3,216.5,2650.0,103.4,57.1,2.0,257,129,4.0,,14.5,81,14.3,0.0,0.0,993.6,4.1,209,0,25.0
2025-11-21T07:00,212.3,215.1,2596.0,100.1,56.8,6.0,257,129,3.0,,15.0,79,14.8,0.0,0.0,994.2,4.6,201,0,30.0
2025-11-21T08:00,193.2,195.1,2393.0,92.1,55.8,24.0,257,121,3.0,,17.7,69,17.5,0.0,0.0,995.3,5.3,190,0,70.0
2025-11-21T09:00,171.8,173.7,1884.0,75.7,52.8,70.0,256,113,4.0,,20.5,62,20.9,0.0,0.0,995.9,3.2,180,0,175.0
2025-11-21T10:00,146.7,149.5,1228.0,54.6,49.0,131.0,256,103,5.0,,22.8,55,23.2,0.0,0.0,996.2,4.7,180,0,585.0
2025-11-21T11:00,118.3,122.0,748.0,37.3,47.3,179.0,256,99,6.0,,24.5,46,24.2,0.0,0.0,995.7,6.1,180,0,1165.0
2025-11-21T12:00,96.2,99.4,596.0,23.3,49.3,208.0,255,128,6.0,,25.6,40,25.5,0.0,0.0,994.9,4.7,184,0,1295.0
2025-11-21T13:00,90.8,93.4,621.0,13.1,53.5,224.0,255,144,5.0,,26.1,38,25.9,0.0,0.0,994.0,3.5,195,0,1410.0
2025-11-21T14:00,89.2,91.7,696.0,16.1,57.9,224.0,254,144,4.0,,26.2,38,25.9,0.0,0.0,993.2,3.1,216,0,1560.0
2025-11-21T15:00,89.9,92.2,796.0,43.1,62.1,198.0,253,118,4.0,,26.0,38,25.6,0.0,0.0,992.8,3.4,223,0,1575.0
2025-11-21T16:00,102.0,104.1,946.0,83.2,66.6,154.0,253,85,4.0,,25.4,39,24.9,0.0,0.0,992.7,4.6,234,0,1465.0
2025-11-21T17:00,156.0,158.3,1092.0,115.7,64.1,98.0,252,106,5.0,,23.5,50,23.8,0.0,0.0,992.5,3.2,214,0,180.0
2025-11-21T18:00,188.6,191.4,1210.0,120.9,69.9,81.0,252,119,5.0,,22.9,55,23.9,0.0,0.0,992.9,0.7,284,0,20.0
2025-11-21T19:00,210.5,213.7,1325.0,127.7,77.7,57.0,252,128,5.0,,21.6,57,22.1,0.0,0.0,993.1,2.0,5,0,75.0
2025-11-21T20:00,223.5,226.8,1452.0,129.8,81.7,40.0,252,133,5.0,,20.6,61,21.1,0.0,0.0,993.3,2.7,28,0,85.0
2025-11-21T21:00,226.8,230.0,1611.0,123.2,78.5,37.0,252,135,5.0,,20.1,62,20.5,0.0,0.0,993.2,2.8,79,0,80.0
2025-11-21T22:00,223.5,226.8,1783.0,111.9,71.6,41.0,253,133,5.0,,19.3,66,19.8,0.0,0.0,993.0,3.1,90,0,60.0
2025-11-21T23:00,219.3,222.6,1925.0,101.9,65.2,44.0,253,132,5.0,,18.6,72,19.2,0.0,0.0,993.1,2.9,60,0,60.0
2025-11-22T00:00,215.6,218.9,2027.0,94.7,60.2,43.0,253,130,5.0,,18.2,73,19.0,0.0,0.0,992.7,1.3,90,0,35.0
2025-11-22T01:00,215.1,218.4,2099.0,88.9,55.8,42.0,253,130,6.0,,17.8,74,18.7,0.0,0.0,992.5,0.9,143,0,25.0
2025-11-22T02:00,217.5,221.2,2125.0,85.7,53.7,40.0,253,131,6.0,,17.4,76,18.3,0.0,0.0,992.2,0.3,225,0,10.0
2025-11-22T03:00,220.7,224.4,2038.0,86.4,55.0,37.0,253,132,6.0,,16.7,78,17.5,0.0,0.0,991.8,0.9,270,0,25.0
2025-11-22T04:00,223.1,226.3,1905.0,89.7,58.6,33.0,253,133,6.0,,15.9,80,16.3,0.0,0.0,991.4,2.1,255,0,25.0
2025-11-22T05:00,208.6,211.9,1908.0,77.8,51.4,37.0,253,127,5.0,,14.8,84,15.0,0.0,0.0,991.3,3.0,253,0,30.0
2025-11-22T06:00,220.3,223.1,2270.0,86.0,57.9,32.0,253,132,5.0,,14.1,87,14.2,0.0,0.0,991.6,3.5,246,0,25.0
2025-11-22T07:00,237.0,240.3,2768.0,96.3,66.8,27.0,253,139,4.0,,14.4,86,14.3,0.0,0.0,992.0,4.4,251,0,30.0
2025-11-22T08:00,241.2,243.1,2919.0,96.7,73.7,41.0,254,140,4.0,,16.7,76,16.6,0.0,0.0,992.7,5.2,258,0,50.0
2025-11-22T09:00,210.5,212.8,2374.0,77.8,77.6,92.0,256,128,4.0,,20.0,63,20.3,0.0,0.0,993.4,4.0,260,0,105.0
2025-11-22T10:00,168.1,170.9,1483.0,49.0,79.4,161.0,257,111,5.0,,22.9,51,22.9,0.0,0.0,993.6,4.7,254,0,405.0
2025-11-22T11:00,134.6,137.8,807.0,26.2,77.1,210.0,258,130,6.0,,24.6,37,23.5,0.0,0.0,993.3,5.8,274,0,1310.0
2025-11-22T12:00,117.3,121.1,583.0,13.9,67.4,223.0,259,143,7.0,,25.7,32,24.5,0.0,0.0,992.7,6.0,297,0,1575.0
2025-11-22T13:00,106.2,110.6,575.0,7.6,53.5,216.0,260,136,8.0,,26.1,30,24.4,0.0,0.0,991.7,7.1,297,0,1850.0
2025-11-22T14:00,98.3,102.9,635.0,9.8,43.3,199.0,261,119,9.0,,26.2,29,24.2,0.0,0.0,990.9,7.7,295,0,1920.0
2025-11-22T15:00,94.1,98.5,718.0,25.6,40.2,170.0,261,90,8.0,,25.8,29,23.6,0.0,0.0,990.5,8.2,289,0,1880.0
2025-11-22T16:00,102.9,106.4,869.0,49.8,40.8,131.0,261,85,7.0,,25.0,30,22.9,0.0,0.0,990.5,7.9,283,0,1635.0
2025-11-22T17:00,151.3,156.5,1071.0,83.0,48.8,88.0,261,105,9.0,,22.7,43,21.9,0.0,0.0,990.5,4.1,272,0,135.0
2025-11-22T18:00,173.2,177.9,1382.0,88.9,53.3,71.0,261,113,8.0,,21.8,46,21.2,0.0,0.0,990.7,3.6,270,0,85.0
2025-11-22T19:00,191.4,196.0,1744.0,96.7,59.3,48.0,260,121,8.0,,21.4,48,21.0,0.0,0.0,991.3,2.0,260,0,65.0
2025-11-22T20:00,204.4,208.6,1970.0,100.9,63.0,30.0,260,126,7.0,,20.8,50,20.5,0.0,0.0,991.8,1.4,270,0,45.0
2025-11-22T21:00,212.3,216.1,1948.0,98.7,62.7,23.0,259,129,7.0,,20.1,51,19.8,0.0,0.0,991.9,1.4,320,0,55.0
2025-11-22T22:00,216.1,219.3,1790.0,92.9,60.1,21.0,258,130,6.0,,19.4,53,19.0,0.0,0.0,991.8,1.6,360,0,60.0
2025-11-22T23:00,214.2,217.5,1637.0,86.0,56.2,22.0,258,130,6.0,,19.0,56,18.8,0.0,0.0,991.7,1.1,360,0,60.0
2025-11-23T00:00,207.7,210.5,1523.0,78.2,50.2,25.0,258,127,5.0,,17.8,59,17.4,0.0,0.0,991.5,2.1,15,0,55.0
2025-11-23T01:00,197.9,200.2,1414.0,69.2,42.8,29.0,257,123,5.0,,17.0,63,16.7,0.0,0.0,991.6,2.0,360,0,45.0
2025-11-23T02:00,186.7,188.6,1353.0,61.0,37.2,34.0,257,119,4.0,,16.1,68,15.9,0.0,0.0,991.3,1.5,291,0,30.0
2025-11-23T03:00,176.5,178.3,1329.0,52.7,33.9,38.0,255,115,4.0,,14.6,74,14.1,0.0,0.0,991.0,3.5,258,0,25.0
2025-11-23T04:00,170.4,172.3,1353.0,45.2,32.3,42.0,253,112,3.0,,13.7,78,13.1,0.0,0.0,991.0,3.9,254,0,25.0
2025-11-23T05:00,208.2,210.5,1501.0,65.6,44.4,16.0,251,127,4.0,,13.2,82,12.8,0.0,0.0,991.2,3.5,279,0,30.0
2025-11-23T06:00,220.7,223.5,1952.0,70.7,50.4,12.0,251,132,4.0,,13.2,82,12.8,0.0,0.0,992.0,2.5,278,0,25.0
2025-11-23T07:00,242.1,244.9,2528.0,77.2,58.6,10.0,251,141,3.0,,13.5,80,13.1,0.0,0.0,992.5,3.2,270,0,30.0
2025-11-23T08:00,247.7,249.6,2767.0,77.5,65.5,24.0,251,143,3.0,,15.8,70,15.2,0.0,0.0,993.3,4.0,265,0,40.0
2025-11-23T09:00,209.5,211.4,2354.0,66.2,70.3,72.0,252,128,3.0,,19.3,57,19.1,0.0,0.0,994.1,2.2,270,0,95.0
2025-11-23T10:00,170.0,172.3,1605.0,48.6,73.6,138.0,252,112,4.0,,22.1,46,21.8,0.0,0.0,994.3,1.8,259,0,255.0
2025-11-23T11:00,137.4,139.7,1005.0,33.7,73.6,187.0,252,107,5.0,,24.0,39,23.4,0.0,0.0,993.9,2.7,250,0,1260.0
2025-11-23T12:00,128.5,131.3,730.0,22.3,68.1,209.0,252,129,6.0,,25.5,31,24.4,0.0,0.0,993.1,5.1,260,0,1505.0
2025-11-23T13:00,117.8,121.1,604.0,13.5,59.4,214.0,252,134,6.0,,25.9,29,24.1,0.0,0.0,992.2,7.2,269,0,1615.0
2025-11-23T14:00,104.3,107.6,581.0,13.2,52.1,206.0,253,126,6.0,,25.9,28,23.7,0.0,0.0,991.4,7.8,275,0,1550.0
2025-11-23T15:00,96.9,99.9,674.0,28.0,48.1,178.0,253,98,6.0,,25.4,29,23.2,0.0,0.0,990.9,8.1,282,0,1380.0
2025-11-23T16:00,104.3,106.6,870.0,51.3,45.6,137.0,253,86,5.0,,24.4,33,22.5,0.0,0.0,990.7,7.9,287,0,1130.0
2025-11-23T17:00,154.1,156.9,1083.0,73.5,50.0,99.0,253,106,5.0,,22.3,42,21.3,0.0,0.0,990.4,4.9,278,0,195.0
2025-11-23T18:00,168.1,170.9,1314.0,76.6,50.8,84.0,253,111,5.0,,21.5,46,20.7,0.0,0.0,991.1,4.4,282,0,130.0
2025-11-23T19:00,174.6,177.0,1561.0,80.5,51.7,62.0,253,114,4.0,,20.4,52,19.7,0.0,0.0,991.5,4.3,287,0,100.0
2025-11-23T20:00,181.1,183.5,1740.0,82.0,51.6,46.0,252,116,4.0,,19.4,56,18.9,0.0,0.0,992.0,4.3,303,0,85.0
2025-11-23T21:00,187.2,189.1,1802.0,79.1,49.6,39.0,251,119,4.0,,18.4,60,17.9,0.0,0.0,992.2,4.2,310,0,75.0
2025-11-23T22:00,189.5,191.9,1796.0,73.7,46.5,37.0,250,120,4.0,,17.8,63,17.5,0.0,0.0,992.2,3.1,324,0,70.0
2025-11-23T23:00,186.7,189.1,1774.0,67.6,43.2,37.0,249,119,4.0,,17.2,66,16.9,0.0,0.0,992.1,3.3,324,0,80.0
2025-11-24T00:00,180.7,183.0,1759.0,60.5,39.4,39.0,248,116,4.0,,16.3,69,16.0,0.0,0.0,991.9,3.1,315,0,60.0
2025-11-24T01:00,174.6,177.4,1728.0,52.6,35.3,43.0,247,114,5.0,,15.7,71,15.5,0.0,0.0,991.9,2.5,291,0,30.0
2025-11-24T02:00,170.9,173.7,1674.0,46.5,32.4,45.0,246,112,5.0,,14.8,75,14.3,0.0,0.0,991.8,3.6,288,0,30.0
2025-11-24T03:00,168.1,170.9,1538.0,42.9,30.9,44.0,245,111,5.0,,13.9,79,13.4,0.0,0.0,991.9,3.8,281,0,30.0
2025-11-24T04:00,166.2,169.0,1378.0,41.2,30.5,41.0,245,110,5.0,,13.2,81,12.5,0.0,0.0,992.0,4.5,270,0,35.0
2025-11-24T05:00,175.6,178.3,1358.0,41.9,34.7,36.0,245,114,5.0,,12.4,88,11.8,0.0,0.0,992.5,4.5,268,0,45.0
2025-11-24T06:00,181.1,183.9,1660.0,48.6,38.7,30.0,244,116,4.0,,12.2,88,11.7,0.0,0.0,993.3,4.0,273,0,45.0
2025-11-24T07:00,196.0,198.8,2101.0,57.2,44.2,25.0,242,122,4.0,,12.7,84,12.1,0.0,0.0,994.0,4.5,268,0,45.0
2025-11-24T08:00,195.1,197.0,2297.0,59.4,49.0,37.0,240,122,3.0,,14.7,75,14.1,0.0,0.0,994.8,4.5,277,0,65.0
2025-11-24T09:00,171.4,173.2,2002.0,49.2,52.4,84.0,238,113,3.0,,17.8,62,17.5,0.0,0.0,995.5,2.6,282,0,120.0
2025-11-24T10:00,133.2,135.0,1462.0,32.6,55.0,149.0,236,97,3.0,,20.6,52,20.3,0.0,0.0,995.9,2.2,294,0,245.0
2025-11-24T11:00,97.3,99.0,1028.0,19.5,56.0,198.0,235,118,3.0,,22.8,42,22.0,0.0,0.0,995.2,3.9,313,0,870.0
2025-11-24T12:00,79.4,80.8,824.0,12.3,54.6,221.0,233,141,3.0,,24.2,36,23.3,0.0,0.0,994.5,4.6,309,0,1075.0
2025-11-24T13:00,72.6,74.0,726.0,8.6,51.8,228.0,231,148,3.0,,24.8,31,23.3,0.0,0.0,993.5,5.5,306,0,1310.0
2025-11-24T14:00,68.9,70.3,710.0,11.4,49.3,222.0,229,142,3.0,,25.0,30,23.1,0.0,0.0,992.7,6.3,301,0,1420.0
2025-11-24T15:00,65.7,67.1,779.0,24.6,47.3,199.0,228,119,3.0,,24.8,29,22.6,0.0,0.0,992.4,6.9,301,0,1405.0
2025-11-24T16:00,68.5,69.4,931.0,44.3,45.8,162.0,226,82,2.0,,23.9,31,21.9,0.0,0.0,992.4,6.9,300,0,1100.0
2025-11-24T17:00,87.1,88.5,1131.0,61.4,47.7,125.0,225,79,2.0,,21.5,44,20.5,0.0,0.0,992.2,4.4,297,0,195.0
2025-11-24T18:00,100.8,102.0,1436.0,69.3,49.6,105.0,222,84,2.0,,20.7,47,19.8,0.0,0.0,992.7,3.9,298,0,145.0
2025-11-24T19:00,112.5,113.9,1790.0,80.1,52.3,76.0,219,89,2.0,,20.0,49,19.3,0.0,0.0,993.2,2.7,302,0,110.0
2025-11-24T20:00,123.4,124.8,1990.0,86.8,53.9,54.0,217,93,2.0,,19.0,52,18.3,0.0,0.0,993.8,3.1,310,0,95.0
2025-11-24T21:00,133.2,134.6,1914.0,86.2,54.2,43.0,214,97,2.0,,18.1,55,17.3,0.0,0.0,994.3,3.3,306,0,75.0
2025-11-24T22:00,139.7,141.1,1685.0,81.6,53.4,38.0,212,100,2.0,,17.2,58,16.4,0.0,0.0,994.2,3.4,295,0,60.0
2025-11-24T23:00,139.2,140.2,1468.0,75.6,51.0,36.0,210,100,2.0,,16.4,63,15.7,0.0,0.0,994.3,3.4,295,0,55.0
2025-11-25T00:00,131.3,132.2,1307.0,68.4,45.5,37.0,208,97,2.0,,15.3,66,14.5,0.0,0.0,993.9,3.6,273,0,40.0
2025-11-25T01:00,123.9,124.8,1159.0,59.9,38.4,40.0,206,94,2.0,,14.5,67,13.3,0.0,0.0,994.0,4.8,292,0,55.0
2025-11-25T02:00,118.7,119.7,1060.0,52.3,32.8,43.0,204,91,2.0,,13.6,72,12.6,0.0,0.0,993.7,4.0,273,0,50.0
2025-11-25T03:00,115.9,117.1,1006.0,45.8,30.0,44.0,202,90,2.0,,12.8,75,11.7,0.0,0.0,993.4,4.5,272,0,45.0
2025-11-25T04:00,114.8,115.7,1001.0,40.2,28.8,44.0,200,90,2.0,,12.2,77,11.1,0.0,0.0,993.5,4.4,282,0,45.0
2025-11-25T05:00,116.2,117.3,1101.0,35.6,28.7,41.0,198,90,2.0,,11.6,82,10.6,0.0,0.0,993.5,4.3,275,0,45.0
2025-11-25T06:00,123.4,124.3,1437.0,39.9,31.0,37.0,196,93,2.0,,11.4,83,10.3,0.0,0.0,994.1,4.5,272,0,45.0
2025-11-25T07:00,132.7,133.6,1878.0,45.5,34.4,33.0,195,97,1.0,,11.8,80,10.5,0.0,0.0,994.6,5.9,272,0,60.0
2025-11-25T08:00,126.2,126.7,2081.0,46.4,37.4,45.0,193,94,1.0,,13.7,72,12.4,0.0,0.0,995.4,6.5,268,0,85.0
2025-11-25T09:00,115.0,115.5,1820.0,38.4,40.1,86.0,191,90,1.0,,16.7,59,15.7,0.0,0.0,996.0,4.3,275,0,130.0
2025-11-25T10:00,96.4,97.1,1322.0,25.8,42.6,143.0,189,83,1.0,,19.5,50,18.5,0.0,0.0,996.2,4.8,285,0,255.0
2025-11-25T11:00,71.7,72.4,928.0,15.9,43.7,186.0,188,106,1.0,,21.9,42,20.5,0.0,0.0,995.2,7.1,297,0,900.0
2025-11-25T12:00,54.8,55.5,761.0,10.1,42.4,206.0,187,126,1.0,,23.3,36,21.6,0.0,0.0,994.5,8.3,303,0,1015.0
2025-11-25T13:00,49.2,49.9,697.0,7.0,39.9,212.0,186,132,2.0,,23.8,35,22.0,0.0,0.0,993.1,8.3,303,0,1115.0
2025-11-25T14:00,48.0,48.8,707.0,9.6,38.1,207.0,186,127,2.0,,24.0,34,22.0,0.0,0.0,992.1,8.6,300,0,1140.0
2025-11-25T15:00,47.8,48.8,806.0,21.3,37.9,187.0,185,107,2.0,,23.6,34,21.5,0.0,0.0,991.6,8.7,297,0,1115.0
2025-11-25T16:00,51.0,51.7,979.0,38.7,38.6,155.0,184,78,1.0,,22.8,35,20.7,0.0,0.0,991.4,8.3,294,0,1015.0
2025-11-25T17:00,65.7,66.1,1151.0,51.4,38.5,119.0,184,68,1.0,,20.7,44,19.3,0.0,0.0,991.3,5.0,291,0,300.0
2025-11-25T18:00,81.0,81.5,1321.0,58.1,40.0,101.0,183,76,1.0,,20.0,46,18.6,0.0,0.0,991.6,5.2,290,0,220.0
2025-11-25T19:00,89.9,90.3,1491.0,66.9,42.0,76.0,183,80,1.0,,18.9,51,17.7,0.0,0.0,992.1,5.3,282,0,145.0
2025-11-25T20:00,92.9,93.1,1587.0,70.7,42.6,58.0,182,81,1.0,,17.8,55,16.7,0.0,0.0,992.1,5.4,278,0,115.0
2025-11-25T21:00,92.2,92.7,1562.0,65.3,40.8,54.0,181,81,1.0,,16.9,60,15.8,0.0,0.0,992.2,5.3,282,0,105.0
2025-11-25T22:00,92.0,92.4,1464.0,54.9,37.8,57.0,180,81,1.0,,16.0,63,15.0,0.0,0.0,991.8,5.2,290,0,95.0
2025-11-25T23:00,90.3,90.8,1360.0,45.2,34.8,61.0,179,80,1.0,,15.3,68,14.3,0.0,0.0,991.7,5.2,290,0,85.0
2025-11-26T00:00,88.2,88.5,1258.0,37.8,32.3,63.0,177,79,1.0,,14.8,67,13.6,0.0,0.0,991.5,5.4,291,0,95.0
2025-11-26T01:00,87.8,88.0,1151.0,31.1,29.9,65.0,176,79,1.0,,14.1,69,13.0,0.0,0.0,991.6,5.2,286,0,90.0
2025-11-26T02:00,88.5,88.9,1082.0,26.3,28.2,66.0,175,79,1.0,,13.3,73,12.2,0.0,0.0,991.3,4.7,279,0,75.0
2025-11-26T03:00,89.4,90.1,1042.0,23.2,27.3,65.0,174,80,1.0,,12.5,76,11.5,0.0,0.0,991.4,4.1,268,0,50.0
2025-11-26T04:00,91.0,91.5,1040.0,21.9,27.1,64.0,173,80,1.0,,11.9,79,10.8,0.0,0.0,991.5,4.0,262,0,40.0
2025-11-26T05:00,97.1,97.8,1153.0,24.6,28.5,58.0,172,83,1.0,,11.4,85,10.4,0.0,0.0,991.9,4.5,275,0,40.0
2025-11-26T06:00,105.7,106.4,1526.0,33.7,32.3,47.0,172,86,1.0,,11.2,86,10.2,0.0,0.0,993.0,4.1,268,0,45.0
2025-11-26T07:00,123.4,124.3,2013.0,45.8,37.6,35.0,171,93,1.0,,11.5,83,10.6,0.0,0.0,993.8,4.0,267,0,45.0
2025-11-26T08:00,129.9,130.9,2249.0,51.4,42.5,40.0,171,96,1.0,,13.5,74,12.6,0.0,0.0,994.9,4.3,292,0,65.0
2025-11-26T09:00,122.0,122.5,1994.0,44.5,46.5,79.0,171,93,1.0,,16.5,62,15.9,0.0,0.0,995.5,2.6,304,0,120.0
2025-11-26T10:00,110.4,111.3,1487.0,31.1,50.1,136.0,171,88,2.0,,19.3,51,18.8,0.0,0.0,995.8,2.0,315,0,270.0
2025-11-26T11:00,93.6,94.8,1082.0,20.4,52.5,180.0,172,100,2.0,,21.2,43,20.2,0.0,0.0,995.2,2.9,313,0,680.0
2025-11-26T12:00,70.3,71.5,910.0,13.7,53.1,201.0,172,121,2.0,,22.9,35,21.8,0.0,0.0,994.6,3.4,313,0,830.0
2025-11-26T13:00,61.5,62.9,840.0,9.7,52.5,210.0,173,130,3.0,,23.6,32,22.2,0.0,0.0,993.5,3.6,307,0,925.0
2025-11-26T14:00,60.1,61.7,834.0,13.6,52.3,205.0,173,125,3.0,,23.9,31,22.2,0.0,0.0,992.8,3.9,298,0,1065.0
2025-11-26T15:00,59.5,61.0,901.0,30.8,52.5,181.0,174,101,3.0,,23.7,31,21.9,0.0,0.0,992.8,4.8,299,0,1050.0
2025-11-26T16:00,67.1,68.2,1033.0,55.9,53.0,143.0,174,72,2.0,,22.9,33,21.0,0.0,0.0,992.8,5.4,307,0,925.0
2025-11-26T17:00,84.5,85.9,1164.0,76.0,56.4,108.0,174,77,2.0,,20.6,45,19.6,0.0,0.0,992.6,3.5,336,0,330.0
2025-11-26T18:00,109.7,111.1,1261.0,85.7,60.6,87.0,175,88,2.0,,19.6,46,18.4,0.0,0.0,993.4,4.0,3,0,280.0
2025-11-26T19:00,131.3,132.2,1358.0,99.1,66.6,57.0,176,97,2.0,,18.8,51,17.8,0.0,0.0,994.0,4.0,18,0,200.0
2025-11-26T20:00,149.0,150.4,1488.0,108.8,72.6,34.0,177,104,2.0,,18.4,52,17.5,0.0,0.0,994.3,2.8,18,0,145.0
2025-11-26T21:00,166.2,167.6,1691.0,111.4,78.5,23.0,179,110,2.0,,17.6,54,16.7,0.0,0.0,994.5,2.7,28,0,85.0
2025-11-26T22:00,183.5,184.4,1926.0,110.4,84.3,19.0,181,117,2.0,,17.2,56,16.7,0.0,0.0,994.8,1.0,22,0,50.0
2025-11-26T23:00,195.1,196.5,2110.0,109.1,88.3,16.0,184,122,2.0,,16.4,60,15.9,0.0,0.0,994.9,0.6,162,0,35.0
2025-11-27T00:00,198.8,200.2,2191.0,109.0,90.0,14.0,187,124,2.0,,15.9,61,15.3,0.0,0.0,994.8,0.4,207,0,25.0
2025-11-27T01:00,198.4,199.8,2221.0,108.5,89.8,14.0,190,123,3.0,,15.6,62,15.1,0.0,0.0,994.8,0.4,270,0,20.0
2025-11-27T02:00,196.0,197.4,2266.0,106.5,87.9,14.0,193,122,3.0,,14.8,65,14.2,0.0,0.0,994.2,0.6,288,0,35.0
2025-11-27T03:00,191.9,193.2,2318.0,101.8,83.1,12.0,196,121,3.0,,14.0,67,13.4,0.0,0.0,993.9,0.8,297,0,35.0
2025-11-27T04:00,189.5,190.9,2386.0,95.6,76.5,10.0,200,120,3.0,,13.4,70,12.7,0.0,0.0,994.0,1.0,301,0,35.0
2025-11-27T05:00,185.8,186.7,2566.0,84.9,55.6,8.0,203,118,2.0,,13.3,71,12.7,0.0,0.0,994.4,0.6,326,0,30.0
2025-11-27T06:00,187.2,188.1,3080.0,85.3,53.8,11.0,207,119,2.0,,12.8,74,12.1,0.0,0.0,995.1,1.1,351,0,35.0
2025-11-27T07:00,194.2,194.6,3707.0,85.1,51.6,17.0,211,122,1.0,,12.6,77,12.0,0.0,0.0,995.6,1.6,360,0,35.0
2025-11-27T08:00,179.7,180.2,3878.0,79.4,51.2,36.0,213,116,1.0,,14.5,71,13.9,0.0,0.0,996.4,2.8,45,0,45.0
2025-11-27T09:00,140.2,140.6,3154.0,62.6,54.6,82.0,216,100,1.0,,17.4,59,16.9,0.0,0.0,997.1,2.0,63,0,125.0
2025-11-27T10:00,98.3,99.0,1973.0,40.3,60.0,142.0,216,83,2.0,,19.9,47,19.0,0.0,0.0,997.2,3.0,65,0,395.0
2025-11-27T11:00,67.3,68.2,1083.0,23.9,63.9,186.0,216,106,2.0,,21.6,35,20.0,0.0,0.0,996.3,3.3,68,0,655.0
2025-11-27T12:00,56.0,56.9,799.0,16.9,64.7,202.0,215,122,2.0,,23.2,31,21.8,0.0,0.0,995.7,3.1,66,0,775.0
2025-11-27T13:00,50.4,51.5,805.0,15.8,64.1,202.0,214,122,2.0,,24.0,29,22.6,0.0,0.0,994.8,2.1,70,0,940.0
2025-11-27T14:00,47.7,48.9,902.0,22.1,63.6,191.0,214,111,2.0,,24.4,29,22.9,0.0,0.0,993.9,2.1,59,0,1045.0
2025-11-27T15:00,46.8,48.1,1077.0,40.2,63.6,165.0,213,85,2.0,,24.3,29,22.7,0.0,0.0,993.5,2.6,51,0,1090.0
2025-11-27T16:00,51.1,52.3,1342.0,65.6,63.6,128.0,213,64,2.0,,23.5,32,22.0,0.0,0.0,993.5,3.1,59,0,1080.0
2025-11-27T17:00,103.6,106.4,1535.0,90.4,65.0,93.0,212,85,5.0,,21.3,46,20.7,0.0,0.0,993.2,2.1,59,0,130.0
2025-11-27T18:00,129.9,132.7,1574.0,97.9,68.3,74.0,213,96,5.0,,20.3,49,19.8,0.0,0.0,993.8,2.2,35,0,190.0
2025-11-27T19:00,147.6,149.9,1542.0,107.8,72.5,47.0,214,103,4.0,,19.3,54,18.9,0.0,0.0,994.3,2.5,21,0,155.0
2025-11-27T20:00,157.4,159.3,1524.0,112.7,73.4,28.0,214,107,4.0,,18.6,58,18.3,0.0,0.0,994.5,2.5,4,0,130.0
2025-11-27T21:00,159.3,161.1,1572.0,108.5,68.3,24.0,215,108,4.0,,17.7,62,17.4,0.0,0.0,994.6,2.9,338,0,95.0
2025-11-27T22:00,154.6,156.5,1635.0,99.3,59.8,27.0,214,106,3.0,,16.9,66,16.5,0.0,0.0,994.4,3.4,360,0,85.0
2025-11-27T23:00,142.5,143.9,1648.0,89.3,51.7,32.0,213,101,3.0,,16.2,71,15.9,0.0,0.0,994.4,3.3,347,0,70.0
2025-11-28T00:00,129.5,130.9,1564.0,79.7,44.7,37.0,211,96,3.0,,15.3,74,14.9,0.0,0.0,993.7,3.7,337,0,65.0
2025-11-28T01:00,122.0,123.4,1430.0,69.3,38.1,44.0,208,93,2.0,,14.7,75,14.2,0.0,0.0,993.6,3.8,343,0,60.0
2025-11-28T02:00,117.1,118.3,1325.0,59.2,33.1,50.0,205,91,2.0,,14.2,76,13.7,0.0,0.0,993.2,3.1,315,0,50.0
2025-11-28T03:00,113.4,114.6,1246.0,48.2,30.3,56.0,202,89,2.0,,13.4,79,12.8,0.0,0.0,993.0,3.9,292,0,50.0
2025-11-28T04:00,110.4,111.3,1195.0,37.4,29.2,62.0,199,88,1.0,,12.5,84,11.8,0.0,0.0,992.7,4.8,285,0,60.0
2025-11-28T05:00,101.3,102.2,1265.0,22.3,27.9,79.0,196,85,2.0,,11.8,88,11.2,0.0,0.0,992.9,3.9,286,0,50.0
2025-11-28T06:00,105.5,106.2,1605.0,30.7,31.0,69.0,194,86,2.0,,11.5,88,10.8,0.0,0.0,993.3,3.8,287,0,40.0
2025-11-28T07:00,115.9,116.6,2065.0,41.8,35.4,56.0,191,90,1.0,,12.1,84,11.3,0.0,0.0,993.8,4.1,270,0,40.0
2025-11-28T08:00,115.7,116.4,2282.0,46.9,39.6,59.0,189,90,1.0,,14.2,73,13.1,0.0,0.0,994.8,6.3,267,0,80.0
2025-11-28T09:00,107.6,108.0,2024.0,40.1,43.8,92.0,187,87,1.0,,16.7,63,15.9,0.0,0.0,995.4,5.0,283,0,155.0
2025-11-28T10:00,86.1,86.8,1523.0,27.2,47.8,140.0,186,78,2.0,,19.3,53,18.4,0.0,0.0,995.4,4.8,295,0,265.0
2025-11-28T11:00,60.1,61.2,1108.0,17.2,49.7,175.0,186,95,2.0,,21.8,44,20.7,0.0,0.0,994.9,5.2,299,1,425.0
2025-11-28T12:00,46.9,48.8,890.0,12.6,47.7,184.0,186,104,3.0,,23.6,36,22.2,0.0,0.0,993.9,5.3,315,2,540.0
2025-11-28T13:00,42.7,44.8,758.0,10.9,43.5,179.0,185,99,4.0,,24.6,32,22.8,0.0,0.0,992.7,6.4,317,1,660.0
2025-11-28T14:00,40.5,42.7,709.0,13.3,40.4,167.0,185,87,4.0,,25.2,30,23.3,0.0,0.0,992.0,7.0,310,1,790.0
2025-11-28T15:00,40.3,42.3,775.0,22.7,39.8,146.0,185,73,4.0,,25.2,29,23.1,0.0,0.0,991.4,7.6,313,0,815.0
2025-11-28T16:00,42.7,44.5,925.0,36.2,40.3,119.0,185,59,3.0,,24.3,33,22.4,0.0,0.0,991.3,7.7,306,0,690.0
2025-11-28T17:00,61.5,63.1,1059.0,53.4,46.1,91.0,185,66,3.0,,20.8,54,20.6,0.0,0.0,991.3,4.0,273,0,105.0
2025-11-28T18:00,68.7,70.1,1152.0,53.5,44.6,82.0,183,69,3.0,,20.5,52,19.9,0.0,0.0,991.7,4.7,286,0,135.0
2025-11-28T19:00,69.4,70.5,1230.0,53.4,42.3,69.0,181,70,2.0,,19.8,54,19.2,0.0,0.0,991.9,5.1,293,0,135.0
2025-11-28T20:00,68.7,69.6,1271.0,51.6,39.4,59.0,179,69,2.0,,19.1,57,18.4,0.0,0.0,991.9,5.6,299,0,130.0
2025-11-28T21:00,67.5,68.5,1257.0,47.0,35.4,56.0,177,69,2.0,,18.4,60,17.7,0.0,0.0,992.1,5.5,302,0,125.0
2025-11-28T22:00,66.6,67.8,1205.0,40.7,30.9,57.0,174,68,2.0,,17.6,64,17.0,0.0,0.0,992.0,5.4,312,0,125.0
2025-11-28T23:00,65.0,66.1,1145.0,34.7,27.0,58.0,171,68,2.0,,16.5,71,16.0,0.0,0.0,991.9,5.2,292,0,95.0
2025-11-29T00:00,63.6,64.5,1076.0,29.5,24.4,59.0,169,67,2.0,,15.9,71,15.3,0.0,0.0,991.6,5.6,303,0,100.0
2025-11-29T01:00,62.9,63.8,998.0,24.6,22.4,61.0,167,66,1.0,,15.5,71,14.6,0.0,0.0,991.4,6.2,306,0,115.0
2025-11-29T02:00,62.6,63.3,944.0,20.8,21.2,62.0,165,66,1.0,,15.0,72,14.0,0.0,0.0,991.0,6.5,302,0,110.0
2025-11-29T03:00,61.9,62.6,907.0,18.0,20.6,63.0,164,66,1.0,,14.7,71,13.5,0.0,0.0,991.0,7.3,300,0,110.0
2025-11-29T04:00,61.2,61.9,895.0,16.4,20.6,63.0,162,66,1.0,,14.4,71,13.0,0.0,0.0,990.8,7.4,302,0,110.0
2025-11-29T05:00,64.0,64.7,956.0,18.8,22.0,57.0,161,67,1.0,,13.9,73,12.5,0.0,0.0,990.7,7.8,304,0,110.0
2025-11-29T06:00,64.3,65.0,1180.0,24.4,24.0,51.0,159,67,1.0,,13.7,73,12.3,0.0,0.0,991.4,7.5,310,0,110.0
2025-11-29T07:00,67.8,68.2,1479.0,31.8,26.9,44.0,158,69,1.0,,13.7,73,12.3,0.0,0.0,992.2,7.5,303,0,110.0
2025-11-29T08:00,71.9,72.2,1637.0,35.6,29.7,48.0,157,71,1.0,,15.1,68,13.8,0.0,0.0,993.0,8.0,295,0,130.0
2025-11-29T09:00,68.2,68.5,1532.0,32.3,32.5,74.0,155,69,1.0,,17.4,60,16.4,0.0,0.0,993.6,6.2,306,0,180.0
2025-11-29T10:00,63.3,64.0,1286.0,25.3,35.3,111.0,154,67,2.0,,20.1,49,19.0,0.0,0.0,993.7,6.2,314,0,275.0
2025-11-29T11:00,54.1,55.3,1051.0,19.1,36.2,139.0,154,70,2.0,,23.0,41,21.7,0.0,0.0,993.1,6.6,311,0,395.0
2025-11-29T12:00,43.1,44.7,849.0,14.0,33.9,150.0,153,75,2.0,,25.1,32,23.3,0.0,0.0,992.2,8.2,319,0,925.0
2025-11-29T13:00,39.6,41.6,658.0,9.8,29.8,151.0,153,76,3.0,,25.9,30,23.6,0.0,0.0,991.2,10.9,326,0,1325.0
2025-11-29T14:00,37.6,39.5,557.0,10.0,26.7,145.0,153,73,3.0,,25.9,32,23.6,0.0,0.0,990.3,11.5,321,0,1415.0
2025-11-29T15:00,36.4,38.1,605.0,17.9,25.8,128.0,153,64,3.0,,25.4,34,23.4,0.0,0.0,990.1,11.2,316,0,1350.0
2025-11-29T16:00,37.0,38.5,744.0,30.3,26.0,102.0,153,53,2.0,,24.5,36,22.7,0.0,0.0,989.8,9.4,312,0,1185.0
2025-11-29T17:00,47.0,48.2,874.0,47.5,30.5,74.0,153,58,2.0,,22.5,42,21.4,0.0,0.0,989.9,5.2,297,0,330.0
2025-11-29T18:00,52.6,53.7,972.0,49.4,30.8,65.0,152,61,2.0,,21.5,44,20.4,0.0,0.0,990.3,5.2,292,0,245.0
2025-11-29T19:00,55.2,56.1,1061.0,51.8,31.1,53.0,152,63,2.0,,20.5,47,19.4,0.0,0.0,990.6,5.5,287,0,175.0
2025-11-29T20:00,54.8,55.6,1114.0,51.7,30.8,45.0,151,62,2.0,,19.5,50,18.2,0.0,0.0,990.6,6.1,282,0,150.0
2025-11-29T21:00,53.0,53.7,1118.0,47.1,29.3,45.0,151,62,2.0,,18.6,52,17.2,0.0,0.0,990.7,6.3,285,0,140.0
2025-11-29T22:00,52.9,53.4,1086.0,40.0,27.2,49.0,151,61,1.0,,17.7,53,16.3,0.0,0.0,990.5,5.8,286,0,125.0
2025-11-29T23:00,53.1,53.6,1031.0,33.3,25.2,54.0,150,62,1.0,,16.6,58,15.3,0.0,0.0,990.4,5.8,284,0,110.0
2025-11-30T00:00,53.1,53.4,940.0,27.7,23.6,58.0,150,62,1.0,,16.1,57,14.5,0.0,0.0,990.2,6.5,304,0,150.0
2025-11-30T01:00,53.6,53.8,827.0,22.5,22.1,63.0,148,62,1.0,,15.1,58,13.4,0.0,0.0,990.0,5.5,308,2,145.0
2025-11-30T02:00,54.1,54.5,743.0,18.7,21.2,66.0,148,62,1.0,,14.0,60,12.3,0.0,0.0,989.7,4.7,298,2,125.0
2025-11-30T03:00,55.2,55.5,687.0,16.4,20.9,67.0,147,63,1.0,,13.4,60,11.6,0.0,0.0,989.5,4.7,288,3,100.0
2025-11-30T04:00,56.6,56.9,661.0,15.6,21.2,66.0,146,63,1.0,,12.8,61,11.0,0.0,0.0,989.3,5.0,285,3,95.0
2025-11-30T05:00,58.6,59.0,721.0,16.1,22.7,68.0,145,64,1.0,,12.5,68,10.8,0.0,0.0,989.8,5.5,289,3,110.0
2025-11-30T06:00,63.1,63.6,962.0,23.1,25.6,60.0,145,67,1.0,,11.7,71,10.0,0.0,0.0,990.5,5.6,272,3,95.0
2025-11-30T07:00,70.5,71.0,1289.0,32.5,29.5,51.0,145,70,1.0,,11.9,71,10.0,0.0,0.0,991.1,6.8,268,3,95.0
2025-11-30T08:00,76.6,77.1,1470.0,37.3,33.0,53.0,145,73,1.0,,13.4,65,11.5,0.0,0.0,991.8,7.4,267,3,135.0
2025-11-30T09:00,74.3,75.0,1372.0,33.4,35.7,79.0,146,72,1.0,,15.8,56,14.1,0.0,0.0,992.4,6.7,275,3,195.0
2025-11-30T10:00,68.7,69.4,1129.0,25.0,37.9,117.0,146,69,2.0,,18.5,47,16.6,0.0,0.0,992.5,7.1,276,3,275.0
2025-11-30T11:00,54.9,56.2,908.0,17.8,38.4,146.0,147,73,2.0,,21.2,38,18.9,0.0,0.0,992.1,8.5,275,3,430.0
2025-11-30T12:00,39.2,40.5,749.0,12.8,36.1,160.0,147,80,2.0,,23.0,32,20.3,0.0,0.0,991.3,10.4,285,3,920.0
2025-11-30T13:00,36.1,37.0,612.0,9.1,32.2,166.0,146,86,1.0,,23.6,31,20.6,0.0,0.0,990.3,12.5,288,3,1005.0
2025-11-30T14:00,34.8,35.6,550.0,9.3,29.3,164.0,146,84,1.0,,23.4,31,20.4,0.0,0.0,989.4,12.9,288,3,990.0
2025-11-30T15:00,33.9,34.6,609.0,16.0,28.3,150.0,146,75,1.0,,23.2,31,20.1,0.0,0.0,989.1,12.8,290,3,980.0
2025-11-30T16:00,36.0,36.4,742.0,26.6,28.2,129.0,146,65,1.0,,22.5,32,19.7,0.0,0.0,988.9,10.6,293,2,915.0
2025-11-30T17:00,45.6,46.1,860.0,37.7,29.9,103.0,145,57,1.0,,20.4,39,18.4,0.0,0.0,988.8,6.9,284,1,430.0
2025-11-30T18:00,57.2,57.6,940.0,42.9,32.0,91.0,145,64,1.0,,19.5,42,17.5,0.0,0.0,989.1,7.3,286,0,300.0
2025-11-30T19:00,63.3,63.8,1005.0,50.0,34.8,75.0,146,67,1.0,,18.3,45,16.4,0.0,0.0,989.6,6.6,291,0,180.0
2025-11-30T20:00,69.4,69.6,1035.0,54.4,36.7,62.0,147,70,1.0,,17.2,47,15.3,0.0,0.0,989.9,5.8,296,0,125.0
2025-11-30T21:00,75.0,75.4,1015.0,54.1,36.9,57.0,148,73,1.0,,16.5,48,14.4,0.0,0.0,990.2,6.1,300,0,120.0
2025-11-30T22:00,79.9,80.1,961.0,51.1,36.1,55.0,150,75,1.0,,15.7,48,13.5,0.0,0.0,990.2,5.9,297,0,105.0
2025-11-30T23:00,80.6,81.0,898.0,46.7,34.7,55.0,151,75,1.0,,15.1,51,13.1,0.0,0.0,990.4,5.1,302,0,90.0
2025-12-01T00:00,77.8,78.0,816.0,39.8,32.3,58.0,152,74,1.0,,13.9,51,11.6,0.0,0.0,990.0,5.7,316,0,85.0
2025-12-01T01:00,76.1,76.4,725.0,31.5,29.2,63.0,152,73,1.0,,13.2,53,10.9,0.0,0.0,989.9,5.2,326,0,85.0
2025-12-01T02:00,76.6,76.8,685.0,26.0,27.5,65.0,153,73,1.0,,12.6,55,10.5,0.0,0.0,989.6,4.2,329,0,70.0
2025-12-01T03:00,78.7,79.2,664.0,24.8,27.7,62.0,154,74,1.0,,12.1,58,10.2,0.0,0.0,989.5,3.3,324,0,55.0
2025-12-01T04:00,82.0,82.2,692.0,26.4,29.1,56.0,155,76,1.0,,11.6,60,9.8,0.0,0.0,989.4,3.1,347,0,45.0
2025-12-01T05:00,91.3,91.5,925.0,29.6,32.8,52.0,155,81,1.0,,11.0,69,9.6,0.0,0.0,989.9,1.6,333,0,30.0
2025-12-01T06:00,102.2,102.7,1623.0,40.3,39.4,40.0,156,85,1.0,,10.2,73,9.0,0.0,0.0,990.2,0.7,256,0,15.0
2025-12-01T07:00,126.2,126.7,2525.0,54.6,48.5,26.0,157,94,1.0,,10.0,75,8.6,0.0,0.0,990.8,2.1,239,0,20.0
2025-12-01T08:00,141.6,141.6,2998.0,61.1,55.1,30.0,159,101,1.0,,12.2,65,10.6,0.0,0.0,991.5,3.7,247,0,45.0
2025-12-01T09:00,117.1,117.6,2644.0,52.6,57.3,71.0,161,91,1.0,,15.2,54,13.9,0.0,0.0,992.5,1.8,259,0,115.0
2025-12-01T10:00,91.3,91.7,1861.0,36.4,57.0,131.0,162,81,1.0,,18.1,44,16.7,0.0,0.0,992.5,1.8,270,0,220.0
2025-12-01T11:00,71.9,72.6,1211.0,23.3,55.6,177.0,163,97,1.0,,21.1,34,19.4,0.0,0.0,992.1,2.7,278,0,465.0
2025-12-01T12:00,59.0,59.5,878.0,15.2,52.4,197.0,163,117,1.0,,23.2,28,21.2,0.0,0.0,991.2,4.8,281,0,715.0
2025-12-01T13:00,49.0,49.5,678.0,10.2,48.1,202.0,164,122,1.0,,24.1,26,21.7,0.0,0.0,990.1,6.0,286,0,895.0
2025-12-01T14:00,43.5,43.9,615.0,13.1,45.4,194.0,164,114,1.0,,24.3,26,21.8,0.0,0.0,989.2,6.5,289,0,1000.0
2025-12-01T15:00,42.0,42.5,737.0,28.8,45.0,168.0,165,88,1.0,,24.0,27,21.6,0.0,0.0,988.4,6.5,289,0,1020.0
2025-12-01T16:00,48.5,48.9,996.0,52.4,46.4,129.0,165,65,1.0,,23.1,30,21.1,0.0,0.0,988.2,5.0,289,0,720.0
2025-12-01T17:00,84.5,85.2,1255.0,73.8,52.2,87.0,165,77,1.0,,20.8,40,19.7,0.0,0.0,987.9,2.2,305,0,180.0
2025-12-01T18:00,112.0,112.7,1472.0,84.9,60.5,68.0,166,89,1.0,,20.0,43,18.9,0.0,0.0,988.5,1.8,354,0,150.0
2025-12-01T19:00,135.0,136.0,1690.0,100.0,71.9,41.0,168,98,1.0,,18.8,47,17.6,0.0,0.0,989.2,2.7,42,0,110.0
2025-12-01T20:00,152.3,153.2,1893.0,109.9,79.5,20.0,170,105,1.0,,17.9,51,16.8,0.0,0.0,989.7,2.7,86,0,85.0
2025-12-01T21:00,163.4,164.4,2110.0,109.9,80.4,11.0,173,109,1.0,,17.1,55,16.0,0.0,0.0,990.0,3.5,105,0,70.0
2025-12-01T22:00,170.0,170.9,2312.0,104.7,77.5,9.0,175,112,2.0,,16.3,58,15.1,0.0,0.0,990.0,4.4,125,0,70.0
2025-12-01T23:00,172.8,173.7,2405.0,98.9,72.8,8.0,178,113,2.0,,15.9,61,14.8,0.0,0.0,990.2,3.8,115,0,55.0
2025-12-02T00:00,170.0,170.4,2314.0,93.9,66.0,8.0,181,112,2.0,,14.9,65,13.9,0.0,0.0,989.9,3.3,99,0,40.0
2025-12-02T01:00,165.3,166.2,2113.0,88.3,57.3,9.0,183,110,2.0,,14.1,69,13.1,0.0,0.0,989.7,4.2,72,0,45.0
2025-12-02T02:00,154.6,155.5,1928.0,82.1,49.6,11.0,186,106,2.0,,13.6,70,12.3,0.0,0.0,989.7,5.0,64,0,60.0
2025-12-02T03:00,141.1,142.0,1762.0,74.0,42.9,15.0,188,100,2.0,,13.4,69,12.4,0.0,0.0,989.5,3.1,80,0,55.0
2025-12-02T04:00,129.0,129.9,1611.0,65.3,37.2,20.0,190,96,1.0,,13.2,69,12.1,0.0,0.0,989.5,3.1,90,0,50.0
2025-12-02T05:00,110.6,111.5,1595.0,35.7,29.9,44.0,192,88,1.0,,12.8,74,11.9,0.0,0.0,989.4,3.1,87,0,40.0
2025-12-02T06:00,118.5,119.2,1882.0,45.9,35.1,34.0,192,91,1.0,,12.7,72,11.5,0.0,0.0,989.9,4.1,119,0,45.0
2025-12-02T07:00,138.8,139.7,2303.0,59.5,42.5,23.0,193,100,1.0,,12.9,71,11.7,0.0,0.0,990.6,3.6,131,0,45.0
2025-12-02T08:00,158.3,158.8,2468.0,66.3,49.4,28.0,193,107,1.0,,15.0,61,13.8,0.0,0.0,991.6,3.7,129,0,65.0
2025-12-02T09:00,137.4,137.8,2118.0,60.1,55.1,64.0,194,99,1.0,,18.0,51,17.0,0.0,0.0,992.2,2.2,132,0,130.0
2025-12-02T10:00,101.5,102.4,1513.0,47.1,60.3,117.0,194,85,1.0,,20.8,43,19.8,0.0,0.0,992.5,2.7,160,0,285.0
2025-12-02T11:00,77.1,77.8,1036.0,36.0,64.5,159.0,195,80,1.0,,22.8,46,22.4,0.0,0.0,991.8,4.0,185,0,545.0
2025-12-02T12:00,61.2,61.9,838.0,28.1,67.9,184.0,195,104,1.0,,24.2,46,24.4,0.0,0.0,990.8,3.5,204,0,870.0
2025-12-02T13:00,59.6,60.3,768.0,22.1,70.2,199.0,195,119,1.0,,24.9,45,25.0,0.0,0.0,989.6,3.3,229,0,1135.0
2025-12-02T14:00,61.7,62.4,763.0,22.6,70.4,198.0,195,118,1.0,,25.2,42,25.0,0.0,0.0,988.6,4.3,248,0,1645.0
2025-12-02T15:00,60.5,61.0,828.0,35.4,67.4,173.0,196,93,1.0,,25.0,41,24.4,0.0,0.0,988.0,6.1,268,0,1855.0
2025-12-02T16:00,65.0,65.7,957.0,54.7,62.4,132.0,196,68,1.0,,24.2,44,23.5,0.0,0.0,987.9,7.5,290,1,1365.0
2025-12-02T17:00,115.9,116.6,1065.0,80.7,68.8,83.0,197,90,1.0,,21.8,52,21.4,0.0,0.0,988.2,6.2,334,0,580.0
2025-12-02T18:00,118.0,118.7,1122.0,76.7,63.3,72.0,198,91,1.0,,20.9,51,20.1,0.0,0.0,989.1,6.3,342,0,555.0
2025-12-02T19:00,115.5,116.2,1158.0,70.9,55.4,57.0,198,90,1.0,,19.8,51,18.9,0.0,0.0,989.7,4.8,338,0,345.0
2025-12-02T20:00,111.3,111.8,1181.0,64.3,47.9,46.0,197,89,1.0,,18.6,55,17.8,0.0,0.0,990.3,4.5,337,0,205.0
2025-12-02T21:00,105.9,106.4,1203.0,56.6,41.3,44.0,196,86,1.0,,18.1,56,17.4,0.0,0.0,990.8,2.7,307,0,115.0
2025-12-02T22:00,101.5,102.2,1211.0,48.1,35.0,47.0,194,85,1.0,,16.7,59,15.7,0.0,0.0,991.1,4.5,286,0,90.0
2025-12-02T23:00,98.3,99.0,1181.0,40.3,29.7,50.0,192,83,1.0,,15.8,65,14.9,0.0,0.0,991.2,4.2,288,0,85.0
2025-12-03T00:00,95.7,96.6,1073.0,33.6,25.7,52.0,190,82,1.0,,14.4,67,13.3,0.0,0.0,990.9,4.5,293,0,75.0
2025-12-03T01:00,95.7,96.4,926.0,27.6,22.7,55.0,188,82,1.0,,13.7,67,12.3,0.0,0.0,991.0,5.0,305,0,90.0
2025-12-03T02:00,96.6,97.3,831.0,23.2,20.7,57.0,186,83,1.0,,12.8,68,11.3,0.0,0.0,991.2,4.4,302,0,80.0
2025-12-03T03:00,97.3,98.3,803.0,20.3,19.7,59.0,184,83,1.0,,12.1,69,10.6,0.0,0.0,991.0,4.0,306,0,65.0
2025-12-03T04:00,97.8,98.7,827.0,18.9,19.7,60.0,183,83,1.0,,11.3,71,9.7,0.0,0.0,991.0,4.2,313,0,70.0
2025-12-03T05:00,93.4,94.1,953.0,16.1,20.9,74.0,182,81,1.0,,10.8,77,9.3,0.0,0.0,991.6,4.5,317,0,80.0
2025-12-03T06:00,98.5,99.0,1311.0,23.8,24.3,65.0,181,83,1.0,,10.3,79,8.8,0.0,0.0,992.3,4.3,312,0,70.0
2025-12-03T07:00,108.7,109.2,1770.0,34.1,29.0,55.0,181,87,1.0,,10.4,78,8.9,0.0,0.0,993.3,4.2,295,0,65.0
2025-12-03T08:00,113.9,114.1,1991.0,39.4,33.5,60.0,180,90,1.0,,12.5,69,10.9,0.0,0.0,994.3,5.1,280,0,90.0
2025-12-03T09:00,112.9,113.4,1749.0,34.8,37.4,94.0,178,89,1.0,,15.1,59,13.8,0.0,0.0,995.2,3.7,293,0,150.0
2025-12-03T10:00,109.0,109.4,1269.0,25.0,41.1,143.0,178,88,1.0,,17.9,49,16.3,0.0,0.0,995.5,5.0,305,0,400.0
2025-12-03T11:00,99.2,99.7,882.0,17.1,43.5,180.0,178,100,1.0,,20.2,40,18.0,0.0,0.0,995.2,7.8,307,0,610.0
2025-12-03T12:00,78.5,78.9,704.0,12.1,44.0,196.0,179,116,1.0,,21.7,34,19.6,0.0,0.0,994.5,8.0,312,0,805.0
2025-12-03T13:00,68.9,69.4,619.0,8.8,43.2,201.0,179,121,1.0,,22.6,30,20.0,0.0,0.0,993.6,8.9,312,0,985.0
2025-12-03T14:00,64.0,64.7,609.0,10.7,42.3,194.0,179,114,1.0,,22.9,29,19.9,0.0,0.0,993.1,9.7,309,0,1065.0
2025-12-03T15:00,61.5,61.9,702.0,21.9,41.4,171.0,179,91,1.0,,22.4,30,19.5,0.0,0.0,992.9,10.4,304,0,1040.0
2025-12-03T16:00,63.3,63.8,871.0,38.1,40.4,136.0,179,68,1.0,,21.4,34,18.8,0.0,0.0,992.6,9.4,299,0,940.0
2025-12-03T17:00,76.8,77.3,1015.0,44.8,36.6,108.0,179,73,1.0,,19.5,41,17.5,0.0,0.0,992.5,6.2,287,0,340.0
2025-12-03T18:00,82.7,83.1,1104.0,43.6,36.2,99.0,178,76,1.0,,18.8,45,17.0,0.0,0.0,993.2,6.4,295,0,290.0
2025-12-03T19:00,85.7,85.9,1168.0,41.8,35.7,87.0,177,78,1.0,,17.8,49,16.1,0.0,0.0,993.6,6.1,293,0,195.0
2025-12-03T20:00,89.2,89.4,1200.0,39.1,35.1,79.0,176,80,1.0,,16.8,52,15.1,0.0,0.0,994.0,6.6,292,0,165.0
2025-12-03T21:00,93.1,93.4,1192.0,35.0,34.4,78.0,176,81,1.0,,15.8,55,14.1,0.0,0.0,994.1,6.0,295,0,135.0
2025-12-03T22:00,97.1,97.6,1152.0,30.0,33.7,81.0,175,83,1.0,,14.9,57,13.2,0.0,0.0,994.1,5.7,283,1,110.0
2025-12-03T23:00,99.9,100.1,1101.0,25.3,32.7,84.0,175,84,1.0,,13.9,63,12.3,0.0,0.0,994.2,5.7,281,2,110.0
2025-12-04T00:00,100.8,101.3,1034.0,21.2,31.2,85.0,175,84,1.0,,12.9,66,11.2,0.0,0.0,994.1,6.1,293,2,120.0
2025-12-04T01:00,102.0,102.4,956.0,17.4,29.5,86.0,175,85,1.0,,12.0,69,10.3,0.0,0.0,993.9,5.6,301,3,120.0
2025-12-04T02:00,102.7,103.1,905.0,14.6,28.3,87.0,176,85,1.0,,11.5,70,9.7,0.0,0.0,993.7,5.9,297,1,115.0
2025-12-04T03:00,103.1,103.4,880.0,12.6,27.8,87.0,176,85,1.0,,11.1,71,9.2,0.0,0.0,993.7,6.0,299,0,110.0
2025-12-04T04:00,102.9,103.4,881.0,11.5,27.9,87.0,176,85,1.0,,10.7,72,8.8,0.0,0.0,993.1,5.9,293,0,100.0
2025-12-04T05:00,107.6,108.0,950.0,13.4,29.4,87.0,176,87,1.0,,10.1,75,8.1,0.0,0.0,993.4,6.6,291,0,100.0
2025-12-04T06:00,110.1,110.6,1168.0,20.5,31.4,78.0,176,88,1.0,,9.8,75,7.6,0.0,0.0,993.9,7.2,292,0,105.0
2025-12-04T07:00,116.2,116.6,1453.0,30.1,34.3,68.0,177,90,1.0,,9.9,74,7.6,0.0,0.0,994.5,7.9,291,0,110.0
2025-12-04T08:00,118.3,118.5,1597.0,34.9,36.9,71.0,177,91,1.0,,11.4,68,9.0,0.0,0.0,995.1,9.1,280,0,140.0
2025-12-04T09:00,114.8,115.0,1470.0,30.5,39.4,100.0,177,90,1.0,,13.8,60,11.8,0.0,0.0,995.9,6.7,284,2,195.0
2025-12-04T10:00,103.1,103.6,1202.0,21.4,41.6,143.0,177,85,1.0,,16.4,51,14.4,0.0,0.0,995.8,7.3,293,3,385.0
2025-12-04T11:00,82.9,83.4,969.0,14.1,42.4,173.0,177,93,1.0,,19.2,44,16.9,0.0,0.0,995.4,9.4,299,2,495.0
2025-12-04T12:00,65.4,66.1,817.0,9.8,40.5,181.0,177,101,1.0,,20.8,38,18.4,0.0,0.0,994.6,9.8,294,0,625.0
2025-12-04T13:00,57.7,58.4,701.0,7.3,37.1,178.0,176,98,1.0,,21.6,34,19.0,0.0,0.0,993.8,10.5,292,0,790.0
2025-12-04T14:00,52.4,53.1,662.0,9.7,34.8,167.0,176,87,1.0,,21.9,32,19.0,0.0,0.0,993.1,10.5,292,0,870.0
2025-12-04T15:00,49.9,50.5,744.0,20.4,34.4,147.0,176,74,1.0,,21.5,33,18.7,0.0,0.0,992.6,10.4,293,0,860.0
2025-12-04T16:00,52.6,53.1,903.0,36.0,35.0,119.0,175,61,1.0,,20.6,36,17.9,0.0,0.0,992.4,10.0,296,0,845.0
2025-12-04T17:00,63.6,64.0,1044.0,42.2,34.1,98.0,175,67,1.0,,18.3,44,16.5,0.0,0.0,992.7,5.1,288,0,275.0
2025-12-04T18:00,78.9,79.4,1147.0,50.7,37.8,83.0,174,74,1.0,,17.5,47,15.8,0.0,0.0,993.0,4.9,278,0,145.0
2025-12-04T19:00,89.9,90.3,1232.0,62.2,42.8,62.0,174,80,1.0,,16.6,51,14.9,0.0,0.0,993.6,5.2,272,0,110.0
2025-12-04T20:00,98.3,98.7,1262.0,68.6,45.9,48.0,174,83,1.0,,15.7,54,13.9,0.0,0.0,994.0,5.9,268,0,95.0
2025-12-04T21:00,102.7,103.1,1201.0,65.8,45.4,46.0,175,85,1.0,,14.8,56,13.0,0.0,0.0,994.5,5.4,274,0,80.0
2025-12-04T22:00,103.1,103.4,1085.0,57.9,42.9,52.0,175,85,0.0,,14.0,58,12.1,0.0,0.0,994.5,5.5,287,0,75.0
2025-12-04T23:00,100.1,100.4,989.0,49.5,40.0,57.0,175,84,0.0,,13.5,62,12.0,0.0,0.0,994.8,4.0,297,0,55.0
2025-12-05T00:00,96.2,96.4,938.0,41.0,36.8,62.0,175,82,0.0,,12.3,65,10.6,0.0,0.0,994.6,4.6,296,0,45.0
2025-12-05T01:00,94.1,94.5,906.0,32.0,33.2,67.0,175,82,0.0,,11.5,67,9.7,0.0,0.0,994.6,4.9,287,0,50.0
2025-12-05T02:00,93.6,94.1,894.0,25.7,30.8,70.0,175,81,0.0,,10.9,68,9.0,0.0,0.0,994.3,4.8,281,0,50.0
2025-12-05T03:00,94.3,94.5,874.0,23.2,30.1,68.0,175,82,0.0,,10.2,70,8.3,0.0,0.0,994.3,4.3,270,0,40.0
2025-12-05T04:00,96.6,96.9,874.0,23.4,30.6,63.0,174,83,1.0,,9.5,74,7.5,0.0,0.0,994.2,4.7,272,0,45.0
2025-12-05T05:00,106.9,107.3,972.0,26.1,33.8,61.0,174,87,1.0,,8.9,80,7.0,0.0,0.0,994.5,4.9,274,0,50.0
2025-12-05T06:00,115.3,115.7,1299.0,34.6,37.7,52.0,174,90,1.0,,8.6,81,6.8,0.0,0.0,995.0,4.5,265,0,50.0
2025-12-05T07:00,131.3,131.8,1724.0,45.9,43.0,40.0,174,97,0.0,,8.7,80,6.8,0.0,0.0,995.7,4.7,263,0,50.0
2025-12-05T08:00,133.2,133.2,1935.0,50.8,47.5,46.0,175,97,0.0,,10.5,71,8.6,0.0,0.0,996.4,5.2,268,0,65.0
2025-12-05T09:00,122.5,122.9,1728.0,43.3,50.2,84.0,175,93,0.0,,13.7,59,12.1,0.0,0.0,997.4,3.6,273,0,105.0
2025-12-05T10:00,100.4,100.8,1307.0,29.4,51.9,139.0,175,84,1.0,,16.8,47,15.0,0.0,0.0,997.9,3.9,283,0,200.0
2025-12-05T11:00,78.5,79.2,966.0,18.5,52.8,181.0,175,101,1.0,,19.3,38,17.2,0.0,0.0,997.6,4.9,294,0,585.0
2025-12-05T12:00,63.3,64.3,805.0,12.9,52.6,202.0,175,122,1.0,,20.8,31,18.6,0.0,0.0,997.0,5.2,297,0,725.0
2025-12-05T13:00,58.0,58.8,723.0,10.3,51.5,211.0,175,131,1.0,,21.5,29,19.1,0.0,0.0,996.0,5.4,296,0,805.0
2025-12-05T14:00,56.8,57.5,718.0,12.8,50.5,207.0,175,127,1.0,,21.8,31,19.5,0.0,0.0,995.3,5.6,299,0,815.0
2025-12-05T15:00,56.5,57.2,825.0,24.5,50.1,185.0,175,105,1.0,,21.7,33,19.4,0.0,0.0,995.0,6.5,298,0,805.0
2025-12-05T16:00,59.6,60.1,1007.0,41.3,49.7,151.0,175,76,1.0,,20.8,37,18.6,0.0,0.0,994.7,7.5,291,0,630.0
2025-12-05T17:00,91.7,92.4,1154.0,52.7,49.7,122.0,176,81,1.0,,19.0,44,17.0,0.0,0.0,994.7,6.8,282,0,280.0
2025-12-05T18:00,99.7,100.4,1228.0,52.5,48.5,109.0,176,84,1.0,,18.2,48,16.6,0.0,0.0,994.7,5.2,282,0,200.0
2025-12-05T19:00,103.6,104.3,1266.0,52.0,46.7,90.0,177,85,1.0,,17.3,51,15.7,0.0,0.0,995.1,5.7,281,0,140.0
2025-12-05T20:00,103.6,104.3,1266.0,49.5,44.1,77.0,178,85,1.0,,16.2,56,14.6,0.0,0.0,995.3,5.6,285,0,115.0
2025-12-05T21:00,99.9,100.4,1218.0,43.6,40.3,74.0,178,84,1.0,,15.1,60,13.7,0.0,0.0,995.5,5.3,282,0,100.0
2025-12-05T22:00,96.2,96.9,1133.0,35.8,35.7,77.0,178,82,1.0,,14.4,62,12.9,0.0,0.0,995.4,5.6,277,0,90.0
2025-12-05T23:00,92.2,92.7,1042.0,28.8,31.9,80.0,177,81,1.0,,13.5,67,12.0,0.0,0.0,995.4,5.8,277,0,95.0
2025-12-06T00:00,88.2,88.7,946.0,23.4,29.4,82.0,177,79,1.0,,12.9,66,11.2,0.0,0.0,995.2,5.9,284,0,95.0
2025-12-06T01:00,85.7,86.1,844.0,18.7,27.7,84.0,177,78,1.0,,12.3,67,10.4,0.0,0.0,995.0,6.4,278,0,100.0
2025-12-06T02:00,83.6,84.3,771.0,15.3,26.6,85.0,177,77,1.0,,11.8,68,9.8,0.0,0.0,994.7,7.0,270,0,95.0
2025-12-06T03:00,81.7,82.2,726.0,12.9,26.1,86.0,176,76,1.0,,11.3,69,9.1,0.0,0.0,994.7,7.6,278,0,100.0
2025-12-06T04:00,79.9,80.3,710.0,11.7,26.3,86.0,176,75,1.0,,10.9,70,8.6,0.0,0.0,994.0,8.1,291,3,120.0
2025-12-06T05:00,83.6,84.1,758.0,13.0,28.0,84.0,175,77,1.0,,10.5,75,8.2,0.0,0.0,994.0,9.1,297,3,150.0
2025-12-06T06:00,85.0,85.7,940.0,19.4,29.8,77.0,175,78,1.0,,10.2,76,7.9,0.0,0.0,994.3,9.3,297,0,155.0
2025-12-06T07:00,88.9,89.4,1188.0,28.0,32.4,69.0,174,79,1.0,,10.4,74,7.9,0.0,0.0,994.6,10.4,290,0,170.0
2025-12-06T08:00,92.4,92.7,1329.0,32.4,34.6,72.0,173,81,1.0,,11.9,68,9.2,0.0,0.0,995.2,11.5,284,0,215.0
2025-12-06T09:00,90.3,90.6,1265.0,28.6,36.1,98.0,171,80,1.0,,14.2,58,11.9,0.0,0.0,995.8,9.3,285,0,270.0
2025-12-06T10:00,85.4,85.7,1095.0,20.7,37.2,135.0,170,78,1.0,,16.8,49,14.4,0.0,0.0,995.6,9.3,292,0,330.0
2025-12-06T11:00,78.2,78.7,944.0,14.4,37.5,164.0,170,84,1.0,,19.7,42,17.3,0.0,0.0,995.3,10.2,284,0,415.0
2025-12-06T12:00,68.7,69.2,845.0,11.1,36.5,180.0,170,100,1.0,,21.9,35,19.6,0.0,0.0,994.5,10.2,283,3,505.0
2025-12-06T13:00,60.1,60.8,765.0,9.4,34.8,187.0,170,107,2.0,,23.1,32,20.4,0.0,0.0,993.7,11.4,286,1,590.0
2025-12-06T14:00,56.1,57.0,726.0,10.8,33.3,185.0,170,105,2.0,,23.6,32,20.8,0.0,0.0,993.2,11.9,281,2,635.0
2025-12-06T15:00,53.6,54.6,758.0,17.8,32.5,167.0,170,87,2.0,,23.1,34,20.3,0.0,0.0,993.2,12.9,277,2,635.0
2025-12-06T16:00,54.5,55.3,831.0,27.9,31.9,140.0,170,70,1.0,,22.1,36,19.5,0.0,0.0,992.9,10.9,279,3,580.0
2025-12-06T17:00,58.8,60.1,884.0,33.3,32.9,108.0,170,64,2.0,,20.2,42,17.9,0.0,0.0,992.7,9.6,275,2,400.0
2025-12-06T18:00,62.6,63.6,887.0,33.8,33.9,100.0,169,66,2.0,,19.4,42,16.9,0.0,0.0,993.1,10.2,283,3,350.0
2025-12-06T19:00,66.4,67.5,869.0,34.4,35.3,89.0,168,68,2.0,,18.3,43,15.8,0.0,0.0,993.7,9.4,282,3,275.0
2025-12-06T20:00,70.5,71.7,858.0,33.8,36.0,81.0,167,70,2.0,,17.6,44,15.1,0.0,0.0,993.9,8.9,278,3,230.0
2025-12-06T21:00,75.7,76.6,871.0,31.3,35.7,79.0,166,73,2.0,,16.5,47,14.0,0.0,0.0,994.1,8.7,278,3,195.0
2025-12-06T22:00,79.4,80.3,891.0,27.6,34.7,80.0,165,75,2.0,,15.9,50,13.4,0.0,0.0,994.2,8.8,281,3,190.0
2025-12-06T23:00,80.6,81.5,895.0,24.0,33.4,80.0,165,75,2.0,,15.1,54,12.8,0.0,0.0,994.0,8.5,283,3,185.0
2025-12-07T00:00,80.3,81.3,863.0,20.5,31.5,79.0,164,75,2.0,,14.5,57,12.3,0.0,0.0,994.0,8.3,283,3,170.0
2025-12-07T01:00,80.6,81.3,816.0,17.0,29.2,77.0,164,75,1.0,,13.8,60,11.6,0.0,0.0,993.7,7.9,286,0,155.0
2025-12-07T02:00,80.6,81.5,793.0,14.5,27.5,75.0,164,75,1.0,,13.2,63,11.0,0.0,0.0,993.6,8.0,290,0,150.0
2025-12-07T03:00,80.8,81.3,794.0,12.9,26.6,73.0,164,75,1.0,,12.7,65,10.5,0.0,0.0,993.6,9.0,286,0,155.0
2025-12-07T04:00,80.8,81.5,818.0,12.2,26.2,71.0,164,75,1.0,,12.3,67,10.0,0.0,0.0,993.2,9.4,283,0,155.0
2025-12-07T05:00,82.4,82.9,909.0,12.7,27.6,72.0,164,76,1.0,,11.4,73,9.1,0.0,0.0,993.2,9.7,281,0,145.0
2025-12-07T06:00,86.1,86.6,1143.0,17.8,29.6,65.0,164,78,1.0,,10.8,76,8.6,0.0,0.0,993.6,9.0,280,0,130.0
2025-12-07T07:00,92.9,93.4,1442.0,24.7,32.5,57.0,164,81,1.0,,10.7,76,8.5,0.0,0.0,994.5,9.3,280,0,135.0
2025-12-07T08:00,96.2,96.6,1616.0,28.4,34.9,59.0,164,82,1.0,,12.1,70,9.8,0.0,0.0,995.1,10.4,271,0,160.0
2025-12-07T09:00,97.8,98.3,1555.0,25.9,36.7,82.0,164,83,1.0,,14.6,61,12.7,0.0,0.0,995.7,7.5,280,0,205.0
2025-12-07T10:00,94.1,94.8,1369.0,20.1,38.0,115.0,164,82,2.0,,17.4,52,15.5,0.0,0.0,996.0,7.9,283,0,280.0
2025-12-07T11:00,84.1,85.0,1193.0,15.4,38.6,142.0,164,77,2.0,,20.3,44,18.4,0.0,0.0,995.4,8.8,285,0,365.0
2025-12-07T12:00,70.3,71.5,1049.0,12.2,37.9,157.0,165,79,2.0,,22.4,39,20.6,0.0,0.0,994.5,9.0,290,0,440.0
2025-12-07T13:00,63.1,64.5,915.0,10.1,36.3,165.0,165,85,3.0,,23.7,35,21.6,0.0,0.0,993.4,9.3,289,0,495.0
2025-12-07T14:00,58.2,59.8,857.0,11.5,35.0,163.0,165,83,3.0,,24.1,35,22.1,0.0,0.0,992.4,9.6,287,0,540.0
2025-12-07T15:00,56.3,58.0,937.0,19.8,34.3,147.0,165,74,3.0,,23.7,38,21.8,0.0,0.0,992.0,9.9,286,1,550.0
2025-12-07T16:00,58.0,59.4,1094.0,31.7,33.9,121.0,165,64,2.0,,22.7,41,21.0,0.0,0.0,991.9,9.7,286,2,550.0
2025-12-07T17:00,57.4,58.1,1211.0,38.7,34.4,97.0,165,64,1.0,,20.8,49,19.7,0.0,0.0,991.9,7.0,283,3,320.0
2025-12-07T18:00,58.9,59.4,1242.0,37.5,34.3,92.0,165,64,1.0,,20.3,52,19.1,0.0,0.0,992.3,8.1,287,2,285.0
2025-12-07T19:00,59.3,59.8,1234.0,35.8,34.2,85.0,165,65,1.0,,19.3,55,18.0,0.0,0.0,992.9,8.6,281,1,240.0
2025-12-07T20:00,60.5,61.0,1210.0,33.5,33.8,80.0,165,65,1.0,,18.3,58,17.0,0.0,0.0,993.4,8.2,279,3,195.0
2025-12-07T21:00,62.6,63.3,1178.0,30.6,33.1,79.0,164,66,1.0,,17.4,60,16.1,0.0,0.0,993.6,7.6,274,1,155.0
2025-12-07T22:00,65.2,65.9,1130.0,27.2,32.2,80.0,164,68,1.0,,16.6,61,15.3,0.0,0.0,993.7,7.4,274,2,135.0
2025-12-07T23:00,65.7,66.4,1069.0,23.8,31.2,81.0,164,68,1.0,,15.9,63,14.5,0.0,0.0,993.4,7.9,283,3,140.0
2025-12-08T00:00,63.8,64.7,980.0,20.0,29.9,82.0,163,67,1.0,,15.2,64,13.6,0.0,0.0,993.2,8.0,297,3,130.0
2025-12-08T01:00,62.2,63.3,878.0,16.2,28.6,83.0,163,66,2.0,,15.0,63,13.2,0.0,0.0,992.7,8.5,298,3,140.0
2025-12-08T02:00,60.5,61.9,804.0,13.5,27.5,84.0,162,65,2.0,,14.6,62,12.7,0.0,0.0,992.6,8.4,293,3,135.0
2025-12-08T03:00,60.1,61.7,759.0,12.0,26.7,83.0,161,65,2.0,,14.2,63,12.2,0.0,0.0,992.4,8.5,291,0,140.0
2025-12-08T04:00,60.8,62.2,743.0,11.7,26.2,82.0,161,65,3.0,,13.7,65,11.7,0.0,0.0,992.2,8.7,288,0,135.0
2025-12-08T05:00,63.3,64.7,793.0,13.1,27.2,80.0,160,67,3.0,,12.8,69,10.7,0.0,0.0,992.4,9.4,283,0,130.0
2025-12-08T06:00,68.2,69.8,981.0,18.4,29.0,74.0,160,69,3.0,,12.2,72,10.1,0.0,0.0,993.2,9.3,286,0,130.0
2025-12-08T07:00,76.4,77.8,1236.0,25.5,31.5,67.0,159,73,3.0,,12.1,73,9.9,0.0,0.0,993.9,9.8,287,0,135.0
2025-12-08T08:00,80.8,82.2,1382.0,29.2,33.7,71.0,159,75,3.0,,13.5,67,11.2,0.0,0.0,994.8,10.8,281,0,155.0
2025-12-08T09:00,83.1,84.5,1319.0,26.5,35.2,97.0,158,77,3.0,,15.8,59,13.9,0.0,0.0,995.5,8.5,282,0,185.0
2025-12-08T10:00,79.9,81.7,1147.0,20.4,36.4,134.0,158,75,4.0,,18.6,49,16.7,0.0,0.0,996.0,8.6,290,0,255.0
2025-12-08T11:00,73.1,75.2,986.0,15.4,37.0,162.0,157,82,4.0,,21.5,41,19.6,0.0,0.0,995.5,9.0,285,0,345.0
2025-12-08T12:00,62.6,65.0,860.0,12.2,36.6,175.0,157,95,4.0,,23.6,36,21.8,0.0,0.0,994.6,9.5,291,0,470.0
2025-12-08T13:00,56.0,58.7,744.0,10.1,35.5,178.0,157,98,5.0,,24.9,32,22.7,0.0,0.0,993.6,10.2,293,0,610.0
2025-12-08T14:00,52.0,54.8,689.0,11.0,34.7,174.0,157,94,5.0,,25.2,31,22.7,0.0,0.0,992.8,11.7,297,0,710.0
2025-12-08T15:00,51.2,53.8,739.0,17.6,34.5,158.0,156,79,5.0,,24.7,32,22.1,0.0,0.0,992.7,12.6,298,0,775.0
2025-12-08T16:00,53.4,55.5,849.0,27.2,34.7,134.0,156,67,4.0,,23.7,35,21.3,0.0,0.0,992.6,11.1,297,0,695.0
2025-12-08T17:00,55.2,57.0,931.0,31.1,36.2,115.0,156,63,4.0,,21.8,42,20.1,0.0,0.0,992.6,8.4,286,0,480.0
2025-12-08T18:00,58.4,59.8,951.0,30.9,36.8,109.0,156,64,3.0,,20.7,47,19.0,0.0,0.0,993.2,9.4,287,0,335.0
2025-12-08T19:00,60.5,61.7,943.0,30.5,37.5,101.0,156,65,3.0,,19.5,50,17.9,0.0,0.0,993.3,9.0,282,0,230.0
2025-12-08T20:00,62.2,63.3,922.0,29.3,37.5,96.0,156,66,2.0,,18.6,51,16.8,0.0,0.0,993.2,8.7,276,0,185.0
2025-12-08T21:00,64.3,65.2,888.0,26.7,36.3,95.0,156,67,2.0,,17.7,52,15.7,0.0,0.0,993.3,9.7,280,0,205.0
2025-12-08T22:00,65.7,66.4,841.0,23.2,34.3,97.0,156,68,2.0,,16.8,53,14.7,0.0,0.0,993.3,9.6,286,0,210.0
2025-12-08T23:00,65.0,65.7,795.0,19.9,32.3,98.0,156,68,2.0,,15.9,56,13.8,0.0,0.0,993.5,9.7,285,0,200.0
2025-12-09T00:00,63.6,64.5,748.0,17.0,30.3,97.0,156,67,2.0,,15.0,58,12.7,0.0,0.0,993.1,9.5,281,0,185.0
2025-12-09T01:00,63.1,64.0,701.0,14.3,28.2,95.0,156,67,2.0,,14.3,60,12.0,0.0,0.0,992.9,9.8,278,0,175.0
2025-12-09T02:00,62.9,63.8,672.0,12.4,26.6,93.0,156,66,2.0,,13.7,63,11.3,0.0,0.0,992.6,10.1,276,0,175.0
2025-12-09T03:00,62.6,63.6,651.0,11.1,25.7,90.0,156,66,2.0,,13.2,65,10.9,0.0,0.0,992.3,10.3,276,0,180.0
2025-12-09T04:00,62.4,63.3,649.0,10.6,25.3,86.0,156,66,1.0,,12.8,67,10.5,0.0,0.0,991.9,10.5,275,0,180.0
2025-12-09T05:00,62.9,63.6,710.0,11.7,26.0,83.0,156,66,1.0,,12.1,71,9.7,0.0,0.0,991.9,10.8,274,0,165.0
2025-12-09T06:00,64.3,65.0,903.0,16.4,27.4,76.0,156,67,1.0,,11.7,72,9.4,0.0,0.0,992.5,10.4,272,0,160.0
2025-12-09T07:00,68.5,69.2,1161.0,22.7,29.3,67.0,156,69,1.0,,11.6,73,9.2,0.0,0.0,993.0,11.2,270,0,160.0
2025-12-09T08:00,69.8,70.5,1323.0,26.1,30.8,68.0,156,70,1.0,,12.8,68,10.2,0.0,0.0,993.8,12.7,263,0,190.0
2025-12-09T09:00,70.3,71.0,1310.0,24.1,31.6,87.0,156,70,1.0,,15.1,60,13.1,0.0,0.0,994.8,9.3,279,0,245.0
2025-12-09T10:00,64.5,65.2,1202.0,19.2,32.0,116.0,155,67,1.0,,17.9,51,16.0,0.0,0.0,995.1,8.9,288,0,345.0
2025-12-09T11:00,54.1,54.9,1079.0,15.0,31.9,138.0,155,69,1.0,,20.8,44,19.0,0.0,0.0,994.7,9.4,288,0,465.0
2025-12-09T12:00,41.8,42.6,940.0,11.7,30.9,150.0,154,75,1.0,,22.9,38,20.8,0.0,0.0,994.0,10.7,295,0,655.0
2025-12-09T13:00,35.5,36.4,787.0,9.2,29.4,156.0,154,78,2.0,,24.1,33,21.6,0.0,0.0,993.1,11.5,297,0,780.0
2025-12-09T14:00,31.9,32.9,704.0,10.3,28.4,153.0,153,77,2.0,,24.5,31,21.8,0.0,0.0,992.3,11.7,297,0,835.0
2025-12-09T15:00,30.3,31.4,744.0,18.1,28.1,137.0,152,69,2.0,,24.1,34,21.6,0.0,0.0,992.2,11.8,295,0,810.0
2025-12-09T16:00,33.2,34.2,853.0,29.5,28.3,112.0,152,52,2.0,,23.1,38,20.9,0.0,0.0,992.3,11.0,293,0,730.0
2025-12-09T17:00,41.3,42.6,958.0,36.4,30.0,91.0,151,55,2.0,,21.0,46,19.5,0.0,0.0,992.1,7.9,281,0,365.0
2025-12-09T18:00,45.4,46.4,1041.0,37.1,30.7,84.0,151,57,2.0,,20.3,49,18.9,0.0,0.0,992.7,8.3,283,0,285.0
2025-12-09T19:00,47.8,48.8,1120.0,37.9,31.7,75.0,150,59,2.0,,19.4,51,17.9,0.0,0.0,992.9,8.0,279,0,210.0
2025-12-09T20:00,50.4,51.3,1173.0,37.5,31.9,68.0,150,60,2.0,,18.7,52,17.1,0.0,0.0,993.0,8.3,283,0,190.0
2025-12-09T21:00,52.9,53.8,1188.0,35.2,31.0,67.0,149,61,2.0,,18.2,53,16.5,0.0,0.0,992.9,8.5,282,0,180.0
2025-12-09T22:00,54.9,55.9,1178.0,31.6,29.3,68.0,148,62,2.0,,17.5,55,15.7,0.0,0.0,992.8,8.9,284,0,170.0
2025-12-09T23:00,54.9,55.9,1151.0,27.9,27.6,69.0,147,62,2.0,,16.5,58,14.7,0.0,0.0,993.1,9.2,287,0,180.0
2025-12-10T00:00,53.3,54.4,1100.0,23.8,25.7,69.0,146,62,2.0,,15.3,62,13.4,0.0,0.0,992.7,9.3,288,1,165.0
2025-12-10T01:00,51.9,53.0,1033.0,19.6,23.8,70.0,144,61,2.0,,14.7,64,12.8,0.0,0.0,992.5,9.7,288,3,170.0
2025-12-10T02:00,50.8,51.8,987.0,16.5,22.5,69.0,143,60,2.0,,14.2,66,12.2,0.0,0.0,992.2,9.5,291,0,170.0
2025-12-10T03:00,50.2,51.2,959.0,14.9,22.2,67.0,142,60,2.0,,13.6,68,11.7,0.0,0.0,991.9,9.2,290,0,165.0
2025-12-10T04:00,50.5,51.6,951.0,14.5,22.5,64.0,141,60,2.0,,13.2,70,11.2,0.0,0.0,991.5,9.4,287,0,160.0
2025-12-10T05:00,49.1,50.2,1008.0,14.2,24.3,65.0,140,59,2.0,,12.6,71,10.5,0.0,0.0,991.6,9.4,281,0,145.0
2025-12-10T06:00,53.8,54.7,1202.0,19.3,26.8,58.0,138,62,2.0,,12.1,73,10.1,0.0,0.0,992.0,9.4,273,0,130.0
2025-12-10T07:00,61.9,62.6,1461.0,26.2,30.2,50.0,137,66,1.0,,11.8,75,9.7,0.0,0.0,992.9,9.7,273,0,135.0
2025-12-10T08:00,65.7,66.4,1611.0,29.8,33.2,53.0,136,68,1.0,,13.0,70,10.8,0.0,0.0,993.7,10.3,274,0,150.0
2025-12-10T09:00,68.2,68.7,1552.0,27.2,35.3,78.0,136,69,1.0,,15.2,61,13.6,0.0,0.0,994.6,6.5,283,0,185.0
2025-12-10T10:00,65.2,65.7,1384.0,21.4,36.9,114.0,136,68,1.0,,17.9,52,16.5,0.0,0.0,994.7,5.9,282,0,255.0
2025-12-10T11:00,58.9,59.5,1229.0,16.5,37.8,143.0,136,72,1.0,,20.7,44,19.3,0.0,0.0,994.3,5.6,285,0,380.0
2025-12-10T12:00,50.5,51.2,1110.0,12.0,37.4,159.0,136,80,1.0,,22.7,38,21.1,0.0,0.0,993.7,7.1,291,0,595.0
2025-12-10T13:00,45.5,46.3,1004.0,8.3,36.2,167.0,137,87,1.0,,23.7,36,21.9,0.0,0.0,992.8,7.6,289,0,705.0
2025-12-10T14:00,43.5,44.2,969.0,10.7,36.0,164.0,138,84,1.0,,24.1,35,22.1,0.0,0.0,992.3,8.9,291,0,760.0
2025-12-10T15:00,43.7,44.4,1063.0,24.1,37.2,144.0,139,72,1.0,,23.7,38,21.9,0.0,0.0,992.3,9.6,291,0,755.0
2025-12-10T16:00,49.4,49.9,1228.0,43.5,39.3,112.0,141,60,1.0,,22.8,43,21.5,0.0,0.0,992.1,8.2,284,0,660.0
2025-12-10T17:00,64.3,65.0,1345.0,44.2,38.1,91.0,142,67,1.0,,20.4,54,19.9,0.0,0.0,991.8,5.1,280,0,250.0
2025-12-10T18:00,75.2,75.7,1352.0,48.6,40.4,79.0,145,73,1.0,,20.3,53,19.5,0.0,0.0,992.4,5.7,283,0,220.0
2025-12-10T19:00,81.0,81.7,1312.0,54.7,43.6,63.0,148,76,1.0,,19.4,55,18.6,0.0,0.0,992.7,5.5,289,0,160.0
2025-12-10T20:00,88.7,89.4,1292.0,58.8,45.9,50.0,150,79,1.0,,18.4,58,17.6,0.0,0.0,993.0,5.2,297,0,110.0
2025-12-10T21:00,100.1,100.8,1334.0,59.6,46.8,44.0,152,84,1.0,,17.6,60,16.8,0.0,0.0,993.2,5.0,296,0,85.0
2025-12-10T22:00,108.7,109.4,1397.0,58.5,46.9,41.0,153,87,1.0,,17.0,61,16.1,0.0,0.0,993.0,5.4,300,1,80.0
2025-12-10T23:00,110.4,111.1,1422.0,55.8,45.8,39.0,155,88,1.0,,16.6,61,15.5,0.0,0.0,993.3,5.5,319,0,100.0
2025-12-11T00:00,111.3,112.2,1372.0,50.8,42.9,38.0,156,89,1.0,,15.2,64,13.9,0.0,0.0,992.9,6.0,307,0,80.0
2025-12-11T01:00,112.5,113.4,1285.0,44.2,38.8,39.0,158,89,2.0,,14.2,68,12.9,0.0,0.0,992.3,5.4,312,0,80.0
2025-12-11T02:00,112.5,113.4,1218.0,38.4,35.5,40.0,160,89,2.0,,13.2,73,12.0,0.0,0.0,992.2,5.0,300,0,70.0
2025-12-11T03:00,109.7,110.6,1170.0,33.3,33.2,42.0,162,88,2.0,,12.4,76,11.3,0.0,0.0,991.6,4.5,277,0,55.0
2025-12-11T04:00,106.4,107.3,1143.0,29.1,31.7,44.0,163,87,2.0,,12.1,78,10.8,0.0,0.0,991.3,5.1,262,0,50.0
2025-12-11T05:00,119.7,120.6,1201.0,30.6,36.7,43.0,165,92,2.0,,11.1,85,9.8,0.0,0.0,991.4,6.8,253,0,55.0
2025-12-11T06:00,130.9,131.8,1457.0,38.2,42.1,36.0,167,96,2.0,,10.8,86,9.4,0.0,0.0,991.7,6.4,252,0,60.0
2025-12-11T07:00,147.6,149.0,1798.0,48.3,49.5,28.0,169,103,2.0,,10.8,85,9.3,0.0,0.0,992.1,6.7,254,0,60.0
2025-12-11T08:00,147.6,148.1,1953.0,52.3,54.5,37.0,172,103,2.0,,12.4,76,11.0,0.0,0.0,992.9,6.9,265,0,80.0
2025-12-11T09:00,136.4,137.4,1751.0,44.7,54.8,78.0,174,99,2.0,,15.2,64,14.3,0.0,0.0,993.6,3.3,283,0,110.0
2025-12-11T10:00,113.4,114.3,1362.0,31.1,52.7,136.0,176,89,2.0,,18.3,52,17.2,0.0,0.0,993.9,3.7,284,0,185.0
2025-12-11T11:00,84.3,85.2,1030.0,20.1,50.5,177.0,178,97,2.0,,21.5,44,20.4,0.0,0.0,993.1,4.9,280,0,370.0
2025-12-11T12:00,65.7,66.4,823.0,13.6,48.6,189.0,179,109,2.0,,23.5,37,21.9,0.0,0.0,992.3,7.1,286,0,635.0
2025-12-11T13:00,55.3,55.9,673.0,9.8,46.5,185.0,179,105,1.0,,24.4,34,22.4,0.0,0.0,991.6,9.2,287,0,835.0
2025-12-11T14:00,49.7,50.2,616.0,11.5,45.1,172.0,179,92,1.0,,24.7,33,22.4,0.0,0.0,990.8,10.4,287,0,885.0
2025-12-11T15:00,46.9,47.4,691.0,22.4,44.2,149.0,180,75,1.0,,24.3,34,22.1,0.0,0.0,990.3,10.0,290,0,805.0
2025-12-11T16:00,49.4,49.8,858.0,38.9,44.0,116.0,180,60,1.0,,23.4,38,21.7,0.0,0.0,990.2,8.0,288,0,705.0
2025-12-11T17:00,70.8,71.0,1035.0,48.0,44.0,92.0,180,70,1.0,,20.7,52,20.2,0.0,0.0,990.1,4.9,270,0,185.0
2025-12-11T18:00,81.3,81.5,1222.0,53.8,46.6,78.0,180,76,1.0,,20.0,55,19.6,0.0,0.0,990.6,4.4,263,0,105.0
2025-12-11T19:00,87.3,87.5,1419.0,61.7,50.1,58.0,180,79,1.0,,19.1,59,18.7,0.0,0.0,991.0,4.4,263,0,75.0
2025-12-11T20:00,94.3,94.5,1542.0,66.2,52.2,43.0,180,82,1.0,,18.2,62,17.8,0.0,0.0,991.3,4.5,272,0,65.0
2025-12-11T21:00,100.8,101.0,1540.0,64.9,52.0,38.0,180,84,1.0,,17.5,64,17.2,0.0,0.0,991.2,3.8,287,0,55.0
2025-12-11T22:00,105.2,105.5,1463.0,60.3,50.4,38.0,180,86,1.0,,17.1,65,16.8,0.0,0.0,991.0,3.0,303,0,45.0
2025-12-11T23:00,106.4,106.9,1379.0,54.7,48.2,40.0,180,87,1.0,,16.9,66,16.8,0.0,0.0,991.1,1.5,300,0,45.0
2025-12-12T00:00,105.9,106.4,1300.0,47.7,44.9,43.0,180,86,1.0,,15.4,71,15.0,0.0,0.0,990.6,2.7,270,0,35.0
2025-12-12T01:00,106.9,107.3,1215.0,39.6,41.0,47.0,180,87,1.0,,14.0,77,13.3,0.0,0.0,990.4,4.7,274,0,40.0
2025-12-12T02:00,109.0,109.4,1152.0,33.9,38.4,49.0,180,88,1.0,,13.2,80,12.4,0.0,0.0,990.4,5.2,282,0,50.0
2025-12-12T03:00,111.8,112.5,1093.0,31.6,37.5,46.0,180,89,1.0,,12.4,83,11.6,0.0,0.0,990.0,4.8,281,0,55.0
2025-12-12T04:00,115.9,116.6,1057.0,31.8,37.8,42.0,180,90,1.0,,11.8,85,10.9,0.0,0.0,989.6,4.5,272,0,50.0
2025-12-12T05:00,131.8,132.2,1130.0,37.5,41.1,35.0,180,97,1.0,,11.2,88,10.2,0.0,0.0,989.9,5.6,272,0,60.0
2025-12-12T06:00,143.0,143.9,1441.0,45.3,47.5,27.0,180,101,1.0,,10.5,90,9.6,0.0,0.0,990.2,4.4,263,0,55.0
2025-12-12T07:00,161.1,161.6,1860.0,55.5,56.4,19.0,181,108,1.0,,10.4,90,9.4,0.0,0.0,990.6,4.2,252,0,40.0
2025-12-12T08:00,166.7,167.2,2090.0,59.5,63.0,31.0,181,111,1.0,,12.2,82,11.2,0.0,0.0,991.4,5.1,260,0,55.0
2025-12-12T09:00,156.0,156.5,1954.0,51.6,65.3,81.0,182,106,1.0,,15.3,69,14.6,0.0,0.0,992.5,3.4,267,0,85.0
2025-12-12T10:00,137.4,138.3,1629.0,37.6,65.4,152.0,182,99,1.0,,18.4,56,17.8,0.0,0.0,992.8,2.9,274,0,160.0
2025-12-12T11:00,114.3,115.5,1341.0,26.1,64.9,207.0,183,127,2.0,,21.0,47,20.3,0.0,0.0,992.4,3.1,273,0,405.0
2025-12-12T12:00,95.5,97.1,1138.0,17.3,63.5,236.0,184,156,3.0,,22.9,40,22.0,0.0,0.0,991.6,3.4,302,0,595.0
2025-12-12T13:00,86.8,89.2,973.0,11.0,61.6,250.0,185,170,4.0,,23.9,35,22.7,0.0,0.0,991.1,3.3,319,0,720.0
2025-12-12T14:00,82.2,84.8,929.0,14.9,61.8,247.0,186,167,5.0,,24.4,32,22.9,0.0,0.0,990.3,3.6,323,0,795.0
2025-12-12T15:00,80.6,83.4,1070.0,34.8,63.8,220.0,187,140,5.0,,24.3,31,22.7,0.0,0.0,990.2,3.8,311,0,790.0
2025-12-12T16:00,90.8,93.4,1332.0,65.0,68.1,176.0,188,96,5.0,,23.5,34,22.1,0.0,0.0,990.1,4.0,278,1,610.0
2025-12-12T17:00,167.2,171.4,1609.0,98.6,90.2,140.0,189,111,8.0,,21.0,48,20.4,0.0,0.0,990.0,3.3,276,3,105.0
2025-12-12T18:00,212.8,217.0,1891.0,122.8,109.5,111.0,197,129,8.0,,19.9,53,19.4,0.0,0.0,990.8,3.5,305,3,130.0
2025-12-12T19:00,256.1,260.8,2188.0,155.6,135.7,71.0,196,146,8.0,,19.1,57,18.9,0.0,0.0,991.3,2.2,318,3,105.0
2025-12-12T20:00,291.5,295.2,2428.0,176.2,153.0,40.0,201,161,8.0,,18.4,61,18.3,0.0,0.0,991.8,2.2,312,0,80.0
2025-12-12T21:00,312.0,315.7,2618.0,174.2,154.6,28.0,209,169,8.0,,17.9,63,17.9,0.0,0.0,991.9,2.0,360,0,90.0
2025-12-12T22:00,319.4,323.2,2752.0,160.0,147.3,25.0,218,172,7.0,,17.2,66,17.0,0.0,0.0,991.7,2.4,36,0,90.0
2025-12-12T23:00,312.0,315.7,2736.0,144.3,135.2,24.0,227,169,7.0,,16.4,69,16.2,0.0,0.0,991.7,2.4,81,0,65.0
2025-12-13T00:00,290.6,294.3,2444.0,129.6,116.6,25.0,236,160,6.0,,15.3,75,15.2,0.0,0.0,991.3,2.3,51,0,60.0
2025-12-13T01:00,269.2,272.9,2002.0,113.4,93.3,28.0,243,152,6.0,,14.3,80,14.1,0.0,0.0,990.6,3.5,81,0,50.0
2025-12-13T02:00,250.5,253.3,1699.0,98.8,74.9,31.0,250,144,5.0,,13.9,82,13.8,0.0,0.0,990.4,1.9,68,0,35.0
2025-12-13T03:00,237.0,239.3,1621.0,86.1,65.2,33.0,256,139,5.0,,13.7,82,13.6,0.0,0.0,990.3,1.5,45,0,30.0
2025-12-13T04:00,228.6,231.4,1681.0,75.1,60.5,35.0,261,135,4.0,,13.4,83,13.4,0.0,0.0,990.1,0.9,37,0,20.0
2025-12-13T05:00,222.6,224.9,1912.0,62.6,58.9,41.0,266,133,4.0,,13.1,82,13.0,0.0,0.0,990.7,0.4,270,1,20.0
2025-12-13T06:00,229.1,231.4,2525.0,68.8,63.0,34.0,270,136,4.0,,12.8,83,12.7,0.0,0.0,991.2,0.0,270,3,35.0
2025-12-13T07:00,242.1,244.0,3308.0,76.8,68.7,27.0,273,141,3.0,,12.7,84,12.7,0.0,0.0,991.9,0.2,180,3,35.0
2025-12-13T08:00,238.4,239.3,3660.0,77.7,72.8,43.0,277,139,3.0,,14.1,79,13.8,0.0,0.0,992.8,3.1,111,0,45.0
2025-12-13T09:00,211.4,212.8,3167.0,65.0,73.1,104.0,280,129,3.0,,16.5,69,16.4,0.0,0.0,993.7,2.4,103,0,100.0
2025-12-13T10:00,188.6,190.0,2242.0,45.3,71.8,187.0,282,119,4.0,,19.3,58,19.1,0.0,0.0,994.3,3.0,104,0,225.0
2025-12-13T11:00,162.1,164.4,1520.0,30.1,72.7,251.0,284,171,4.0,,21.4,52,21.2,0.0,0.0,993.8,3.6,120,0,455.0
2025-12-13T12:00,136.0,138.8,1244.0,21.3,78.3,280.0,286,200,5.0,,23.1,44,22.8,0.0,0.0,993.1,2.8,125,0,640.0
2025-12-13T13:00,122.5,125.3,1170.0,16.8,86.0,288.0,288,208,6.0,,24.0,40,23.7,0.0,0.0,992.4,1.5,97,1,805.0
2025-12-13T14:00,113.4,116.6,1204.0,22.4,92.2,279.0,289,199,6.0,,24.5,37,24.1,0.0,0.0,991.6,1.1,72,3,890.0
2025-12-13T15:00,109.7,112.9,1339.0,45.5,95.4,245.0,291,165,6.0,,24.4,37,23.8,0.0,0.0,991.4,1.9,68,1,905.0
2025-12-13T16:00,128.5,131.3,1582.0,78.5,97.0,194.0,292,114,6.0,,23.8,39,22.9,0.0,0.0,991.4,3.5,75,2,905.0
2025-12-13T17:00,200.7,204.9,1860.0,91.6,89.6,145.0,293,124,8.0,,21.0,52,20.6,0.0,0.0,991.4,4.5,113,3,150.0
2025-12-13T18:00,231.4,235.2,2203.0,101.4,95.0,115.0,295,137,7.0,,20.2,57,20.0,0.0,0.0,992.2,4.0,122,2,165.0
2025-12-13T19:00,257.0,260.8,2581.0,114.5,102.1,75.0,295,147,7.0,,19.2,64,19.4,0.0,0.0,992.6,2.9,137,3,105.0
2025-12-13T20:00,267.3,271.0,2834.0,121.6,104.7,44.0,296,151,6.0,,18.2,68,18.5,0.0,0.0,993.0,2.4,126,3,85.0
2025-12-13T21:00,262.6,265.4,2856.0,117.8,99.2,34.0,295,149,6.0,,17.3,72,17.6,0.0,0.0,993.2,2.7,118,3,75.0
2025-12-13T22:00,251.5,254.3,2753.0,108.1,89.2,34.0,292,145,5.0,,16.3,77,16.4,0.0,0.0,993.0,4.0,117,3,60.0
2025-12-13T23:00,244.0,245.9,2676.0,97.8,79.8,36.0,290,142,5.0,,15.4,83,15.6,0.0,0.0,993.1,3.9,127,3,40.0
2025-12-14T00:00,237.5,240.3,2687.0,88.1,72.3,36.0,287,139,5.0,,14.7,85,15.0,0.0,0.0,992.6,3.1,118,3,35.0
2025-12-14T01:00,232.8,235.2,2724.0,77.9,65.3,38.0,285,137,4.0,,14.1,87,14.3,0.0,0.0,992.4,2.5,111,3,30.0
2025-12-14T02:00,230.5,233.3,2758.0,69.4,60.3,38.0,283,136,4.0,,13.7,89,13.9,0.0,0.0,992.3,1.8,127,2,20.0
2025-12-14T03:00,230.0,232.4,2754.0,62.9,57.2,36.0,282,136,4.0,,13.3,89,13.6,0.0,0.0,992.2,1.3,124,2,20.0
2025-12-14T04:00,230.0,232.4,2746.0,58.2,56.1,34.0,282,136,4.0,,13.0,90,13.2,0.0,0.0,991.9,0.8,153,0,15.0
2025-12-14T05:00,227.2,229.6,2809.0,47.5,52.9,34.0,282,135,4.0,,11.6,93,11.2,0.0,0.0,992.3,3.2,161,3,25.0
2025-12-14T06:00,230.0,231.9,3089.0,56.3,59.2,27.0,282,136,4.0,,11.2,94,10.6,0.0,0.0,992.8,4.3,156,0,30.0
2025-12-14T07:00,241.2,243.1,3439.0,67.7,67.8,21.0,282,140,3.0,,11.2,94,10.7,0.0,0.0,993.4,4.0,148,0,30.0
2025-12-14T08:00,252.4,254.3,3494.0,72.0,74.1,36.0,282,145,3.0,,13.5,86,13.2,0.0,0.0,994.3,4.5,143,0,30.0
2025-12-14T09:00,226.8,228.2,2968.0,62.1,74.6,93.0,283,135,4.0,,16.9,71,17.2,0.0,0.0,995.4,1.9,151,0,85.0
2025-12-14T10:00,206.3,208.2,2147.0,45.1,72.7,171.0,283,127,5.0,,19.8,60,20.1,0.0,0.0,995.9,1.3,164,0,240.0
2025-12-14T11:00,180.7,183.9,1528.0,31.6,73.7,231.0,284,151,6.0,,21.2,54,21.4,0.0,0.0,995.1,1.9,146,3,470.0
2025-12-14T12:00,164.4,169.5,1322.0,23.3,81.1,259.0,285,179,8.0,,22.8,48,23.1,0.0,0.0,994.5,0.8,117,3,635.0
2025-12-14T13:00,152.3,157.9,1317.0,18.5,91.4,268.0,286,188,10.0,,23.7,43,23.8,0.0,0.0,993.5,0.4,27,3,725.0
2025-12-14T14:00,139.7,145.3,1378.0,23.4,99.3,261.0,287,181,11.0,,24.2,41,24.1,0.0,0.0,992.5,0.5,360,3,815.0
2025-12-14T15:00,133.6,138.8,1485.0,44.3,101.3,232.0,288,152,11.0,,24.2,40,23.9,0.0,0.0,992.4,1.2,309,2,880.0
2025-12-14T16:00,150.4,155.1,1658.0,74.9,100.9,186.0,289,106,10.0,,23.4,51,24.1,0.0,0.0,992.1,1.0,315,3,900.0
2025-12-14T17:00,216.5,221.7,1813.0,125.2,132.4,138.0,290,131,10.0,,21.1,60,21.7,0.0,0.0,992.2,2.2,265,3,140.0
2025-12-14T18:00,259.8,265.4,1914.0,136.0,140.9,111.0,291,148,10.0,,20.2,60,20.5,0.0,0.0,993.0,3.1,310,3,170.0
2025-12-14T19:00,291.5,297.1,1999.0,150.5,152.2,75.0,292,161,9.0,,19.4,62,19.4,0.0,0.0,993.3,3.6,354,3,180.0
2025-12-14T20:00,314.8,319.4,2093.0,158.4,157.9,46.0,294,170,9.0,,18.8,65,19.0,0.0,0.0,993.7,3.1,13,3,150.0
2025-12-14T21:00,328.8,333.4,2213.0,154.2,154.1,34.0,296,176,9.0,,18.3,68,18.7,0.0,0.0,993.7,1.7,32,3,100.0
2025-12-14T22:00,333.4,337.1,2343.0,143.3,144.7,30.0,298,177,8.0,,17.9,69,18.5,0.0,0.0,993.6,0.6,34,3,75.0
2025-12-14T23:00,329.7,334.3,2466.0,132.1,133.5,27.0,302,176,8.0,,17.4,71,18.0,0.0,0.0,993.6,0.2,90,3,80.0
2025-12-15T00:00,318.5,323.2,2607.0,122.2,120.5,23.0,305,171,8.0,,16.3,75,16.7,0.0,0.0,993.0,0.9,259,3,55.0
2025-12-15T01:00,304.5,308.3,2740.0,111.9,105.7,21.0,309,166,7.0,,14.8,81,14.8,0.0,0.0,992.3,3.1,257,3,35.0
2025-12-15T02:00,285.0,288.7,2773.0,102.6,92.4,22.0,312,158,7.0,,13.6,88,13.3,0.0,0.0,992.0,5.2,266,3,40.0
2025-12-15T03:00,258.9,261.7,2599.0,95.0,80.9,27.0,314,148,7.0,,12.6,93,12.2,0.0,0.0,991.8,5.8,270,3,45.0
2025-12-15T04:00,233.3,236.6,2324.0,88.3,71.0,35.0,315,137,6.0,,12.0,95,11.6,0.0,0.0,991.1,5.0,272,2,50.0
2025-12-15T05:00,193.2,196.0,2178.0,51.5,56.3,67.0,315,121,5.0,,11.3,94,10.6,0.0,0.0,991.5,5.2,272,0,60.0
2025-12-15T06:00,200.2,203.0,2339.0,54.1,60.9,62.0,314,124,5.0,,10.9,95,10.2,0.0,0.0,992.0,5.0,270,1,50.0
2025-12-15T07:00,207.7,210.5,2629.0,57.2,67.1,56.0,313,127,5.0,,10.5,99,9.8,0.0,0.0,992.5,5.6,264,2,45.0
2025-12-15T08:00,204.0,206.8,2739.0,55.9,70.3,65.0,311,126,5.0,,11.5,97,10.8,0.0,0.0,993.2,6.3,257,3,65.0
2025-12-15T09:00,192.3,194.6,2494.0,46.1,68.3,104.0,309,121,6.0,,13.8,87,13.4,0.0,0.0,994.6,6.0,261,3,90.0
2025-12-15T10:00,162.1,165.8,2070.0,31.9,63.3,158.0,308,109,9.0,,16.1,76,16.0,0.0,0.0,995.0,4.3,268,1,130.0
2025-12-15T11:00,119.2,124.3,1684.0,20.6,57.2,196.0,306,116,10.0,,19.4,63,19.3,0.0,0.0,994.6,5.4,268,0,295.0
2025-12-15T12:00,97.3,102.9,1387.0,13.8,49.6,206.0,303,126,11.0,,21.7,51,21.2,0.0,0.0,993.9,6.1,275,0,470.0
2025-12-15T13:00,84.1,89.6,1128.0,9.8,41.0,201.0,301,121,10.0,,22.9,44,21.9,0.0,0.0,993.1,6.8,282,0,575.0
2025-12-15T14:00,74.0,79.2,979.0,11.0,34.9,187.0,298,107,10.0,,23.3,46,22.5,0.0,0.0,992.4,7.4,283,0,680.0
2025-12-15T15:00,68.5,73.1,1001.0,20.8,33.0,162.0,295,82,9.0,,23.2,48,22.6,0.0,0.0,991.9,7.4,283,0,705.0
2025-12-15T16:00,69.4,72.9,1131.0,35.7,33.4,127.0,292,70,7.0,,22.4,50,21.8,0.0,0.0,991.6,7.1,286,0,665.0
2025-12-15T17:00,85.7,89.9,1259.0,48.8,34.5,89.0,289,78,8.0,,19.9,57,19.5,0.0,0.0,991.3,5.1,293,0,290.0
2025-12-15T18:00,92.2,95.7,1370.0,47.8,35.1,82.0,283,81,7.0,,19.1,60,18.7,0.0,0.0,991.9,4.8,283,0,150.0
2025-12-15T19:00,91.5,94.3,1478.0,46.2,35.9,72.0,277,81,5.0,,18.2,64,17.8,0.0,0.0,992.6,5.1,278,0,105.0
2025-12-15T20:00,90.6,92.9,1508.0,43.6,36.4,65.0,268,80,4.0,,17.3,68,16.8,0.0,0.0,992.8,5.4,272,0,90.0
2025-12-15T21:00,92.9,95.0,1401.0,39.4,36.2,65.0,259,81,3.0,,16.6,69,15.9,0.0,0.0,993.1,6.3,272,0,95.0
2025-12-15T22:00,97.1,99.0,1215.0,34.1,35.6,68.0,249,83,3.0,,16.2,68,15.1,0.0,0.0,993.2,7.7,279,0,120.0
2025-12-15T23:00,97.8,99.7,1052.0,28.8,34.9,72.0,239,83,3.0,,15.4,70,14.2,0.0,0.0,993.3,8.3,286,0,145.0
2025-12-16T00:00,95.5,97.1,936.0,23.5,34.0,76.0,230,82,3.0,,14.4,73,13.1,0.0,0.0,992.8,7.9,290,0,135.0
2025-12-16T01:00,92.9,94.8,843.0,18.3,33.0,81.0,220,81,3.0,,13.7,76,12.4,0.0,0.0,992.3,7.8,292,0,135.0
2025-12-16T02:00,90.6,92.2,795.0,14.3,32.6,86.0,211,80,3.0,,13.2,79,11.9,0.0,0.0,991.9,8.0,298,0,140.0
2025-12-16T03:00,88.0,89.4,802.0,11.7,32.9,91.0,203,79,3.0,,12.8,82,11.5,0.0,0.0,991.6,8.4,301,0,150.0
2025-12-16T04:00,85.4,86.6,854.0,10.3,33.8,95.0,197,78,2.0,,12.5,85,11.2,0.0,0.0,991.0,8.9,298,0,160.0
2025-12-16T05:00,90.3,91.7,951.0,11.7,36.6,93.0,193,80,2.0,,12.0,88,10.6,0.0,0.0,991.1,9.3,295,0,170.0
2025-12-16T06:00,92.0,93.1,1145.0,16.4,39.4,90.0,190,81,2.0,,11.8,89,10.4,0.0,0.0,991.5,9.3,292,0,165.0
2025-12-16T07:00,98.3,99.4,1384.0,22.7,43.3,86.0,187,83,2.0,,11.6,90,10.2,0.0,0.0,991.9,9.9,285,0,165.0
2025-12-16T08:00,100.6,101.7,1509.0,26.0,46.5,92.0,183,84,2.0,,13.0,83,11.4,0.0,0.0,992.6,11.2,281,0,200.0
2025-12-16T09:00,101.5,102.4,1422.0,23.3,48.5,115.0,180,85,2.0,,15.2,73,13.9,0.0,0.0,993.3,9.3,286,0,275.0
2025-12-16T10:00,92.7,93.8,1223.0,17.5,49.7,147.0,178,81,3.0,,17.8,62,16.4,0.0,0.0,993.5,10.3,293,0,390.0
2025-12-16T11:00,81.5,82.9,1049.0,12.9,50.0,173.0,175,93,3.0,,20.0,56,18.7,0.0,0.0,992.9,11.0,293,0,505.0
2025-12-16T12:00,74.5,76.1,935.0,10.2,48.8,188.0,174,108,3.0,,21.9,48,20.5,0.0,0.0,992.2,11.7,295,0,580.0
2025-12-16T13:00,69.8,71.7,846.0,8.7,46.6,197.0,174,117,4.0,,23.0,45,21.4,0.0,0.0,991.3,11.3,292,0,625.0
2025-12-16T14:00,68.2,70.3,822.0,10.0,44.7,197.0,173,117,4.0,,23.3,45,21.9,0.0,0.0,990.6,11.1,290,0,665.0
2025-12-16T15:00,68.9,71.2,906.0,16.6,43.6,183.0,173,103,4.0,,23.1,48,21.8,0.0,0.0,990.8,11.5,287,0,680.0
2025-12-16T16:00,70.1,72.9,1055.0,26.0,42.9,160.0,173,80,5.0,,22.2,52,21.2,0.0,0.0,990.8,11.1,287,0,670.0
2025-12-16T17:00,68.7,71.0,1177.0,33.5,43.9,136.0,173,69,4.0,,20.5,60,20.1,0.0,0.0,990.7,7.9,282,0,495.0
2025-12-16T18:00,73.1,75.7,1237.0,32.7,43.7,128.0,173,72,4.0,,19.6,64,19.2,0.0,0.0,991.4,8.1,288,0,345.0
2025-12-16T19:00,76.4,79.2,1269.0,31.5,43.3,117.0,172,73,5.0,,18.8,67,18.3,0.0,0.0,992.0,8.6,286,0,275.0
2025-12-16T20:00,80.1,83.1,1285.0,30.0,42.5,107.0,172,75,5.0,,18.1,69,17.5,0.0,0.0,992.2,8.9,283,0,235.0
2025-12-16T21:00,85.9,88.9,1287.0,28.1,41.1,101.0,171,78,5.0,,17.3,71,16.6,0.0,0.0,992.5,9.0,280,0,210.0
2025-12-16T22:00,92.0,95.2,1272.0,25.9,39.4,96.0,171,81,6.0,,16.6,74,15.9,0.0,0.0,992.2,8.9,284,0,200.0
2025-12-16T23:00,94.5,97.6,1248.0,23.3,37.3,92.0,171,82,6.0,,15.5,79,14.9,0.0,0.0,992.4,7.7,288,0,155.0
2025-12-17T00:00,94.5,97.6,1207.0,19.8,34.7,89.0,171,82,6.0,,14.6,83,14.0,0.0,0.0,992.0,7.9,290,0,145.0
2025-12-17T01:00,94.8,97.8,1155.0,16.0,31.9,87.0,171,82,6.0,,14.1,85,13.4,0.0,0.0,991.9,7.6,288,0,135.0
2025-12-17T02:00,95.0,98.0,1121.0,13.2,29.5,84.0,171,82,6.0,,13.5,86,12.7,0.0,0.0,991.8,8.0,288,0,140.0
2025-12-17T03:00,95.0,98.0,1098.0,11.6,27.7,81.0,171,82,6.0,,13.1,87,12.2,0.0,0.0,991.8,8.5,283,0,150.0
2025-12-17T04:00,95.2,98.0,1092.0,11.0,26.5,77.0,171,82,5.0,,12.7,88,11.6,0.0,0.0,991.4,9.1,280,0,155.0
2025-12-17T05:00,97.8,100.6,1145.0,12.3,28.1,77.0,171,83,5.0,,11.6,90,10.3,0.0,0.0,991.6,9.3,280,0,150.0
2025-12-17T06:00,99.9,102.7,1331.0,17.4,29.7,70.0,172,84,5.0,,11.4,90,10.1,0.0,0.0,992.2,9.0,282,0,150.0
2025-12-17T07:00,104.8,107.6,1578.0,24.2,31.9,62.0,172,86,5.0,,11.4,90,10.0,0.0,0.0,992.8,9.1,279,0,150.0
2025-12-17T08:00,106.9,109.4,1707.0,27.8,33.6,64.0,172,87,5.0,,12.9,82,11.3,0.0,0.0,993.5,10.5,273,0,180.0
2025-12-17T09:00,107.3,109.9,1614.0,25.3,34.3,87.0,172,87,6.0,,15.2,71,14.0,0.0,0.0,994.3,8.7,275,0,245.0
2025-12-17T10:00,103.1,106.2,1404.0,19.6,34.5,120.0,172,85,6.0,,17.8,62,16.6,0.0,0.0,994.5,8.9,278,0,310.0
2025-12-17T11:00,93.6,97.1,1216.0,14.8,34.2,147.0,173,81,7.0,,19.9,57,18.9,0.0,0.0,994.3,9.3,286,0,400.0
2025-12-17T12:00,79.6,83.4,1077.0,11.3,33.1,164.0,173,84,7.0,,21.8,51,20.9,0.0,0.0,993.7,9.2,296,0,510.0
2025-12-17T13:00,71.2,74.7,959.0,8.8,31.5,174.0,173,94,7.0,,23.1,47,22.1,0.0,0.0,992.9,9.1,302,0,630.0
2025-12-17T14:00,65.7,69.2,917.0,10.3,30.6,174.0,173,94,7.0,,23.8,45,22.8,0.0,0.0,992.2,8.7,302,0,695.0
2025-12-17T15:00,62.6,66.1,1013.0,19.0,30.8,157.0,173,79,7.0,,23.7,46,22.8,0.0,0.0,992.0,8.2,299,0,705.0
2025-12-17T16:00,63.1,66.4,1186.0,31.7,31.7,129.0,173,67,6.0,,22.8,50,22.3,0.0,0.0,991.9,7.6,288,0,655.0
2025-12-17T17:00,79.4,84.3,1307.0,40.7,33.1,104.0,173,75,9.0,,20.6,60,20.4,0.0,0.0,991.8,6.5,273,0,300.0
2025-12-17T18:00,79.9,84.3,1314.0,40.4,33.2,96.0,173,75,9.0,,19.6,64,19.4,0.0,0.0,992.4,7.1,279,0,220.0
2025-12-17T19:00,80.6,85.2,1269.0,39.8,33.3,85.0,173,75,10.0,,18.9,65,18.5,0.0,0.0,992.7,7.4,277,0,185.0
2025-12-17T20:00,82.7,87.8,1236.0,39.1,33.2,75.0,174,76,10.0,,18.1,66,17.6,0.0,0.0,992.9,6.9,275,0,145.0
2025-12-17T21:00,86.6,92.2,1245.0,38.3,32.8,69.0,174,78,11.0,,17.1,69,16.5,0.0,0.0,993.2,6.5,276,0,125.0
2025-12-17T22:00,91.5,97.8,1266.0,37.3,32.1,65.0,174,81,11.0,,16.1,72,15.6,0.0,0.0,993.0,5.7,283,0,110.0
2025-12-17T23:00,94.1,100.6,1271.0,35.6,31.0,61.0,174,82,12.0,,14.9,78,14.4,0.0,0.0,993.3,5.2,284,0,95.0
2025-12-18T00:00,93.8,101.0,1241.0,32.4,29.0,59.0,174,82,13.0,,14.4,79,13.8,0.0,0.0,993.2,5.3,298,0,100.0
2025-12-18T01:00,94.8,102.4,1195.0,28.5,26.6,57.0,174,82,13.0,,13.4,85,13.0,0.0,0.0,993.3,4.7,310,0,95.0
2025-12-18T02:00,95.5,103.4,1158.0,25.5,24.8,55.0,174,82,14.0,,12.8,87,12.3,0.0,0.0,993.1,4.4,305,3,75.0
2025-12-18T03:00,96.2,104.3,1104.0,23.0,23.4,53.0,174,82,15.0,,12.5,88,12.0,0.0,0.0,992.9,4.5,299,2,70.0
2025-12-18T04:00,97.1,105.5,1059.0,21.4,22.6,50.0,174,83,16.0,,12.0,89,11.4,0.0,0.0,992.7,4.7,288,1,65.0
2025-12-18T05:00,120.1,129.0,1122.0,27.2,29.5,45.0,174,92,16.0,,11.9,92,11.2,0.0,0.0,993.1,6.2,277,1,75.0
2025-12-18T06:00,139.2,148.5,1423.0,35.2,33.5,34.0,174,100,15.0,,11.8,93,11.1,0.0,0.0,993.6,6.0,279,1,75.0
2025-12-18T07:00,177.0,186.7,1831.0,45.8,39.1,21.0,176,115,14.0,,11.6,94,10.9,0.0,0.0,994.3,6.0,277,2,75.0
2025-12-18T08:00,173.2,181.1,2055.0,50.9,43.4,27.0,178,113,14.0,,12.9,89,12.3,0.0,0.0,995.1,6.7,272,3,90.0
2025-12-18T09:00,177.9,183.9,1920.0,45.6,45.2,68.0,180,115,16.0,,15.3,78,15.1,0.0,0.0,995.9,4.8,292,3,150.0
2025-12-18T10:00,152.7,162.5,1599.0,34.9,45.7,127.0,182,105,20.0,,17.8,68,17.6,0.0,0.0,996.1,5.0,308,3,250.0
2025-12-18T11:00,130.4,142.5,1324.0,25.6,46.1,174.0,183,96,23.0,,19.3,61,19.0,0.0,0.0,995.8,5.5,319,3,390.0
2025-12-18T12:00,108.7,123.9,1163.0,18.5,46.6,197.0,184,117,26.0,,21.0,52,20.4,0.0,0.0,994.8,5.7,323,3,500.0
2025-12-18T13:00,92.2,108.5,1048.0,12.9,46.9,208.0,185,128,29.0,,22.0,48,21.2,0.0,0.0,993.9,6.1,315,3,590.0
2025-12-18T14:00,82.7,98.7,998.0,13.5,47.6,205.0,186,125,30.0,,22.5,47,21.7,0.0,0.0,993.2,7.0,314,3,675.0
2025-12-18T15:00,78.5,93.8,1041.0,24.4,48.4,183.0,186,103,28.0,,22.4,49,21.4,0.0,0.0,992.8,8.3,318,3,680.0
2025-12-18T16:00,83.6,95.9,1150.0,41.6,49.7,148.0,187,77,25.0,,21.6,53,20.9,0.0,0.0,992.6,7.8,318,1,600.0
2025-12-18T17:00,123.9,136.9,1268.0,60.2,52.9,113.0,187,94,25.0,,19.3,62,19.1,0.0,0.0,992.5,5.1,306,3,325.0
2025-12-18T18:00,144.4,157.9,1389.0,68.5,56.9,91.0,189,102,24.0,,18.2,69,18.2,0.0,0.0,992.7,4.9,306,3,250.0
2025-12-18T19:00,166.2,178.8,1518.0,79.8,62.4,61.0,191,110,23.0,,17.6,73,17.7,0.0,0.0,993.0,4.7,313,3,215.0
2025-12-18T20:00,183.5,195.6,1616.0,86.9,65.9,38.0,193,117,22.0,,17.0,76,17.1,0.0,0.0,993.4,4.7,328,3,175.0
2025-12-18T21:00,196.0,208.2,1671.0,87.2,66.5,28.0,196,122,21.0,,16.2,81,16.4,0.0,0.0,993.5,4.3,336,3,150.0
2025-12-18T22:00,205.8,217.5,1694.0,83.3,65.2,24.0,199,126,21.0,,15.4,85,15.7,0.0,0.0,993.2,4.0,330,3,120.0
2025-12-18T23:00,204.4,215.1,1684.0,76.0,61.8,25.0,204,126,20.0,,14.8,88,15.1,0.0,0.0,992.7,4.0,321,3,100.0
2025-12-19T00:00,190.0,200.2,1617.0,63.2,54.8,32.0,209,120,18.0,,13.9,91,13.9,0.0,0.0,992.4,5.0,314,3,90.0
2025-12-19T01:00,171.8,180.7,1516.0,47.0,45.8,43.0,213,113,16.0,,13.3,93,13.3,0.0,0.0,991.8,4.9,298,3,75.0
2025-12-19T02:00,159.3,166.7,1449.0,34.1,38.8,52.0,216,108,14.0,,13.0,94,12.9,0.0,0.0,991.7,5.2,292,3,80.0
2025-12-19T03:00,151.3,157.9,1422.0,27.1,35.5,55.0,218,105,12.0,,12.9,94,12.6,0.0,0.0,991.5,6.2,285,3,85.0
2025-12-19T04:00,146.2,151.3,1429.0,23.4,34.2,54.0,221,102,9.0,,12.4,95,11.9,0.0,0.0,991.1,6.8,281,3,80.0
2025-12-19T05:00,143.4,147.6,1512.0,21.9,35.7,54.0,223,101,8.0,,11.7,96,10.9,0.0,0.0,991.3,7.7,281,3,85.0
2025-12-19T06:00,140.2,143.4,1769.0,26.8,38.4,51.0,224,100,7.0,,11.2,97,10.5,0.0,0.0,991.7,6.3,288,3,85.0
2025-12-19T07:00,139.7,142.5,2102.0,33.4,42.2,48.0,224,100,5.0,,11.2,97,10.6,0.0,0.0,992.3,6.0,291,2,85.0
2025-12-19T08:00,136.4,138.3,2269.0,36.2,45.4,56.0,222,99,4.0,,12.1,95,11.6,0.0,0.0,993.1,6.4,288,3,90.0
2025-12-19T09:00,134.1,135.5,2125.0,31.9,47.4,87.0,221,98,4.0,,13.6,92,13.6,0.0,0.0,993.6,4.5,284,3,120.0
2025-12-19T10:00,120.1,122.0,1814.0,23.9,48.8,130.0,219,92,5.0,,16.2,78,16.4,0.0,0.0,993.9,4.0,278,2,190.0
2025-12-19T11:00,101.7,104.3,1524.0,17.4,49.2,162.0,218,85,5.0,,18.0,66,17.7,0.0,0.0,993.6,5.5,281,3,340.0
2025-12-19T12:00,82.7,85.7,1287.0,13.0,48.1,177.0,216,97,5.0,,20.0,55,19.2,0.0,0.0,992.6,7.0,293,3,435.0
2025-12-19T13:00,74.0,76.6,1071.0,10.0,46.0,181.0,215,101,4.0,,21.3,48,20.1,0.0,0.0,991.8,7.7,298,3,525.0
2025-12-19T14:00,66.4,68.0,964.0,11.5,44.3,175.0,214,95,3.0,,21.9,44,20.6,0.0,0.0,990.7,7.3,298,2,555.0
2025-12-19T15:00,61.7,62.9,1044.0,20.8,43.2,155.0,214,78,2.0,,21.9,44,20.7,0.0,0.0,990.1,7.1,291,3,535.0
2025-12-19T16:00,60.8,61.5,1234.0,34.6,42.4,124.0,213,65,2.0,,21.0,50,20.0,0.0,0.0,989.9,6.9,287,1,500.0
2025-12-19T17:00,111.8,113.2,1388.0,57.7,49.9,95.0,212,89,3.0,,18.5,65,18.3,0.0,0.0,989.3,5.0,285,0,290.0
2025-12-19T18:00,114.8,115.5,1453.0,58.0,49.8,83.0,212,90,2.0,,17.6,70,17.5,0.0,0.0,989.5,5.1,278,0,155.0
2025-12-19T19:00,117.8,118.3,1483.0,58.5,49.7,67.0,210,91,2.0,,16.7,74,16.6,0.0,0.0,989.5,5.3,280,0,110.0
2025-12-19T20:00,119.7,120.1,1494.0,58.6,49.3,54.0,208,92,1.0,,15.8,78,15.6,0.0,0.0,989.9,5.2,282,0,90.0
2025-12-19T21:00,123.4,123.4,1489.0,58.8,48.9,46.0,206,93,1.0,,15.0,80,14.7,0.0,0.0,990.1,5.1,287,0,80.0
2025-12-19T22:00,129.0,129.5,1465.0,58.8,48.3,40.0,203,96,1.0,,14.2,83,13.9,0.0,0.0,989.8,4.8,281,0,65.0
2025-12-19T23:00,130.4,130.4,1432.0,56.8,46.6,37.0,200,96,1.0,,13.5,85,13.0,0.0,0.0,989.5,5.2,282,0,70.0
2025-12-20T00:00,126.2,126.7,1382.0,50.9,42.8,38.0,197,94,1.0,,12.7,86,12.0,0.0,0.0,988.6,5.1,280,0,60.0
2025-12-20T01:00,122.0,122.9,1323.0,43.2,37.9,42.0,196,93,1.0,,12.2,88,11.4,0.0,0.0,988.6,5.3,282,0,65.0
2025-12-20T02:00,121.1,122.0,1281.0,37.7,34.5,44.0,194,92,1.0,,11.6,89,10.8,0.0,0.0,988.3,5.1,274,0,55.0
2025-12-20T03:00,123.4,124.3,1230.0,36.0,32.5,42.0,193,93,1.0,,11.1,90,10.3,0.0,0.0,988.0,5.1,264,0,55.0
2025-12-20T04:00,125.7,126.7,1197.0,36.6,31.9,37.0,192,94,2.0,,10.7,92,9.7,0.0,0.0,987.9,5.2,268,0,55.0
2025-12-20T05:00,139.2,140.6,1290.0,42.1,43.8,33.0,192,100,2.0,,9.7,97,8.9,0.0,0.0,988.3,4.3,268,0,35.0
2025-12-20T06:00,154.6,156.0,1660.0,52.3,56.8,26.0,191,106,2.0,,9.6,98,8.9,0.0,0.0,988.9,3.4,273,1,35.0
2025-12-20T07:00,183.9,185.3,2156.0,65.8,74.5,18.0,192,118,2.0,,9.5,99,8.9,0.0,0.0,989.6,3.0,256,3,35.0
2025-12-20T08:00,213.7,215.1,2438.0,71.5,84.9,26.0,193,129,2.0,,10.7,95,10.3,0.0,0.0,990.6,2.1,239,3,40.0
2025-12-20T09:00,170.4,171.8,2308.0,62.1,80.7,65.0,195,112,2.0,,13.7,83,13.8,0.0,0.0,992.0,0.6,72,0,70.0
2025-12-20T10:00,137.4,138.8,1964.0,44.8,69.4,121.0,197,99,3.0,,17.0,68,17.2,0.0,0.0,992.4,1.3,74,1,140.0
2025-12-20T11:00,113.9,115.3,1661.0,31.0,61.5,167.0,197,90,3.0,,18.7,60,18.5,0.0,0.0,992.4,3.4,115,3,405.0
2025-12-20T12:00,97.1,98.5,1471.0,22.0,61.3,198.0,197,118,3.0,,20.3,54,20.0,0.0,0.0,991.5,3.0,115,3,600.0
2025-12-20T13:00,85.7,86.8,1321.0,16.4,64.7,220.0,198,140,2.0,,21.2,50,21.0,0.0,0.0,990.7,2.2,104,3,740.0
2025-12-20T14:00,78.5,79.4,1247.0,20.9,69.3,225.0,198,145,2.0,,21.8,48,21.7,0.0,0.0,990.2,1.1,90,3,810.0
2025-12-20T15:00,76.4,77.5,1276.0,43.2,75.3,203.0,199,123,2.0,,21.8,48,21.7,0.0,0.0,989.8,1.3,90,3,810.0
2025-12-20T16:00,88.0,88.9,1381.0,75.7,82.7,164.0,199,84,2.0,,21.2,51,21.0,0.0,0.0,989.4,2.5,94,3,415.0
2025-12-20T17:00,175.6,178.8,1516.0,106.1,96.8,121.0,200,114,5.0,,18.1,73,18.6,0.0,0.0,989.6,3.1,103,3,110.0
2025-12-20T18:00,214.7,217.5,1713.0,112.3,98.1,98.0,202,130,5.0,,17.2,75,17.1,0.0,0.0,990.0,6.1,109,3,170.0
2025-12-20T19:00,220.7,223.1,1940.0,120.2,99.4,65.0,206,132,4.0,,16.1,80,16.0,0.0,0.0,990.6,6.2,112,2,180.0
2025-12-20T20:00,207.7,209.5,2060.0,120.8,96.9,42.0,211,127,4.0,,15.1,84,14.8,0.0,0.0,991.2,6.4,106,2,160.0
2025-12-20T21:00,198.8,200.7,1981.0,108.0,87.7,37.0,214,124,4.0,,14.1,88,13.8,0.0,0.0,991.6,6.4,108,0,145.0
2025-12-20T22:00,194.2,196.0,1795.0,87.8,74.7,40.0,218,122,4.0,,13.3,91,12.8,0.0,0.0,991.4,6.9,115,0,140.0
2025-12-20T23:00,190.5,192.3,1643.0,69.8,63.1,44.0,220,120,4.0,,12.5,95,12.0,0.0,0.0,991.5,6.6,116,0,140.0
2025-12-21T00:00,188.1,190.0,1578.0,57.0,54.6,45.0,223,119,4.0,,12.0,96,11.6,0.0,0.0,991.3,5.3,118,2,120.0
2025-12-21T01:00,188.6,190.5,1548.0,46.3,47.5,46.0,225,119,4.0,,11.7,96,11.3,0.0,0.0,991.2,4.8,121,1,105.0
2025-12-21T02:00,189.1,191.4,1532.0,38.0,42.1,46.0,228,120,4.0,,11.3,97,10.9,0.0,0.0,990.8,4.5,119,0,95.0
2025-12-21T03:00,190.0,191.9,1525.0,31.7,38.4,46.0,231,120,4.0,,11.0,97,10.5,0.0,0.0,990.6,4.5,119,3,90.0
2025-12-21T04:00,190.9,193.2,1533.0,27.8,36.4,45.0,234,120,4.0,,10.7,98,10.1,0.0,0.0,990.2,4.8,127,3,90.0
2025-12-21T05:00,190.9,193.2,1554.0,28.5,37.8,46.0,236,120,5.0,,10.8,99,10.2,0.0,0.0,990.7,5.1,138,3,90.0
2025-12-21T06:00,200.2,203.0,1606.0,36.3,42.0,37.0,239,124,5.0,,11.0,98,10.3,0.0,0.0,991.2,5.7,131,3,110.0
2025-12-21T07:00,217.0,219.8,1672.0,46.9,47.8,27.0,241,131,4.0,,11.1,98,10.5,0.0,0.0,992.1,6.0,143,3,110.0
2025-12-21T08:00,219.8,222.1,1698.0,52.7,53.1,34.0,242,132,4.0,,11.5,98,11.0,0.0,0.0,992.9,5.5,148,3,100.0
2025-12-21T09:00,218.4,220.7,1658.0,49.5,56.4,73.0,242,131,5.0,,12.9,91,12.6,0.0,0.0,994.0,5.5,139,3,155.0
2025-12-21T10:00,204.9,207.2,1579.0,41.5,59.1,130.0,244,126,5.0,,15.1,81,14.9,0.0,0.0,994.4,5.1,122,3,245.0
2025-12-21T11:00,180.7,183.9,1487.0,34.7,62.9,178.0,247,116,6.0,,16.2,75,16.2,0.0,0.0,994.0,4.0,111,3,305.0
2025-12-21T12:00,160.7,163.4,1360.0,28.7,69.3,211.0,250,131,6.0,,18.1,67,18.1,0.0,0.0,993.5,3.8,93,3,390.0
2025-12-21T13:00,149.0,152.3,1219.0,23.7,76.9,235.0,252,155,5.0,,19.4,61,19.4,0.0,0.0,992.7,3.4,93,3,480.0
2025-12-21T14:00,143.9,146.7,1160.0,26.6,83.1,241.0,255,161,5.0,,20.2,57,20.1,0.0,0.0,992.2,3.4,90,3,550.0
2025-12-21T15:00,143.0,145.8,1212.0,43.4,87.0,219.0,258,139,5.0,,20.4,56,20.2,0.0,0.0,991.6,3.6,84,2,565.0
2025-12-21T16:00,151.8,154.1,1345.0,68.1,89.6,179.0,261,105,4.0,,19.8,59,19.7,0.0,0.0,991.1,4.0,90,0,475.0
2025-12-21T17:00,211.9,214.7,1564.0,96.6,88.0,118.0,263,129,6.0,,16.6,78,17.0,0.0,0.0,991.4,3.2,128,0,250.0
2025-12-21T18:00,244.9,248.7,1944.0,102.6,90.2,94.0,265,142,6.0,,16.0,80,16.3,0.0,0.0,992.1,3.3,135,1,140.0
2025-12-21T19:00,266.4,269.2,2410.0,110.7,93.1,61.0,266,151,5.0,,15.3,84,15.7,0.0,0.0,992.6,3.1,135,1,85.0
2025-12-21T20:00,272.9,275.7,2741.0,115.1,93.6,36.0,268,153,5.0,,14.8,87,15.1,0.0,0.0,993.0,3.3,135,0,70.0
2025-12-21T21:00,271.9,274.7,2838.0,113.1,90.3,26.0,271,153,5.0,,14.4,88,14.8,0.0,0.0,993.4,2.3,135,2,65.0
2025-12-21T22:00,267.3,270.1,2799.0,107.4,84.6,24.0,274,151,5.0,,13.8,91,13.9,0.0,0.0,993.4,3.7,133,0,80.0
2025-12-21T23:00,258.0,260.8,2697.0,99.9,78.3,24.0,277,147,5.0,,13.3,93,13.3,0.0,0.0,993.4,4.5,133,2,90.0
2025-12-22T00:00,241.2,244.0,2530.0,89.7,70.9,26.0,280,140,5.0,,12.6,95,12.6,0.0,0.0,993.0,4.1,146,2,80.0
2025-12-22T01:00,230.0,232.4,2301.0,77.6,62.9,31.0,282,136,4.0,,12.2,96,12.1,0.0,0.0,992.7,3.9,158,3,70.0
2025-12-22T02:00,223.1,225.4,2089.0,68.3,57.5,34.0,283,133,4.0,,11.7,98,11.5,0.0,0.0,992.5,4.0,172,1,50.0
2025-12-22T03:00,224.0,226.3,1912.0,63.3,56.0,32.0,285,134,4.0,,11.4,100,11.3,0.0,0.0,992.3,3.5,165,3,45.0
2025-12-22T04:00,230.5,233.3,1752.0,60.9,57.1,28.0,286,136,5.0,,11.4,100,11.3,0.0,0.0,992.1,2.9,150,3,55.0
2025-12-22T05:00,197.9,200.7,1642.0,33.4,47.7,50.0,288,123,5.0,,11.8,99,11.5,0.0,0.0,992.5,5.2,146,3,100.0
2025-12-22T06:00,207.2,209.5,1614.0,42.1,51.6,40.0,288,127,5.0,,11.9,100,11.8,0.0,0.0,993.0,4.2,137,3,90.0
2025-12-22T07:00,223.1,225.8,1635.0,53.6,57.1,28.0,289,133,4.0,,11.9,99,11.9,0.0,0.0,993.4,3.6,131,3,75.0
2025-12-22T08:00,224.4,226.8,1637.0,59.3,62.4,36.0,289,134,4.0,,12.1,98,12.1,0.0,0.0,993.9,3.9,152,3,75.0
2025-12-22T09:00,215.1,217.9,1582.0,53.6,67.2,83.0,289,130,5.0,,13.0,94,13.0,0.0,0.0,994.8,4.7,164,3,90.0
2025-12-22T10:00,192.8,196.5,1507.0,41.9,71.8,150.0,289,121,6.0,,15.1,83,15.3,0.0,0.0,995.2,3.1,167,1,290.0
2025-12-22T11:00,177.0,180.7,1457.0,32.0,75.3,204.0,288,124,7.0,,16.1,79,16.7,0.0,0.0,994.7,0.6,124,1,335.0
2025-12-22T12:00,165.3,169.5,1442.0,24.3,76.9,237.0,288,157,7.0,,18.3,71,19.0,0.0,0.0,993.7,1.6,27,1,365.0
2025-12-22T13:00,155.5,159.7,1452.0,18.4,77.4,256.0,288,176,7.0,,19.9,63,20.3,0.0,0.0,992.7,2.7,4,0,405.0
2025-12-22T14:00,146.2,150.4,1502.0,20.6,78.2,258.0,289,178,7.0,,21.0,57,21.1,0.0,0.0,991.7,3.5,348,0,460.0
2025-12-22T15:00,143.0,146.7,1595.0,36.9,79.2,233.0,289,153,7.0,,21.3,55,21.4,0.0,0.0,991.0,3.0,346,0,480.0
2025-12-22T16:00,150.4,153.7,1728.0,61.3,80.5,189.0,289,109,6.0,,20.8,60,21.4,0.0,0.0,990.5,2.0,355,0,455.0
2025-12-22T17:00,189.5,192.8,1902.0,97.8,105.7,165.0,289,120,6.0,,19.1,68,19.8,0.0,0.0,990.0,1.3,236,0,40.0
2025-12-22T18:00,226.3,229.6,2170.0,113.1,116.5,131.0,288,135,6.0,,17.9,73,18.5,0.0,0.0,990.3,2.7,250,0,55.0
2025-12-22T19:00,264.5,267.3,2478.0,133.9,131.5,84.0,287,150,6.0,,17.1,77,17.6,0.0,0.0,990.4,3.1,283,0,75.0
2025-12-22T20:00,293.4,296.2,2670.0,146.7,142.4,49.0,287,161,6.0,,16.4,80,16.7,0.0,0.0,990.7,4.3,318,0,105.0
2025-12-22T21:00,312.9,315.7,2656.0,145.8,147.9,35.0,288,169,6.0,,15.9,82,16.3,0.0,0.0,991.1,3.5,336,0,95.0
2025-12-22T22:00,324.1,326.9,2525.0,136.9,149.4,33.0,289,174,5.0,,15.4,84,15.9,0.0,0.0,990.9,2.5,330,0,75.0
2025-12-22T23:00,312.0,314.8,2384.0,124.4,143.2,34.0,292,169,5.0,,14.6,89,15.0,0.0,0.0,990.9,3.2,297,0,55.0
2025-12-23T00:00,272.9,275.7,2254.0,107.8,123.9,39.0,294,153,5.0,,13.5,94,13.7,0.0,0.0,990.7,3.4,273,0,30.0
2025-12-23T01:00,236.6,239.3,2114.0,87.6,96.8,49.0,295,139,5.0,,12.9,96,13.0,0.0,0.0,990.3,4.3,253,1,35.0
2025-12-23T02:00,209.1,211.9,2004.0,69.1,74.1,56.0,296,128,5.0,,12.7,97,12.7,0.0,0.0,990.1,4.3,255,2,35.0
2025-12-23T03:00,187.7,190.9,1938.0,53.0,60.3,59.0,295,119,5.0,,12.4,98,12.2,0.0,0.0,989.8,5.7,261,2,45.0
2025-12-23T04:00,171.8,174.6,1902.0,38.5,50.8,59.0,294,113,5.0,,12.4,98,12.0,0.0,0.0,989.6,7.2,267,3,65.0
2025-12-23T05:00,162.5,166.2,1893.0,27.0,41.9,56.0,291,109,6.0,,11.7,98,10.9,0.0,0.0,989.8,8.7,266,3,85.0
2025-12-23T06:00,162.5,165.8,1947.0,31.3,42.4,50.0,290,109,6.0,,11.6,98,10.7,0.0,0.0,990.1,8.2,280,3,100.0
2025-12-23T07:00,162.5,165.8,2029.0,37.0,43.0,42.0,288,109,5.0,,11.7,97,10.8,0.0,0.0,990.7,8.3,276,3,110.0
2025-12-23T08:00,155.1,157.9,2029.0,39.0,42.3,47.0,285,106,5.0,,12.6,96,11.9,0.0,0.0,991.5,9.1,285,3,125.0
2025-12-23T09:00,148.5,150.9,1888.0,33.9,39.2,75.0,282,103,6.0,,14.1,93,14.0,0.0,0.0,992.3,7.1,289,3,160.0
2025-12-23T10:00,130.9,134.1,1666.0,25.2,34.7,116.0,280,96,7.0,,16.8,79,16.7,0.0,0.0,992.6,6.8,282,0,215.0
2025-12-23T11:00,108.5,112.7,1436.0,18.0,31.3,147.0,277,87,7.0,,19.0,69,18.9,0.0,0.0,992.2,7.4,284,0,285.0
2025-12-23T12:00,90.3,94.1,1193.0,13.5,29.8,161.0,274,81,7.0,,21.0,61,20.9,0.0,0.0,991.6,7.6,289,0,365.0
2025-12-23T13:00,80.6,84.1,942.0,10.5,29.3,167.0,271,87,6.0,,22.4,57,22.2,0.0,0.0,990.7,8.4,295,0,520.0
2025-12-23T14:00,73.3,76.4,776.0,11.1,29.1,163.0,268,83,5.0,,23.1,53,22.6,0.0,0.0,990.0,9.5,299,0,635.0
2025-12-23T15:00,69.2,71.9,755.0,18.2,29.0,146.0,265,73,5.0,,22.9,54,22.4,0.0,0.0,989.7,9.9,302,0,675.0
2025-12-23T16:00,70.8,73.1,819.0,28.8,29.2,121.0,262,70,4.0,,22.0,59,21.8,0.0,0.0,989.2,9.3,302,0,655.0
2025-12-23T17:00,89.2,90.8,879.0,37.9,31.8,103.0,258,80,3.0,,20.5,65,20.5,0.0,0.0,989.2,7.8,292,0,555.0
2025-12-23T18:00,92.9,94.5,910.0,35.7,32.4,99.0,254,81,3.0,,19.4,71,19.4,0.0,0.0,989.6,8.2,289,0,435.0
2025-12-23T19:00,95.5,97.1,937.0,32.5,33.2,94.0,249,82,3.0,,18.3,76,18.3,0.0,0.0,990.1,8.9,289,0,350.0
2025-12-23T20:00,97.1,98.7,948.0,29.1,33.7,90.0,242,83,3.0,,17.4,78,17.1,0.0,0.0,990.3,9.2,291,0,330.0
2025-12-23T21:00,97.6,99.2,943.0,25.7,34.0,90.0,234,83,3.0,,16.6,80,16.2,0.0,0.0,990.4,9.3,288,0,300.0
2025-12-23T22:00,96.6,98.5,922.0,22.2,34.0,92.0,225,83,3.0,,15.9,82,15.3,0.0,0.0,990.3,9.9,289,0,295.0
2025-12-23T23:00,92.4,94.3,878.0,19.0,33.4,92.0,215,81,3.0,,15.2,84,14.4,0.0,0.0,990.2,10.4,290,0,285.0
2025-12-24T00:00,85.7,87.8,790.0,16.2,31.6,89.0,206,78,4.0,,14.5,87,13.7,0.0,0.0,990.0,10.2,296,0,295.0
2025-12-24T01:00,78.9,81.3,679.0,13.8,29.2,84.0,199,74,4.0,,14.1,88,13.3,0.0,0.0,989.8,9.8,293,0,280.0
2025-12-24T02:00,72.6,75.2,600.0,12.3,27.0,79.0,194,71,5.0,,13.7,89,12.9,0.0,0.0,989.7,9.8,290,0,285.0
2025-12-24T03:00,66.8,69.4,567.0,11.6,25.3,74.0,190,68,5.0,,13.4,90,12.5,0.0,0.0,989.5,9.6,287,0,260.0
2025-12-24T04:00,62.2,64.5,566.0,11.8,23.9,68.0,186,66,5.0,,12.9,90,12.0,0.0,0.0,989.3,9.2,281,0,230.0
2025-12-24T05:00,57.0,58.6,617.0,12.8,22.5,64.0,183,64,3.0,,12.5,91,11.4,0.0,0.0,989.5,9.6,276,0,235.0
2025-12-24T06:00,56.6,57.9,772.0,16.7,23.4,57.0,180,63,2.0,,11.9,90,10.6,0.0,0.0,989.7,9.6,275,0,225.0
2025-12-24T07:00,58.9,60.1,979.0,22.0,24.7,48.0,177,64,2.0,,11.6,90,10.2,0.0,0.0,990.5,9.6,274,0,205.0
2025-12-24T08:00,59.6,60.3,1094.0,24.7,25.7,48.0,174,65,1.0,,12.6,84,11.2,0.0,0.0,991.3,9.7,268,0,230.0
2025-12-24T09:00,58.3,59.0,1040.0,22.6,26.5,64.0,171,64,1.0,,14.6,75,13.3,0.0,0.0,992.2,8.6,268,0,300.0
2025-12-24T10:00,52.6,53.4,895.0,18.0,27.0,87.0,168,61,1.0,,16.7,67,15.5,0.0,0.0,992.4,8.8,272,0,435.0
2025-12-24T11:00,46.4,47.6,753.0,14.0,26.9,107.0,166,58,2.0,,18.9,60,17.6,0.0,0.0,992.1,10.4,279,0,890.0
2025-12-24T12:00,34.7,37.3,627.0,10.6,25.6,119.0,164,59,4.0,,20.4,45,18.3,0.0,0.0,991.4,12.1,290,0,1005.0
2025-12-24T13:00,25.5,29.6,503.0,7.7,23.6,127.0,162,64,6.0,,21.0,41,18.6,0.0,0.0,990.6,11.8,291,0,1095.0
2025-12-24T14:00,24.3,28.3,437.0,8.1,22.4,128.0,161,64,7.0,,21.1,40,18.7,0.0,0.0,990.0,11.6,294,0,1130.0
2025-12-24T15:00,24.0,27.5,455.0,14.0,22.4,118.0,159,58,6.0,,20.8,42,18.3,0.0,0.0,989.9,11.7,297,0,1125.0
2025-12-24T16:00,26.0,28.7,530.0,23.1,23.2,101.0,158,46,5.0,,20.0,44,17.7,0.0,0.0,989.8,10.9,301,0,1100.0
2025-12-24T17:00,36.4,39.5,642.0,35.4,26.2,80.0,157,52,6.0,,18.6,50,17.0,0.0,0.0,989.7,7.2,297,0,615.0
2025-12-24T18:00,48.9,51.5,821.0,43.2,30.9,67.0,155,59,6.0,,17.5,57,16.4,0.0,0.0,990.0,5.5,293,0,315.0
2025-12-24T19:00,60.5,63.1,1036.0,54.0,37.3,50.0,154,65,5.0,,16.3,64,15.5,0.0,0.0,990.2,4.6,281,0,140.0
2025-12-24T20:00,73.3,76.1,1172.0,61.6,42.3,36.0,153,72,5.0,,15.5,67,14.6,0.0,0.0,990.7,4.9,268,0,95.0
2025-12-24T21:00,85.7,88.7,1167.0,63.5,45.0,29.0,152,78,5.0,,14.7,68,13.6,0.0,0.0,990.9,5.4,268,0,85.0
2025-12-24T22:00,94.3,97.8,1083.0,62.3,46.3,25.0,152,82,5.0,,14.1,69,12.8,0.0,0.0,990.8,5.8,263,0,80.0
2025-12-24T23:00,94.3,98.0,996.0,59.8,45.4,23.0,151,82,5.0,,13.0,74,11.8,0.0,0.0,990.9,5.4,256,0,70.0
2025-12-25T00:00,90.6,94.1,923.0,56.1,41.2,22.0,152,80,5.0,,12.3,75,11.0,0.0,0.0,990.4,5.4,264,0,65.0
2025-12-25T01:00,85.4,88.7,847.0,51.2,34.8,23.0,152,78,4.0,,11.9,75,10.4,0.0,0.0,990.4,6.0,261,0,80.0
2025-12-25T02:00,80.3,83.4,796.0,46.3,29.5,24.0,152,75,4.0,,11.3,76,9.7,0.0,0.0,990.1,6.5,262,0,85.0
2025-12-25T03:00,76.4,79.2,762.0,41.3,26.0,25.0,152,73,4.0,,10.8,77,9.0,0.0,0.0,989.9,6.6,261,0,80.0
2025-12-25T04:00,72.9,75.7,753.0,36.4,23.4,26.0,152,71,4.0,,10.2,78,8.3,0.0,0.0,989.6,6.9,261,0,85.0
2025-12-25T05:00,71.0,73.6,818.0,38.4,25.5,27.0,153,71,4.0,,9.8,82,7.8,0.0,0.0,990.1,7.8,265,0,85.0
2025-12-25T06:00,71.2,73.6,1045.0,39.2,27.8,24.0,153,71,3.0,,9.4,82,7.5,0.0,0.0,990.6,7.1,263,0,85.0
2025-12-25T07:00,75.9,78.7,1345.0,40.0,30.9,22.0,154,73,3.0,,9.3,81,7.2,0.0,0.0,991.5,7.5,262,0,85.0
2025-12-25T08:00,79.2,81.7,1503.0,39.1,33.2,29.0,154,75,2.0,,10.7,74,8.5,0.0,0.0,992.7,8.0,262,0,100.0
2025-12-25T09:00,76.1,78.7,1390.0,34.9,33.6,55.0,155,73,2.0,,13.1,64,11.6,0.0,0.0,993.5,4.5,270,0,125.0
2025-12-25T10:00,73.1,75.2,1135.0,28.9,33.1,92.0,155,72,3.0,,15.9,53,14.4,0.0,0.0,993.7,4.0,291,0,195.0
2025-12-25T11:00,68.0,69.8,910.0,23.5,33.4,122.0,156,69,3.0,,18.5,46,16.9,0.0,0.0,993.4,5.2,295,0,395.0
2025-12-25T12:00,59.5,61.7,753.0,17.7,35.5,144.0,156,72,3.0,,19.9,43,18.3,0.0,0.0,992.8,5.8,290,0,670.0
2025-12-25T13:00,50.4,52.6,626.0,12.3,38.3,159.0,157,80,4.0,,20.7,40,18.8,0.0,0.0,991.9,6.7,286,0,1010.0
2025-12-25T14:00,44.0,46.0,590.0,12.8,40.7,162.0,158,82,4.0,,21.0,38,19.0,0.0,0.0,991.2,6.7,289,0,1105.0
2025-12-25T15:00,40.4,42.4,682.0,22.9,41.3,145.0,158,73,3.0,,20.8,39,18.9,0.0,0.0,991.1,6.5,289,0,1105.0
2025-12-25T16:00,43.5,44.9,864.0,38.8,41.4,115.0,159,56,3.0,,19.9,45,18.5,0.0,0.0,990.8,4.7,293,0,915.0
2025-12-25T17:00,94.8,98.3,1084.0,59.4,45.2,81.0,160,82,6.0,,17.9,54,16.8,0.0,0.0,990.8,4.4,277,0,155.0
2025-12-25T18:00,126.2,129.0,1365.0,70.8,53.1,61.0,161,94,5.0,,17.1,57,16.0,0.0,0.0,991.3,4.7,274,3,115.0
2025-12-25T19:00,146.2,148.5,1683.0,86.3,64.0,34.0,164,102,5.0,,16.0,65,15.2,0.0,0.0,991.7,4.1,270,3,65.0
2025-12-25T20:00,159.7,162.1,1918.0,96.8,73.3,14.0,166,108,4.0,,15.2,69,14.5,0.0,0.0,992.3,3.8,262,3,40.0
2025-12-25T21:00,167.2,169.0,2000.0,97.7,79.5,7.0,169,111,4.0,,14.6,73,14.1,0.0,0.0,992.5,3.0,256,3,35.0
2025-12-25T22:00,177.4,179.3,1999.0,93.6,84.1,7.0,171,115,3.0,,14.1,75,13.7,0.0,0.0,992.4,2.2,265,3,35.0
2025-12-25T23:00,186.3,189.5,1996.0,89.5,86.0,7.0,174,119,3.0,,13.2,79,12.8,0.0,0.0,992.3,2.1,255,3,25.0
2025-12-26T00:00,189.5,193.2,2023.0,87.1,84.4,5.0,176,120,3.0,,12.9,79,12.4,0.0,0.0,991.9,1.5,256,3,20.0
2025-12-26T01:00,189.5,194.2,2049.0,84.7,80.2,3.0,179,120,2.0,,12.6,79,12.2,0.0,0.0,991.7,1.3,278,3,20.0
2025-12-26T02:00,186.3,191.4,2062.0,81.5,75.1,2.0,182,119,2.0,,11.9,82,11.2,0.0,0.0,991.4,2.3,302,3,30.0
2025-12-26T03:00,180.7,185.8,2000.0,76.8,68.1,3.0,185,116,2.0,,11.3,83,10.5,0.0,0.0,991.2,2.8,288,3,35.0
2025-12-26T04:00,173.2,177.9,1925.0,71.3,60.3,4.0,189,113,2.0,,10.7,85,9.6,0.0,0.0,991.2,4.3,275,3,45.0
2025-12-26T05:00,144.4,146.2,2008.0,65.2,50.2,12.0,192,102,1.0,,10.4,87,9.3,0.0,0.0,991.5,4.7,266,3,60.0
2025-12-26T06:00,133.6,134.6,2480.0,64.7,53.9,12.0,194,97,1.0,,10.1,87,8.9,0.0,0.0,991.7,4.3,265,3,55.0
2025-12-26T07:00,138.8,139.7,3109.0,63.8,58.8,13.0,196,100,1.0,,9.9,86,8.8,0.0,0.0,992.2,3.4,264,3,40.0
2025-12-26T08:00,146.7,148.5,3373.0,60.6,61.0,24.0,198,103,1.0,,11.3,79,10.2,0.0,0.0,992.8,3.3,261,3,35.0
2025-12-26T09:00,134.6,135.5,2927.0,53.8,57.9,53.0,200,98,1.0,,13.7,68,12.8,0.0,0.0,993.8,2.3,288,3,95.0
2025-12-26T10:00,116.9,117.3,2116.0,44.9,52.1,91.0,202,91,1.0,,16.3,58,15.3,0.0,0.0,994.1,3.0,295,3,200.0
2025-12-26T11:00,87.3,87.8,1447.0,36.3,48.1,123.0,204,79,1.0,,18.3,52,17.0,0.0,0.0,993.5,5.9,290,3,510.0
2025-12-26T12:00,67.1,67.8,1102.0,26.5,48.0,146.0,204,73,1.0,,19.8,43,17.9,0.0,0.0,992.9,7.5,294,0,775.0
2025-12-26T13:00,56.6,57.5,899.0,17.2,49.7,164.0,205,84,2.0,,20.7,39,18.7,0.0,0.0,992.2,7.6,298,0,920.0
2025-12-26T14:00,51.3,52.2,801.0,15.6,51.2,167.0,205,87,2.0,,21.1,38,18.9,0.0,0.0,991.7,8.4,305,1,1035.0
2025-12-26T15:00,49.0,49.8,801.0,27.5,51.2,148.0,205,74,2.0,,20.8,40,18.7,0.0,0.0,991.3,8.4,317,2,1045.0
2025-12-26T16:00,55.5,56.1,905.0,47.2,51.1,115.0,206,63,1.0,,20.0,44,18.1,0.0,0.0,991.0,8.2,322,3,970.0
2025-12-26T17:00,112.2,113.4,1101.0,62.6,48.6,77.0,206,89,2.0,,18.6,51,17.3,0.0,0.0,990.8,6.0,307,3,415.0
2025-12-26T18:00,133.6,134.6,1455.0,69.1,52.9,63.0,207,97,2.0,,17.7,59,17.0,0.0,0.0,991.4,3.9,313,3,290.0
2025-12-26T19:00,149.9,150.9,1899.0,77.8,58.7,43.0,207,104,2.0,,16.7,65,16.1,0.0,0.0,991.7,4.2,335,2,195.0
2025-12-26T20:00,156.5,157.4,2220.0,81.8,61.5,29.0,207,107,2.0,,16.0,69,15.4,0.0,0.0,992.1,4.6,342,0,155.0
2025-12-26T21:00,155.1,156.0,2317.0,77.8,58.9,26.0,207,106,2.0,,15.2,73,14.6,0.0,0.0,992.0,4.6,342,0,135.0
2025-12-26T22:00,152.7,153.7,2291.0,69.1,53.3,29.0,207,105,1.0,,14.5,77,13.9,0.0,0.0,991.8,4.5,337,3,115.0
2025-12-26T23:00,147.1,148.1,2225.0,59.6,47.7,33.0,206,103,1.0,,13.9,81,13.4,0.0,0.0,991.8,4.8,340,3,130.0
2025-12-27T00:00,137.8,138.8,2126.0,49.4,42.5,38.0,204,99,1.0,,12.8,85,12.1,0.0,0.0,991.3,5.1,333,1,90.0
2025-12-27T01:00,129.9,130.4,1988.0,38.4,37.3,45.0,202,96,1.0,,12.2,87,11.6,0.0,0.0,991.1,4.4,322,3,70.0
2025-12-27T02:00,122.5,122.9,1877.0,29.7,33.3,50.0,200,93,1.0,,11.8,89,11.1,0.0,0.0,990.7,4.9,327,3,75.0
2025-12-27T03:00,115.9,116.6,1791.0,24.0,30.7,52.0,198,90,1.0,,11.2,92,10.4,0.0,0.0,990.6,5.1,312,0,75.0
2025-12-27T04:00,110.8,111.5,1732.0,20.5,29.4,53.0,196,88,1.0,,10.6,95,9.8,0.0,0.0,990.3,5.1,297,3,65.0
2025-12-27T05:00,112.0,112.7,1773.0,18.6,30.0,56.0,194,89,1.0,,10.1,98,9.3,0.0,0.0,990.8,5.4,278,2,60.0
2025-12-27T06:00,115.9,116.6,2038.0,26.0,33.8,47.0,193,90,1.0,,9.8,98,8.8,0.0,0.0,991.1,5.4,272,3,60.0
2025-12-27T07:00,125.7,126.2,2403.0,35.8,39.0,36.0,192,94,1.0,,9.7,98,8.8,0.0,0.0,991.8,5.2,268,3,65.0
2025-12-27T08:00,130.4,130.9,2564.0,40.9,42.9,39.0,192,96,1.0,,10.7,94,9.8,0.0,0.0,992.8,5.6,268,3,85.0
2025-12-27T09:00,129.0,129.5,2331.0,36.7,44.1,67.0,191,96,1.0,,12.5,86,11.9,0.0,0.0,993.8,4.4,279,3,120.0
2025-12-27T10:00,119.2,120.1,1893.0,27.6,44.1,109.0,191,92,2.0,,15.1,73,14.5,0.0,0.0,994.2,4.4,291,3,195.0
2025-12-27T11:00,109.0,110.1,1516.0,20.0,43.9,143.0,191,88,2.0,,17.3,65,16.8,0.0,0.0,993.7,5.2,299,3,440.0
2025-12-27T12:00,94.3,95.5,1285.0,14.5,43.9,162.0,192,82,2.0,,19.1,56,18.2,0.0,0.0,993.1,6.1,293,3,590.0
2025-12-27T13:00,80.3,81.5,1115.0,10.5,43.7,173.0,193,93,2.0,,20.0,52,19.1,0.0,0.0,992.1,6.4,295,3,695.0
2025-12-27T14:00,71.7,72.9,1017.0,12.0,44.0,172.0,194,92,2.0,,20.5,51,19.5,0.0,0.0,991.5,6.8,299,3,775.0
2025-12-27T15:00,69.2,70.1,992.0,22.8,44.6,153.0,194,77,2.0,,20.5,50,19.3,0.0,0.0,991.2,7.6,298,1,805.0
2025-12-27T16:00,73.1,73.8,1038.0,39.2,45.6,123.0,195,72,1.0,,19.8,54,18.7,0.0,0.0,991.0,7.5,312,3,760.0
2025-12-27T17:00,146.7,149.0,1164.0,80.1,59.5,85.0,195,103,3.0,,18.2,66,18.1,0.0,0.0,990.7,4.0,297,3,255.0
2025-12-27T18:00,180.7,182.5,1434.0,92.2,75.0,67.0,196,116,3.0,,17.6,67,17.4,0.0,0.0,991.3,4.1,285,3,155.0
2025-12-27T19:00,216.5,218.4,1784.0,108.9,96.8,42.0,198,131,3.0,,16.9,71,16.8,0.0,0.0,991.8,3.9,286,2,105.0
2025-12-27T20:00,251.5,253.3,2025.0,122.1,116.2,22.0,200,145,3.0,,16.3,75,16.4,0.0,0.0,992.4,3.0,308,0,75.0
2025-12-27T21:00,281.3,283.1,2072.0,129.2,132.3,11.0,204,157,3.0,,15.5,77,15.5,0.0,0.0,992.2,2.7,340,0,65.0
2025-12-27T22:00,305.5,307.3,2010.0,132.7,146.1,4.0,209,166,3.0,,14.9,79,15.1,0.0,0.0,992.2,1.4,270,0,25.0
2025-12-27T23:00,318.5,320.4,1913.0,132.4,151.9,0.0,215,171,3.0,,13.8,85,13.9,0.0,0.0,991.9,2.4,257,2,30.0
2025-12-28T00:00,318.5,320.4,1777.0,127.6,146.3,0.0,222,171,3.0,,12.9,88,12.6,0.0,0.0,991.5,3.8,262,1,35.0
2025-12-28T01:00,310.1,312.0,1605.0,118.8,132.6,0.0,230,168,3.0,,12.1,91,11.6,0.0,0.0,991.3,4.5,268,0,45.0
2025-12-28T02:00,294.3,296.2,1477.0,107.5,115.9,1.0,237,162,3.0,,11.5,92,10.9,0.0,0.0,991.5,4.7,277,0,55.0
2025-12-28T03:00,275.7,276.6,1395.0,91.8,94.3,6.0,245,154,3.0,,10.9,94,10.2,0.0,0.0,991.5,4.7,286,0,65.0
2025-12-28T04:00,255.2,257.0,1356.0,73.5,69.6,14.0,251,146,2.0,,10.1,95,9.3,0.0,0.0,991.0,4.2,282,0,50.0
2025-12-28T05:00,217.0,217.9,1435.0,51.3,42.5,24.0,257,131,2.0,,9.6,97,8.7,0.0,0.0,991.3,4.5,272,0,40.0
2025-12-28T06:00,217.0,217.9,1770.0,51.3,44.0,18.0,262,131,2.0,,9.6,97,8.7,0.0,0.0,992.1,4.3,268,1,40.0
2025-12-28T07:00,224.0,224.4,2222.0,51.1,46.1,11.0,266,134,1.0,,9.4,99,8.4,0.0,0.0,992.6,4.7,261,2,50.0
2025-12-28T08:00,220.7,221.2,2451.0,49.0,47.8,20.0,270,132,1.0,,10.1,96,9.2,0.0,0.0,993.5,4.9,260,3,60.0
2025-12-28T09:00,205.4,206.3,2252.0,43.6,49.0,59.0,274,126,1.0,,11.9,89,11.4,0.0,0.0,994.0,4.2,260,3,85.0
2025-12-28T10:00,179.3,179.7,1828.0,36.2,49.8,114.0,277,116,2.0,,15.2,74,14.8,0.0,0.0,994.8,3.8,267,2,150.0
2025-12-28T11:00,145.3,146.2,1455.0,29.3,50.1,157.0,279,102,2.0,,17.7,64,17.0,0.0,0.0,994.3,5.6,274,1,405.0
2025-12-28T12:00,111.8,112.7,1203.0,21.6,49.7,179.0,281,99,2.0,,19.1,56,18.4,0.0,0.0,993.8,6.3,283,0,535.0
2025-12-28T13:00,88.7,89.9,1001.0,14.4,48.8,189.0,282,109,2.0,,20.1,52,19.2,0.0,0.0,992.8,6.2,292,0,630.0
2025-12-28T14:00,76.6,77.8,905.0,13.5,48.0,186.0,282,106,2.0,,20.5,50,19.5,0.0,0.0,992.1,5.9,297,0,705.0
2025-12-28T15:00,71.9,73.1,945.0,23.7,47.1,163.0,282,83,2.0,,20.4,50,19.6,0.0,0.0,991.8,5.0,300,0,720.0
2025-12-28T16:00,74.5,75.4,1092.0,40.4,46.3,128.0,282,72,1.0,,19.8,55,19.1,0.0,0.0,991.8,5.6,301,0,680.0
2025-12-28T17:00,164.4,166.2,1313.0,72.2,57.0,104.0,282,110,4.0,,18.0,64,17.7,0.0,0.0,991.6,4.5,293,1,215.0
2025-12-28T18:00,182.5,184.4,1633.0,80.6,62.2,82.0,283,117,4.0,,17.0,71,17.0,0.0,0.0,992.0,3.7,317,1,135.0
2025-12-28T19:00,200.7,202.1,2028.0,92.0,69.7,52.0,283,124,3.0,,16.7,73,16.9,0.0,0.0,992.5,2.3,328,3,60.0
2025-12-28T20:00,218.9,220.3,2393.0,99.7,76.6,28.0,282,132,3.0,,15.8,76,15.9,0.0,0.0,992.8,2.9,30,3,80.0
2025-12-28T21:00,237.0,238.4,2729.0,101.0,83.9,17.0,281,139,3.0,,14.9,81,15.0,0.0,0.0,992.9,3.1,59,3,80.0
2025-12-28T22:00,253.3,254.3,3034.0,98.5,90.8,12.0,279,145,2.0,,14.1,85,14.3,0.0,0.0,992.6,2.3,86,0,60.0
2025-12-28T23:00,259.8,260.8,3199.0,93.4,91.8,11.0,277,148,2.0,,13.3,89,13.6,0.0,0.0,992.3,1.2,117,2,30.0
2025-12-29T00:00,249.6,250.5,3157.0,84.9,82.3,13.0,275,144,2.0,,13.0,89,13.4,0.0,0.0,992.3,0.3,135,1,15.0
2025-12-29T01:00,229.1,230.0,2975.0,73.7,67.0,19.0,272,136,1.0,,12.7,91,13.0,0.0,0.0,991.8,0.2,180,0,40.0
2025-12-29T02:00,206.8,207.7,2746.0,63.1,54.2,26.0,268,127,1.0,,11.4,98,11.7,0.0,0.0,991.6,0.4,207,0,10.0
2025-12-29T03:00,185.3,185.8,2449.0,53.0,46.7,33.0,265,118,1.0,,11.1,99,11.0,0.0,0.0,991.3,1.9,236,3,35.0
2025-12-29T04:00,168.1,169.0,2106.0,43.5,41.7,41.0,261,111,1.0,,11.0,99,10.7,0.0,0.0,991.1,3.4,245,3,55.0
2025-12-29T05:00,222.1,223.1,1870.0,62.6,54.7,28.0,257,133,1.0,,10.6,98,10.1,0.0,0.0,991.5,3.9,254,3,65.0
2025-12-29T06:00,207.7,208.2,1846.0,61.5,55.6,27.0,258,127,1.0,,10.6,97,10.1,0.0,0.0,992.0,3.8,267,3,75.0
2025-12-29T07:00,199.3,199.8,1930.0,59.8,56.8,26.0,257,124,1.0,,10.7,95,10.2,0.0,0.0,992.5,3.1,267,3,90.0
2025-12-29T08:00,187.2,187.2,1962.0,56.8,57.4,37.0,256,119,1.0,,10.9,95,10.5,0.0,0.0,993.3,3.2,254,3,90.0
2025-12-29T09:00,177.4,177.9,1883.0,52.1,56.8,69.0,255,115,1.0,,11.6,96,11.4,0.0,0.0,994.1,3.4,245,3,60.0
2025-12-29T10:00,171.4,171.8,1752.0,46.0,55.5,112.0,254,113,1.0,,13.4,86,13.4,0.0,0.0,994.4,2.4,253,2,145.0
2025-12-29T11:00,155.1,155.5,1586.0,39.3,54.4,149.0,253,106,1.0,,15.3,77,15.1,0.0,0.0,994.2,4.1,283,1,270.0
2025-12-29T12:00,127.6,128.5,1336.0,29.4,53.7,177.0,254,97,2.0,,17.5,65,17.0,0.0,0.0,993.4,4.9,294,1,390.0
2025-12-29T13:00,105.2,106.6,1052.0,18.9,53.2,198.0,254,118,2.0,,18.9,53,17.9,0.0,0.0,992.4,5.5,297,0,495.0
2025-12-29T14:00,94.8,96.2,894.0,15.9,53.0,203.0,255,123,3.0,,19.8,46,18.4,0.0,0.0,991.8,5.6,303,0,560.0
2025-12-29T15:00,89.6,91.0,933.0,26.1,52.6,181.0,256,101,3.0,,19.9,44,18.4,0.0,0.0,991.2,5.6,303,0,590.0
2025-12-29T16:00,92.2,93.4,1100.0,43.9,52.5,142.0,256,81,2.0,,19.2,49,17.9,0.0,0.0,991.2,5.6,301,0,550.0
2025-12-29T17:00,172.8,175.1,1346.0,69.2,59.7,111.0,257,113,4.0,,16.8,66,16.3,0.0,0.0,991.0,4.0,288,0,220.0
2025-12-29T18:00,199.3,201.2,1709.0,78.1,65.5,89.0,258,124,4.0,,15.7,73,15.3,0.0,0.0,991.3,3.8,289,0,90.0
2025-12-29T19:00,218.9,221.2,2152.0,90.1,73.5,59.0,258,132,3.0,,15.0,78,14.8,0.0,0.0,991.9,3.6,288,0,55.0
2025-12-29T20:00,224.9,226.8,2515.0,96.7,78.3,37.0,259,134,3.0,,14.4,81,14.2,0.0,0.0,992.3,3.4,286,0,40.0
2025-12-29T21:00,224.0,225.4,2750.0,93.3,77.8,31.0,259,134,3.0,,13.7,84,13.6,0.0,0.0,992.2,2.5,262,0,30.0
2025-12-29T22:00,221.2,222.1,2904.0,84.5,74.2,32.0,259,132,2.0,,12.9,87,12.8,0.0,0.0,992.0,2.1,255,3,20.0
2025-12-29T23:00,215.1,216.1,2962.0,75.8,69.2,34.0,257,130,2.0,,12.0,92,11.8,0.0,0.0,991.9,3.2,254,3,25.0
2025-12-30T00:00,205.4,206.3,2894.0,68.8,62.3,34.0,256,126,2.0,,11.2,96,10.9,0.0,0.0,991.2,3.2,243,3,20.0
2025-12-30T01:00,197.4,198.4,2729.0,61.9,54.0,34.0,254,123,1.0,,10.7,98,10.4,0.0,0.0,991.1,2.9,281,2,25.0
2025-12-30T02:00,192.3,192.8,2541.0,55.2,47.3,35.0,252,121,1.0,,10.6,97,10.2,0.0,0.0,990.6,2.6,282,3,45.0
2025-12-30T03:00,186.3,186.7,2313.0,47.7,42.8,37.0,252,119,1.0,,10.4,99,9.9,0.0,0.0,990.3,3.3,276,3,55.0
2025-12-30T04:00,178.8,179.3,2061.0,40.4,40.0,40.0,252,116,1.0,,9.8,99,9.0,0.0,0.0,989.8,5.0,283,3,60.0
2025-12-30T05:00,169.5,170.4,1911.0,28.3,38.4,52.0,252,112,2.0,,9.8,99,9.1,0.0,0.0,990.0,4.4,289,3,60.0
2025-12-30T06:00,169.5,170.4,1971.0,36.3,44.1,44.0,250,112,2.0,,9.7,99,9.0,0.0,0.0,990.1,4.2,280,3,65.0
2025-12-30T07:00,182.1,183.0,2132.0,46.9,51.9,34.0,248,117,2.0,,9.7,99,8.9,0.0,0.0,990.7,4.4,279,3,70.0
2025-12-30T08:00,193.7,194.2,2190.0,51.7,57.4,39.0,248,121,2.0,,10.0,98,9.2,0.0,0.0,991.1,4.1,270,3,80.0
2025-12-30T09:00,176.5,177.4,2043.0,45.2,58.4,74.0,248,115,3.0,,10.9,97,10.3,0.0,0.0,991.8,4.7,270,3,90.0
2025-12-30T10:00,152.3,153.7,1794.0,32.8,57.1,125.0,248,105,3.0,,13.8,80,13.4,0.0,0.0,992.1,3.6,270,0,155.0
2025-12-30T11:00,120.6,122.9,1541.0,22.7,55.1,163.0,247,92,4.0,,16.7,67,16.0,0.0,0.0,991.1,5.0,270,2,300.0
2025-12-30T12:00,96.4,99.0,1275.0,16.8,52.7,180.0,246,100,4.0,,18.6,56,17.6,0.0,0.0,989.9,6.0,275,0,425.0
2025-12-30T13:00,85.7,88.2,1007.0,13.1,49.6,185.0,244,105,4.0,,19.9,47,18.5,0.0,0.0,988.8,6.5,275,0,510.0
2025-12-30T14:00,80.3,82.4,866.0,14.0,46.9,180.0,244,100,4.0,,20.4,46,18.9,0.0,0.0,987.8,7.2,270,0,555.0
2025-12-30T15:00,76.6,78.2,929.0,22.0,44.4,160.0,243,80,3.0,,20.4,45,18.8,0.0,0.0,987.3,7.6,266,0,550.0
2025-12-30T16:00,78.7,80.1,1120.0,34.5,42.3,129.0,242,74,3.0,,19.6,52,18.4,0.0,0.0,987.3,7.4,271,0,515.0
2025-12-30T17:00,107.6,109.7,1337.0,45.9,42.9,100.0,242,87,4.0,,17.9,62,17.3,0.0,0.0,987.1,5.0,285,0,305.0
2025-12-30T18:00,121.1,122.9,1574.0,53.8,45.4,82.0,239,92,3.0,,16.7,69,16.3,0.0,0.0,987.6,4.8,295,0,180.0
2025-12-30T19:00,134.1,135.5,1839.0,64.5,49.0,58.0,236,98,3.0,,15.9,72,15.5,0.0,0.0,988.1,4.8,299,0,110.0
2025-12-30T20:00,145.8,147.1,2049.0,71.6,52.5,40.0,232,102,2.0,,15.3,74,14.8,0.0,0.0,988.5,4.8,307,0,75.0
2025-12-30T21:00,155.1,156.5,2159.0,71.5,56.0,34.0,229,106,2.0,,14.8,76,14.4,0.0,0.0,988.5,3.5,325,0,55.0
2025-12-30T22:00,166.2,167.6,2215.0,67.8,59.4,34.0,226,110,2.0,,14.2,78,13.8,0.0,0.0,988.3,3.1,353,0,55.0
2025-12-30T23:00,176.0,177.4,2275.0,64.4,61.7,34.0,224,114,2.0,,13.4,80,13.1,0.0,0.0,988.4,2.4,347,0,50.0
2025-12-31T00:00,183.5,184.9,2352.0,62.9,62.0,31.0,222,117,2.0,,12.8,80,12.5,0.0,0.0,988.0,0.8,27,0,30.0
2025-12-31T01:00,192.3,193.7,2432.0,61.7,61.2,27.0,221,121,2.0,,12.2,82,11.8,0.0,0.0,987.9,1.2,117,0,35.0
2025-12-31T02:00,200.7,201.6,2537.0,60.8,61.3,24.0,221,124,2.0,,11.2,86,10.5,0.0,0.0,987.5,2.3,122,0,35.0
2025-12-31T03:00,206.8,208.2,2712.0,59.7,62.9,23.0,222,127,2.0,,10.3,90,9.5,0.0,0.0,987.4,2.4,144,2,30.0
2025-12-31T04:00,211.9,213.3,2911.0,58.8,65.4,23.0,222,129,3.0,,9.4,95,8.5,0.0,0.0,986.8,3.6,135,0,30.0
2025-12-31T05:00,242.1,244.0,3014.0,71.9,71.5,10.0,224,141,3.0,,9.1,99,8.1,0.0,0.0,987.0,4.7,118,1,35.0
2025-12-31T06:00,238.4,240.3,2972.0,71.4,72.4,9.0,227,139,3.0,,9.2,99,8.0,0.0,0.0,987.4,5.8,110,3,50.0
2025-12-31T07:00,242.1,244.0,2835.0,70.2,73.6,10.0,230,141,2.0,,9.2,98,8.0,0.0,0.0,987.9,6.3,127,3,60.0
2025-12-31T08:00,220.7,222.1,2630.0,66.5,74.0,24.0,232,132,2.0,,10.4,93,9.1,0.0,0.0,988.7,7.6,135,3,95.0
2025-12-31T09:00,197.0,197.9,2342.0,58.1,72.9,61.0,233,123,2.0,,11.6,91,10.8,0.0,0.0,989.3,6.0,136,3,125.0
2025-12-31T10:00,166.7,168.1,1987.0,47.0,71.0,110.0,234,111,3.0,,14.2,77,13.4,0.0,0.0,989.9,5.9,130,0,195.0
2025-12-31T11:00,139.7,141.6,1639.0,37.7,69.2,151.0,235,100,3.0,,16.2,71,15.4,0.0,0.0,989.4,7.5,138,1,365.0
2025-12-31T12:00,115.3,116.6,1282.0,29.8,67.7,180.0,236,100,3.0,,17.8,68,17.3,0.0,0.0,988.4,7.1,131,1,495.0
2025-12-31T13:00,100.1,101.0,932.0,23.7,66.2,201.0,236,121,2.0,,18.9,64,18.5,0.0,0.0,987.3,6.4,128,3,600.0
2025-12-31T14:00,93.1,94.1,712.0,24.2,65.1,205.0,237,125,2.0,,19.4,61,19.0,0.0,0.0,986.6,6.3,121,2,665.0
2025-12-31T15:00,90.3,91.0,707.0,36.5,64.6,184.0,237,104,2.0,,19.3,61,18.5,0.0,0.0,985.9,8.2,113,3,650.0
2025-12-31T16:00,95.0,95.7,831.0,55.4,64.5,147.0,238,82,1.0,,18.3,65,17.6,0.0,0.0,985.7,8.4,100,3,550.0
2025-12-31T17:00,142.5,143.4,951.0,64.3,60.5,115.0,239,101,2.0,,14.7,80,13.7,0.0,0.0,986.3,9.4,102,0,335.0
2025-12-31T18:00,165.3,166.2,1029.0,69.5,59.9,97.0,240,110,2.0,,13.4,86,12.0,0.0,0.0,987.0,11.2,102,0,290.0
2025-12-31T19:00,170.9,171.8,1101.0,76.2,58.8,74.0,242,112,2.0,,12.4,89,11.1,0.0,0.0,987.3,10.5,107,3,265.0
2025-12-31T20:00,169.0,170.0,1145.0,77.5,56.6,58.0,244,112,2.0,,12.1,90,10.8,0.0,0.0,987.9,9.6,106,0,250.0
2025-12-31T21:00,164.4,165.3,1143.0,68.6,52.6,59.0,245,110,2.0,,11.8,91,10.6,0.0,0.0,988.3,9.3,114,0,240.0
2025-12-31T22:00,160.2,160.7,1111.0,54.3,47.5,68.0,245,108,2.0,,11.6,93,10.3,0.0,0.0,988.4,9.3,115,0,245.0
2025-12-31T23:00,155.5,156.5,1077.0,41.7,42.8,76.0,245,106,2.0,,11.4,96,10.3,0.0,0.0,988.1,9.5,127,1,245.0
2026-01-01T00:00,149.5,149.9,1043.0,33.1,38.7,80.0,244,104,2.0,,11.1,97,10.1,0.0,0.0,987.8,8.3,120,1,200.0
2026-01-01T01:00,144.4,145.3,1006.0,26.3,34.9,82.0,242,102,1.0,,10.9,97,9.8,0.0,0.0,988.0,7.8,122,1,195.0
2026-01-01T02:00,140.6,141.1,985.0,21.2,32.0,83.0,240,100,1.0,,10.6,97,9.6,0.0,0.0,988.1,7.1,120,3,185.0
2026-01-01T03:00,137.4,137.8,984.0,17.4,29.9,82.0,238,99,1.0,,10.5,98,9.7,0.0,0.0,988.2,6.0,115,3,175.0
2026-01-01T04:00,134.6,135.5,998.0,15.3,28.8,79.0,235,98,1.0,,10.5,98,9.6,0.0,0.0,987.9,6.3,114,3,165.0
2026-01-01T05:00,144.4,144.8,1037.0,21.6,31.4,63.0,232,102,1.0,,10.7,99,9.8,0.0,0.0,988.6,7.2,118,3,175.0
2026-01-01T06:00,142.0,142.5,1125.0,28.1,33.8,55.0,228,101,1.0,,10.9,98,9.8,1.1,1.1,988.8,8.7,130,55,215.0
2026-01-01T07:00,145.3,145.8,1236.0,36.8,37.3,46.0,224,102,1.0,,11.0,98,9.8,0.5,0.5,989.3,9.8,126,53,220.0
2026-01-01T08:00,150.9,151.3,1305.0,42.1,40.7,48.0,220,104,1.0,,11.5,96,10.4,0.0,0.0,989.8,9.6,146,3,225.0
2026-01-01T09:00,150.4,151.3,1298.0,40.6,43.7,70.0,217,104,1.0,,12.2,94,11.6,0.0,0.0,991.0,6.9,141,3,165.0
2026-01-01T10:00,144.8,145.8,1247.0,35.6,46.7,104.0,215,102,2.0,,13.2,91,12.6,0.0,0.0,991.7,7.2,148,3,225.0
2026-01-01T11:00,131.3,132.2,1186.0,31.0,49.9,134.0,214,97,2.0,,14.0,88,13.6,0.0,0.0,991.5,7.3,155,3,280.0
2026-01-01T12:00,116.9,118.0,1093.0,25.9,53.5,159.0,214,91,2.0,,15.5,82,15.5,0.0,0.0,990.9,4.7,182,3,385.0
2026-01-01T13:00,106.9,108.0,990.0,21.1,57.4,181.0,214,101,3.0,,16.6,78,16.9,0.0,0.0,990.4,3.9,227,3,525.0
2026-01-01T14:00,104.1,105.5,970.0,23.1,61.0,187.0,214,107,3.0,,16.9,77,17.3,0.0,0.0,989.9,3.3,261,3,570.0
2026-01-01T15:00,101.0,102.9,1085.0,36.7,62.6,169.0,214,89,3.0,,16.9,77,17.4,0.0,0.0,989.8,3.1,306,3,580.0
2026-01-01T16:00,104.3,105.9,1283.0,57.2,64.0,136.0,215,86,3.0,,16.8,78,17.2,0.0,0.0,989.4,3.5,332,3,540.0
2026-01-01T17:00,161.1,165.8,1502.0,75.5,64.4,85.0,215,108,8.0,,15.5,81,15.6,0.0,0.0,989.5,3.4,354,3,520.0
2026-01-01T18:00,195.6,200.2,1720.0,82.8,72.5,69.0,216,122,8.0,,15.0,85,15.1,0.0,0.0,989.9,3.8,357,3,505.0
2026-01-01T19:00,219.3,223.5,1959.0,92.8,83.8,46.0,217,132,7.0,,14.4,88,14.9,0.0,0.0,990.4,1.8,11,3,185.0
2026-01-01T20:00,241.2,244.9,2220.0,99.8,94.1,28.0,219,140,7.0,,14.2,88,14.6,0.0,0.0,991.0,1.5,330,3,130.0
2026-01-01T21:00,260.8,265.4,2570.0,101.9,104.4,18.0,222,148,7.0,,14.1,89,14.4,0.0,0.0,991.5,2.7,8,2,160.0
2026-01-01T22:00,280.3,284.1,2942.0,100.9,113.6,11.0,226,156,7.0,,13.3,91,13.2,0.0,0.0,991.3,4.1,29,0,140.0
2026-01-01T23:00,288.7,292.4,3135.0,96.7,114.0,9.0,231,159,7.0,,13.2,93,13.1,0.0,0.0,991.6,5.0,300,3,185.0
2026-01-02T00:00,266.4,271.0,3010.0,87.6,98.7,13.0,237,151,7.0,,13.3,94,13.1,0.0,0.0,991.6,6.1,302,3,315.0
2026-01-02T01:00,229.1,233.3,2705.0,75.3,74.6,20.0,242,136,7.0,,13.4,92,13.0,0.0,0.0,991.3,6.9,309,3,500.0
2026-01-02T02:00,197.0,201.2,2439.0,64.4,54.9,26.0,245,123,7.0,,13.2,92,12.7,0.0,0.0,991.3,7.4,315,3,495.0
2026-01-02T03:00,169.0,173.2,2328.0,56.6,44.8,27.0,248,112,7.0,,13.1,92,12.4,0.0,0.0,991.4,9.0,322,3,515.0
2026-01-02T04:00,150.9,155.5,2255.0,50.2,39.1,27.0,249,104,8.0,,13.0,92,12.2,0.0,0.0,991.0,8.7,328,3,515.0
2026-01-02T05:00,106.9,116.6,2087.0,18.1,21.4,40.0,250,87,17.0,,12.4,93,11.4,0.0,0.0,991.2,9.7,325,3,475.0
2026-01-02T06:00,100.8,111.8,1711.0,19.8,22.4,39.0,248,84,19.0,,12.8,90,11.8,0.0,0.0,991.8,9.2,313,3,505.0
2026-01-02T07:00,102.0,114.1,1239.0,21.9,23.9,39.0,246,85,22.0,,12.7,89,11.7,0.0,0.0,992.5,8.1,299,3,500.0
2026-01-02T08:00,97.8,111.5,877.0,22.6,25.2,44.0,244,83,24.0,,13.1,85,12.0,0.0,0.0,993.3,9.0,296,2,500.0
2026-01-02T09:00,90.6,103.8,723.0,20.3,26.4,58.0,242,80,24.0,,14.1,78,12.8,0.0,0.0,994.3,9.7,304,1,525.0
2026-01-02T10:00,78.5,91.5,679.0,16.4,27.5,78.0,240,74,23.0,,15.4,70,14.1,0.0,0.0,994.8,8.5,302,1,710.0
2026-01-02T11:00,73.1,85.2,655.0,13.4,28.2,94.0,237,72,22.0,,15.9,67,14.5,0.0,0.0,994.8,8.9,298,1,800.0
2026-01-02T12:00,72.2,83.4,620.0,11.4,28.0,105.0,235,71,21.0,,16.8,60,15.2,0.0,0.0,994.1,9.2,301,1,910.0
2026-01-02T13:00,70.3,81.5,606.0,10.2,27.4,113.0,233,70,21.0,,17.3,56,15.4,0.0,0.0,993.6,10.2,302,1,995.0
2026-01-02T14:00,69.4,80.6,619.0,11.6,26.9,114.0,231,70,20.0,,17.5,55,15.7,0.0,0.0,993.0,9.2,310,1,955.0
2026-01-02T15:00,67.8,79.4,656.0,16.9,26.4,104.0,230,69,19.0,,17.4,55,15.7,0.0,0.0,992.6,8.3,309,0,940.0
2026-01-02T16:00,67.5,78.9,721.0,24.9,26.2,88.0,228,69,18.0,,16.9,58,15.4,0.0,0.0,992.2,7.6,301,0,930.0
2026-01-02T17:00,66.6,75.9,828.0,35.8,27.1,61.0,227,68,17.0,,15.0,67,13.5,0.0,0.0,992.5,8.7,302,1,815.0
2026-01-02T18:00,79.9,88.5,1019.0,40.3,28.6,51.0,223,75,16.0,,13.8,75,12.8,0.0,0.0,992.8,5.5,311,0,415.0
2026-01-02T19:00,85.9,94.3,1252.0,46.4,30.7,38.0,218,78,16.0,,13.1,80,12.3,0.0,0.0,993.5,4.6,312,0,285.0
2026-01-02T20:00,91.0,99.4,1416.0,50.3,32.2,27.0,213,80,15.0,,12.3,84,11.7,0.0,0.0,993.8,3.6,307,0,135.0
2026-01-02T21:00,95.9,104.3,1454.0,50.2,32.7,23.0,206,82,15.0,,12.0,84,11.5,0.0,0.0,993.8,2.2,265,0,45.0
2026-01-02T22:00,100.8,109.2,1423.0,47.8,32.5,21.0,200,84,15.0,,11.1,88,10.3,0.0,0.0,993.8,3.9,254,1,45.0
2026-01-02T23:00,105.0,113.2,1382.0,44.8,31.4,21.0,194,86,15.0,,11.2,90,10.6,0.0,0.0,993.8,3.0,287,3,55.0
2026-01-03T00:00,105.7,113.9,1346.0,41.3,28.6,21.0,189,86,15.0,,11.8,89,11.4,0.0,0.0,993.3,2.7,312,3,95.0
2026-01-03T01:00,105.9,113.9,1301.0,37.1,24.8,21.0,184,86,14.0,,12.0,88,11.6,0.0,0.0,993.3,3.1,306,3,110.0
2026-01-03T02:00,105.0,112.7,1260.0,33.1,21.8,22.0,180,86,14.0,,11.9,90,11.5,0.0,0.0,993.3,3.2,322,3,140.0
2026-01-03T03:00,103.8,111.3,1216.0,28.9,19.9,24.0,178,86,14.0,,11.8,90,11.4,0.0,0.0,992.9,3.3,338,3,260.0
2026-01-03T04:00,103.1,110.6,1176.0,24.9,18.8,26.0,176,85,13.0,,11.6,88,11.2,0.0,0.0,992.2,2.3,309,3,200.0
2026-01-03T05:00,104.8,112.0,1179.0,23.4,19.8,29.0,174,86,13.0,,10.7,94,10.0,0.0,0.0,992.4,4.9,270,3,110.0
2026-01-03T06:00,104.1,111.3,1288.0,26.5,23.4,29.0,174,86,13.0,,11.1,92,10.3,0.0,0.0,992.7,5.1,266,3,150.0
2026-01-03T07:00,110.1,117.3,1440.0,30.6,28.4,30.0,174,88,13.0,,11.3,91,10.6,0.0,0.0,993.3,4.0,260,3,175.0
2026-01-03T08:00,113.2,120.6,1478.0,31.8,32.1,36.0,174,89,13.0,,11.8,88,11.3,0.0,0.0,994.0,3.6,279,3,225.0
2026-01-03T09:00,97.1,105.7,1291.0,27.3,33.4,52.0,175,83,14.0,,13.0,83,12.4,0.0,0.0,994.9,4.4,300,3,685.0
2026-01-03T10:00,83.6,92.9,992.0,20.0,33.4,73.0,175,77,16.0,,13.9,75,12.8,0.0,0.0,995.5,6.6,311,3,665.0
2026-01-03T11:00,68.9,78.9,759.0,14.3,33.1,91.0,175,69,18.0,,14.8,70,13.7,0.0,0.0,995.3,6.6,307,3,825.0
2026-01-03T12:00,68.0,78.2,667.0,10.9,32.2,103.0,175,69,19.0,,15.7,65,14.7,0.0,0.0,994.5,5.5,297,3,1015.0
2026-01-03T13:00,66.4,77.3,642.0,9.2,31.0,112.0,175,68,20.0,,16.6,59,15.4,0.0,0.0,993.8,5.2,286,1,1130.0
2026-01-03T14:00,66.1,77.1,644.0,12.1,30.7,112.0,175,68,20.0,,17.0,55,15.6,0.0,0.0,993.2,5.3,282,1,1235.0
2026-01-03T15:00,65.2,76.4,652.0,22.6,31.2,99.0,175,68,19.0,,17.1,54,15.6,0.0,0.0,992.9,5.4,284,1,1255.0
2026-01-03T16:00,66.8,77.1,686.0,37.7,32.6,78.0,175,68,17.0,,16.6,55,15.1,0.0,0.0,992.9,5.5,289,1,1240.0
2026-01-03T17:00,92.0,101.3,770.0,49.6,37.0,54.0,175,81,17.0,,14.3,70,13.4,0.0,0.0,993.0,3.6,319,0,325.0
2026-01-03T18:00,120.6,129.5,930.0,61.3,47.2,39.0,175,92,16.0,,13.3,73,12.3,0.0,0.0,993.4,3.8,319,0,170.0
2026-01-03T19:00,147.6,156.0,1139.0,77.3,61.5,18.0,177,103,16.0,,12.6,76,11.7,0.0,0.0,993.8,3.2,333,0,100.0
2026-01-03T20:00,170.4,178.8,1338.0,88.4,72.9,3.0,179,112,15.0,,12.3,77,11.5,0.0,0.0,994.4,1.8,349,0,55.0
2026-01-03T21:00,186.3,194.2,1526.0,90.1,80.1,0.0,181,119,15.0,,12.3,76,11.6,0.0,0.0,994.8,1.1,351,0,35.0
2026-01-03T22:00,198.4,206.3,1704.0,86.9,84.5,0.0,184,123,15.0,,12.2,75,11.6,0.0,0.0,994.6,0.7,360,0,30.0
2026-01-03T23:00,200.2,207.7,1810.0,82.4,83.5,0.0,186,124,14.0,,11.3,81,10.6,0.0,0.0,994.2,1.5,21,0,30.0
2026-01-04T00:00,190.0,197.4,1796.0,77.8,73.9,2.0,189,120,13.0,,10.7,83,9.9,0.0,0.0,993.8,1.8,336,0,35.0
2026-01-04T01:00,177.0,183.9,1710.0,71.9,58.9,4.0,192,115,11.0,,9.9,87,9.0,0.0,0.0,993.6,2.1,290,0,30.0
2026-01-04T02:00,162.5,168.6,1638.0,65.4,46.0,8.0,194,109,10.0,,9.1,91,8.0,0.0,0.0,993.5,3.2,273,0,30.0
2026-01-04T03:00,147.6,152.7,1602.0,57.4,37.3,13.0,196,103,9.0,,8.5,93,7.3,0.0,0.0,993.3,4.0,280,0,30.0
2026-01-04T04:00,136.0,140.2,1581.0,48.8,30.7,20.0,197,98,8.0,,8.7,94,7.4,0.0,0.0,993.1,4.4,279,1,40.0
2026-01-04T05:00,132.2,136.0,1594.0,43.8,29.0,25.0,198,97,7.0,,8.7,96,7.5,0.0,0.0,993.0,4.8,245,1,45.0
2026-01-04T06:00,127.1,130.9,1704.0,44.8,30.7,23.0,199,95,6.0,,9.1,96,7.8,0.0,0.0,993.6,6.3,275,3,80.0
2026-01-04T07:00,129.0,132.2,1848.0,45.7,33.1,23.0,199,96,5.0,,9.3,94,8.0,0.0,0.0,994.5,6.3,267,3,95.0
2026-01-04T08:00,132.2,134.6,1857.0,43.9,35.0,31.0,200,97,4.0,,10.4,90,9.3,0.0,0.0,995.5,5.2,276,3,130.0
2026-01-04T09:00,127.1,129.9,1607.0,36.7,36.0,58.0,201,95,4.0,,11.9,83,10.9,0.0,0.0,996.5,5.0,270,1,200.0
2026-01-04T10:00,114.3,117.8,1222.0,26.8,36.5,94.0,202,90,5.0,,13.7,75,12.7,0.0,0.0,996.9,5.2,290,1,375.0
2026-01-04T11:00,91.7,95.2,909.0,18.8,36.5,121.0,203,81,6.0,,15.1,68,13.5,0.0,0.0,996.7,9.2,303,1,910.0
2026-01-04T12:00,65.7,70.1,739.0,13.6,35.6,134.0,204,68,7.0,,16.1,61,14.6,0.0,0.0,995.9,7.4,315,2,1175.0
2026-01-04T13:00,61.2,66.4,639.0,10.4,34.2,139.0,204,70,8.0,,16.5,58,14.9,0.0,0.0,995.1,7.3,312,1,1230.0
2026-01-04T14:00,60.1,65.4,602.0,11.9,33.2,135.0,204,68,9.0,,16.9,56,15.3,0.0,0.0,994.6,6.9,311,1,1280.0
2026-01-04T15:00,59.0,64.3,614.0,21.0,32.8,120.0,204,65,9.0,,17.1,55,15.6,0.0,0.0,994.0,5.9,305,1,1230.0
2026-01-04T16:00,60.5,65.4,689.0,34.9,32.9,97.0,203,65,8.0,,16.5,56,15.0,0.0,0.0,993.8,5.9,293,0,1095.0
2026-01-04T17:00,95.2,101.0,853.0,64.9,40.5,55.0,203,82,11.0,,14.8,68,13.9,0.0,0.0,993.8,3.8,301,0,455.0
2026-01-04T18:00,110.1,115.0,1187.0,67.9,43.5,46.0,203,88,10.0,,13.6,74,12.6,0.0,0.0,994.2,4.7,317,0,150.0
2026-01-04T19:00,120.1,124.3,1611.0,71.7,47.6,33.0,203,92,8.0,,12.8,79,11.9,0.0,0.0,995.0,4.2,329,3,95.0
2026-01-04T20:00,127.1,130.9,1912.0,73.2,50.0,23.0,202,95,7.0,,12.7,80,11.9,0.0,0.0,995.8,3.6,340,3,80.0
2026-01-04T21:00,130.9,135.0,1990.0,70.7,49.5,20.0,200,96,6.0,,12.8,81,12.1,0.0,0.0,996.5,4.2,335,2,150.0
2026-01-04T22:00,135.0,138.8,1946.0,65.7,47.4,20.0,198,98,6.0,,12.3,85,11.6,0.0,0.0,996.5,4.3,332,1,175.0
2026-01-04T23:00,132.7,136.0,1864.0,59.7,43.9,21.0,196,97,6.0,,11.4,89,10.6,0.0,0.0,996.3,5.1,350,1,200.0
2026-01-05T00:00,123.9,127.1,1765.0,52.5,38.4,24.0,194,94,6.0,,11.1,88,9.9,0.0,0.0,995.9,6.2,350,0,210.0
2026-01-05T01:00,118.0,121.1,1628.0,44.2,31.7,29.0,192,91,5.0,,10.4,86,8.9,0.0,0.0,995.8,6.7,341,0,215.0
2026-01-05T02:00,114.6,117.3,1484.0,37.0,26.3,33.0,191,90,5.0,,10.0,85,8.5,0.0,0.0,995.5,6.1,341,0,170.0
2026-01-05T03:00,111.8,114.8,1284.0,30.8,23.1,36.0,189,89,5.0,,9.5,85,7.9,0.0,0.0,995.2,5.2,333,0,100.0
2026-01-05T04:00,109.0,112.0,1076.0,25.7,21.3,39.0,188,88,5.0,,9.2,85,7.6,0.0,0.0,995.1,5.2,316,0,85.0
2026-01-05T05:00,106.6,109.9,1032.0,22.6,22.1,46.0,187,87,6.0,,8.6,89,7.0,0.0,0.0,995.5,5.2,311,0,100.0
2026-01-05T06:00,106.4,109.4,1343.0,28.1,24.8,42.0,187,87,6.0,,8.6,90,7.2,0.0,0.0,995.8,4.6,318,0,95.0
2026-01-05T07:00,114.1,117.1,1817.0,35.4,28.5,37.0,186,90,5.0,,8.5,90,7.2,0.0,0.0,996.2,3.6,307,0,70.0
2026-01-05T08:00,121.5,124.3,2053.0,38.5,31.9,43.0,186,93,5.0,,10.1,87,8.7,0.0,0.0,997.0,5.6,287,0,80.0
2026-01-05T09:00,120.1,122.9,1798.0,33.4,34.3,70.0,185,92,5.0,,12.0,80,11.0,0.0,0.0,997.7,3.9,294,0,210.0
2026-01-05T10:00,109.4,113.2,1305.0,24.1,36.2,108.0,185,88,6.0,,13.8,71,12.7,0.0,0.0,998.2,4.5,310,0,560.0
2026-01-05T11:00,93.8,97.3,927.0,16.9,38.2,139.0,185,82,6.0,,14.6,68,13.4,0.0,0.0,998.2,6.0,297,0,705.0
2026-01-05T12:00,78.9,82.0,813.0,13.3,40.5,158.0,185,79,6.0,,15.8,64,14.7,0.0,0.0,997.2,5.4,304,0,755.0
2026-01-05T13:00,77.8,80.6,815.0,11.7,42.9,171.0,185,91,5.0,,16.6,61,15.8,0.0,0.0,996.1,4.6,312,0,750.0
2026-01-05T14:00,78.2,81.0,837.0,13.7,44.4,172.0,186,92,5.0,,17.2,60,16.2,0.0,0.0,995.6,5.6,295,0,785.0
2026-01-05T15:00,78.7,81.5,843.0,21.1,44.4,158.0,186,79,4.0,,17.2,61,16.1,0.0,0.0,995.1,6.2,300,0,785.0
2026-01-05T16:00,80.3,82.7,870.0,31.9,43.7,133.0,187,75,4.0,,16.6,64,15.3,0.0,0.0,994.9,8.6,290,3,810.0
2026-01-05T17:00,84.1,85.9,934.0,44.8,40.8,105.0,188,77,3.0,,15.0,74,14.3,0.0,0.0,994.7,5.8,296,1,365.0
2026-01-05T18:00,99.7,101.3,1073.0,49.8,41.4,90.0,187,84,3.0,,14.1,79,13.5,0.0,0.0,995.0,5.8,290,1,265.0
2026-01-05T19:00,103.8,105.2,1248.0,56.6,42.3,68.0,187,86,2.0,,13.2,84,12.6,0.0,0.0,995.4,4.9,298,3,165.0
2026-01-05T20:00,103.8,105.0,1360.0,60.5,42.5,52.0,186,86,2.0,,12.8,86,12.4,0.0,0.0,995.5,4.1,326,0,125.0
2026-01-05T21:00,103.8,105.0,1358.0,59.4,42.1,45.0,186,86,2.0,,12.2,88,11.5,0.0,0.0,995.5,4.8,335,0,165.0
2026-01-05T22:00,105.0,106.2,1292.0,55.4,41.1,43.0,185,86,2.0,,11.3,90,10.5,0.0,0.0,995.4,4.9,324,0,155.0
2026-01-05T23:00,107.3,108.3,1222.0,49.8,39.0,43.0,184,87,2.0,,11.0,91,10.1,0.0,0.0,995.2,5.2,335,0,135.0
2026-01-06T00:00,104.3,105.5,1156.0,41.7,34.7,46.0,183,86,2.0,,10.4,92,9.5,0.0,0.0,994.9,4.5,331,0,100.0
2026-01-06T01:00,100.1,101.3,1085.0,32.0,29.3,52.0,183,84,2.0,,9.9,93,8.9,0.0,0.0,994.8,5.1,312,0,90.0
2026-01-06T02:00,97.3,98.7,1037.0,24.2,25.3,57.0,182,83,2.0,,9.5,94,8.4,0.0,0.0,994.4,5.1,309,0,85.0
2026-01-06T03:00,96.4,98.0,1000.0,19.3,23.6,60.0,182,83,2.0,,9.0,95,7.9,0.0,0.0,994.3,4.5,304,0,70.0
2026-01-06T04:00,97.1,98.7,987.0,16.3,23.3,63.0,181,83,3.0,,8.5,98,7.3,0.0,0.0,994.2,4.7,286,2,50.0
2026-01-06T05:00,102.9,104.5,1064.0,19.5,25.2,57.0,181,85,3.0,,8.7,99,7.5,0.0,0.0,994.5,5.5,287,2,85.0
2026-01-06T06:00,105.7,107.3,1344.0,25.8,28.9,51.0,181,86,3.0,,8.6,99,7.5,0.0,0.0,995.0,4.0,297,3,80.0
2026-01-06T07:00,115.5,117.1,1715.0,34.3,34.0,44.0,181,90,3.0,,9.0,98,8.0,0.0,0.0,995.7,4.7,266,3,85.0
2026-01-06T08:00,124.3,125.7,1909.0,38.4,37.9,49.0,181,94,3.0,,9.9,96,8.8,0.0,0.0,996.6,6.7,278,3,105.0
2026-01-06T09:00,123.4,125.3,1766.0,34.2,39.4,78.0,181,93,4.0,,11.4,92,10.7,0.0,0.0,997.4,5.0,285,1,160.0
2026-01-06T10:00,118.3,120.6,1447.0,25.8,39.7,118.0,181,91,4.0,,13.4,84,12.8,0.0,0.0,997.9,6.0,279,0,280.0
2026-01-06T11:00,104.1,106.6,1166.0,18.8,39.5,150.0,181,86,5.0,,14.2,75,13.0,0.0,0.0,997.8,8.2,284,1,475.0
2026-01-06T12:00,84.8,87.5,986.0,14.1,38.8,166.0,182,86,6.0,,15.4,69,14.2,0.0,0.0,997.0,7.6,288,1,540.0
2026-01-06T13:00,72.2,75.7,845.0,10.9,37.6,173.0,182,93,7.0,,16.4,64,15.2,0.0,0.0,996.0,7.7,300,0,605.0
2026-01-06T14:00,67.1,71.0,771.0,12.3,36.9,169.0,182,89,7.0,,17.0,61,15.8,0.0,0.0,995.5,7.6,304,0,655.0
2026-01-06T15:00,66.1,70.3,788.0,21.9,37.3,150.0,181,75,7.0,,17.1,63,15.9,0.0,0.0,995.2,7.4,304,0,645.0
2026-01-06T16:00,68.9,72.9,873.0,36.1,38.3,120.0,181,69,6.0,,16.5,67,15.4,0.0,0.0,994.8,7.8,304,0,585.0
2026-01-06T17:00,108.3,112.9,984.0,47.5,37.8,91.0,180,87,8.0,,14.6,73,13.6,0.0,0.0,995.2,6.0,299,0,275.0
2026-01-06T18:00,121.1,124.8,1143.0,51.8,38.6,78.0,181,92,7.0,,13.2,79,12.3,0.0,0.0,995.4,5.7,302,0,175.0
2026-01-06T19:00,126.2,130.4,1329.0,57.6,39.7,59.0,182,94,7.0,,12.5,82,11.5,0.0,0.0,995.9,5.6,299,0,135.0
2026-01-06T20:00,127.6,131.3,1439.0,60.0,39.9,46.0,183,95,6.0,,11.7,86,10.7,0.0,0.0,996.4,5.3,308,0,125.0
2026-01-06T21:00,126.2,129.5,1411.0,56.5,38.7,42.0,183,94,6.0,,10.9,89,9.9,0.0,0.0,996.8,5.1,324,0,125.0
2026-01-06T22:00,125.7,129.0,1306.0,49.8,36.5,44.0,184,94,5.0,,10.3,92,9.2,0.0,0.0,996.9,5.2,329,0,125.0
2026-01-06T23:00,123.4,126.2,1205.0,42.8,33.8,46.0,184,93,5.0,,9.6,96,8.6,0.0,0.0,996.8,4.8,329,0,105.0
2026-01-07T00:00,118.3,121.1,1127.0,36.2,30.1,47.0,185,91,5.0,,9.7,96,8.7,0.0,0.0,996.3,5.0,314,0,105.0
2026-01-07T01:00,115.3,117.6,1052.0,29.3,25.8,49.0,185,90,4.0,,9.5,97,8.4,0.0,0.0,996.2,5.1,306,0,100.0
2026-01-07T02:00,112.9,115.0,1003.0,23.9,22.6,51.0,186,89,4.0,,9.0,97,7.9,0.0,0.0,996.0,5.0,300,0,95.0
2026-01-07T03:00,111.3,113.4,988.0,20.0,20.7,53.0,186,89,4.0,,7.9,99,6.5,0.0,0.0,995.8,5.0,289,0,85.0
2026-01-07T04:00,110.1,112.0,997.0,17.5,19.9,55.0,187,88,3.0,,7.9,100,6.6,0.0,0.0,995.6,4.9,278,3,80.0
2026-01-07T05:00,117.6,119.7,1030.0,21.8,23.1,49.0,187,91,4.0,,8.5,99,7.1,0.0,0.0,996.4,6.7,270,3,95.0
2026-01-07T06:00,118.3,120.6,1115.0,25.3,24.1,47.0,188,91,4.0,,8.7,99,7.6,0.0,0.0,996.7,5.2,282,3,110.0
2026-01-07T07:00,128.5,130.4,1222.0,29.8,25.6,45.0,188,95,4.0,,8.9,99,7.5,0.0,0.0,997.5,7.0,293,3,120.0
2026-01-07T08:00,125.3,127.6,1260.0,31.7,27.3,51.0,188,94,4.0,,9.5,98,8.1,0.0,0.0,997.9,8.2,302,3,190.0
2026-01-07T09:00,117.1,119.7,1164.0,28.4,29.3,73.0,188,91,5.0,,9.9,98,8.4,0.0,0.0,998.5,9.1,306,3,195.0
2026-01-07T10:00,106.2,109.0,998.0,22.5,31.5,104.0,188,86,5.0,,10.5,94,8.9,0.0,0.0,999.0,10.7,310,3,200.0
2026-01-07T11:00,94.1,97.3,865.0,17.7,33.6,130.0,188,82,6.0,,11.6,84,10.3,0.0,0.0,999.0,7.4,311,2,375.0
2026-01-07T12:00,87.1,90.8,788.0,14.4,35.7,147.0,188,79,7.0,,13.4,77,12.5,0.0,0.0,998.2,5.1,302,2,445.0
2026-01-07T13:00,84.3,88.2,744.0,12.1,37.8,159.0,188,80,7.0,,14.5,73,13.7,0.0,0.0,997.3,5.2,295,0,510.0
2026-01-07T14:00,82.4,86.4,763.0,13.8,39.5,161.0,188,81,7.0,,15.3,69,14.3,0.0,0.0,996.7,5.5,311,0,565.0
2026-01-07T15:00,82.2,85.9,888.0,22.0,40.5,146.0,188,76,7.0,,15.4,69,14.6,0.0,0.0,996.2,4.9,309,0,600.0
2026-01-07T16:00,83.6,87.1,1076.0,34.0,41.2,121.0,189,77,6.0,,15.0,71,14.3,0.0,0.0,996.0,4.7,293,0,635.0
2026-01-07T17:00,127.6,134.6,1232.0,45.8,43.2,91.0,189,95,12.0,,12.7,82,12.0,0.0,0.0,996.1,4.0,306,0,465.0
2026-01-07T18:00,137.8,143.9,1325.0,47.9,43.0,79.0,190,99,11.0,,11.9,84,10.9,0.0,0.0,996.3,5.6,320,0,220.0
2026-01-07T19:00,141.1,145.8,1386.0,50.7,42.7,63.0,190,100,9.0,,11.2,87,10.0,0.0,0.0,996.5,6.6,325,0,215.0
2026-01-07T20:00,144.4,148.5,1413.0,51.9,42.0,50.0,191,102,8.0,,10.5,90,9.2,0.0,0.0,996.9,6.3,325,0,200.0
2026-01-07T21:00,148.1,151.8,1398.0,50.8,41.1,44.0,191,103,7.0,,10.1,91,8.7,0.0,0.0,997.1,6.8,325,0,210.0
2026-01-07T22:00,152.7,156.5,1349.0,48.2,39.9,41.0,192,105,7.0,,9.9,91,8.4,0.0,0.0,996.9,7.4,321,0,205.0
2026-01-07T23:00,152.7,156.0,1291.0,44.2,37.5,41.0,193,105,6.0,,9.3,96,7.9,0.0,0.0,997.1,6.9,315,0,150.0
2026-01-08T00:00,146.2,149.0,1222.0,37.8,32.9,43.0,194,102,6.0,,8.4,98,7.0,0.0,0.0,996.6,6.0,309,1,150.0
2026-01-08T01:00,140.2,143.0,1144.0,29.9,27.2,48.0,194,100,5.0,,8.8,98,7.2,0.0,0.0,996.5,7.5,307,3,175.0
2026-01-08T02:00,135.5,138.3,1089.0,23.8,22.8,51.0,195,98,5.0,,8.9,98,7.3,0.0,0.0,996.7,8.1,309,3,255.0
2026-01-08T03:00,131.8,134.6,1072.0,20.1,20.3,52.0,196,97,5.0,,9.1,98,7.5,0.0,0.0,996.6,8.7,310,3,290.0
2026-01-08T04:00,130.4,133.2,1077.0,18.1,19.0,52.0,197,96,5.0,,8.8,99,7.2,0.0,0.0,996.5,7.8,304,3,285.0
2026-01-08T05:00,122.9,126.2,1094.0,13.1,18.3,70.0,197,93,6.0,,7.5,100,6.1,0.0,0.0,997.1,5.3,303,3,110.0
2026-01-08T06:00,113.9,118.0,1126.0,15.6,21.5,69.0,197,90,7.0,,7.7,98,6.3,0.0,0.0,997.5,4.6,312,3,140.0
2026-01-08T07:00,111.5,115.9,1169.0,18.9,26.2,68.0,197,89,7.0,,7.7,96,6.2,0.0,0.0,998.2,4.6,318,3,155.0
2026-01-08T08:00,112.0,116.4,1198.0,21.2,31.0,71.0,197,89,8.0,,7.8,95,6.4,0.0,0.0,999.0,4.1,319,3,145.0
2026-01-08T09:00,116.2,120.1,1200.0,21.3,36.1,80.0,196,90,9.0,,8.1,95,7.0,0.0,0.0,999.8,2.8,315,3,105.0
2026-01-08T10:00,111.8,116.2,1187.0,20.3,41.3,93.0,196,89,10.0,,9.0,92,7.8,0.0,0.0,1000.1,3.6,319,3,245.0
2026-01-08T11:00,92.4,97.8,1174.0,19.5,45.2,107.0,196,81,10.0,,10.2,82,9.0,0.0,0.0,999.9,3.3,331,2,355.0
2026-01-08T12:00,90.3,95.7,1141.0,17.6,46.7,124.0,196,80,10.0,,12.2,76,11.2,0.0,0.0,998.9,3.1,336,1,390.0
2026-01-08T13:00,85.7,90.8,1107.0,15.8,46.9,143.0,196,78,9.0,,13.4,73,12.4,0.0,0.0,997.7,4.1,331,1,405.0
2026-01-08T14:00,82.2,86.8,1140.0,18.9,47.4,148.0,196,76,8.0,,14.2,68,13.1,0.0,0.0,996.7,4.3,332,0,440.0
2026-01-08T15:00,77.5,82.0,1291.0,30.7,48.3,132.0,196,74,7.0,,14.4,67,13.5,0.0,0.0,995.8,3.3,338,0,445.0
2026-01-08T16:00,75.9,79.9,1510.0,47.3,49.5,103.0,196,73,7.0,,14.1,69,13.2,0.0,0.0,995.4,3.0,327,0,415.0
2026-01-08T17:00,112.9,117.6,1713.0,68.0,54.7,69.0,196,89,8.0,,13.3,73,12.6,0.0,0.0,995.0,2.1,290,0,75.0
2026-01-08T18:00,148.5,153.2,1859.0,77.0,64.0,53.0,196,103,8.0,,11.8,79,10.7,0.0,0.0,995.3,4.0,291,0,65.0
2026-01-08T19:00,173.7,178.3,1991.0,89.1,76.8,31.0,196,113,8.0,,10.8,85,9.7,0.0,0.0,995.8,4.8,307,0,85.0
2026-01-08T20:00,187.2,191.4,2149.0,96.4,85.5,14.0,197,119,8.0,,10.2,88,9.0,0.0,0.0,996.3,4.5,323,0,95.0
2026-01-08T21:00,198.4,203.0,2416.0,94.8,87.7,8.0,198,123,8.0,,9.6,90,8.4,0.0,0.0,996.6,4.1,347,0,100.0
2026-01-08T22:00,209.1,213.7,2709.0,88.3,86.0,7.0,200,128,8.0,,8.9,93,7.7,0.0,0.0,996.2,4.3,17,0,95.0
2026-01-08T23:00,213.7,218.4,2830.0,81.4,80.2,7.0,202,129,8.0,,8.6,97,7.6,0.0,0.0,996.2,3.9,24,0,75.0
2026-01-09T00:00,202.6,207.2,2640.0,75.3,68.2,7.0,204,125,8.0,,8.3,100,7.2,0.0,0.0,996.0,4.2,25,3,75.0
2026-01-09T01:00,191.4,195.6,2277.0,68.7,52.2,7.0,207,121,8.0,,8.4,100,7.3,0.0,0.0,996.2,4.1,29,3,75.0
2026-01-09T02:00,189.1,193.7,1951.0,62.3,38.8,9.0,209,120,8.0,,8.3,98,7.0,0.0,0.0,996.3,4.8,25,3,85.0
2026-01-09T03:00,184.9,189.1,1706.0,55.7,30.0,13.0,211,118,8.0,,7.9,96,6.4,0.0,0.0,996.1,5.3,33,3,90.0
2026-01-09T04:00,170.0,174.2,1498.0,49.1,23.9,18.0,213,112,8.0,,7.6,97,5.9,0.0,0.0,995.6,6.0,39,3,110.0
2026-01-09T05:00,147.1,150.9,1403.0,30.5,17.4,33.0,215,103,7.0,,7.5,97,6.1,0.0,0.0,995.7,3.9,34,3,75.0
2026-01-09T06:00,141.6,144.8,1513.0,32.9,20.2,30.0,216,101,6.0,,7.7,95,6.5,0.7,0.7,996.3,2.7,37,53,70.0
2026-01-09T07:00,146.2,149.0,1736.0,36.2,24.1,27.0,217,102,6.0,,7.8,95,6.8,0.0,0.0,996.9,1.8,336,3,30.0
2026-01-09T08:00,143.9,147.1,1876.0,38.3,27.6,32.0,219,102,5.0,,8.2,95,7.1,0.0,0.0,997.3,3.3,6,3,90.0
2026-01-09T09:00,148.1,150.4,1849.0,38.1,29.6,51.0,220,103,5.0,,9.3,96,8.5,0.0,0.0,997.9,2.9,90,3,80.0
2026-01-09T10:00,139.7,142.0,1739.0,36.6,31.1,77.0,221,100,4.0,,11.4,89,11.1,0.0,0.0,998.3,0.9,90,2,170.0
2026-01-09T11:00,107.3,109.7,1596.0,35.2,34.5,100.0,223,87,4.0,,13.4,78,12.9,0.0,0.0,998.2,2.1,160,1,260.0
2026-01-09T12:00,81.7,83.6,1352.0,32.4,41.6,117.0,223,76,4.0,,15.3,67,14.7,0.0,0.0,997.3,1.8,169,0,375.0
2026-01-09T13:00,69.8,71.2,1075.0,29.7,50.5,131.0,223,70,3.0,,16.5,59,16.1,0.0,0.0,996.3,0.2,90,0,470.0
2026-01-09T14:00,66.8,68.2,1027.0,32.4,57.3,132.0,222,68,3.0,,17.1,54,16.3,0.0,0.0,995.5,1.5,7,0,540.0
2026-01-09T15:00,66.6,68.0,1463.0,46.2,60.6,113.0,221,68,3.0,,17.3,52,16.3,0.0,0.0,995.0,2.0,360,0,595.0
2026-01-09T16:00,73.3,74.5,2128.0,65.4,61.7,83.0,221,72,2.0,,16.9,55,16.0,0.0,0.0,994.8,2.5,356,0,620.0
2026-01-09T17:00,116.2,119.2,2516.0,76.5,64.2,67.0,221,90,5.0,,15.0,65,14.1,0.0,0.0,994.3,3.4,342,0,80.0
2026-01-09T18:00,132.7,135.5,2325.0,75.8,62.0,55.0,221,97,5.0,,13.8,70,12.6,0.0,0.0,994.6,5.1,342,0,130.0
2026-01-09T19:00,138.8,141.1,1857.0,74.6,58.8,38.0,220,100,4.0,,12.9,78,11.8,0.0,0.0,995.0,5.4,345,0,135.0
2026-01-09T20:00,140.6,142.5,1510.0,71.7,55.3,26.0,219,100,4.0,,12.2,82,11.1,0.0,0.0,995.4,6.0,350,0,145.0
2026-01-09T21:00,140.6,143.0,1468.0,65.9,51.7,23.0,217,100,4.0,,11.2,87,10.1,0.0,0.0,995.3,5.1,350,0,140.0
2026-01-09T22:00,143.0,145.3,1548.0,58.5,47.8,23.0,215,101,4.0,,10.4,89,9.3,0.0,0.0,995.3,4.5,344,0,120.0
2026-01-09T23:00,144.4,146.7,1594.0,51.3,43.3,25.0,212,102,4.0,,10.0,91,8.9,0.0,0.0,995.0,4.4,330,0,105.0
2026-01-10T00:00,141.6,143.4,1538.0,44.9,37.5,26.0,209,101,4.0,,9.4,93,8.2,0.0,0.0,994.7,4.5,323,0,90.0
2026-01-10T01:00,137.8,139.7,1450.0,38.9,31.1,28.0,206,99,4.0,,8.8,95,7.6,0.0,0.0,994.3,4.8,323,0,85.0
2026-01-10T02:00,133.6,135.5,1382.0,33.9,26.2,29.0,204,97,4.0,,8.5,96,7.2,0.0,0.0,994.4,4.7,310,0,90.0
2026-01-10T03:00,129.9,131.8,1333.0,29.7,23.4,29.0,202,96,4.0,,8.2,97,6.8,0.0,0.0,994.1,5.0,311,0,95.0
2026-01-10T04:00,127.1,129.0,1305.0,26.6,22.1,29.0,200,95,3.0,,7.8,98,6.4,0.0,0.0,993.8,5.1,297,0,85.0
2026-01-10T05:00,115.5,117.3,1353.0,21.7,21.5,33.0,198,90,3.0,,7.2,98,5.7,0.0,0.0,993.6,4.7,298,0,70.0
2026-01-10T06:00,117.3,119.0,1562.0,26.3,24.9,26.0,197,91,3.0,,7.0,98,5.4,0.0,0.0,994.1,4.8,297,0,75.0
2026-01-10T07:00,127.1,129.0,1847.0,32.4,29.7,18.0,197,95,2.0,,6.6,98,4.9,0.0,0.0,994.4,5.4,290,1,85.0
2026-01-10T08:00,136.0,137.4,2017.0,35.8,33.5,23.0,196,98,2.0,,7.9,96,6.1,0.0,0.0,995.2,6.7,290,2,105.0
2026-01-10T09:00,133.2,134.6,1980.0,34.2,35.1,52.0,196,97,2.0,,9.5,92,8.2,0.0,0.0,996.3,5.7,288,1,140.0
2026-01-10T10:00,130.4,131.8,1828.0,29.8,35.8,93.0,195,96,3.0,,11.5,85,10.5,0.0,0.0,996.6,5.3,282,0,185.0
2026-01-10T11:00,121.1,122.9,1641.0,25.6,37.3,126.0,195,92,3.0,,13.4,75,12.2,0.0,0.0,996.2,6.1,284,0,240.0
2026-01-10T12:00,106.2,108.3,1402.0,21.0,41.0,146.0,196,86,3.0,,15.2,66,14.2,0.0,0.0,995.4,6.2,291,0,305.0
2026-01-10T13:00,89.9,92.0,1129.0,16.4,45.4,158.0,196,80,4.0,,16.5,58,15.2,0.0,0.0,994.1,7.0,296,0,390.0
2026-01-10T14:00,76.4,78.7,959.0,16.3,47.8,158.0,197,79,4.0,,17.1,54,15.4,0.0,0.0,993.6,7.6,295,0,465.0
2026-01-10T15:00,72.2,74.3,969.0,24.2,46.3,140.0,197,71,4.0,,17.0,54,15.3,0.0,0.0,993.3,7.6,298,0,505.0
2026-01-10T16:00,74.5,76.4,1082.0,36.5,42.8,110.0,197,72,3.0,,16.3,58,14.6,0.0,0.0,993.5,7.8,299,0,500.0
2026-01-10T17:00,81.0,82.2,1202.0,39.2,41.1,89.0,197,76,2.0,,14.9,66,13.4,0.0,0.0,993.3,7.7,291,0,355.0
2026-01-10T18:00,87.5,88.7,1320.0,41.5,38.9,77.0,196,79,2.0,,13.6,72,12.3,0.0,0.0,993.9,6.3,290,0,225.0
2026-01-10T19:00,91.0,92.2,1445.0,44.6,35.8,61.0,195,80,2.0,,12.9,73,11.4,0.0,0.0,994.6,7.5,297,0,240.0
2026-01-10T20:00,95.2,96.6,1513.0,45.5,33.2,49.0,194,82,2.0,,12.1,76,10.5,0.0,0.0,995.0,7.1,304,0,210.0
2026-01-10T21:00,98.0,99.4,1484.0,42.6,31.8,46.0,192,83,2.0,,11.0,80,9.4,0.0,0.0,995.6,6.9,303,0,195.0
2026-01-10T22:00,102.0,103.4,1399.0,37.6,30.9,48.0,191,85,2.0,,10.2,82,8.6,0.0,0.0,995.8,6.4,302,0,170.0
2026-01-10T23:00,105.9,107.3,1311.0,32.5,29.7,51.0,190,86,2.0,,9.6,86,8.1,0.0,0.0,995.9,5.6,301,0,135.0
2026-01-11T00:00,106.9,108.3,1232.0,27.5,27.5,54.0,189,87,2.0,,9.4,86,7.7,0.0,0.0,995.9,6.7,297,0,135.0
2026-01-11T01:00,108.0,109.4,1151.0,22.4,25.0,57.0,188,87,2.0,,8.8,88,6.9,0.0,0.0,996.0,7.2,297,0,140.0
2026-01-11T02:00,109.2,110.6,1090.0,18.4,23.2,60.0,187,88,2.0,,8.2,90,6.3,0.0,0.0,996.0,6.9,300,0,140.0
2026-01-11T03:00,109.9,111.3,1030.0,15.4,22.1,62.0,186,88,2.0,,7.7,92,5.7,0.0,0.0,996.1,7.0,305,0,155.0
2026-01-11T04:00,110.4,111.8,990.0,13.5,21.7,64.0,185,88,2.0,,7.2,93,5.2,0.0,0.0,996.0,7.3,300,0,155.0
2026-01-11T05:00,101.3,102.7,1052.0,13.6,21.8,68.0,185,85,2.0,,6.6,95,4.5,0.0,0.0,996.3,7.1,300,0,130.0
2026-01-11T06:00,101.0,102.4,1332.0,21.1,25.3,58.0,184,84,2.0,,6.3,95,4.4,0.0,0.0,996.6,5.9,297,0,115.0
2026-01-11T07:00,109.2,110.6,1715.0,31.2,30.1,47.0,184,88,2.0,,6.0,96,3.9,0.0,0.0,997.0,6.2,280,0,95.0
2026-01-11T08:00,118.5,119.7,1936.0,36.6,33.5,48.0,183,91,2.0,,6.9,95,4.7,0.0,0.0,997.7,8.1,283,0,135.0
2026-01-11T09:00,114.3,115.7,1854.0,32.8,34.4,75.0,183,90,2.0,,8.6,88,6.6,0.0,0.0,998.6,7.5,285,0,175.0
2026-01-11T10:00,108.5,110.1,1611.0,24.3,34.0,115.0,182,87,3.0,,10.9,77,9.1,0.0,0.0,999.5,7.3,298,0,225.0
2026-01-11T11:00,93.4,95.2,1362.0,17.2,32.9,145.0,182,81,3.0,,12.6,69,10.7,0.0,0.0,999.3,7.6,306,0,300.0
2026-01-11T12:00,65.2,67.1,1123.0,12.7,30.8,156.0,181,78,3.0,,14.4,57,12.6,0.0,0.0,998.5,7.7,307,0,415.0
2026-01-11T13:00,49.6,51.5,879.0,9.7,28.1,156.0,180,78,3.0,,15.8,48,13.6,0.0,0.0,997.4,8.4,304,0,580.0
2026-01-11T14:00,44.7,46.7,739.0,10.2,26.2,150.0,178,75,3.0,,16.4,45,13.7,0.0,0.0,996.5,9.4,300,0,660.0
2026-01-11T15:00,44.2,46.2,783.0,16.9,26.0,135.0,178,68,3.0,,16.3,46,13.6,0.0,0.0,995.8,9.8,296,0,625.0
2026-01-11T16:00,48.9,50.6,931.0,27.2,26.7,113.0,177,59,2.0,,15.5,52,13.1,0.0,0.0,995.5,9.1,291,0,535.0
2026-01-11T17:00,61.9,63.6,1054.0,35.7,27.5,93.0,176,66,2.0,,13.7,61,11.7,0.0,0.0,995.2,7.4,288,0,335.0
2026-01-11T18:00,75.7,77.1,1102.0,41.0,28.5,78.0,175,73,2.0,,12.5,66,10.4,0.0,0.0,995.6,8.2,292,0,270.0
2026-01-11T19:00,83.8,85.0,1124.0,44.5,29.7,66.0,175,77,2.0,,11.6,69,9.3,0.0,0.0,995.8,9.0,290,0,255.0
2026-01-11T20:00,89.4,90.6,1142.0,45.2,30.3,59.0,175,80,2.0,,10.8,73,8.4,0.0,0.0,995.9,9.7,294,0,265.0
2026-01-11T21:00,93.1,94.3,1166.0,41.9,30.1,59.0,175,81,2.0,,10.1,75,7.8,0.0,0.0,995.9,9.2,298,0,245.0
2026-01-11T22:00,97.1,98.3,1186.0,35.8,29.3,63.0,174,83,2.0,,9.3,80,7.2,0.0,0.0,996.1,7.4,299,0,195.0
2026-01-11T23:00,99.2,100.6,1186.0,30.0,28.1,67.0,174,84,2.0,,8.7,83,6.4,0.0,0.0,996.3,8.2,299,0,195.0
2026-01-12T00:00,98.7,99.9,1150.0,25.0,26.3,70.0,174,83,2.0,,8.2,85,6.0,0.0,0.0,996.1,8.2,296,0,200.0
2026-01-12T01:00,99.2,100.4,1095.0,20.3,24.1,72.0,174,84,2.0,,7.7,86,5.5,0.0,0.0,996.0,7.8,292,0,185.0
2026-01-12T02:00,99.4,100.6,1058.0,16.9,22.7,73.0,174,84,2.0,,7.1,88,4.8,0.0,0.0,995.7,7.5,290,0,160.0
2026-01-12T03:00,100.4,101.5,1026.0,14.6,22.1,72.0,173,84,2.0,,6.6,89,4.3,0.0,0.0,995.5,6.5,289,0,135.0
2026-01-12T04:00,101.5,102.4,1011.0,13.5,22.2,69.0,173,85,2.0,,6.0,89,3.8,0.0,0.0,995.3,6.2,285,0,115.0
2026-01-12T05:00,93.4,94.3,1087.0,14.2,25.5,68.0,173,81,2.0,,5.4,92,3.1,0.0,0.0,995.3,6.1,284,0,80.0
2026-01-12T06:00,96.9,97.8,1358.0,22.2,29.6,57.0,173,83,2.0,,5.1,93,2.7,0.0,0.0,996.0,6.2,280,0,80.0
2026-01-12T07:00,107.6,108.7,1720.0,33.0,35.4,45.0,172,87,2.0,,4.9,93,2.4,0.0,0.0,996.4,6.7,272,0,80.0
2026-01-12T08:00,119.0,120.1,1932.0,39.0,40.1,47.0,172,92,2.0,,5.9,91,3.5,0.0,0.0,997.0,7.0,274,0,90.0
2026-01-12T09:00,118.5,119.7,1868.0,35.5,42.9,79.0,172,91,2.0,,8.1,85,6.3,0.0,0.0,997.9,4.6,283,0,125.0
2026-01-12T10:00,112.7,114.1,1655.0,27.3,44.7,126.0,173,89,3.0,,10.9,72,9.3,0.0,0.0,998.4,4.1,299,0,180.0
2026-01-12T11:00,104.1,105.7,1424.0,20.3,45.6,163.0,173,86,3.0,,13.2,62,11.7,0.0,0.0,998.6,3.5,321,0,255.0
2026-01-12T12:00,88.7,90.6,1164.0,14.8,44.9,183.0,173,103,3.0,,15.3,49,13.9,0.0,0.0,997.9,3.6,333,0,400.0
2026-01-12T13:00,73.6,75.4,888.0,10.7,43.2,193.0,174,113,3.0,,16.5,41,14.7,0.0,0.0,997.1,4.4,328,0,545.0
2026-01-12T14:00,64.7,66.4,766.0,13.5,42.8,190.0,174,110,3.0,,17.1,37,14.6,0.0,0.0,996.3,5.3,322,0,655.0
2026-01-12T15:00,62.2,63.6,882.0,27.9,43.6,167.0,175,87,3.0,,17.2,37,14.8,0.0,0.0,996.1,4.7,317,0,660.0
2026-01-12T16:00,66.1,67.3,1153.0,49.2,45.8,131.0,176,68,2.0,,16.6,47,15.1,0.0,0.0,995.5,2.0,315,0,460.0
2026-01-12T17:00,99.7,100.6,1496.0,66.3,48.4,99.0,176,84,2.0,,14.9,53,13.4,0.0,0.0,995.5,2.3,288,0,80.0
2026-01-12T18:00,133.2,134.1,1925.0,78.8,56.8,76.0,177,97,2.0,,13.3,57,11.5,0.0,0.0,996.0,4.0,333,0,80.0
2026-01-12T19:00,162.5,163.4,2426.0,95.9,68.4,43.0,179,109,2.0,,12.3,60,10.5,0.0,0.0,996.6,3.4,6,0,75.0
2026-01-12T20:00,184.9,185.8,2875.0,107.0,76.8,19.0,181,118,2.0,,11.5,64,9.7,0.0,0.0,997.1,3.6,27,0,75.0
2026-01-12T21:00,199.8,200.7,3257.0,106.7,79.6,10.0,184,124,2.0,,10.6,70,8.6,0.0,0.0,997.1,5.2,31,0,95.0
2026-01-12T22:00,212.8,213.7,3586.0,100.5,79.2,9.0,187,129,2.0,,10.0,73,8.3,0.0,0.0,997.3,3.7,39,0,65.0
2026-01-12T23:00,220.3,222.1,3786.0,94.3,76.9,9.0,191,132,2.0,,9.4,76,7.8,0.0,0.0,997.3,3.0,52,0,45.0
2026-01-13T00:00,221.7,223.5,3814.0,90.3,72.2,7.0,194,133,2.0,,8.6,79,7.2,0.0,0.0,996.9,1.6,84,0,20.0
2026-01-13T01:00,223.5,225.4,3713.0,86.4,65.7,5.0,198,133,2.0,,8.4,80,7.1,0.0,0.0,996.7,0.8,45,0,15.0
2026-01-13T02:00,224.4,226.3,3529.0,81.8,59.9,6.0,202,134,2.0,,7.8,83,6.5,0.0,0.0,996.5,1.0,329,0,15.0
2026-01-13T03:00,219.8,221.2,3189.0,75.6,55.2,12.0,208,132,2.0,,7.2,86,5.7,0.0,0.0,996.1,1.9,343,1,25.0
2026-01-13T04:00,208.2,210.0,2768.0,68.9,51.2,20.0,212,127,2.0,,6.7,89,4.9,0.0,0.0,995.8,3.5,336,0,40.0
2026-01-13T05:00,180.7,181.6,2535.0,54.8,37.8,35.0,217,116,2.0,,5.4,95,3.6,0.0,0.0,995.7,3.3,306,1,20.0
2026-01-13T06:00,176.5,177.4,2711.0,57.1,40.7,32.0,221,115,2.0,,5.0,99,3.2,0.0,0.0,996.1,3.6,300,3,25.0
2026-01-13T07:00,187.2,188.6,3077.0,59.8,44.8,29.0,224,119,2.0,,5.0,100,3.2,0.0,0.0,996.3,3.2,308,3,30.0
2026-01-13T08:00,197.0,197.9,3239.0,58.5,48.1,39.0,227,123,2.0,,6.4,98,4.8,0.0,0.0,996.8,3.6,303,3,55.0
2026-01-13T09:00,178.8,179.7,3003.0,49.7,50.4,73.0,230,116,2.0,,9.0,92,7.8,0.0,0.0,997.5,3.9,317,3,70.0
2026-01-13T10:00,142.5,143.9,2565.0,37.0,51.9,121.0,233,101,2.0,,10.7,87,9.9,0.0,0.0,997.7,2.7,318,0,105.0
2026-01-13T11:00,108.3,109.4,2119.0,26.3,51.4,157.0,234,87,2.0,,14.0,69,13.1,0.0,0.0,997.4,3.4,302,0,200.0
2026-01-13T12:00,80.8,81.7,1674.0,18.9,47.4,175.0,234,95,2.0,,16.7,55,15.5,0.0,0.0,996.3,5.0,296,0,375.0
2026-01-13T13:00,65.4,66.4,1221.0,13.5,41.4,182.0,234,102,1.0,,18.1,48,16.6,0.0,0.0,995.1,7.1,297,0,615.0
2026-01-13T14:00,58.0,58.8,930.0,12.8,36.7,178.0,234,98,1.0,,18.5,48,16.5,0.0,0.0,994.1,8.4,301,3,700.0
2026-01-13T15:00,56.2,56.9,905.0,19.7,34.7,159.0,233,80,1.0,,18.3,51,16.4,0.0,0.0,993.5,9.2,303,1,705.0
2026-01-13T16:00,59.4,60.1,1042.0,31.3,34.0,130.0,233,65,1.0,,17.3,56,15.6,0.0,0.0,993.0,9.0,305,1,625.0
2026-01-13T17:00,80.3,81.3,1195.0,40.2,33.1,96.0,233,75,1.0,,15.7,57,13.9,0.0,0.0,992.8,6.7,304,0,445.0
2026-01-13T18:00,89.6,90.6,1336.0,42.7,34.0,85.0,232,80,1.0,,14.3,61,12.6,0.0,0.0,993.1,6.2,308,0,305.0
2026-01-13T19:00,95.9,96.6,1493.0,46.1,35.3,71.0,230,82,1.0,,13.1,66,11.4,0.0,0.0,993.3,6.0,316,0,230.0
2026-01-13T20:00,101.7,102.4,1600.0,48.2,36.5,59.0,228,85,1.0,,11.8,72,10.1,0.0,0.0,993.2,5.6,312,0,175.0
2026-01-13T21:00,108.0,109.0,1623.0,48.1,37.9,53.0,224,87,1.0,,10.7,77,9.1,0.0,0.0,993.3,5.1,306,0,125.0
2026-01-13T22:00,116.6,117.6,1597.0,46.6,39.2,50.0,220,91,2.0,,9.9,80,8.4,0.0,0.0,992.9,4.5,307,0,90.0
2026-01-13T23:00,124.3,125.3,1555.0,43.9,39.3,48.0,216,94,2.0,,9.1,84,7.4,0.0,0.0,992.8,5.1,309,0,85.0
2026-01-14T00:00,127.1,128.5,1493.0,39.5,36.9,47.0,212,95,2.0,,8.4,87,6.6,0.0,0.0,992.2,5.2,311,0,85.0
2026-01-14T01:00,130.4,131.8,1415.0,33.8,33.3,48.0,208,96,2.0,,7.9,89,6.1,0.0,0.0,991.7,5.4,307,0,95.0
2026-01-14T02:00,132.2,133.6,1371.0,28.8,30.6,49.0,204,97,2.0,,7.7,90,5.8,0.0,0.0,992.0,5.9,297,0,115.0
2026-01-14T03:00,132.7,133.6,1378.0,24.1,29.4,51.0,201,97,2.0,,7.3,92,5.3,0.0,0.0,991.7,6.2,296,0,120.0
2026-01-14T04:00,132.2,133.6,1419.0,20.0,29.2,54.0,198,97,2.0,,6.7,94,4.6,0.0,0.0,991.3,6.8,295,0,120.0
2026-01-14T05:00,122.5,124.3,1488.0,15.8,30.9,66.0,196,93,3.0,,5.9,97,3.7,0.0,0.0,991.5,7.4,292,2,110.0
2026-01-14T06:00,123.4,124.8,1615.0,22.4,34.2,59.0,194,93,3.0,,5.7,99,3.4,0.0,0.0,992.0,8.2,292,3,140.0
2026-01-14T07:00,131.3,132.7,1771.0,31.2,38.7,50.0,192,97,2.0,,5.6,99,3.3,0.0,0.0,992.5,7.7,294,3,145.0
2026-01-14T08:00,136.0,137.4,1862.0,35.7,42.3,53.0,191,98,2.0,,5.9,96,3.7,0.0,0.0,993.1,6.8,292,3,150.0
2026-01-14T09:00,135.0,136.0,1849.0,32.0,44.3,78.0,189,98,2.0,,7.1,89,5.0,0.0,0.0,993.8,6.8,295,3,175.0
2026-01-14T10:00,125.7,127.1,1770.0,24.0,45.4,114.0,187,94,3.0,,9.7,76,7.7,0.0,0.0,994.1,5.8,292,0,235.0
2026-01-14T11:00,105.9,107.6,1647.0,17.4,45.5,142.0,187,86,3.0,,12.5,64,10.6,0.0,0.0,993.7,5.8,286,0,295.0
2026-01-14T12:00,85.7,87.1,1438.0,13.1,44.2,157.0,187,79,3.0,,15.0,53,13.4,0.0,0.0,992.8,6.5,289,0,420.0
2026-01-14T13:00,71.9,73.1,1184.0,10.1,42.0,163.0,187,83,2.0,,16.6,45,14.6,0.0,0.0,991.7,7.5,291,0,540.0
2026-01-14T14:00,64.3,65.4,1027.0,11.1,40.1,161.0,187,81,2.0,,17.4,42,14.8,0.0,0.0,991.2,8.2,289,0,615.0
2026-01-14T15:00,60.5,61.7,1024.0,18.2,38.7,145.0,187,73,2.0,,17.4,42,14.8,0.0,0.0,991.0,9.1,295,0,635.0
2026-01-14T16:00,63.6,64.3,1118.0,29.3,37.6,120.0,188,67,1.0,,16.6,48,14.2,0.0,0.0,990.8,8.5,297,0,555.0
2026-01-14T17:00,108.3,109.7,1280.0,44.6,41.4,92.0,188,87,2.0,,15.1,55,13.2,0.0,0.0,990.8,6.6,291,0,445.0
2026-01-14T18:00,119.0,120.1,1564.0,47.6,42.5,82.0,188,92,2.0,,13.4,65,11.8,0.0,0.0,991.2,5.2,292,0,255.0
2026-01-14T19:00,125.7,126.7,1917.0,51.6,44.0,68.0,189,94,2.0,,12.5,72,11.1,0.0,0.0,991.7,5.3,303,0,180.0
2026-01-14T20:00,136.0,137.4,2151.0,53.4,44.9,58.0,190,98,2.0,,11.8,77,10.4,0.0,0.0,992.4,5.5,308,0,170.0
2026-01-14T21:00,147.6,149.0,2170.0,51.3,44.8,54.0,191,103,2.0,,11.2,80,9.7,0.0,0.0,992.8,5.7,307,0,150.0
2026-01-14T22:00,155.5,156.9,2070.0,47.1,44.0,54.0,192,106,2.0,,10.4,84,8.9,0.0,0.0,992.9,5.6,312,0,130.0
2026-01-14T23:00,159.3,160.7,1958.0,42.8,42.7,54.0,194,108,2.0,,9.4,88,7.8,0.0,0.0,993.1,5.7,311,0,140.0
2026-01-15T00:00,161.6,163.4,1855.0,39.0,40.5,53.0,195,109,2.0,,8.6,89,7.1,0.0,0.0,992.9,5.0,325,0,100.0
2026-01-15T01:00,167.6,169.5,1740.0,35.2,37.7,53.0,196,111,3.0,,8.2,91,6.8,0.0,0.0,992.2,3.5,339,0,70.0
2026-01-15T02:00,173.7,175.6,1649.0,31.7,35.4,53.0,197,113,3.0,,7.7,92,6.3,0.0,0.0,992.1,3.6,327,0,60.0
2026-01-15T03:00,177.4,179.7,1571.0,27.8,33.4,54.0,198,115,3.0,,7.2,94,5.7,0.0,0.0,991.7,3.8,329,0,60.0
2026-01-15T04:00,177.0,179.3,1518.0,24.2,31.8,55.0,199,115,4.0,,6.7,96,5.2,0.0,0.0,991.2,3.6,307,0,50.0
2026-01-15T05:00,164.4,166.2,1563.0,15.7,28.6,72.0,201,110,3.0,,5.8,100,4.0,0.0,0.0,991.3,4.9,298,3,45.0
2026-01-15T06:00,165.3,166.7,1822.0,21.3,30.5,66.0,203,110,3.0,,6.1,100,4.1,0.0,0.0,991.9,6.2,282,3,65.0
2026-01-15T07:00,170.4,172.3,2180.0,28.8,33.2,60.0,204,112,3.0,,6.0,98,3.8,0.0,0.0,992.6,7.6,284,3,80.0
2026-01-15T08:00,173.2,175.1,2362.0,32.9,35.5,64.0,206,113,3.0,,6.9,96,4.9,0.0,0.0,993.5,7.5,291,3,110.0
2026-01-15T09:00,167.6,169.5,2203.0,30.6,37.1,89.0,208,111,3.0,,8.2,97,6.4,0.0,0.0,994.3,7.6,297,3,115.0
2026-01-15T10:00,161.6,163.0,1868.0,24.9,38.4,126.0,209,109,4.0,,10.8,81,9.4,0.0,0.0,994.7,5.2,292,1,205.0
2026-01-15T11:00,146.2,148.5,1577.0,19.8,39.2,156.0,210,102,4.0,,12.6,67,10.9,0.0,0.0,994.6,5.8,296,0,300.0
2026-01-15T12:00,127.1,129.5,1400.0,15.8,39.4,177.0,212,97,4.0,,15.1,54,13.5,0.0,0.0,993.6,6.2,300,0,385.0
2026-01-15T13:00,107.8,110.1,1267.0,12.4,39.0,191.0,214,111,4.0,,16.9,45,14.8,0.0,0.0,992.3,7.6,292,0,475.0
2026-01-15T14:00,92.7,95.0,1191.0,12.0,38.1,194.0,215,114,4.0,,17.8,42,15.1,0.0,0.0,991.5,9.3,289,0,530.0
2026-01-15T15:00,81.5,83.6,1193.0,17.0,36.3,178.0,217,98,4.0,,17.9,42,15.1,0.0,0.0,991.2,10.4,290,0,540.0
2026-01-15T16:00,78.0,79.6,1251.0,25.0,34.0,150.0,217,75,3.0,,17.3,48,14.8,0.0,0.0,991.0,10.2,287,0,500.0
2026-01-15T17:00,94.5,95.7,1310.0,29.5,33.0,132.0,218,82,2.0,,15.8,59,14.0,0.0,0.0,991.0,8.1,288,0,395.0
2026-01-15T18:00,98.0,99.4,1357.0,30.8,32.9,121.0,217,83,3.0,,14.3,65,12.6,0.0,0.0,991.0,7.5,290,0,275.0
2026-01-15T19:00,103.6,105.2,1404.0,32.5,32.8,105.0,217,85,3.0,,13.4,69,11.7,0.0,0.0,991.3,7.0,293,0,205.0
2026-01-15T20:00,109.7,112.0,1435.0,33.7,32.9,92.0,216,88,4.0,,12.5,71,10.8,0.0,0.0,991.8,7.2,292,0,170.0
2026-01-15T21:00,116.4,119.2,1444.0,34.1,33.6,83.0,215,91,5.0,,11.7,72,9.9,0.0,0.0,992.1,6.9,290,0,145.0
2026-01-15T22:00,124.8,128.1,1437.0,34.0,34.5,77.0,213,94,5.0,,10.9,75,9.1,0.0,0.0,992.0,6.2,292,1,120.0
2026-01-15T23:00,130.4,133.6,1407.0,32.6,34.3,72.0,212,96,6.0,,9.7,82,8.1,0.0,0.0,992.3,5.6,310,1,115.0
2026-01-16T00:00,131.8,135.5,1336.0,29.2,32.0,69.0,211,97,6.0,,8.9,84,7.2,0.0,0.0,991.6,5.2,311,1,100.0
2026-01-16T01:00,133.6,137.4,1244.0,24.5,28.6,67.0,210,97,7.0,,8.3,86,6.6,0.0,0.0,991.3,4.7,302,1,80.0
2026-01-16T02:00,135.5,139.2,1178.0,20.8,26.1,66.0,208,98,7.0,,7.8,87,6.0,0.0,0.0,991.0,5.0,296,0,70.0
2026-01-16T03:00,137.4,141.1,1137.0,18.0,24.9,65.0,207,99,7.0,,7.4,89,5.5,0.0,0.0,990.7,5.2,299,0,70.0
2026-01-16T04:00,139.2,143.0,1123.0,16.1,24.6,64.0,205,100,7.0,,6.9,90,5.0,0.0,0.0,990.3,5.1,288,1,65.0
2026-01-16T05:00,155.5,158.3,1194.0,18.6,26.7,62.0,203,106,5.0,,6.2,93,4.2,0.0,0.0,990.8,4.9,278,1,60.0
2026-01-16T06:00,155.5,158.3,1445.0,25.1,29.8,55.0,203,106,5.0,,6.1,93,4.1,0.0,0.0,990.8,5.0,268,0,55.0
2026-01-16T07:00,160.7,163.4,1781.0,33.8,34.1,46.0,203,108,5.0,,6.2,92,4.1,0.0,0.0,991.4,6.1,268,0,60.0
2026-01-16T08:00,163.4,166.2,1973.0,38.5,37.3,51.0,202,109,5.0,,7.8,86,5.4,0.0,0.0,992.0,8.7,263,1,85.0
2026-01-16T09:00,161.1,163.4,1901.0,35.4,38.3,81.0,202,108,6.0,,10.8,75,9.0,0.0,0.0,992.9,5.9,272,0,125.0
2026-01-16T10:00,148.5,152.7,1686.0,28.3,38.2,124.0,201,103,8.0,,14.0,62,12.5,0.0,0.0,993.2,4.3,285,0,165.0
2026-01-16T11:00,132.2,137.4,1459.0,22.1,38.4,157.0,201,97,9.0,,16.6,51,15.0,0.0,0.0,993.4,4.2,310,2,265.0
2026-01-16T12:00,110.6,116.4,1220.0,16.8,39.3,174.0,200,94,10.0,,18.5,41,17.0,0.0,0.0,992.4,4.1,319,2,370.0
2026-01-16T13:00,94.1,100.4,970.0,12.5,40.5,181.0,200,101,11.0,,19.8,35,18.1,0.0,0.0,991.4,4.1,326,3,475.0
2026-01-16T14:00,85.2,91.3,845.0,14.3,41.8,175.0,199,95,11.0,,20.5,33,18.4,0.0,0.0,990.5,4.2,320,3,535.0
2026-01-16T15:00,78.9,84.8,870.0,26.1,41.5,151.0,199,76,10.0,,20.5,35,18.5,0.0,0.0,990.2,4.3,332,0,545.0
2026-01-16T16:00,80.8,85.4,1020.0,44.0,41.2,114.0,199,75,9.0,,19.8,41,18.4,0.0,0.0,989.9,3.1,336,0,515.0
2026-01-16T17:00,119.7,124.3,1363.0,59.3,48.0,90.0,199,92,8.0,,17.3,55,16.4,0.0,0.0,990.0,2.9,353,3,110.0
2026-01-16T18:00,152.3,156.9,2117.0,75.2,61.6,68.0,200,105,8.0,,15.6,60,14.6,0.0,0.0,990.2,3.2,16,3,65.0
2026-01-16T19:00,184.4,189.1,3064.0,97.1,80.8,37.0,202,118,8.0,,14.5,66,13.5,0.0,0.0,990.5,3.3,49,3,55.0
2026-01-16T20:00,214.7,219.3,3608.0,113.5,97.9,14.0,205,130,8.0,,13.8,68,12.9,0.0,0.0,990.3,2.5,90,3,35.0
2026-01-16T21:00,240.3,244.9,3357.0,119.7,112.1,5.0,210,140,8.0,,13.2,70,12.3,0.0,0.0,990.5,2.1,142,3,25.0
2026-01-16T22:00,258.9,263.6,2704.0,120.3,124.2,2.0,215,148,9.0,,12.2,72,11.1,0.0,0.0,990.2,2.5,176,3,20.0
2026-01-16T23:00,263.6,268.2,2235.0,117.5,128.6,2.0,221,149,9.0,,11.2,77,9.7,0.0,0.0,990.4,4.9,190,3,35.0
2026-01-17T00:00,257.0,261.7,2198.0,110.7,120.4,3.0,226,147,9.0,,10.5,79,9.2,0.0,0.0,990.1,3.1,183,3,25.0
2026-01-17T01:00,250.5,255.2,2345.0,100.6,104.6,6.0,231,144,9.0,,10.3,79,9.3,0.0,0.0,990.0,1.2,117,3,15.0
2026-01-17T02:00,243.1,248.7,2521.0,91.3,89.9,9.0,236,141,9.0,,9.6,82,8.4,0.0,0.0,989.8,2.4,48,3,25.0
2026-01-17T03:00,237.0,242.1,2633.0,83.7,78.0,9.0,241,139,9.0,,9.0,85,7.5,0.0,0.0,989.7,4.3,57,3,35.0
2026-01-17T04:00,229.6,234.2,2773.0,76.9,67.2,9.0,245,136,8.0,,8.4,88,7.0,0.0,0.0,989.4,3.6,70,3,35.0
2026-01-17T05:00,237.5,242.1,3066.0,75.0,61.5,4.0,249,139,9.0,,7.9,91,6.5,0.0,0.0,989.6,3.2,52,3,35.0
2026-01-17T06:00,251.5,256.1,3782.0,72.5,68.0,0.0,252,145,8.0,,7.8,90,6.3,0.0,0.0,989.9,3.3,81,3,30.0
2026-01-17T07:00,282.2,287.8,4650.0,69.0,76.8,0.0,256,157,8.0,,7.8,90,6.6,0.0,0.0,990.5,1.7,122,3,15.0
2026-01-17T08:00,321.3,325.0,4984.0,65.0,81.7,5.0,261,173,7.0,,9.4,88,8.2,0.0,0.0,990.9,3.3,126,3,30.0
2026-01-17T09:00,240.3,244.0,4300.0,61.0,79.2,41.0,268,140,7.0,,12.1,79,11.3,0.0,0.0,991.7,2.7,110,3,65.0
2026-01-17T10:00,197.0,200.7,3082.0,56.7,72.9,92.0,271,123,8.0,,15.6,65,15.0,0.0,0.0,992.2,2.1,110,3,130.0
2026-01-17T11:00,141.1,145.8,2098.0,51.4,67.1,132.0,273,100,8.0,,18.3,54,17.7,0.0,0.0,992.0,2.1,149,3,265.0
2026-01-17T12:00,109.4,113.4,1625.0,41.2,62.7,157.0,273,88,7.0,,20.7,45,20.3,0.0,0.0,991.2,1.3,172,3,425.0
2026-01-17T13:00,87.5,90.6,1386.0,30.1,58.7,172.0,273,92,5.0,,21.9,40,21.4,0.0,0.0,990.0,0.9,217,3,585.0
2026-01-17T14:00,72.9,75.2,1311.0,29.6,57.0,171.0,273,91,4.0,,22.5,39,21.8,0.0,0.0,989.0,1.1,261,3,720.0
2026-01-17T15:00,68.5,70.3,1427.0,48.9,57.9,146.0,272,73,3.0,,22.6,39,21.9,0.0,0.0,988.5,1.0,292,3,805.0
2026-01-17T16:00,78.2,79.9,1707.0,78.7,61.0,106.0,272,74,3.0,,22.0,45,21.6,0.0,0.0,987.9,1.4,23,3,805.0
2026-01-17T17:00,161.1,163.9,2001.0,125.9,95.4,67.0,272,108,5.0,,19.7,53,19.3,0.0,0.0,987.7,2.3,45,3,80.0
2026-01-17T18:00,200.2,203.0,2262.0,128.4,101.4,52.0,274,124,5.0,,17.6,57,16.7,0.0,0.0,987.7,4.4,63,3,135.0
2026-01-17T19:00,224.4,227.2,2537.0,131.4,109.5,30.0,276,134,5.0,,16.3,65,15.5,0.0,0.0,987.8,5.0,77,3,120.0
2026-01-17T20:00,228.6,231.4,2817.0,131.1,114.5,14.0,277,135,5.0,,15.4,72,15.0,0.0,0.0,988.0,3.6,84,3,90.0
2026-01-17T21:00,231.0,233.8,3140.0,124.3,113.9,7.0,278,136,5.0,,14.5,78,14.2,0.0,0.0,987.9,3.3,81,3,65.0
2026-01-17T22:00,242.1,244.9,3468.0,114.0,110.1,5.0,278,141,5.0,,13.6,82,13.3,0.0,0.0,987.8,3.2,90,2,55.0
2026-01-17T23:00,251.5,254.3,3674.0,105.6,105.2,4.0,277,145,5.0,,12.8,87,12.4,0.0,0.0,987.7,3.9,137,3,50.0
2026-01-18T00:00,252.4,255.2,3678.0,101.4,99.3,3.0,276,145,5.0,,12.0,88,11.6,0.0,0.0,987.6,3.1,140,2,40.0
2026-01-18T01:00,252.4,255.2,3560.0,99.1,92.3,2.0,276,145,6.0,,11.5,89,11.0,0.0,0.0,987.3,2.9,158,0,35.0
2026-01-18T02:00,250.5,253.3,3433.0,96.9,86.1,2.0,276,144,6.0,,11.1,89,10.6,0.0,0.0,986.8,2.5,150,0,35.0
2026-01-18T03:00,245.9,249.6,3306.0,94.8,81.4,1.0,277,142,6.0,,10.7,90,10.2,0.0,0.0,986.3,2.1,121,0,25.0
2026-01-18T04:00,243.1,245.9,3170.0,92.9,77.4,0.0,277,141,6.0,,10.1,92,9.4,0.0,0.0,985.9,2.3,129,0,20.0
2026-01-18T05:00,200.7,203.5,3115.0,96.6,75.9,0.0,277,124,5.0,,8.1,100,7.2,0.0,0.0,985.8,3.1,170,3,15.0
2026-01-18T06:00,208.2,210.9,3239.0,93.4,83.3,0.0,276,127,5.0,,8.2,99,7.3,0.0,0.0,986.3,2.9,120,3,15.0
2026-01-18T07:00,231.4,234.2,3443.0,88.5,93.1,1.0,274,137,4.0,,8.2,99,7.0,0.0,0.0,986.9,3.9,114,3,35.0
2026-01-18T08:00,241.2,244.0,3528.0,81.6,97.6,16.0,272,140,4.0,,9.3,97,8.4,0.0,0.0,987.8,3.9,146,3,65.0
2026-01-18T09:00,213.7,215.1,3415.0,71.5,91.0,56.0,269,129,4.0,,10.7,94,10.0,0.0,0.0,988.9,4.3,107,3,90.0
2026-01-18T10:00,192.3,194.2,3182.0,59.3,79.0,110.0,268,121,4.0,,13.0,85,12.7,0.0,0.0,989.8,3.3,96,1,135.0
2026-01-18T11:00,165.3,167.2,2861.0,48.4,70.9,157.0,267,110,4.0,,16.8,71,16.7,0.0,0.0,989.3,4.0,100,0,225.0
2026-01-18T12:00,139.2,141.1,2376.0,37.2,71.2,192.0,268,112,4.0,,20.2,56,20.2,0.0,0.0,988.4,4.8,119,0,405.0
2026-01-18T13:00,119.7,121.1,1803.0,27.4,75.4,220.0,270,140,3.0,,21.5,49,21.0,0.0,0.0,987.6,6.0,134,0,605.0
2026-01-18T14:00,106.6,108.0,1403.0,26.6,78.7,229.0,271,149,3.0,,22.0,46,20.9,0.0,0.0,987.0,6.9,139,0,760.0
2026-01-18T15:00,100.4,101.5,1286.0,41.6,79.0,209.0,272,129,3.0,,22.0,43,20.9,0.0,0.0,986.7,5.6,138,1,750.0
2026-01-18T16:00,108.5,109.7,1342.0,65.7,78.5,169.0,274,89,2.0,,21.6,43,20.5,0.0,0.0,986.9,4.9,126,0,665.0
2026-01-18T17:00,153.2,154.6,1507.0,71.0,70.2,125.0,275,105,2.0,,20.2,50,19.3,0.0,0.0,986.9,4.8,112,1,285.0
2026-01-18T18:00,188.6,190.0,1823.0,87.6,77.6,94.0,275,119,2.0,,18.8,61,18.3,0.0,0.0,987.4,5.7,108,0,165.0
2026-01-18T19:00,220.3,221.7,2247.0,109.9,87.6,52.0,274,132,2.0,,17.6,71,17.5,0.0,0.0,988.0,5.7,108,0,125.0
2026-01-18T20:00,239.3,241.2,2584.0,122.7,92.9,22.0,274,140,2.0,,16.3,79,16.5,0.0,0.0,988.5,4.6,108,0,100.0
2026-01-18T21:00,241.2,242.1,2777.0,117.4,89.5,17.0,274,140,2.0,,15.6,82,15.7,0.0,0.0,989.0,4.6,99,0,85.0
2026-01-18T22:00,229.1,230.5,2882.0,102.5,81.5,24.0,275,136,2.0,,14.9,86,14.9,0.0,0.0,989.0,4.9,92,3,90.0
2026-01-18T23:00,213.7,215.1,2874.0,89.0,73.4,30.0,274,129,2.0,,14.1,89,14.1,0.0,0.0,988.9,5.2,102,1,85.0
2026-01-19T00:00,198.8,200.2,2705.0,80.5,66.3,32.0,273,124,2.0,,13.7,89,13.5,0.0,0.0,989.1,5.4,105,3,90.0
2026-01-19T01:00,190.5,191.4,2422.0,73.3,59.1,34.0,270,120,2.0,,13.8,87,13.4,0.0,0.0,989.2,6.0,100,0,105.0
2026-01-19T02:00,188.1,189.5,2146.0,66.9,53.5,34.0,268,119,2.0,,13.3,87,12.8,0.0,0.0,989.0,5.8,104,1,100.0
2026-01-19T03:00,190.0,191.4,1829.0,60.1,49.8,33.0,265,120,2.0,,12.4,89,11.8,0.0,0.0,988.7,5.1,107,0,85.0
2026-01-19T04:00,191.4,192.8,1518.0,54.1,47.7,30.0,263,121,2.0,,11.5,91,10.8,0.0,0.0,988.4,4.8,110,0,75.0
2026-01-19T05:00,175.1,176.5,1471.0,41.9,45.0,35.0,261,114,2.0,,11.3,91,10.6,0.0,0.0,988.5,4.0,87,0,60.0
2026-01-19T06:00,176.0,177.0,1981.0,51.7,52.9,26.0,260,114,2.0,,10.9,92,10.4,0.0,0.0,989.1,2.5,86,0,45.0
2026-01-19T07:00,193.2,194.2,2755.0,64.7,63.5,16.0,258,121,2.0,,10.7,92,10.3,0.0,0.0,989.6,2.1,75,1,40.0
2026-01-19T08:00,217.0,217.9,3177.0,70.5,69.3,24.0,257,131,2.0,,12.3,87,11.8,0.0,0.0,990.4,4.1,88,1,50.0
2026-01-19T09:00,181.1,182.1,2893.0,62.4,65.2,66.0,256,116,2.0,,15.0,74,14.8,0.0,0.0,991.3,1.9,61,0,95.0
2026-01-19T10:00,156.9,157.9,2257.0,47.1,56.3,126.0,254,107,2.0,,18.2,60,18.1,0.0,0.0,992.1,1.0,45,0,185.0
2026-01-19T11:00,123.9,124.8,1707.0,34.3,49.9,170.0,253,94,2.0,,20.7,46,20.2,0.0,0.0,991.8,0.7,90,0,375.0
2026-01-19T12:00,92.2,93.4,1390.0,25.5,49.2,187.0,251,107,2.0,,23.6,29,22.6,0.0,0.0,991.2,0.9,37,0,730.0
2026-01-19T13:00,72.6,73.8,1160.0,19.2,51.0,189.0,249,109,2.0,,24.7,22,22.9,0.0,0.0,990.1,1.7,32,0,1530.0
2026-01-19T14:00,67.5,68.5,1020.0,20.2,53.1,179.0,247,99,2.0,,25.1,21,22.7,0.0,0.0,989.4,2.8,40,0,1865.0
2026-01-19T15:00,67.5,68.5,977.0,34.3,54.6,153.0,246,77,2.0,,25.0,21,22.5,0.0,0.0,989.0,3.7,39,0,2240.0
2026-01-19T16:00,76.1,76.8,1024.0,55.7,56.5,116.0,244,73,1.0,,24.4,23,21.8,0.0,0.0,989.0,4.9,24,0,2125.0
2026-01-19T17:00,132.2,133.2,1142.0,78.0,66.7,112.0,243,97,2.0,,22.3,28,20.1,0.0,0.0,988.7,3.7,23,0,695.0
2026-01-19T18:00,161.1,162.1,1373.0,86.0,71.3,89.0,242,108,2.0,,20.2,37,18.3,0.0,0.0,989.2,4.1,2,0,265.0
2026-01-19T19:00,182.5,183.5,1676.0,96.6,77.6,58.0,241,117,2.0,,19.0,46,17.6,0.0,0.0,989.5,3.6,340,0,175.0
2026-01-19T20:00,194.6,195.1,1900.0,101.5,81.2,35.0,239,122,2.0,,18.0,53,16.8,0.0,0.0,989.8,4.4,328,0,145.0
2026-01-19T21:00,196.5,197.4,1983.0,95.8,80.5,30.0,238,123,2.0,,17.1,60,16.4,0.0,0.0,989.8,3.8,329,0,115.0
2026-01-19T22:00,199.3,200.2,1988.0,84.4,77.2,33.0,236,124,2.0,,16.3,67,15.8,0.0,0.0,989.8,3.5,305,0,85.0
2026-01-19T23:00,199.3,200.2,1959.0,73.7,72.1,36.0,234,124,2.0,,15.1,75,14.5,0.0,0.0,989.8,5.2,272,0,70.0
2026-01-20T00:00,192.3,193.2,1894.0,65.8,64.4,36.0,234,121,2.0,,14.3,79,13.7,0.0,0.0,989.6,5.1,280,0,60.0
2026-01-20T01:00,185.3,187.2,1795.0,58.6,55.0,36.0,234,118,3.0,,13.3,82,12.7,0.0,0.0,989.4,4.8,304,0,55.0
2026-01-20T02:00,179.3,181.6,1704.0,51.7,47.4,37.0,233,116,4.0,,12.8,82,12.1,0.0,0.0,989.1,4.5,313,0,60.0
2026-01-20T03:00,172.8,175.6,1606.0,43.6,42.6,39.0,233,113,6.0,,12.5,80,11.7,0.0,0.0,989.0,3.8,319,0,60.0
2026-01-20T04:00,164.4,168.6,1516.0,35.9,39.7,41.0,232,110,7.0,,11.8,82,10.8,0.0,0.0,988.8,4.5,299,0,50.0
2026-01-20T05:00,172.3,177.0,1529.0,31.2,41.6,46.0,231,113,8.0,,11.0,85,9.8,0.0,0.0,989.2,5.5,279,0,65.0
2026-01-20T06:00,174.6,180.2,1774.0,38.0,47.0,37.0,231,114,8.0,,10.6,85,9.2,0.0,0.0,989.7,6.2,278,0,70.0
2026-01-20T07:00,190.0,196.0,2121.0,47.2,54.3,26.0,231,120,9.0,,10.2,85,8.7,0.0,0.0,990.4,6.1,282,0,70.0
2026-01-20T08:00,204.4,210.5,2276.0,51.8,59.3,29.0,231,126,10.0,,12.0,75,10.3,0.0,0.0,991.2,7.6,278,0,75.0
2026-01-20T09:00,189.5,194.2,2067.0,48.1,59.8,60.0,230,120,11.0,,15.3,62,13.9,0.0,0.0,992.3,5.8,277,0,105.0
2026-01-20T10:00,174.2,180.2,1665.0,40.0,57.8,105.0,231,114,13.0,,18.7,51,17.6,0.0,0.0,993.5,4.8,285,0,190.0
2026-01-20T11:00,146.7,154.1,1291.0,32.1,55.4,140.0,231,103,14.0,,21.7,44,20.3,0.0,0.0,993.4,7.0,283,0,480.0
2026-01-20T12:00,110.6,119.0,991.0,24.4,52.8,158.0,232,88,14.0,,23.5,36,22.1,0.0,0.0,992.7,7.9,287,0,1645.0
2026-01-20T13:00,90.8,98.0,720.0,16.9,49.8,167.0,233,87,12.0,,24.2,31,22.5,0.0,0.0,991.8,8.0,280,0,1850.0
2026-01-20T14:00,85.2,91.3,561.0,15.0,47.2,165.0,234,85,11.0,,24.3,32,22.1,0.0,0.0,990.9,8.7,283,2,1870.0
2026-01-20T15:00,83.4,88.7,565.0,22.6,45.0,148.0,235,77,10.0,,23.9,33,21.8,0.0,0.0,990.5,8.4,290,2,1750.0
2026-01-20T16:00,86.8,91.5,681.0,35.7,43.3,120.0,235,78,9.0,,23.2,35,21.2,0.0,0.0,990.4,8.1,294,1,1635.0
2026-01-20T17:00,105.5,108.5,838.0,50.9,41.2,89.0,236,86,6.0,,22.1,33,19.9,0.0,0.0,990.2,6.6,303,0,445.0
2026-01-20T18:00,118.7,122.0,1054.0,56.4,43.3,75.0,235,91,6.0,,20.4,41,18.7,0.0,0.0,990.7,5.9,310,0,230.0
2026-01-20T19:00,128.1,131.3,1310.0,63.9,46.2,56.0,233,95,7.0,,19.1,51,18.0,0.0,0.0,991.1,4.9,327,0,180.0
2026-01-20T20:00,135.0,138.8,1479.0,68.7,48.3,40.0,231,98,7.0,,18.1,60,17.4,0.0,0.0,991.6,5.0,345,0,155.0
2026-01-20T21:00,142.0,146.2,1494.0,68.8,49.4,32.0,228,101,8.0,,17.2,68,16.8,0.0,0.0,992.0,4.7,353,0,115.0
2026-01-20T22:00,150.4,155.1,1421.0,66.2,49.8,28.0,226,104,8.0,,16.5,72,16.2,0.0,0.0,992.2,4.7,7,0,105.0
2026-01-20T23:00,151.3,156.5,1333.0,62.1,48.5,26.0,224,105,9.0,,15.9,78,15.7,0.0,0.0,992.3,4.9,343,0,135.0
2026-01-21T00:00,144.4,149.5,1232.0,56.0,44.1,26.0,222,102,9.0,,14.5,81,14.2,0.0,0.0,992.0,5.1,333,0,105.0
2026-01-21T01:00,139.7,145.3,1115.0,48.4,38.0,29.0,220,100,10.0,,13.8,82,13.4,0.0,0.0,992.0,4.4,322,0,85.0
2026-01-21T02:00,135.5,141.1,1045.0,41.9,33.3,31.0,218,98,10.0,,13.0,83,12.4,0.0,0.0,991.6,4.0,309,0,75.0
2026-01-21T03:00,131.8,137.4,1026.0,36.9,30.8,32.0,216,97,10.0,,12.5,83,11.9,0.0,0.0,991.6,3.4,302,0,50.0
2026-01-21T04:00,127.1,132.7,1053.0,33.1,29.7,32.0,214,95,10.0,,11.6,85,10.8,0.0,0.0,991.4,4.5,284,0,45.0
2026-01-21T05:00,114.1,119.0,1174.0,26.9,29.5,34.0,213,90,9.0,,11.1,94,10.4,0.0,0.0,991.5,4.4,291,0,50.0
2026-01-21T06:00,116.6,121.5,1498.0,31.6,33.8,28.0,210,91,9.0,,10.2,96,9.5,0.0,0.0,991.8,4.1,293,1,45.0
2026-01-21T07:00,129.5,134.1,1915.0,37.9,39.7,20.0,208,96,8.0,,9.7,99,8.8,0.0,0.0,992.6,5.3,288,2,50.0
2026-01-21T08:00,139.7,143.9,2152.0,40.8,43.7,26.0,205,100,8.0,,10.6,94,9.8,0.0,0.0,993.3,4.6,283,2,60.0
2026-01-21T09:00,133.6,137.4,2062.0,37.7,44.5,56.0,203,97,8.0,,13.2,81,12.6,0.0,0.0,994.3,4.0,297,0,90.0
2026-01-21T10:00,122.5,127.1,1792.0,31.4,43.5,100.0,200,93,9.0,,16.9,63,16.3,0.0,0.0,995.1,3.6,303,0,160.0
2026-01-21T11:00,100.8,106.6,1498.0,25.0,41.5,134.0,199,84,10.0,,20.4,50,19.5,0.0,0.0,994.8,5.5,308,0,540.0
2026-01-21T12:00,62.4,68.5,1185.0,18.3,37.9,152.0,197,76,11.0,,22.3,40,21.1,0.0,0.0,994.0,7.6,298,0,1175.0
2026-01-21T13:00,49.8,56.7,849.0,11.7,33.2,160.0,196,80,12.0,,23.0,36,21.4,0.0,0.0,993.0,8.7,283,0,1290.0
2026-01-21T14:00,48.1,55.4,639.0,9.4,29.9,159.0,195,80,13.0,,23.2,34,21.0,0.0,0.0,992.3,9.1,279,0,1320.0
2026-01-21T15:00,47.4,54.7,629.0,13.8,28.6,146.0,194,73,12.0,,22.9,34,20.6,0.0,0.0,991.9,9.2,281,0,1265.0
2026-01-21T16:00,49.0,55.5,745.0,22.5,28.6,123.0,193,62,11.0,,22.1,36,19.9,0.0,0.0,991.8,8.6,290,0,1095.0
2026-01-21T17:00,66.4,71.7,919.0,33.5,28.1,105.0,191,68,10.0,,20.8,39,18.9,0.0,0.0,991.7,6.9,285,0,730.0
2026-01-21T18:00,80.6,85.4,1166.0,41.6,30.9,88.0,190,75,10.0,,19.3,44,17.6,0.0,0.0,992.0,5.5,293,0,225.0
2026-01-21T19:00,89.9,94.3,1471.0,52.6,34.8,65.0,189,80,9.0,,18.1,49,16.6,0.0,0.0,992.2,4.8,307,0,165.0
2026-01-21T20:00,96.6,101.0,1712.0,60.8,37.9,47.0,188,83,8.0,,16.9,56,15.7,0.0,0.0,992.6,4.8,329,0,160.0
2026-01-21T21:00,101.5,105.5,1844.0,63.8,40.0,39.0,187,85,7.0,,16.1,62,15.0,0.0,0.0,992.9,4.8,345,0,140.0
2026-01-21T22:00,110.6,113.9,1913.0,63.8,41.3,36.0,186,88,6.0,,15.4,65,14.7,0.0,0.0,992.9,2.9,349,0,95.0
2026-01-21T23:00,116.9,119.7,1937.0,61.7,41.2,35.0,184,91,5.0,,14.8,69,14.0,0.0,0.0,993.0,3.7,11,0,80.0
2026-01-22T00:00,116.4,118.7,1910.0,56.6,38.5,37.0,183,91,4.0,,13.8,72,13.0,0.0,0.0,992.8,3.2,3,0,55.0
2026-01-22T01:00,116.6,118.7,1838.0,49.3,34.3,43.0,183,91,4.0,,13.3,73,12.5,0.0,0.0,992.5,2.4,343,0,40.0
2026-01-22T02:00,117.3,119.2,1753.0,43.1,31.2,47.0,182,91,3.0,,12.5,76,11.5,0.0,0.0,992.1,3.3,338,0,45.0
2026-01-22T03:00,118.3,119.7,1553.0,37.6,29.0,50.0,181,91,3.0,,11.6,78,10.5,0.0,0.0,991.6,3.6,330,0,45.0
2026-01-22T04:00,119.7,121.1,1340.0,33.1,27.9,53.0,181,92,2.0,,11.3,77,10.1,0.0,0.0,991.2,2.9,317,0,40.0
2026-01-22T05:00,125.3,126.2,1452.0,37.4,32.3,49.0,181,94,1.0,,10.5,81,9.4,0.0,0.0,991.0,3.1,324,0,40.0
2026-01-22T06:00,136.0,136.9,2310.0,46.8,40.4,34.0,181,98,1.0,,10.1,82,9.0,0.0,0.0,991.1,1.9,311,0,30.0
2026-01-22T07:00,177.4,178.3,3492.0,59.3,51.5,16.0,182,115,1.0,,10.0,82,9.1,0.0,0.0,991.2,0.9,307,0,15.0
2026-01-22T08:00,214.7,216.1,4076.0,65.5,59.3,19.0,183,130,1.0,,11.8,74,10.9,0.0,0.0,992.0,1.1,270,0,10.0
2026-01-22T09:00,166.7,167.2,3472.0,59.5,60.8,61.0,185,111,2.0,,15.4,61,14.5,0.0,0.0,992.5,2.1,149,0,65.0
2026-01-22T10:00,132.7,134.6,2270.0,47.2,59.0,124.0,186,97,5.0,,19.0,44,17.8,0.0,0.0,993.2,2.5,184,0,220.0
2026-01-22T11:00,95.2,98.3,1307.0,36.2,56.9,175.0,187,95,6.0,,21.5,39,20.3,0.0,0.0,993.4,3.3,202,0,520.0
2026-01-22T12:00,77.8,81.5,909.0,28.3,55.3,203.0,186,123,6.0,,23.5,37,22.8,0.0,0.0,992.4,3.9,167,0,700.0
2026-01-22T13:00,72.2,75.9,751.0,21.7,53.5,218.0,187,138,6.0,,24.6,34,23.9,0.0,0.0,991.2,4.3,158,0,870.0
2026-01-22T14:00,70.8,74.3,699.0,19.6,51.8,221.0,188,141,6.0,,25.0,34,23.6,0.0,0.0,990.0,6.4,140,0,1055.0
2026-01-22T15:00,70.5,73.6,752.0,25.1,50.6,207.0,188,127,5.0,,24.8,36,23.4,0.0,0.0,989.6,7.6,135,0,1105.0
2026-01-22T16:00,72.4,74.7,911.0,34.9,49.6,180.0,189,100,5.0,,23.8,41,22.2,0.0,0.0,989.2,10.1,130,0,740.0
2026-01-22T17:00,107.8,111.3,1045.0,51.1,59.5,145.0,190,87,6.0,,21.9,50,20.8,0.0,0.0,989.5,9.7,125,1,575.0
2026-01-22T18:00,116.2,119.0,1116.0,50.5,56.5,131.0,191,90,5.0,,20.4,59,19.9,0.0,0.0,990.1,8.2,140,2,465.0
2026-01-22T19:00,122.9,125.3,1162.0,49.4,52.3,113.0,192,93,5.0,,19.5,66,19.0,0.0,0.0,990.3,9.4,138,3,385.0
2026-01-22T20:00,122.5,124.8,1163.0,46.4,48.4,101.0,193,93,4.0,,19.0,68,18.3,0.0,0.0,990.6,10.9,130,3,345.0
2026-01-22T21:00,119.7,121.5,1096.0,40.1,45.7,102.0,194,92,4.0,,18.7,69,17.8,0.0,0.0,990.5,12.1,132,3,345.0
2026-01-22T22:00,115.7,117.8,983.0,31.9,43.3,109.0,194,90,3.0,,18.1,70,17.1,0.0,0.0,989.9,12.4,124,1,330.0
2026-01-22T23:00,108.7,110.4,876.0,24.9,40.5,114.0,194,87,3.0,,17.9,70,16.5,0.0,0.0,989.7,14.6,135,0,370.0
2026-01-23T00:00,101.7,103.1,784.0,20.2,36.5,114.0,194,85,3.0,,17.1,72,15.6,0.0,0.0,989.4,14.4,130,3,430.0
2026-01-23T01:00,95.7,96.9,697.0,16.6,31.9,112.0,194,82,2.0,,16.6,74,14.9,0.0,0.0,988.9,15.4,132,1,455.0
2026-01-23T02:00,91.7,92.9,636.0,13.8,28.3,111.0,193,81,2.0,,16.2,74,14.3,0.0,0.0,988.4,16.2,129,3,445.0
2026-01-23T03:00,89.2,90.1,604.0,11.2,25.9,112.0,192,80,2.0,,16.2,73,14.9,0.0,0.0,988.1,11.6,139,2,495.0
2026-01-23T04:00,85.2,85.9,597.0,9.4,24.4,113.0,191,78,1.0,,16.3,71,15.1,0.0,0.0,987.8,10.4,141,2,480.0
2026-01-23T05:00,71.7,72.2,625.0,10.0,23.0,108.0,190,71,1.0,,15.7,75,13.9,0.0,0.0,987.3,15.2,132,2,465.0
2026-01-23T06:00,74.0,74.5,718.0,14.2,24.3,102.0,189,72,1.0,,15.3,77,13.4,0.0,0.0,987.2,15.8,122,2,540.0
2026-01-23T07:00,77.1,77.5,846.0,20.1,26.1,94.0,187,74,1.0,,15.1,78,13.2,0.0,0.0,988.3,15.5,145,3,610.0
2026-01-23T08:00,83.1,83.8,928.0,25.5,27.8,86.0,184,77,1.0,,14.6,85,14.0,3.9,3.9,991.0,8.7,212,63,350.0
2026-01-23T09:00,94.5,95.2,928.0,30.8,30.0,78.0,180,82,1.0,,14.4,88,13.3,2.4,2.4,991.3,13.1,124,61,375.0
2026-01-23T10:00,97.1,97.8,883.0,35.6,32.2,70.0,178,83,1.0,,14.7,88,12.8,1.0,1.0,991.3,18.1,120,55,440.0
2026-01-23T11:00,91.3,92.0,820.0,37.0,32.1,68.0,177,81,1.0,,14.1,90,12.3,1.8,1.8,991.6,17.6,123,61,440.0
2026-01-23T12:00,84.8,85.4,718.0,31.2,27.5,78.0,177,77,1.0,,14.6,89,12.7,0.7,0.7,990.3,18.8,122,53,475.0
2026-01-23T13:00,73.8,74.5,598.0,22.0,20.6,93.0,177,72,2.0,,16.1,84,14.7,1.6,1.6,989.7,16.5,117,61,495.0
2026-01-23T14:00,63.6,65.0,558.0,17.2,16.3,101.0,177,67,2.0,,17.5,75,15.8,0.0,0.0,989.0,17.7,140,3,835.0
2026-01-23T15:00,62.6,63.8,634.0,20.7,16.4,96.0,177,66,2.0,,16.8,82,16.4,2.4,2.4,988.8,11.3,108,61,645.0
2026-01-23T16:00,62.6,64.3,790.0,28.8,19.0,84.0,177,66,2.0,,16.7,84,16.2,0.1,0.1,988.9,12.3,149,51,660.0
2026-01-23T17:00,94.3,97.1,1009.0,26.2,25.3,101.0,176,82,5.0,,15.5,85,14.3,8.6,8.6,990.5,14.7,101,65,520.0
2026-01-23T18:00,95.9,98.5,1324.0,32.7,26.5,88.0,176,82,5.0,,14.4,88,14.2,0.7,0.7,991.6,6.2,170,53,425.0
2026-01-23T19:00,93.1,96.6,1702.0,41.7,28.3,70.0,175,81,5.0,,14.4,91,13.9,0.2,0.2,992.8,9.5,134,51,430.0
2026-01-23T20:00,98.7,101.5,2034.0,49.4,31.4,55.0,174,83,5.0,,14.2,92,13.8,0.2,0.2,993.4,8.8,139,51,350.0
2026-01-23T21:00,106.6,109.9,2345.0,55.0,37.8,46.0,174,87,5.0,,13.7,93,13.8,0.2,0.2,993.9,4.6,169,51,110.0
2026-01-23T22:00,120.1,123.4,2609.0,59.3,45.4,39.0,173,92,5.0,,13.1,92,13.4,0.1,0.1,994.3,1.2,129,51,35.0
2026-01-23T23:00,122.5,125.3,2643.0,60.7,48.9,34.0,173,93,5.0,,12.9,95,13.1,0.0,0.0,994.8,2.8,18,3,40.0
2026-01-24T00:00,116.4,119.0,2279.0,58.4,44.5,30.0,174,91,5.0,,12.5,95,12.9,0.0,0.0,995.1,1.2,321,3,25.0
2026-01-24T01:00,113.9,116.2,1684.0,53.4,36.0,28.0,174,90,4.0,,12.9,94,12.6,0.0,0.0,995.2,6.1,289,3,115.0
2026-01-24T02:00,103.6,105.7,1174.0,46.5,28.6,29.0,175,85,4.0,,12.3,97,11.4,0.0,0.0,995.5,10.0,303,3,220.0
2026-01-24T03:00,84.5,87.3,842.0,36.1,24.1,35.0,175,77,5.0,,11.2,97,10.0,0.0,0.0,995.7,10.1,297,3,245.0
2026-01-24T04:00,71.9,75.7,596.0,24.0,20.8,44.0,175,71,7.0,,9.7,89,7.4,0.0,0.0,996.1,12.0,315,3,255.0
2026-01-24T05:00,38.9,44.8,476.0,11.3,16.2,54.0,175,54,11.0,,9.9,75,7.2,0.0,0.0,996.7,10.6,334,3,300.0
2026-01-24T06:00,39.6,47.1,566.0,14.6,18.0,48.0,174,54,12.0,,9.3,70,6.3,0.0,0.0,997.5,10.8,342,3,335.0
2026-01-24T07:00,45.1,53.6,783.0,19.1,20.6,39.0,173,57,14.0,,9.0,70,6.1,0.0,0.0,998.3,10.1,338,3,295.0
2026-01-24T08:00,50.5,59.0,918.0,21.6,22.6,38.0,172,60,15.0,,9.6,69,7.0,0.0,0.0,998.8,8.1,342,3,285.0
2026-01-24T09:00,52.6,62.2,867.0,20.1,23.4,50.0,171,61,17.0,,10.8,65,8.2,0.0,0.0,999.6,8.4,340,1,385.0
2026-01-24T10:00,53.0,63.8,734.0,16.6,23.7,69.0,169,62,18.0,,12.2,59,9.6,0.0,0.0,999.7,8.6,349,1,445.0
2026-01-24T11:00,49.6,60.1,621.0,13.8,24.3,85.0,168,60,19.0,,14.0,50,11.1,0.0,0.0,999.6,9.8,332,0,430.0
2026-01-24T12:00,42.1,51.0,555.0,12.0,25.8,98.0,167,55,18.0,,15.4,45,12.8,0.0,0.0,998.3,9.4,340,1,520.0
2026-01-24T13:00,37.1,44.7,509.0,10.8,27.6,109.0,166,53,15.0,,16.1,44,13.7,0.0,0.0,997.3,9.5,324,0,615.0
2026-01-24T14:00,34.7,41.8,501.0,11.9,29.0,111.0,164,51,13.0,,16.4,46,13.6,0.0,0.0,996.7,10.3,319,0,635.0
2026-01-24T15:00,32.6,39.6,556.0,16.9,29.7,100.0,164,50,12.0,,16.2,49,13.4,0.0,0.0,995.9,10.9,321,3,615.0
2026-01-24T16:00,31.7,38.8,650.0,24.1,29.8,81.0,163,50,11.0,,15.4,52,12.7,0.0,0.0,995.5,10.4,318,3,570.0
2026-01-24T17:00,40.2,51.5,729.0,28.1,26.3,60.0,162,54,21.0,,14.0,60,11.7,0.0,0.0,995.0,9.6,317,3,450.0
2026-01-24T18:00,47.4,57.2,780.0,30.1,26.2,53.0,160,59,22.0,,12.5,66,10.2,0.0,0.0,995.6,8.9,315,3,395.0
2026-01-24T19:00,53.2,63.3,818.0,32.7,25.9,44.0,159,62,22.0,,11.6,69,9.4,0.0,0.0,996.4,8.8,309,3,365.0
2026-01-24T20:00,57.3,70.3,830.0,33.8,25.3,37.0,158,64,24.0,,10.7,71,8.4,0.0,0.0,996.9,8.7,315,3,330.0
2026-01-24T21:00,59.6,76.1,806.0,31.9,24.1,36.0,156,65,27.0,,10.0,73,7.6,0.0,0.0,997.0,8.5,306,3,280.0
2026-01-24T22:00,61.5,80.3,758.0,28.5,22.5,38.0,155,66,31.0,,9.4,74,6.8,0.0,0.0,996.8,9.0,313,3,270.0
2026-01-24T23:00,62.4,81.5,708.0,25.2,20.9,39.0,153,66,34.0,,9.1,75,6.2,0.0,0.0,996.6,10.7,312,3,280.0
2026-01-25T00:00,61.0,80.6,657.0,22.5,19.4,39.0,151,66,36.0,,8.8,75,6.1,0.0,0.0,996.0,9.0,305,3,240.0
2026-01-25T01:00,60.5,81.0,605.0,19.9,17.9,39.0,149,65,37.0,,8.4,76,5.7,0.0,0.0,995.6,9.2,305,3,215.0
2026-01-25T02:00,61.0,81.7,575.0,18.1,16.8,38.0,144,66,37.0,,8.3,76,5.7,0.0,0.0,995.0,8.1,301,3,200.0
2026-01-25T03:00,61.0,81.7,569.0,17.3,16.1,36.0,139,66,37.0,,7.7,79,5.1,0.0,0.0,994.4,7.7,294,3,185.0
2026-01-25T04:00,60.3,81.0,586.0,17.3,15.9,33.0,137,65,37.0,,7.2,81,4.7,0.0,0.0,993.7,7.3,290,3,170.0
2026-01-25T05:00,58.9,80.8,646.0,18.9,16.7,30.0,136,64,37.0,,6.9,84,4.4,0.0,0.0,993.9,7.7,282,3,165.0
2026-01-25T06:00,58.7,80.8,798.0,22.0,19.5,26.0,138,64,35.0,,6.8,85,4.5,0.0,0.0,994.1,6.3,277,2,135.0
2026-01-25T07:00,64.0,85.2,993.0,26.1,23.4,21.0,140,67,32.0,,6.4,86,3.7,0.0,0.0,994.6,9.2,274,0,160.0
2026-01-25T08:00,68.2,84.8,1102.0,27.8,26.4,24.0,142,69,28.0,,7.1,84,4.4,0.0,0.0,995.5,9.4,278,0,200.0
2026-01-25T09:00,64.5,80.6,1048.0,24.7,27.4,43.0,143,67,23.0,,8.9,78,6.2,0.0,0.0,996.2,9.8,278,0,230.0
2026-01-25T10:00,61.7,73.1,908.0,19.2,27.5,71.0,145,66,19.0,,11.2,72,9.0,0.0,0.0,996.6,8.8,279,0,285.0
2026-01-25T11:00,58.6,67.1,782.0,14.7,27.6,95.0,146,64,15.0,,13.6,65,11.5,0.0,0.0,996.0,9.6,283,0,380.0
2026-01-25T12:00,54.8,62.2,677.0,11.6,28.1,112.0,146,62,14.0,,15.1,59,13.4,0.0,0.0,995.3,10.0,291,0,480.0
2026-01-25T13:00,50.5,58.0,587.0,9.6,28.6,124.0,148,62,14.0,,16.0,54,14.4,0.0,0.0,994.3,9.1,295,0,580.0
2026-01-25T14:00,47.5,55.9,595.0,10.3,29.1,128.0,149,64,15.0,,16.4,53,14.6,0.0,0.0,993.7,8.1,301,0,650.0
2026-01-25T15:00,46.6,56.8,777.0,14.8,29.1,120.0,150,60,17.0,,16.5,53,14.6,0.0,0.0,993.5,7.1,304,0,690.0
2026-01-25T16:00,47.3,60.1,1058.0,22.1,29.0,104.0,151,58,19.0,,15.9,57,14.3,0.0,0.0,992.8,5.7,316,0,650.0
2026-01-25T17:00,70.1,85.7,1295.0,37.1,36.4,78.0,151,70,29.0,,14.2,73,13.4,0.0,0.0,992.7,4.0,291,0,185.0
2026-01-25T18:00,85.4,101.3,1449.0,44.8,37.6,64.0,152,78,32.0,,12.8,75,11.5,0.0,0.0,993.4,5.3,282,0,120.0
2026-01-25T19:00,92.7,110.6,1558.0,55.2,39.2,44.0,153,81,36.0,,12.0,77,10.7,0.0,0.0,993.6,5.3,278,0,95.0
2026-01-25T20:00,97.1,119.7,1597.0,61.8,39.9,29.0,154,83,41.0,,11.2,79,9.8,0.0,0.0,994.1,5.4,266,0,85.0
2026-01-25T21:00,103.1,130.4,1528.0,61.2,39.2,24.0,155,85,49.0,,10.6,79,9.0,0.0,0.0,994.6,6.0,267,0,90.0
2026-01-25T22:00,104.1,136.0,1387.0,56.8,37.6,25.0,157,86,57.0,,9.9,81,8.3,0.0,0.0,994.5,5.4,274,0,80.0
2026-01-25T23:00,100.4,137.4,1259.0,52.6,35.7,25.0,158,84,63.0,,9.2,85,7.7,0.0,0.0,994.2,4.8,290,0,80.0
2026-01-26T00:00,101.3,142.0,1169.0,50.1,33.2,24.0,159,85,64.0,,8.7,86,7.1,0.0,0.0,993.8,4.7,288,0,65.0
2026-01-26T01:00,104.3,144.4,1091.0,47.9,30.4,23.0,160,86,63.0,,8.2,88,6.6,0.0,0.0,993.4,4.4,258,0,50.0
2026-01-26T02:00,101.7,136.4,1033.0,45.7,28.3,22.0,162,85,59.0,,7.8,89,6.0,0.0,0.0,993.4,4.9,260,3,50.0
2026-01-26T03:00,101.7,132.2,964.0,43.1,27.1,22.0,163,85,52.0,,7.5,89,5.6,0.0,0.0,993.4,5.6,270,1,65.0
2026-01-26T04:00,102.7,127.1,915.0,40.6,26.7,23.0,164,85,42.0,,6.9,90,5.0,0.0,0.0,993.0,4.7,254,0,55.0
2026-01-26T05:00,101.0,122.5,988.0,36.9,26.2,28.0,165,84,38.0,,6.3,93,4.4,0.0,0.0,993.2,4.9,276,0,55.0
2026-01-26T06:00,103.6,119.7,1326.0,40.7,30.4,24.0,167,85,31.0,,6.4,92,4.5,0.0,0.0,993.7,4.6,283,0,55.0
2026-01-26T07:00,120.6,134.6,1787.0,45.7,36.2,19.0,168,92,22.0,,6.2,93,4.3,0.0,0.0,994.4,4.2,295,0,55.0
2026-01-26T08:00,132.2,140.6,2044.0,47.1,41.0,28.0,170,97,15.0,,7.9,89,6.3,0.0,0.0,995.3,4.3,294,0,60.0
2026-01-26T09:00,118.3,124.8,1903.0,41.3,42.6,62.0,171,91,14.0,,10.5,83,9.5,0.0,0.0,996.3,2.2,305,0,105.0
2026-01-26T10:00,105.2,111.5,1558.0,31.9,43.1,109.0,173,86,15.0,,13.1,76,12.6,0.0,0.0,997.0,1.0,292,0,180.0
2026-01-26T11:00,98.5,107.6,1269.0,25.1,46.5,147.0,174,83,17.0,,15.2,68,15.0,0.0,0.0,996.4,0.8,27,0,360.0
2026-01-26T12:00,88.2,100.8,1082.0,22.0,55.5,168.0,176,88,19.0,,17.1,62,17.5,0.0,0.0,995.6,1.0,59,0,570.0
2026-01-26T13:00,78.9,91.7,951.0,21.5,67.4,179.0,177,99,21.0,,18.1,58,18.5,0.0,0.0,994.8,0.9,217,0,710.0
2026-01-26T14:00,76.6,88.5,990.0,26.6,77.8,181.0,177,101,22.0,,18.7,55,18.5,0.0,0.0,993.7,1.5,240,0,780.0
2026-01-26T15:00,76.6,87.5,1297.0,39.3,84.1,172.0,178,92,21.0,,18.8,54,18.5,0.0,0.0,993.2,1.0,68,0,790.0
2026-01-26T16:00,78.9,89.4,1775.0,57.6,89.0,153.0,179,77,19.0,,18.5,56,18.1,0.0,0.0,993.2,2.2,76,1,765.0
2026-01-26T17:00,110.4,119.0,2248.0,81.4,90.2,115.0,180,88,16.0,,17.0,69,16.8,0.0,0.0,992.8,3.8,79,3,130.0
2026-01-26T18:00,143.0,151.3,2733.0,102.5,98.1,85.0,181,101,15.0,,16.2,73,16.1,0.0,0.0,993.4,3.3,135,3,60.0
2026-01-26T19:00,170.9,179.3,3213.0,131.3,108.9,44.0,183,112,15.0,,15.2,77,14.8,0.0,0.0,993.6,4.3,138,2,65.0
2026-01-26T20:00,190.0,197.9,3465.0,150.4,116.3,13.0,185,120,14.0,,14.2,79,13.9,0.0,0.0,994.3,3.3,189,1,40.0
2026-01-26T21:00,216.1,224.0,3354.0,151.3,118.0,2.0,188,130,13.0,,13.4,77,13.1,0.0,0.0,994.4,0.9,37,1,10.0
2026-01-26T22:00,237.0,244.9,3014.0,142.5,116.2,2.0,191,139,13.0,,12.6,79,11.8,0.0,0.0,994.1,3.2,47,0,30.0
2026-01-26T23:00,233.8,240.3,2626.0,131.6,111.4,4.0,195,138,12.0,,12.9,77,12.5,0.0,0.0,994.3,1.0,121,0,20.0
2026-01-27T00:00,211.4,218.4,2202.0,120.0,102.3,7.0,199,129,12.0,,12.2,80,11.2,0.0,0.0,993.9,4.1,90,0,50.0
2026-01-27T01:00,204.0,210.9,1730.0,106.2,90.1,13.0,204,126,12.0,,11.6,83,10.7,0.0,0.0,993.6,3.9,112,0,40.0
2026-01-27T02:00,196.0,202.6,1351.0,94.2,78.6,19.0,208,122,12.0,,11.1,86,9.9,0.0,0.0,993.2,5.7,101,0,55.0
2026-01-27T03:00,176.0,182.1,1105.0,85.5,68.9,25.0,212,114,12.0,,11.3,83,9.8,0.0,0.0,992.8,7.1,106,0,80.0
2026-01-27T04:00,156.9,163.4,952.0,78.4,59.9,31.0,215,107,12.0,,11.4,81,9.7,0.0,0.0,992.0,8.1,125,0,110.0
2026-01-27T05:00,123.9,130.4,917.0,52.7,46.0,57.0,217,94,11.0,,11.2,81,9.6,0.0,0.0,992.2,7.8,134,0,110.0
2026-01-27T06:00,116.6,122.9,1087.0,53.2,45.0,58.0,218,91,10.0,,11.4,79,9.7,0.0,0.0,992.5,8.0,132,0,125.0
2026-01-27T07:00,116.9,122.5,1373.0,53.6,43.7,59.0,219,91,10.0,,11.5,80,9.8,0.0,0.0,992.7,7.9,123,1,130.0
2026-01-27T08:00,115.5,120.6,1538.0,51.7,42.6,65.0,219,90,9.0,,12.7,79,11.1,0.0,0.0,993.2,8.8,107,3,160.0
2026-01-27T09:00,110.6,114.6,1455.0,45.7,42.3,79.0,218,88,9.0,,13.9,75,13.4,0.8,0.8,993.8,2.5,82,53,215.0
2026-01-27T10:00,102.7,107.3,1250.0,37.4,42.2,96.0,217,85,9.0,,14.7,77,14.1,9.5,9.5,995.5,5.3,35,65,230.0
2026-01-27T11:00,91.7,97.1,1060.0,30.6,41.6,111.0,217,81,9.0,,15.9,77,15.2,0.0,0.0,994.7,8.3,129,1,340.0
2026-01-27T12:00,85.2,90.1,909.0,26.1,40.1,121.0,217,78,9.0,,18.1,73,17.6,0.1,0.1,993.5,10.5,119,51,550.0
2026-01-27T13:00,85.4,90.1,772.0,23.1,38.1,128.0,217,78,8.0,,19.3,72,18.7,0.0,0.0,992.5,14.4,134,1,625.0
2026-01-27T14:00,85.2,89.4,712.0,22.1,35.6,129.0,217,78,7.0,,19.7,72,19.3,0.0,0.0,991.3,13.2,133,3,690.0
2026-01-27T15:00,84.1,87.5,796.0,24.5,32.3,120.0,218,77,6.0,,19.2,75,19.2,0.2,0.2,991.0,10.6,136,51,750.0
2026-01-27T16:00,84.3,87.1,958.0,28.9,28.4,104.0,218,77,5.0,,18.8,78,18.0,0.0,0.0,990.3,16.2,140,2,760.0
2026-01-27T17:00,102.0,103.8,1059.0,31.3,20.9,84.0,218,85,3.0,,15.9,91,16.1,0.0,0.0,991.4,8.5,117,1,445.0
2026-01-27T18:00,103.4,105.7,1020.0,34.7,22.7,76.0,218,85,3.0,,15.0,93,14.9,1.3,1.3,991.8,9.2,90,61,390.0
2026-01-27T19:00,107.6,110.1,921.0,39.4,25.3,64.0,216,87,4.0,,14.5,92,14.0,0.4,0.4,992.4,10.3,101,51,305.0
2026-01-27T20:00,114.3,116.6,867.0,43.6,27.9,54.0,214,90,4.0,,14.4,91,13.9,0.0,0.0,992.8,9.8,104,3,290.0
2026-01-27T21:00,123.9,126.2,927.0,47.4,30.9,46.0,210,94,4.0,,14.4,92,14.2,0.0,0.0,993.1,8.3,123,3,215.0
2026-01-27T22:00,127.6,129.5,1032.0,50.6,33.9,39.0,207,95,4.0,,13.8,95,13.6,0.0,0.0,992.9,8.1,114,1,185.0
2026-01-27T23:00,125.7,128.1,1078.0,51.1,35.1,36.0,202,94,4.0,,13.3,96,12.8,0.0,0.0,993.2,9.2,118,1,250.0
2026-01-28T00:00,119.0,121.5,999.0,47.0,32.9,38.0,198,92,4.0,,12.4,97,12.5,0.1,0.1,993.0,3.6,117,51,155.0
2026-01-28T01:00,117.1,120.1,861.0,40.1,28.9,43.0,195,91,5.0,,13.0,93,13.3,3.5,3.5,993.0,1.9,61,63,75.0
2026-01-28T02:00,118.3,121.5,765.0,34.2,25.7,46.0,193,91,5.0,,12.2,96,12.1,1.1,1.1,993.2,4.1,77,55,115.0
2026-01-28T03:00,116.4,119.0,756.0,30.2,24.1,45.0,191,91,5.0,,12.3,95,12.7,2.9,2.9,993.1,0.8,225,63,25.0
2026-01-28T04:00,114.3,117.1,787.0,27.2,23.2,42.0,189,90,4.0,,12.5,94,12.3,0.0,0.0,992.6,4.6,261,2,70.0
2026-01-28T05:00,85.4,87.3,823.0,21.0,23.9,54.0,187,78,3.0,,11.7,95,11.2,0.0,0.0,993.0,5.8,272,2,75.0
2026-01-28T06:00,74.7,76.4,863.0,23.0,24.7,50.0,186,72,3.0,,12.5,97,11.9,0.0,0.0,993.7,8.0,284,3,200.0
2026-01-28T07:00,81.5,82.9,907.0,25.6,25.9,46.0,185,76,2.0,,12.7,98,12.5,0.0,0.0,994.6,6.3,301,3,265.0
2026-01-28T08:00,67.5,68.9,915.0,26.3,27.0,48.0,184,69,2.0,,13.4,94,12.9,0.0,0.0,995.6,8.0,310,3,325.0
2026-01-28T09:00,48.8,50.6,858.0,23.2,28.3,61.0,183,59,3.0,,13.9,91,13.3,0.0,0.0,996.8,9.1,326,3,380.0
2026-01-28T10:00,47.5,49.7,766.0,18.2,29.6,80.0,181,59,5.0,,14.4,88,14.0,0.0,0.0,997.1,7.6,346,3,455.0
2026-01-28T11:00,44.0,47.3,690.0,14.1,30.0,97.0,179,57,6.0,,16.0,81,15.8,0.0,0.0,996.5,7.5,345,2,590.0
2026-01-28T12:00,44.5,48.7,640.0,11.5,28.8,109.0,178,57,7.0,,16.8,76,16.7,0.0,0.0,995.9,6.0,357,1,790.0
2026-01-28T13:00,44.2,48.8,606.0,9.9,26.6,119.0,177,59,9.0,,17.7,70,17.8,0.0,0.0,995.2,3.9,347,1,995.0
2026-01-28T14:00,41.2,46.1,609.0,10.7,25.0,122.0,175,61,9.0,,18.2,66,18.0,0.0,0.0,994.9,4.3,327,1,1110.0
2026-01-28T15:00,37.8,42.1,660.0,15.2,24.2,114.0,174,54,8.0,,18.4,63,17.9,0.0,0.0,994.9,5.9,320,1,1210.0
2026-01-28T16:00,35.3,38.8,748.0,22.2,24.0,99.0,173,52,6.0,,18.0,63,17.1,0.0,0.0,995.0,7.5,310,1,1120.0
2026-01-28T17:00,77.1,85.0,862.0,36.3,27.0,72.0,171,74,14.0,,16.9,71,16.7,0.0,0.0,994.8,5.1,293,0,470.0
2026-01-28T18:00,93.6,99.9,1027.0,42.9,29.8,59.0,170,81,13.0,,15.2,79,14.9,0.0,0.0,994.6,4.6,301,0,150.0
2026-01-28T19:00,102.0,107.3,1217.0,51.9,33.6,41.0,170,85,11.0,,14.5,83,14.2,0.0,0.0,995.0,5.3,315,0,205.0
2026-01-28T20:00,108.7,113.6,1342.0,57.6,36.2,28.0,170,87,9.0,,13.6,86,13.2,0.0,0.0,995.0,4.9,309,0,145.0
2026-01-28T21:00,113.2,117.6,1364.0,57.4,36.9,23.0,170,89,8.0,,12.8,87,12.4,0.0,0.0,995.2,4.7,298,0,110.0
2026-01-28T22:00,117.3,121.5,1321.0,53.9,36.4,21.0,169,91,8.0,,12.2,88,11.7,0.0,0.0,995.0,4.5,293,0,85.0
2026-01-28T23:00,118.0,122.0,1239.0,49.0,34.3,22.0,169,91,7.0,,11.8,93,11.2,0.0,0.0,995.2,5.1,293,0,90.0
2026-01-29T00:00,111.8,115.3,1097.0,42.7,29.6,24.0,169,89,6.0,,12.0,93,11.4,0.0,0.0,994.9,6.2,303,0,115.0
2026-01-29T01:00,104.5,107.8,916.0,35.0,23.5,28.0,169,86,6.0,,11.8,94,11.0,0.0,0.0,994.9,7.5,307,0,135.0
2026-01-29T02:00,99.2,102.2,782.0,28.5,18.7,32.0,168,84,5.0,,11.5,95,10.5,0.0,0.0,994.5,7.9,305,0,145.0
2026-01-29T03:00,96.4,99.2,727.0,23.5,16.4,35.0,168,83,5.0,,10.9,96,9.9,0.0,0.0,994.3,7.2,302,0,150.0
2026-01-29T04:00,95.5,98.0,718.0,19.7,15.5,38.0,167,82,4.0,,10.4,96,9.4,0.0,0.0,993.7,6.5,302,0,140.0
2026-01-29T05:00,94.5,97.1,746.0,17.9,15.6,41.0,167,82,5.0,,10.5,100,9.6,0.0,0.0,994.1,6.8,299,3,135.0
2026-01-29T06:00,95.7,98.3,842.0,22.7,18.5,35.0,167,82,4.0,,10.6,100,9.8,0.0,0.0,994.4,6.2,296,3,130.0
2026-01-29T07:00,102.4,105.0,974.0,29.1,22.6,28.0,167,85,3.0,,10.8,99,9.9,0.0,0.0,995.0,7.0,291,3,140.0
2026-01-29T08:00,110.4,112.2,1035.0,32.0,25.7,32.0,168,88,3.0,,11.1,99,10.2,0.0,0.0,995.5,7.7,295,3,130.0
2026-01-29T09:00,105.9,108.3,955.0,28.0,27.0,56.0,169,86,3.0,,11.9,94,10.9,0.0,0.0,996.5,9.1,295,3,155.0
2026-01-29T10:00,96.6,99.4,803.0,20.5,27.3,91.0,171,83,4.0,,13.8,88,13.1,0.0,0.0,996.9,8.5,295,3,305.0
2026-01-29T11:00,78.7,81.7,682.0,14.5,27.5,119.0,173,74,5.0,,15.3,80,14.4,0.0,0.0,997.2,9.8,308,1,545.0
2026-01-29T12:00,64.0,66.8,621.0,11.2,27.8,135.0,174,68,5.0,,16.8,71,16.0,0.0,0.0,996.2,8.0,312,1,680.0
2026-01-29T13:00,57.5,60.3,591.0,9.4,27.8,143.0,174,72,5.0,,17.7,67,17.5,0.0,0.0,995.2,7.3,308,1,715.0
2026-01-29T14:00,53.6,56.2,604.0,10.1,27.8,144.0,175,72,5.0,,18.3,66,17.8,0.0,0.0,994.4,7.5,310,0,755.0
2026-01-29T15:00,51.5,54.0,674.0,14.5,27.4,134.0,175,67,4.0,,18.4,64,17.8,0.0,0.0,994.0,7.1,317,0,780.0
2026-01-29T16:00,50.2,52.4,787.0,21.4,26.9,115.0,175,60,4.0,,18.0,67,17.5,0.0,0.0,993.8,6.9,317,0,750.0
2026-01-29T17:00,69.4,72.6,914.0,33.6,28.0,83.0,176,70,6.0,,16.1,77,15.8,0.0,0.0,994.0,6.4,310,1,585.0
2026-01-29T18:00,76.8,79.4,1071.0,40.3,29.7,69.0,176,73,5.0,,14.3,84,14.1,0.0,0.0,994.0,5.0,311,3,200.0
2026-01-29T19:00,82.7,85.0,1241.0,49.3,32.0,49.0,175,76,4.0,,13.9,85,13.5,0.0,0.0,994.3,5.3,305,3,160.0
2026-01-29T20:00,87.8,89.6,1349.0,55.1,33.5,34.0,174,79,3.0,,13.4,86,12.9,0.0,0.0,994.7,5.2,297,1,125.0
2026-01-29T21:00,91.3,92.9,1357.0,54.9,33.8,28.0,174,81,3.0,,12.4,89,11.9,0.0,0.0,995.2,5.0,289,0,90.0
2026-01-29T22:00,94.3,95.7,1303.0,51.5,33.3,27.0,173,82,2.0,,11.7,91,11.0,0.0,0.0,995.0,4.8,304,0,75.0
2026-01-29T23:00,92.9,94.1,1221.0,46.9,31.9,28.0,173,81,2.0,,11.1,92,10.4,0.0,0.0,994.8,4.5,286,1,65.0
2026-01-30T00:00,89.2,90.1,1098.0,41.2,28.9,30.0,172,80,2.0,,10.8,93,10.0,0.0,0.0,994.5,5.0,289,1,70.0
2026-01-30T01:00,86.8,87.8,947.0,34.3,25.0,34.0,171,78,1.0,,10.3,94,9.4,0.0,0.0,994.4,5.2,286,3,70.0
2026-01-30T02:00,82.9,83.6,841.0,28.5,22.0,38.0,171,76,1.0,,10.1,94,9.0,0.0,0.0,993.7,5.4,296,3,75.0
2026-01-30T03:00,79.2,79.9,785.0,23.8,20.4,42.0,170,75,1.0,,10.4,92,9.2,0.0,0.0,993.7,6.8,299,3,100.0
2026-01-30T04:00,76.6,77.1,773.0,20.2,19.7,45.0,170,73,1.0,,10.5,91,9.2,0.0,0.0,993.7,7.1,300,2,125.0
2026-01-30T05:00,82.7,83.4,864.0,23.2,22.0,41.0,169,76,1.0,,9.7,94,8.6,0.0,0.0,993.4,4.9,306,3,70.0
2026-01-30T06:00,80.8,81.3,1177.0,31.3,28.1,32.0,169,75,1.0,,8.9,94,7.8,0.0,0.0,993.8,4.1,272,2,50.0
2026-01-30T07:00,94.3,95.0,1593.0,41.9,36.3,22.0,168,82,1.0,,8.5,95,7.4,0.0,0.0,993.5,3.7,247,3,35.0
2026-01-30T08:00,114.8,115.3,1806.0,46.7,41.7,24.0,168,90,1.0,,10.8,92,9.6,0.0,0.0,994.5,7.2,271,2,80.0
2026-01-30T09:00,100.1,100.6,1622.0,39.8,41.3,52.0,168,84,1.0,,12.7,89,12.1,0.0,0.0,995.5,6.0,277,1,165.0
2026-01-30T10:00,81.3,82.2,1236.0,27.0,38.1,93.0,168,76,2.0,,14.8,80,14.3,0.0,0.0,995.8,6.6,287,3,260.0
2026-01-30T11:00,67.1,68.5,925.0,16.9,35.2,125.0,167,69,2.0,,16.6,73,16.2,0.0,0.0,995.7,6.7,289,3,405.0
2026-01-30T12:00,56.7,58.4,786.0,12.1,33.9,140.0,167,70,3.0,,18.1,65,18.2,0.0,0.0,994.8,6.1,289,2,505.0
2026-01-30T13:00,51.5,53.6,722.0,10.0,33.0,145.0,167,73,4.0,,19.0,61,19.3,0.0,0.0,993.6,5.2,290,2,590.0
2026-01-30T14:00,48.8,51.0,725.0,11.5,32.4,143.0,167,72,4.0,,19.5,59,19.4,0.0,0.0,992.7,5.2,286,3,680.0
2026-01-30T15:00,48.8,51.0,719.0,17.6,31.6,131.0,167,66,4.0,,19.5,58,18.9,0.0,0.0,992.6,6.0,291,3,725.0
2026-01-30T16:00,49.7,51.7,780.0,27.3,31.1,111.0,167,60,3.0,,18.9,61,18.4,0.0,0.0,992.6,5.6,297,3,705.0
2026-01-30T17:00,73.6,75.2,1125.0,50.7,41.0,80.0,167,72,3.0,,17.6,75,17.9,0.0,0.0,992.4,3.9,294,3,330.0
2026-01-30T18:00,93.1,94.8,2031.0,61.9,47.1,62.0,167,81,3.0,,16.1,78,16.4,0.0,0.0,992.4,2.4,287,3,35.0
2026-01-30T19:00,112.0,113.9,3221.0,77.3,55.9,36.0,167,89,3.0,,15.3,80,15.7,0.0,0.0,992.7,0.6,342,1,15.0
2026-01-30T20:00,135.5,137.4,4080.0,89.3,66.0,16.0,168,98,3.0,,14.4,83,14.7,0.0,0.0,993.0,0.6,124,0,10.0
2026-01-30T21:00,157.9,159.7,4331.0,94.9,79.6,7.0,169,107,3.0,,13.6,86,13.8,0.0,0.0,993.5,1.0,158,0,15.0
2026-01-30T22:00,177.4,181.1,4251.0,97.0,94.3,2.0,171,115,3.0,,12.9,87,12.9,0.0,0.0,993.4,1.1,171,0,15.0
2026-01-30T23:00,188.1,193.7,4057.0,96.4,101.8,0.0,174,119,3.0,,12.6,89,12.6,0.0,0.0,993.3,1.6,153,0,15.0
2026-01-31T00:00,187.2,193.2,3781.0,92.2,96.5,0.0,177,119,3.0,,12.0,91,11.9,0.0,0.0,993.3,2.2,145,1,20.0
2026-01-31T01:00,198.4,202.6,3392.0,85.3,84.0,0.0,180,123,4.0,,10.9,99,10.7,0.0,0.0,993.0,2.3,141,0,15.0
2026-01-31T02:00,210.5,214.2,3013.0,78.9,72.2,0.0,183,128,4.0,,10.5,99,10.4,0.0,0.0,992.9,1.5,97,3,15.0
2026-01-31T03:00,204.4,207.2,2620.0,74.0,63.4,3.0,187,126,4.0,,10.0,100,9.7,0.0,0.0,992.8,1.8,79,3,20.0
2026-01-31T04:00,193.2,196.0,2237.0,69.5,55.4,7.0,190,121,4.0,,10.3,99,10.0,0.0,0.0,992.7,2.2,81,3,35.0
2026-01-31T05:00,158.8,161.1,2063.0,56.4,31.3,21.0,194,108,4.0,,9.2,100,8.4,0.0,0.0,992.8,3.2,142,3,20.0
2026-01-31T06:00,152.7,154.1,2313.0,56.1,33.3,14.0,196,105,3.0,,9.4,100,8.8,0.0,0.0,993.3,3.0,128,3,10.0
2026-01-31T07:00,156.0,157.4,2771.0,55.7,36.2,6.0,198,106,2.0,,9.6,99,8.8,0.0,0.0,993.9,3.7,101,3,60.0
2026-01-31T08:00,166.7,167.6,2991.0,55.0,39.3,11.0,200,111,2.0,,10.6,98,10.0,0.0,0.0,994.8,4.0,93,3,75.0
2026-01-31T09:00,163.4,164.8,2729.0,54.6,42.4,40.0,202,109,2.0,,12.0,96,12.0,0.0,0.0,995.5,2.9,137,3,95.0
2026-01-31T10:00,155.5,157.4,2228.0,54.1,45.8,83.0,205,106,3.0,,14.3,92,14.6,0.0,0.0,996.3,4.3,105,3,150.0
2026-01-31T11:00,143.9,145.8,1770.0,51.7,49.8,120.0,208,102,4.0,,16.8,79,16.9,0.0,0.0,996.4,5.9,113,0,325.0
2026-01-31T12:00,119.2,122.0,1423.0,44.6,55.5,149.0,211,92,4.0,,18.3,70,18.6,0.0,0.0,995.6,7.2,112,0,435.0
2026-01-31T13:00,99.4,102.0,1118.0,35.7,61.8,174.0,214,94,4.0,,19.3,63,19.3,0.0,0.0,994.4,8.2,116,0,550.0
2026-01-31T14:00,89.9,92.2,930.0,32.3,65.9,184.0,216,104,4.0,,19.8,62,19.5,0.0,0.0,993.6,8.3,117,0,600.0
2026-01-31T15:00,85.4,87.8,903.0,38.4,65.9,173.0,218,93,4.0,,19.9,63,19.8,0.0,0.0,993.4,6.7,114,0,665.0
2026-01-31T16:00,85.9,88.0,993.0,50.0,63.6,149.0,219,78,3.0,,19.5,66,19.4,0.0,0.0,993.2,7.2,115,0,665.0
2026-01-31T17:00,130.9,134.6,1138.0,58.2,62.2,128.0,221,96,6.0,,17.7,75,17.4,0.0,0.0,992.8,8.5,125,0,450.0
2026-01-31T18:00,141.6,144.8,1379.0,63.9,59.8,107.0,223,101,6.0,,16.2,82,16.1,0.0,0.0,993.2,7.3,130,0,325.0
2026-01-31T19:00,149.9,153.2,1675.0,71.6,56.5,77.0,225,104,5.0,,15.4,86,15.2,0.0,0.0,993.3,7.4,129,0,220.0
2026-01-31T20:00,155.1,157.9,1844.0,75.2,53.1,55.0,227,106,5.0,,14.8,88,14.6,0.0,0.0,993.7,7.8,128,0,175.0
2026-01-31T21:00,155.5,158.8,1761.0,72.0,50.5,47.0,227,106,5.0,,14.5,89,14.1,0.0,0.0,993.9,8.5,134,2,185.0
2026-01-31T22:00,152.7,156.0,1551.0,64.9,48.0,47.0,227,105,6.0,,14.1,90,13.6,0.0,0.0,993.6,8.5,128,0,170.0
2026-01-31T23:00,149.9,153.2,1403.0,56.4,44.2,50.0,226,104,6.0,,13.9,90,13.3,0.0,0.0,993.5,8.7,112,2,165.0
2026-02-01T00:00,147.1,151.3,1419.0,46.0,37.8,57.0,225,103,7.0,,13.3,91,13.4,0.3,0.3,993.1,2.8,135,51,115.0
2026-02-01T01:00,118.7,123.9,1499.0,34.3,30.1,66.0,223,91,8.0,,13.7,86,12.2,3.7,3.7,993.9,13.0,170,63,180.0
2026-02-01T02:00,88.9,93.4,1528.0,25.1,23.9,74.0,220,79,8.0,,13.8,83,12.3,0.7,0.7,992.4,12.0,127,53,190.0
2026-02-01T03:00,68.0,71.5,1423.0,19.4,19.8,78.0,215,69,7.0,,12.7,84,12.2,4.2,4.2,993.1,3.7,113,63,85.0
2026-02-01T04:00,58.4,61.5,1268.0,16.3,17.1,81.0,209,64,6.0,,12.4,87,12.0,0.0,0.0,993.5,3.7,23,2,50.0
2026-02-01T05:00,85.4,88.0,1202.0,18.5,15.9,63.0,203,78,4.0,,13.0,94,12.3,4.1,4.1,993.2,9.0,143,63,135.0
2026-02-01T06:00,90.1,92.4,1344.0,25.0,18.8,55.0,200,80,4.0,,12.9,93,12.4,0.2,0.2,993.0,7.1,135,51,100.0
2026-02-01T07:00,98.7,101.3,1575.0,33.9,22.8,45.0,198,83,5.0,,12.9,92,12.1,0.0,0.0,993.7,8.7,124,1,125.0
2026-02-01T08:00,106.6,109.2,1673.0,39.3,26.4,44.0,197,87,5.0,,14.0,90,13.3,0.0,0.0,994.6,9.4,107,1,145.0
2026-02-01T09:00,111.8,114.1,1505.0,38.3,28.5,60.0,195,89,5.0,,15.5,88,15.8,0.0,0.0,995.2,5.3,123,1,175.0
2026-02-01T10:00,103.8,106.6,1203.0,33.8,30.1,84.0,193,86,5.0,,17.6,80,18.0,0.0,0.0,995.7,6.2,126,1,300.0
2026-02-01T11:00,89.2,92.2,944.0,29.6,32.4,105.0,192,80,5.0,,18.3,72,17.9,0.0,0.0,996.0,8.9,140,1,440.0
2026-02-01T12:00,76.8,79.6,750.0,25.2,36.4,119.0,190,73,5.0,,19.3,68,19.3,0.0,0.0,995.4,8.2,148,0,560.0
2026-02-01T13:00,69.4,72.4,598.0,21.0,41.1,129.0,189,70,5.0,,20.1,67,20.5,0.0,0.0,994.3,7.3,149,0,625.0
2026-02-01T14:00,66.6,69.4,603.0,21.8,44.8,131.0,188,68,5.0,,20.7,66,21.2,0.0,0.0,993.3,6.0,153,0,725.0
2026-02-01T15:00,65.9,68.7,846.0,30.4,45.1,121.0,187,68,5.0,,20.8,66,21.6,0.0,0.0,993.2,4.3,165,0,740.0
2026-02-01T16:00,69.4,71.9,1244.0,43.9,44.4,103.0,187,70,4.0,,20.6,68,21.5,0.0,0.0,993.2,3.4,177,3,735.0
2026-02-01T17:00,109.7,112.2,1665.0,65.3,54.4,70.0,186,88,4.0,,19.4,78,20.7,0.0,0.0,992.8,3.6,183,1,155.0
2026-02-01T18:00,144.8,147.6,2090.0,82.2,66.3,50.0,186,102,4.0,,17.6,83,18.6,0.0,0.0,993.1,4.0,212,0,65.0
2026-02-01T19:00,177.0,179.3,2538.0,105.0,82.7,23.0,186,115,4.0,,16.7,87,17.7,0.0,0.0,993.4,3.2,214,0,40.0
2026-02-01T20:00,203.5,205.8,2931.0,118.7,94.9,4.0,187,125,4.0,,15.9,89,16.7,0.0,0.0,993.9,3.1,201,0,20.0
2026-02-01T21:00,219.3,221.7,3358.0,115.8,101.1,0.0,188,132,4.0,,15.4,90,16.3,0.0,0.0,994.3,1.8,217,0,15.0
2026-02-01T22:00,232.4,234.7,3731.0,103.8,103.0,3.0,190,137,4.0,,15.0,91,15.9,0.0,0.0,994.7,1.3,254,0,15.0
2026-02-01T23:00,225.4,227.7,3700.0,90.6,97.6,9.0,192,134,4.0,,14.3,95,14.9,0.0,0.0,994.9,2.9,176,0,20.0
2026-02-02T00:00,185.8,188.1,2916.0,77.4,79.2,19.0,194,118,4.0,,14.2,95,15.1,0.0,0.0,994.9,0.6,214,0,10.0
2026-02-02T01:00,152.7,154.6,1729.0,62.9,53.4,33.0,196,105,3.0,,13.8,98,14.2,0.0,0.0,995.0,5.1,315,1,35.0
2026-02-02T02:00,132.2,134.1,845.0,51.6,33.5,43.0,197,97,3.0,,13.5,100,14.0,0.0,0.0,994.9,4.3,338,3,70.0
2026-02-02T03:00,121.1,122.9,579.0,45.2,25.0,47.0,198,92,3.0,,12.8,100,13.4,0.0,0.0,995.0,2.2,360,3,80.0
2026-02-02T04:00,115.5,117.8,616.0,41.9,22.3,49.0,200,90,4.0,,12.7,99,13.3,0.0,0.0,994.8,1.0,315,3,60.0
2026-02-02T05:00,136.0,137.8,711.0,41.0,24.7,31.0,202,98,3.0,,13.2,97,13.6,0.0,0.0,994.5,2.9,277,3,60.0
2026-02-02T06:00,148.1,150.4,831.0,42.3,27.3,26.0,204,103,3.0,,13.4,95,13.8,0.0,0.0,994.7,2.5,270,3,80.0
2026-02-02T07:00,168.1,170.4,1011.0,43.9,30.8,20.0,206,111,3.0,,13.2,95,13.5,0.0,0.0,995.0,3.1,257,3,80.0
2026-02-02T08:00,162.5,164.4,1106.0,43.5,32.9,25.0,209,109,3.0,,13.5,97,13.8,0.0,0.0,995.7,4.1,272,3,95.0
2026-02-02T09:00,158.3,159.7,1034.0,39.9,32.0,50.0,211,107,3.0,,14.2,96,14.4,0.0,0.0,996.5,6.5,294,3,115.0
2026-02-02T10:00,142.0,143.9,878.0,34.4,29.7,86.0,213,101,4.0,,15.4,93,15.6,0.0,0.0,996.7,8.1,298,3,175.0
2026-02-02T11:00,117.3,119.7,746.0,28.7,28.3,115.0,215,91,4.0,,16.3,89,16.5,0.0,0.0,996.6,8.6,296,3,315.0
2026-02-02T12:00,92.7,95.2,663.0,21.7,28.8,133.0,216,81,5.0,,17.8,82,18.0,0.0,0.0,995.8,8.7,302,3,570.0
2026-02-02T13:00,82.7,85.7,603.0,14.6,30.2,145.0,217,76,6.0,,18.8,74,19.0,0.0,0.0,994.9,7.6,306,2,725.0
2026-02-02T14:00,80.1,83.6,595.0,12.0,31.3,147.0,217,75,6.0,,19.5,69,19.7,0.0,0.0,994.0,6.9,303,3,730.0
2026-02-02T15:00,80.1,83.8,662.0,17.2,31.4,135.0,218,75,6.0,,19.7,68,19.9,0.0,0.0,993.4,6.4,297,1,740.0
2026-02-02T16:00,82.0,85.7,781.0,27.0,31.1,113.0,219,76,5.0,,19.4,69,19.6,0.0,0.0,993.2,6.7,297,3,725.0
2026-02-02T17:00,129.9,135.5,915.0,40.6,33.9,84.0,219,96,9.0,,17.5,76,17.6,0.0,0.0,993.3,6.8,302,3,475.0
2026-02-02T18:00,140.6,144.8,1086.0,44.7,34.2,71.0,220,100,8.0,,16.0,83,16.2,0.0,0.0,993.1,5.5,289,2,185.0
2026-02-02T19:00,145.8,149.5,1272.0,50.3,34.6,52.0,220,102,8.0,,15.5,86,15.6,0.0,0.0,993.5,6.0,291,1,155.0
2026-02-02T20:00,148.1,151.8,1368.0,53.8,34.7,37.0,218,103,7.0,,14.7,88,14.7,0.0,0.0,993.8,5.8,290,0,125.0
2026-02-02T21:00,149.5,153.2,1303.0,53.6,34.6,30.0,216,104,7.0,,14.1,90,14.0,0.0,0.0,994.1,5.9,290,0,110.0
2026-02-02T22:00,153.2,156.5,1148.0,51.3,34.1,26.0,213,105,6.0,,13.4,92,13.2,0.0,0.0,993.9,5.5,289,0,90.0
2026-02-02T23:00,153.7,156.9,1011.0,48.2,32.9,24.0,210,105,6.0,,13.0,95,12.9,0.0,0.0,993.9,5.0,289,0,70.0
2026-02-03T00:00,149.5,153.2,922.0,44.5,30.3,24.0,207,104,6.0,,12.9,95,12.8,0.0,0.0,993.9,5.1,293,0,75.0
2026-02-03T01:00,145.8,149.5,850.0,39.9,26.8,25.0,205,102,7.0,,12.3,95,12.1,0.0,0.0,993.9,5.1,297,0,70.0
2026-02-03T02:00,140.2,143.9,810.0,35.6,24.1,27.0,205,100,7.0,,11.9,95,11.7,0.0,0.0,993.7,3.5,285,0,50.0
2026-02-03T03:00,134.6,137.8,794.0,31.1,22.3,29.0,205,98,7.0,,11.5,96,11.0,0.0,0.0,993.6,4.6,281,0,50.0
2026-02-03T04:00,129.5,132.7,811.0,26.7,21.1,32.0,206,96,6.0,,10.4,97,9.6,0.0,0.0,993.4,5.1,287,0,50.0
2026-02-03T05:00,157.4,159.3,900.0,30.6,13.0,14.0,207,107,4.0,,10.7,100,10.0,0.0,0.0,993.9,5.4,276,3,45.0
2026-02-03T06:00,147.1,149.5,1148.0,29.9,13.7,16.0,207,103,4.0,,10.4,99,9.5,0.0,0.0,994.5,6.4,281,3,70.0
2026-02-03T07:00,143.0,145.3,1469.0,29.0,14.8,20.0,207,101,4.0,,10.5,98,9.5,0.0,0.0,995.3,6.6,287,3,75.0
2026-02-03T08:00,135.5,137.8,1643.0,27.9,16.7,28.0,206,98,4.0,,11.3,98,10.8,0.0,0.0,996.5,5.2,299,3,85.0
2026-02-03T09:00,128.1,130.4,1542.0,26.9,20.2,43.0,205,95,5.0,,12.1,98,12.1,0.0,0.0,997.4,3.8,311,3,45.0
2026-02-03T10:00,128.1,130.4,1294.0,25.8,24.5,62.0,204,95,6.0,,14.6,89,15.0,0.0,0.0,997.9,3.1,315,2,200.0
2026-02-03T11:00,115.3,119.0,1065.0,23.9,27.8,81.0,203,90,7.0,,16.3,82,16.8,0.0,0.0,997.9,3.5,305,1,365.0
2026-02-03T12:00,99.0,104.3,884.0,19.6,29.3,104.0,203,84,9.0,,17.9,74,18.9,0.0,0.0,997.3,4.3,303,0,605.0
2026-02-03T13:00,85.4,92.4,722.0,14.5,29.9,126.0,204,78,12.0,,18.8,65,19.3,0.0,0.0,996.5,5.6,318,0,745.0
2026-02-03T14:00,78.5,85.9,660.0,13.0,30.2,138.0,204,74,14.0,,19.4,61,19.4,0.0,0.0,995.7,5.8,338,0,850.0
2026-02-03T15:00,74.7,82.0,741.0,16.8,29.5,131.0,204,72,13.0,,19.6,58,19.4,0.0,0.0,995.4,3.8,341,1,945.0
2026-02-03T16:00,73.8,80.8,922.0,24.3,28.5,113.0,203,72,12.0,,19.4,57,19.2,0.0,0.0,995.3,2.7,337,2,915.0
2026-02-03T17:00,112.2,120.6,1149.0,45.1,38.8,88.0,203,89,16.0,,18.6,65,18.9,0.0,0.0,995.3,1.7,283,3,35.0
2026-02-03T18:00,145.3,154.1,1463.0,60.8,47.5,67.0,202,102,16.0,,17.1,66,16.9,0.0,0.0,995.4,2.2,294,3,35.0
2026-02-03T19:00,171.8,180.2,1825.0,82.2,59.5,38.0,203,113,15.0,,16.2,69,16.0,0.0,0.0,995.9,2.5,339,3,40.0
2026-02-03T20:00,189.5,197.9,2060.0,96.5,68.0,16.0,204,120,15.0,,15.6,74,15.4,0.0,0.0,996.4,3.1,21,3,50.0
2026-02-03T21:00,203.0,211.4,2060.0,97.7,70.8,9.0,205,125,15.0,,15.1,77,14.9,0.0,0.0,996.7,3.3,41,3,55.0
2026-02-03T22:00,216.1,224.4,1934.0,91.8,70.2,9.0,208,130,14.0,,14.5,79,14.2,0.0,0.0,996.7,3.3,45,0,55.0
2026-02-03T23:00,204.4,211.9,1837.0,84.1,66.5,12.0,210,126,14.0,,14.1,82,14.2,0.0,0.0,997.0,1.9,34,1,30.0
2026-02-04T00:00,182.1,189.5,1864.0,75.8,58.1,16.0,212,117,13.0,,13.5,83,13.5,0.0,0.0,996.9,1.4,320,1,20.0
2026-02-04T01:00,168.1,175.6,1919.0,65.7,46.6,22.0,214,111,13.0,,12.5,88,12.2,0.0,0.0,997.0,2.8,305,3,30.0
2026-02-04T02:00,157.4,164.4,1875.0,55.7,37.0,28.0,215,107,12.0,,11.7,91,11.3,0.0,0.0,996.5,3.1,315,3,30.0
2026-02-04T03:00,151.3,158.3,1600.0,45.0,31.1,34.0,215,105,12.0,,11.4,92,10.9,0.0,0.0,996.3,3.1,315,3,30.0
2026-02-04T04:00,145.8,152.3,1225.0,34.4,27.0,39.0,216,102,11.0,,11.1,92,10.5,0.0,0.0,996.1,3.3,324,3,35.0
2026-02-04T05:00,156.0,161.6,1014.0,26.2,19.5,40.0,217,106,10.0,,11.1,93,10.4,0.0,0.0,996.3,4.8,335,3,55.0
2026-02-04T06:00,153.7,159.3,1161.0,29.5,20.8,32.0,217,105,9.0,,10.8,93,10.0,0.0,0.0,996.7,5.2,340,1,55.0
2026-02-04T07:00,163.4,168.1,1472.0,33.8,22.7,22.0,217,109,7.0,,10.7,93,9.7,0.0,0.0,996.8,5.4,345,0,65.0
2026-02-04T08:00,168.1,172.3,1629.0,35.4,26.0,24.0,218,111,7.0,,12.7,88,11.7,0.0,0.0,997.2,7.8,351,0,110.0
2026-02-04T09:00,152.7,158.8,1459.0,31.8,32.2,51.0,219,105,10.0,,14.8,84,14.8,0.0,0.0,998.3,4.3,332,0,195.0
2026-02-04T10:00,136.0,143.4,1136.0,25.5,39.6,90.0,220,98,14.0,,17.0,76,17.1,0.0,0.0,998.7,4.7,313,0,400.0
2026-02-04T11:00,123.4,132.7,864.0,19.8,43.9,121.0,220,93,17.0,,18.2,66,18.0,0.0,0.0,998.4,6.8,305,0,640.0
2026-02-04T12:00,100.6,112.0,709.0,15.1,42.3,137.0,221,84,18.0,,19.2,60,19.2,0.0,0.0,997.8,8.1,307,0,775.0
2026-02-04T13:00,81.3,92.4,605.0,11.0,37.6,146.0,221,76,19.0,,19.9,56,19.7,0.0,0.0,996.6,8.7,307,0,895.0
2026-02-04T14:00,69.8,79.9,565.0,9.5,33.0,146.0,221,73,18.0,,20.2,54,19.3,0.0,0.0,995.8,9.8,311,0,1015.0
2026-02-04T15:00,61.9,71.0,612.0,12.1,29.4,135.0,220,68,16.0,,20.1,54,18.8,0.0,0.0,995.4,9.8,316,0,1005.0
2026-02-04T16:00,58.1,66.1,722.0,17.3,25.9,115.0,220,64,14.0,,19.5,56,18.2,0.0,0.0,995.4,9.4,318,0,900.0
2026-02-04T17:00,82.7,92.0,832.0,25.9,25.4,98.0,219,76,17.0,,18.5,62,17.8,0.0,0.0,994.9,6.9,301,0,445.0
2026-02-04T18:00,89.4,96.4,940.0,30.8,25.3,84.0,218,80,15.0,,16.6,71,15.9,0.0,0.0,994.9,6.8,292,0,195.0
2026-02-04T19:00,90.1,96.2,1049.0,37.4,25.2,64.0,216,80,13.0,,15.8,76,15.2,0.0,0.0,995.1,6.9,293,0,165.0
2026-02-04T20:00,89.9,95.9,1102.0,41.3,24.6,49.0,212,80,11.0,,15.1,79,14.3,0.0,0.0,995.3,7.9,281,0,140.0
2026-02-04T21:00,89.6,95.5,1063.0,40.5,23.4,43.0,208,80,10.0,,14.4,81,13.6,0.0,0.0,995.4,8.3,281,0,155.0
2026-02-04T22:00,89.4,95.0,969.0,36.9,21.8,42.0,203,80,10.0,,13.7,83,12.8,0.0,0.0,995.2,7.8,289,0,150.0
2026-02-04T23:00,87.8,93.4,874.0,32.7,20.0,43.0,199,79,10.0,,13.4,85,12.6,0.0,0.0,995.0,7.4,292,0,130.0
2026-02-05T00:00,84.3,89.6,789.0,27.7,17.7,46.0,195,77,9.0,,13.2,86,12.2,0.0,0.0,994.8,8.4,289,0,150.0
2026-02-05T01:00,82.0,87.1,704.0,22.0,15.2,51.0,192,76,9.0,,12.7,87,11.6,0.0,0.0,994.7,8.4,285,0,140.0
2026-02-05T02:00,80.3,85.0,641.0,17.5,13.5,55.0,190,75,8.0,,12.3,88,11.1,0.0,0.0,994.4,8.6,285,0,140.0
2026-02-05T03:00,78.5,82.7,595.0,14.6,12.9,57.0,187,74,7.0,,11.9,88,10.7,0.0,0.0,994.0,8.8,285,0,140.0
2026-02-05T04:00,76.6,80.6,571.0,13.0,13.2,59.0,185,73,7.0,,11.5,89,10.1,0.0,0.0,993.9,9.0,286,0,145.0
2026-02-05T05:00,77.8,81.5,611.0,13.9,14.8,58.0,183,74,7.0,,11.0,88,9.3,0.0,0.0,994.1,9.9,289,0,185.0
2026-02-05T06:00,77.1,80.6,782.0,18.6,17.4,53.0,181,74,6.0,,10.7,88,9.0,0.0,0.0,994.6,9.1,291,0,180.0
2026-02-05T07:00,81.7,85.0,1018.0,24.8,21.0,46.0,179,76,6.0,,10.6,87,8.9,0.0,0.0,995.0,8.7,291,0,165.0
2026-02-05T08:00,86.8,89.6,1159.0,27.9,24.3,50.0,176,78,5.0,,11.8,85,10.2,0.0,0.0,995.6,9.3,283,0,180.0
2026-02-05T09:00,87.3,90.1,1123.0,25.0,27.4,74.0,174,79,5.0,,13.8,79,12.8,0.0,0.0,996.4,7.1,277,0,235.0
2026-02-05T10:00,82.4,85.7,992.0,19.1,30.1,108.0,172,76,6.0,,16.0,72,15.3,0.0,0.0,996.9,7.0,274,0,325.0
2026-02-05T11:00,73.8,77.3,855.0,14.0,31.4,134.0,170,72,6.0,,18.5,63,18.0,0.0,0.0,996.5,8.6,278,0,560.0
2026-02-05T12:00,58.4,61.9,719.0,10.6,30.1,145.0,169,73,6.0,,20.0,54,19.5,0.0,0.0,995.8,9.9,289,0,745.0
2026-02-05T13:00,45.3,48.9,577.0,8.1,27.2,148.0,167,74,7.0,,20.9,48,20.0,0.0,0.0,994.8,10.5,292,0,900.0
2026-02-05T14:00,37.7,41.3,497.0,7.8,24.7,145.0,166,73,7.0,,21.3,44,19.6,0.0,0.0,994.4,11.5,297,0,1030.0
2026-02-05T15:00,32.8,36.2,517.0,10.4,22.7,135.0,165,68,6.0,,21.0,45,18.9,0.0,0.0,994.1,11.9,302,0,1035.0
2026-02-05T16:00,32.4,35.0,599.0,15.1,21.0,119.0,165,59,5.0,,20.4,48,18.5,0.0,0.0,994.0,10.7,301,2,990.0
2026-02-05T17:00,42.0,45.5,700.0,22.8,21.1,105.0,164,55,6.0,,19.1,55,17.9,0.0,0.0,993.9,7.7,298,0,585.0
2026-02-05T18:00,54.1,56.8,830.0,30.5,23.2,89.0,163,62,6.0,,16.7,67,15.9,0.0,0.0,994.0,6.4,299,0,185.0
2026-02-05T19:00,63.6,66.1,979.0,40.8,26.0,68.0,161,67,5.0,,15.8,72,15.1,0.0,0.0,994.4,6.4,299,0,140.0
2026-02-05T20:00,69.8,72.4,1069.0,46.9,27.8,53.0,161,70,5.0,,15.3,72,14.4,0.0,0.0,994.6,6.7,297,0,125.0
2026-02-05T21:00,73.1,75.7,1059.0,45.1,27.9,51.0,160,72,5.0,,14.8,72,13.7,0.0,0.0,994.8,7.0,299,0,125.0
2026-02-05T22:00,75.9,78.5,990.0,39.1,27.0,54.0,160,73,5.0,,14.1,73,12.9,0.0,0.0,994.6,6.9,300,0,120.0
2026-02-05T23:00,77.1,79.6,915.0,33.0,25.6,59.0,159,74,5.0,,13.3,78,12.2,0.0,0.0,994.7,6.6,296,0,110.0
2026-02-06T00:00,75.9,78.5,841.0,27.8,23.6,63.0,159,73,5.0,,13.1,77,11.9,0.0,0.0,994.3,6.7,294,0,110.0
2026-02-06T01:00,75.7,78.2,760.0,22.6,21.2,67.0,159,73,5.0,,12.5,79,11.3,0.0,0.0,994.1,6.3,288,0,100.0
2026-02-06T02:00,75.4,78.2,700.0,18.5,19.4,70.0,158,73,5.0,,12.1,80,10.8,0.0,0.0,993.5,6.6,291,0,100.0
2026-02-06T03:00,75.0,77.5,661.0,15.7,18.4,72.0,158,73,5.0,,11.8,81,10.3,0.0,0.0,993.2,7.1,291,0,105.0
2026-02-06T04:00,74.3,76.8,642.0,14.0,18.0,73.0,158,72,4.0,,11.5,81,10.0,0.0,0.0,992.8,7.2,289,0,105.0
2026-02-06T05:00,71.9,74.5,670.0,13.8,19.2,74.0,158,71,4.0,,11.1,83,9.5,0.0,0.0,993.0,8.0,276,0,115.0
2026-02-06T06:00,71.2,73.8,794.0,18.0,20.5,69.0,158,71,4.0,,10.9,83,9.1,0.0,0.0,993.8,8.8,272,0,125.0
2026-02-06T07:00,74.3,76.6,965.0,23.5,22.3,64.0,158,72,4.0,,10.8,83,8.8,0.0,0.0,994.3,9.9,273,0,140.0
2026-02-06T08:00,75.9,78.2,1065.0,26.2,24.0,68.0,158,73,4.0,,12.4,76,10.3,0.0,0.0,995.4,11.2,275,0,175.0
2026-02-06T09:00,78.0,79.9,1031.0,23.3,25.5,91.0,157,74,4.0,,14.7,71,13.2,0.0,0.0,995.9,9.4,273,0,230.0
2026-02-06T10:00,73.6,76.1,926.0,17.5,26.9,123.0,157,72,5.0,,17.3,63,16.0,0.0,0.0,996.4,9.3,280,0,355.0
2026-02-06T11:00,64.0,66.8,819.0,12.6,27.5,148.0,157,74,5.0,,20.2,55,19.2,0.0,0.0,996.0,10.9,283,0,685.0
2026-02-06T12:00,51.3,53.8,715.0,9.4,26.6,160.0,156,80,5.0,,21.8,47,20.7,0.0,0.0,995.2,12.9,293,0,920.0
2026-02-06T13:00,42.8,45.5,608.0,7.1,24.9,164.0,156,84,5.0,,22.5,44,21.0,0.0,0.0,994.2,14.4,299,0,1050.0
2026-02-06T14:00,38.8,41.7,552.0,7.1,23.5,162.0,156,82,5.0,,22.6,45,21.0,0.0,0.0,993.3,13.8,303,0,1075.0
2026-02-06T15:00,38.0,40.9,575.0,10.4,22.9,153.0,156,77,5.0,,22.3,48,20.6,0.0,0.0,992.7,12.9,306,0,1035.0
2026-02-06T16:00,39.6,42.1,649.0,15.9,22.6,137.0,156,69,4.0,,21.7,52,20.4,0.0,0.0,992.4,11.6,302,0,970.0
2026-02-06T17:00,37.3,38.2,745.0,21.8,23.6,126.0,157,63,2.0,,20.5,56,19.6,0.0,0.0,992.1,8.9,297,0,680.0
2026-02-06T18:00,46.2,47.0,885.0,26.6,25.0,111.0,156,58,2.0,,18.6,65,18.1,0.0,0.0,992.3,7.7,295,0,300.0
2026-02-06T19:00,53.4,54.2,1047.0,33.0,26.8,91.0,156,62,1.0,,17.7,71,17.3,0.0,0.0,992.6,7.2,298,0,200.0
2026-02-06T20:00,57.0,57.7,1142.0,36.5,27.8,77.0,156,64,1.0,,17.1,71,16.6,0.0,0.0,993.1,7.5,294,0,170.0
2026-02-06T21:00,58.0,58.7,1116.0,34.4,27.3,74.0,155,64,1.0,,16.6,71,15.9,0.0,0.0,993.3,7.4,299,0,150.0
2026-02-06T22:00,58.0,58.9,1022.0,29.4,25.9,78.0,155,64,1.0,,16.1,71,15.3,0.0,0.0,993.2,7.7,309,0,145.0
2026-02-06T23:00,56.5,57.6,931.0,24.6,24.2,81.0,154,63,2.0,,15.8,73,15.0,0.0,0.0,993.2,7.4,311,0,150.0
2026-02-07T00:00,53.2,54.8,857.0,20.8,22.1,82.0,154,62,3.0,,15.1,74,14.2,0.0,0.0,992.8,7.0,302,0,130.0
2026-02-07T01:00,51.5,53.7,786.0,17.2,19.6,83.0,153,61,4.0,,14.5,77,13.6,0.0,0.0,992.5,6.7,284,0,115.0
2026-02-07T02:00,51.1,53.8,746.0,14.6,17.8,83.0,152,61,5.0,,13.9,79,12.9,0.0,0.0,992.2,6.9,277,1,110.0
2026-02-07T03:00,51.1,54.1,743.0,13.1,17.0,81.0,152,61,6.0,,13.3,82,12.2,0.0,0.0,991.7,8.1,265,1,110.0
2026-02-07T04:00,51.6,54.7,770.0,12.6,16.8,78.0,151,61,6.0,,12.7,84,11.4,0.0,0.0,991.2,9.0,264,1,115.0
2026-02-07T05:00,53.7,55.3,840.0,11.5,18.1,88.0,150,62,3.0,,12.6,86,11.3,0.0,0.0,991.4,9.4,272,2,135.0
2026-02-07T06:00,55.5,57.3,1006.0,16.4,19.9,81.0,149,63,2.0,,12.5,86,11.2,0.0,0.0,991.7,9.1,279,1,150.0
2026-02-07T07:00,60.8,62.6,1214.0,22.8,22.4,71.0,148,65,1.0,,12.5,86,11.2,0.0,0.0,992.1,9.4,275,1,150.0
2026-02-07T08:00,64.7,66.4,1315.0,26.1,24.3,71.0,146,67,3.0,,13.8,83,12.6,0.0,0.0,992.8,10.5,267,3,190.0
2026-02-07T09:00,67.8,69.6,1214.0,23.2,25.2,88.0,145,69,9.0,,16.1,75,15.3,0.0,0.0,993.5,8.5,271,0,290.0
2026-02-07T10:00,64.3,68.9,1007.0,17.0,25.5,113.0,144,67,17.0,,18.5,67,17.9,0.0,0.0,993.6,8.6,281,0,460.0
2026-02-07T11:00,56.1,69.6,828.0,11.9,25.3,133.0,143,67,25.0,,20.8,59,20.4,0.0,0.0,993.3,10.3,283,0,740.0
2026-02-07T12:00,49.1,71.0,723.0,8.9,24.3,143.0,142,72,34.0,,22.3,53,22.1,0.0,0.0,992.6,11.4,296,0,985.0
2026-02-07T13:00,44.0,68.9,648.0,6.9,22.7,149.0,142,75,43.0,,23.3,47,22.6,0.0,0.0,991.5,13.0,297,0,1115.0
2026-02-07T14:00,43.1,68.2,602.0,6.8,21.6,149.0,142,75,48.0,,23.6,46,22.2,0.0,0.0,990.6,14.7,296,0,1190.0
2026-02-07T15:00,43.4,67.1,589.0,9.6,21.4,143.0,143,72,45.0,,23.5,45,21.5,0.0,0.0,990.2,15.1,297,0,1175.0
2026-02-07T16:00,44.8,64.3,606.0,14.3,21.6,132.0,143,66,37.0,,22.8,48,21.2,0.0,0.0,990.1,13.6,298,0,1020.0
2026-02-07T17:00,47.6,69.4,647.0,20.1,21.9,121.0,144,61,41.0,,21.6,53,20.8,0.0,0.0,989.6,9.3,289,0,840.0
2026-02-07T18:00,55.3,80.8,729.0,24.1,23.1,108.0,145,63,50.0,,19.7,63,19.4,0.0,0.0,989.7,7.6,282,0,420.0
2026-02-07T19:00,63.3,94.1,836.0,29.5,24.7,91.0,146,67,62.0,,18.8,67,18.4,0.0,0.0,990.1,7.7,282,0,300.0
2026-02-07T20:00,67.8,105.2,911.0,32.6,25.5,77.0,147,69,70.0,,18.4,64,17.5,0.0,0.0,990.7,9.1,292,0,280.0
2026-02-07T21:00,70.1,109.2,932.0,31.6,25.1,71.0,148,70,69.0,,17.6,66,16.7,0.0,0.0,991.3,8.1,309,0,205.0
2026-02-07T22:00,71.2,106.6,921.0,28.4,23.9,70.0,149,71,64.0,,16.8,72,16.1,0.0,0.0,991.4,7.7,329,0,205.0
2026-02-07T23:00,68.9,99.2,886.0,25.1,22.4,69.0,150,69,56.0,,16.0,79,15.6,0.0,0.0,991.4,6.9,327,0,205.0
2026-02-08T00:00,63.8,88.2,812.0,21.9,20.5,68.0,151,67,46.0,,15.5,79,15.0,0.0,0.0,990.9,6.8,323,0,195.0
2026-02-08T01:00,59.8,78.5,713.0,18.7,18.3,68.0,151,65,35.0,,14.8,77,14.1,0.0,0.0,990.9,6.4,313,0,175.0
2026-02-08T02:00,57.0,70.5,648.0,16.4,16.8,67.0,151,64,25.0,,14.1,76,13.2,0.0,0.0,990.7,6.2,306,0,150.0
2026-02-08T03:00,55.5,65.4,625.0,15.4,16.1,64.0,151,63,19.0,,13.5,77,12.4,0.0,0.0,990.6,6.3,301,1,140.0
2026-02-08T04:00,55.2,62.6,635.0,15.5,16.1,60.0,151,63,14.0,,12.7,79,11.6,0.0,0.0,990.1,6.2,278,0,110.0
2026-02-08T05:00,48.8,53.2,705.0,15.2,16.4,63.0,152,59,8.0,,11.9,82,10.6,0.0,0.0,989.8,6.4,280,0,105.0
2026-02-08T06:00,49.1,53.0,916.0,20.6,18.7,55.0,151,59,7.0,,11.6,82,10.1,0.0,0.0,990.1,7.3,279,0,110.0
2026-02-08T07:00,55.6,59.0,1187.0,27.8,21.9,45.0,151,63,6.0,,11.4,81,9.8,0.0,0.0,990.7,8.0,278,1,115.0
2026-02-08T08:00,62.4,65.2,1308.0,31.2,24.2,45.0,151,66,5.0,,13.0,76,11.3,0.0,0.0,991.1,9.5,272,2,150.0
2026-02-08T09:00,61.2,64.5,1137.0,27.1,25.0,66.0,151,66,6.0,,15.4,66,14.2,0.0,0.0,992.2,7.0,274,1,240.0
2026-02-08T10:00,54.1,58.2,816.0,19.1,25.0,97.0,151,62,8.0,,17.9,56,16.6,0.0,0.0,992.9,7.3,280,2,415.0
2026-02-08T11:00,43.5,48.3,561.0,12.6,24.6,122.0,150,61,9.0,,20.6,46,19.3,0.0,0.0,992.6,9.3,285,3,765.0
2026-02-08T12:00,34.0,38.8,457.0,9.1,23.5,137.0,150,69,9.0,,21.9,40,20.4,0.0,0.0,992.3,10.8,294,3,925.0
2026-02-08T13:00,28.5,32.6,419.0,7.1,21.9,145.0,149,73,8.0,,22.6,35,20.8,0.0,0.0,991.3,11.8,293,1,1025.0
2026-02-08T14:00,25.6,29.2,411.0,7.5,21.0,147.0,147,74,7.0,,22.8,36,20.9,0.0,0.0,990.4,11.2,296,0,1055.0
2026-02-08T15:00,25.6,29.1,407.0,10.6,21.2,140.0,145,70,6.0,,22.5,38,20.3,0.0,0.0,989.7,10.6,302,0,1035.0
2026-02-08T16:00,27.1,30.3,432.0,16.2,22.2,125.0,143,63,6.0,,21.9,40,19.9,0.0,0.0,989.4,9.7,301,0,975.0
2026-02-08T17:00,43.5,50.2,528.0,23.0,22.6,110.0,142,56,12.0,,20.5,45,19.0,0.0,0.0,989.1,7.1,289,0,755.0
2026-02-08T18:00,56.1,61.2,745.0,30.8,24.5,95.0,141,63,11.0,,18.1,55,17.1,0.0,0.0,989.0,5.4,285,0,160.0
2026-02-08T19:00,64.0,68.5,1031.0,41.5,27.2,74.0,141,67,10.0,,17.1,60,16.1,0.0,0.0,989.5,5.5,281,0,115.0
2026-02-08T20:00,69.2,74.0,1277.0,48.9,29.2,58.0,141,70,9.0,,16.2,63,15.2,0.0,0.0,989.8,5.6,287,0,95.0
2026-02-08T21:00,73.8,79.4,1449.0,50.1,30.1,51.0,141,72,10.0,,15.7,65,14.6,0.0,0.0,990.0,5.5,287,1,70.0
2026-02-08T22:00,78.9,85.7,1579.0,48.1,30.3,50.0,142,74,12.0,,15.3,65,14.3,0.0,0.0,989.8,4.6,288,3,50.0
2026-02-08T23:00,83.4,91.3,1655.0,45.8,30.1,48.0,143,77,14.0,,14.7,70,13.8,0.0,0.0,990.1,4.6,279,2,40.0
2026-02-09T00:00,85.7,94.5,1653.0,43.6,29.0,45.0,144,78,16.0,,14.1,70,13.2,0.0,0.0,989.7,4.1,272,1,35.0
2026-02-09T01:00,89.6,99.2,1596.0,41.2,27.4,43.0,146,80,18.0,,13.3,73,12.2,0.0,0.0,989.3,4.3,270,1,35.0
2026-02-09T02:00,95.5,105.7,1544.0,40.3,26.9,40.0,150,82,19.0,,12.5,76,11.5,0.0,0.0,989.2,3.8,270,1,30.0
2026-02-09T03:00,102.2,112.9,1482.0,42.0,27.9,35.0,151,85,20.0,,11.8,78,10.7,0.0,0.0,988.9,3.4,286,2,30.0
2026-02-09T04:00,108.7,119.7,1424.0,45.1,29.9,28.0,152,87,20.0,,10.9,81,9.7,0.0,0.0,988.1,3.8,275,2,30.0
2026-02-09T05:00,108.3,121.1,1469.0,40.0,28.7,33.0,154,87,22.0,,10.5,86,9.5,0.0,0.0,988.4,4.1,257,3,30.0
2026-02-09T06:00,117.3,130.4,1767.0,49.6,38.1,24.0,156,91,20.0,,11.0,85,10.0,0.0,0.0,989.1,3.7,256,3,30.0
2026-02-09T07:00,137.8,152.3,2168.0,62.2,51.0,15.0,158,99,17.0,,11.2,85,10.2,0.0,0.0,989.9,3.9,254,3,35.0
2026-02-09T08:00,157.9,169.0,2326.0,67.3,60.1,23.0,160,107,15.0,,13.0,77,12.1,0.0,0.0,991.1,4.5,256,3,40.0
2026-02-09T09:00,126.7,133.6,2001.0,57.8,61.7,67.0,163,95,16.0,,15.9,68,15.9,0.0,0.0,992.1,0.2,180,3,75.0
2026-02-09T10:00,96.2,105.0,1432.0,40.7,59.5,130.0,165,82,17.0,,19.2,52,18.7,0.0,0.0,992.9,1.9,119,3,250.0
2026-02-09T11:00,82.2,92.4,990.0,27.4,57.4,177.0,166,97,19.0,,21.7,41,20.7,0.0,0.0,992.8,4.5,127,3,665.0
2026-02-09T12:00,69.2,81.0,832.0,21.8,56.9,196.0,167,116,20.0,,23.2,36,22.5,0.0,0.0,992.3,4.9,129,3,930.0
2026-02-09T13:00,59.8,71.5,802.0,19.9,56.6,199.0,168,119,21.0,,23.7,35,22.7,0.0,0.0,991.2,5.5,131,2,1090.0
2026-02-09T14:00,51.8,62.9,799.0,20.5,55.7,196.0,169,116,21.0,,24.0,36,22.9,0.0,0.0,990.3,6.2,123,1,1165.0
2026-02-09T15:00,46.9,57.3,773.0,21.2,52.1,188.0,170,108,19.0,,23.9,38,22.6,0.0,0.0,990.0,6.7,121,3,1185.0
2026-02-09T16:00,45.6,55.1,775.0,24.4,47.9,174.0,171,94,17.0,,23.2,41,21.7,0.0,0.0,989.9,7.8,119,0,755.0
2026-02-09T17:00,88.2,101.7,853.0,51.8,69.4,151.0,171,79,25.0,,22.0,42,20.4,0.0,0.0,989.5,8.3,129,0,345.0
2026-02-09T18:00,121.1,134.6,1075.0,73.0,73.6,118.0,173,92,25.0,,20.2,48,18.9,0.0,0.0,989.8,6.8,143,0,195.0
2026-02-09T19:00,149.5,162.5,1373.0,101.8,79.1,73.0,175,104,24.0,,18.3,57,17.6,0.0,0.0,990.4,4.4,128,0,85.0
2026-02-09T20:00,163.0,175.6,1598.0,120.4,81.0,39.0,177,109,23.0,,17.2,63,16.5,0.0,0.0,990.8,5.0,103,0,75.0
2026-02-09T21:00,161.6,172.3,1700.0,119.9,76.2,28.0,180,109,22.0,,16.2,66,15.5,0.0,0.0,991.1,4.9,123,0,70.0
2026-02-09T22:00,155.1,165.8,1729.0,109.1,67.7,27.0,183,106,20.0,,15.5,68,14.6,0.0,0.0,990.9,5.1,135,0,65.0
2026-02-09T23:00,149.0,159.3,1680.0,96.6,59.6,30.0,185,104,19.0,,14.9,75,14.2,0.0,0.0,990.6,5.7,131,0,65.0
2026-02-10T00:00,141.6,151.8,1508.0,83.8,53.0,34.0,187,101,19.0,,14.1,79,13.5,0.0,0.0,990.3,5.2,121,0,65.0
2026-02-10T01:00,138.8,149.5,1257.0,69.4,46.8,40.0,188,100,20.0,,13.6,80,12.9,0.0,0.0,989.9,5.2,106,0,60.0
2026-02-10T02:00,139.2,150.9,1059.0,57.7,41.8,44.0,190,100,21.0,,13.0,80,12.3,0.0,0.0,989.7,4.6,108,0,55.0
2026-02-10T03:00,142.0,154.6,940.0,50.2,38.2,44.0,191,101,21.0,,12.6,80,11.7,0.0,0.0,989.3,4.5,83,2,55.0
2026-02-10T04:00,144.4,156.5,874.0,45.5,35.9,42.0,192,102,21.0,,12.4,80,11.3,0.0,0.0,989.0,5.6,90,3,60.0
2026-02-10T05:00,150.4,162.5,908.0,50.6,35.2,29.0,193,104,21.0,,11.8,86,10.8,0.0,0.0,989.6,5.3,145,3,60.0
2026-02-10T06:00,144.8,157.4,1152.0,53.1,36.5,31.0,195,102,20.0,,11.7,86,10.8,0.0,0.0,990.1,5.0,150,1,65.0
2026-02-10T07:00,148.5,161.1,1498.0,56.1,38.5,36.0,196,103,19.0,,11.6,86,10.7,0.0,0.0,991.0,5.0,154,0,60.0
2026-02-10T08:00,143.9,154.1,1665.0,55.3,40.8,51.0,196,102,18.0,,13.8,76,12.8,0.0,0.0,992.0,5.9,125,1,80.0
2026-02-10T09:00,129.0,138.8,1484.0,47.0,43.7,88.0,195,96,19.0,,17.0,63,16.3,0.0,0.0,992.7,4.2,121,0,150.0
2026-02-10T10:00,111.3,122.9,1124.0,34.9,46.9,135.0,196,89,21.0,,20.2,52,19.4,0.0,0.0,993.2,5.1,132,0,310.0
2026-02-10T11:00,85.0,96.2,822.0,25.3,49.5,172.0,196,92,21.0,,22.7,43,22.1,0.0,0.0,993.2,6.1,161,0,545.0
2026-02-10T12:00,66.1,75.7,652.0,20.3,51.5,190.0,196,110,19.0,,25.0,35,24.6,0.0,0.0,992.7,5.8,178,0,875.0
2026-02-10T13:00,56.2,64.7,538.0,17.8,52.9,196.0,196,116,17.0,,26.2,30,25.6,0.0,0.0,991.7,5.2,182,0,1235.0
2026-02-10T14:00,49.6,56.8,489.0,18.0,53.2,196.0,196,116,14.0,,26.9,27,25.9,0.0,0.0,990.6,4.3,195,0,1840.0
2026-02-10T15:00,45.5,51.8,503.0,19.6,50.4,190.0,196,110,12.0,,27.2,26,25.7,0.0,0.0,990.3,3.1,208,0,2200.0
2026-02-10T16:00,45.6,51.3,582.0,23.9,46.4,178.0,196,98,10.0,,26.9,25,25.5,0.0,0.0,990.1,1.5,210,0,2240.0
2026-02-10T17:00,79.4,88.0,741.0,31.8,37.6,144.0,196,75,16.0,,25.1,34,23.5,0.0,0.0,990.4,7.2,55,0,690.0
2026-02-10T18:00,109.7,118.0,1064.0,50.5,43.3,116.0,195,88,16.0,,22.9,47,22.2,0.0,0.0,991.2,6.5,77,0,410.0
2026-02-10T19:00,129.9,138.3,1467.0,75.9,51.1,77.0,195,96,15.0,,21.3,54,21.3,0.0,0.0,991.9,3.9,74,0,225.0
2026-02-10T20:00,134.1,142.0,1717.0,91.1,55.6,50.0,195,98,15.0,,20.2,60,20.3,0.0,0.0,992.8,3.8,90,0,160.0
2026-02-10T21:00,130.9,138.3,1676.0,86.8,54.2,45.0,194,96,15.0,,19.3,65,19.4,0.0,0.0,993.4,4.5,92,0,135.0
2026-02-10T22:00,128.1,136.0,1482.0,72.3,49.5,52.0,193,95,14.0,,18.6,68,18.5,0.0,0.0,993.7,5.6,92,0,115.0
2026-02-10T23:00,127.6,135.0,1313.0,59.5,44.6,56.0,192,95,14.0,,17.5,76,17.8,0.0,0.0,993.7,4.7,113,0,80.0
2026-02-11T00:00,126.2,134.1,1228.0,52.5,40.0,52.0,191,94,14.0,,16.6,79,16.9,0.0,0.0,993.4,4.1,124,0,55.0
2026-02-11T01:00,128.1,135.5,1167.0,47.2,35.1,47.0,191,95,14.0,,16.2,80,16.7,0.0,0.0,993.1,2.5,120,0,40.0
2026-02-11T02:00,131.8,139.2,1132.0,42.5,31.2,42.0,191,97,13.0,,16.3,79,16.9,0.0,0.0,992.8,1.5,30,1,35.0
2026-02-11T03:00,136.0,143.4,1107.0,37.6,28.3,40.0,190,98,12.0,,16.0,80,16.2,0.0,0.0,992.8,3.3,347,0,40.0
2026-02-11T04:00,132.2,138.3,1107.0,33.3,26.3,40.0,190,97,10.0,,15.3,82,15.6,0.0,0.0,992.4,2.6,286,0,35.0
2026-02-11T05:00,112.2,118.0,1175.0,24.1,29.0,63.0,190,89,11.0,,14.7,84,14.5,0.0,0.0,992.8,5.2,250,0,70.0
2026-02-11T06:00,111.5,117.1,1412.0,30.5,31.5,53.0,189,89,10.0,,14.6,84,14.5,0.0,0.0,993.3,4.7,247,1,55.0
2026-02-11T07:00,120.6,126.2,1716.0,39.0,34.9,41.0,188,92,9.0,,15.2,81,15.0,0.0,0.0,994.0,4.9,253,0,55.0
2026-02-11T08:00,123.4,127.6,1833.0,42.6,37.0,42.0,187,93,8.0,,17.2,71,16.9,0.0,0.0,994.7,5.8,250,0,70.0
2026-02-11T09:00,110.1,114.3,1585.0,36.8,37.1,69.0,186,88,8.0,,20.2,58,20.0,0.0,0.0,996.0,4.8,307,0,165.0
2026-02-11T10:00,91.3,95.9,1149.0,26.0,36.0,110.0,186,81,9.0,,23.0,46,22.2,0.0,0.0,996.6,6.8,297,0,415.0
2026-02-11T11:00,71.0,76.4,797.0,17.0,33.9,142.0,185,71,10.0,,25.1,37,24.0,0.0,0.0,996.1,9.0,296,0,890.0
2026-02-11T12:00,53.2,58.8,638.0,11.8,30.3,158.0,185,79,11.0,,26.4,32,25.5,0.0,0.0,995.2,9.2,312,0,1160.0
2026-02-11T13:00,45.9,52.5,564.0,8.3,25.8,165.0,184,85,13.0,,27.0,32,26.0,0.0,0.0,994.3,10.1,321,0,1450.0
2026-02-11T14:00,41.6,49.0,521.0,6.9,22.3,164.0,184,84,14.0,,27.1,31,25.6,0.0,0.0,993.7,11.1,320,0,1805.0
2026-02-11T15:00,38.9,47.0,491.0,8.2,20.5,154.0,184,77,13.0,,26.8,32,24.8,0.0,0.0,993.3,11.6,321,0,1695.0
2026-02-11T16:00,37.6,45.6,493.0,11.6,19.7,137.0,184,69,11.0,,25.9,36,24.1,0.0,0.0,993.1,11.6,325,0,1305.0
2026-02-11T17:00,39.8,47.5,531.0,15.1,19.3,123.0,183,62,14.0,,24.7,39,23.0,0.0,0.0,992.9,10.7,327,0,995.0
2026-02-11T18:00,41.1,47.4,641.0,19.1,20.3,108.0,182,55,19.0,,23.2,46,22.2,0.0,0.0,993.4,8.1,325,0,730.0
2026-02-11T19:00,42.1,51.6,786.0,24.5,21.7,87.0,180,55,27.0,,22.2,52,21.6,0.0,0.0,993.9,7.7,329,0,575.0
2026-02-11T20:00,42.7,62.9,866.0,28.2,22.7,71.0,177,56,37.0,,21.1,56,20.6,0.0,0.0,994.1,7.7,332,0,430.0
2026-02-11T21:00,43.9,77.3,820.0,28.7,22.9,64.0,175,57,51.0,,20.3,56,19.4,0.0,0.0,994.3,8.6,338,0,355.0
2026-02-11T22:00,46.9,87.8,708.0,27.5,22.7,62.0,172,58,67.0,,19.3,57,18.3,0.0,0.0,994.1,8.1,336,0,310.0
2026-02-11T23:00,48.3,91.0,606.0,25.6,22.0,61.0,170,59,77.0,,18.5,60,17.4,0.0,0.0,994.0,8.5,335,0,290.0
2026-02-12T00:00,47.4,89.2,532.0,23.0,20.4,61.0,167,59,78.0,,17.7,61,16.5,0.0,0.0,993.6,7.8,326,0,265.0
2026-02-12T01:00,47.4,86.6,468.0,19.7,18.2,61.0,165,59,72.0,,17.0,62,15.9,0.0,0.0,993.6,7.0,318,0,225.0
2026-02-12T02:00,47.6,83.8,433.0,17.1,16.5,62.0,163,59,65.0,,16.2,63,15.1,0.0,0.0,993.3,6.3,309,0,180.0
2026-02-12T03:00,47.6,79.4,423.0,15.2,15.5,62.0,160,59,56.0,,15.4,65,14.2,0.0,0.0,992.8,6.1,302,0,160.0
2026-02-12T04:00,48.4,73.6,442.0,14.1,15.0,62.0,158,59,45.0,,14.5,68,13.3,0.0,0.0,992.2,6.0,291,0,130.0
2026-02-12T05:00,51.1,61.0,524.0,16.7,15.5,55.0,155,61,18.0,,14.1,76,13.0,0.0,0.0,992.7,7.6,284,0,160.0
2026-02-12T06:00,51.6,58.2,748.0,21.7,17.5,48.0,153,61,14.0,,13.4,80,12.4,0.0,0.0,993.0,6.5,278,0,140.0
2026-02-12T07:00,57.5,62.2,1035.0,28.2,20.3,40.0,151,64,9.0,,13.0,82,11.9,0.0,0.0,993.2,6.9,275,0,115.0
2026-02-12T08:00,64.7,67.8,1186.0,31.1,23.0,43.0,148,67,6.0,,14.5,74,13.3,0.0,0.0,994.1,7.9,270,0,165.0
2026-02-12T09:00,62.9,66.4,1079.0,26.8,25.9,68.0,142,66,7.0,,17.0,63,15.9,0.0,0.0,995.1,7.6,269,0,255.0
2026-02-12T10:00,58.6,63.3,837.0,18.9,28.8,103.0,137,64,9.0,,19.7,53,18.4,0.0,0.0,995.7,8.0,275,0,425.0
2026-02-12T11:00,49.6,55.3,627.0,12.3,29.8,131.0,134,66,11.0,,22.2,46,21.4,0.0,0.0,995.5,9.1,284,0,990.0
2026-02-12T12:00,32.0,36.9,503.0,8.8,27.4,143.0,132,72,10.0,,24.0,35,22.5,0.0,0.0,994.6,12.0,288,0,1205.0
2026-02-12T13:00,27.1,31.1,412.0,6.6,23.2,146.0,130,73,8.0,,24.8,28,22.8,0.0,0.0,993.7,12.6,292,3,1275.0
2026-02-12T14:00,25.7,29.6,362.0,6.1,20.0,145.0,128,73,7.0,,25.1,27,22.5,0.0,0.0,992.9,12.4,292,0,1275.0
2026-02-12T15:00,25.3,29.0,361.0,7.0,18.8,140.0,126,70,6.0,,24.8,28,22.0,0.0,0.0,992.5,11.4,291,1,1250.0
2026-02-12T16:00,25.1,28.5,402.0,9.6,18.7,131.0,124,66,6.0,,24.2,30,21.6,0.0,0.0,992.2,9.8,296,2,1205.0
2026-02-12T17:00,32.9,37.8,469.0,15.3,20.7,114.0,123,54,9.0,,22.7,37,20.5,0.0,0.0,991.8,10.1,305,2,1065.0
2026-02-12T18:00,43.5,47.4,579.0,24.0,22.8,97.0,122,56,9.0,,21.2,42,19.6,0.0,0.0,991.8,7.1,306,3,670.0
2026-02-12T19:00,53.0,57.3,717.0,35.9,25.6,73.0,123,62,10.0,,20.3,47,19.0,0.0,0.0,992.0,6.0,303,3,470.0
2026-02-12T20:00,59.8,67.3,819.0,44.7,27.6,54.0,124,65,14.0,,19.3,53,18.3,0.0,0.0,992.4,5.5,293,0,275.0
2026-02-12T21:00,64.5,77.8,860.0,47.8,28.2,44.0,126,67,23.0,,18.2,57,17.3,0.0,0.0,992.5,5.0,300,1,170.0
2026-02-12T22:00,69.4,89.6,866.0,47.7,28.0,38.0,128,70,35.0,,17.8,56,16.8,0.0,0.0,992.2,4.8,295,3,115.0
2026-02-12T23:00,72.6,97.3,854.0,46.0,27.0,35.0,130,71,43.0,,17.3,58,16.1,0.0,0.0,991.8,5.7,281,3,115.0
2026-02-13T00:00,71.5,98.3,817.0,42.3,24.8,35.0,133,71,43.0,,16.7,59,15.4,0.0,0.0,991.6,5.8,279,3,105.0
2026-02-13T01:00,70.3,95.0,763.0,37.0,21.9,38.0,135,70,39.0,,15.9,62,14.7,0.0,0.0,991.3,6.0,279,3,105.0
2026-02-13T02:00,68.0,87.8,729.0,32.3,19.5,40.0,138,69,34.0,,15.2,65,13.9,0.0,0.0,990.7,6.0,275,3,90.0
2026-02-13T03:00,65.9,80.1,715.0,28.6,17.9,42.0,140,68,27.0,,14.7,67,13.4,0.0,0.0,990.5,6.1,284,3,95.0
2026-02-13T04:00,65.2,74.7,723.0,25.5,16.8,43.0,142,68,19.0,,13.8,70,12.6,0.0,0.0,989.7,4.9,278,3,85.0
2026-02-13T05:00,56.8,60.3,793.0,19.4,14.7,52.0,143,63,7.0,,13.2,79,12.3,0.0,0.0,990.1,5.4,284,3,90.0
2026-02-13T06:00,58.9,61.7,1017.0,25.3,17.3,45.0,144,64,6.0,,12.8,79,11.8,0.0,0.0,990.2,4.9,278,3,90.0
2026-02-13T07:00,65.4,68.0,1303.0,33.0,20.8,37.0,145,68,5.0,,12.7,78,11.5,0.0,0.0,990.9,6.0,265,2,85.0
2026-02-13T08:00,70.1,72.2,1422.0,36.5,23.6,39.0,145,70,4.0,,14.4,68,13.0,0.0,0.0,991.6,6.9,255,3,115.0
2026-02-13T09:00,67.1,69.4,1213.0,31.7,25.0,62.0,146,69,4.0,,17.2,55,15.7,0.0,0.0,992.5,6.6,261,3,190.0
2026-02-13T10:00,58.4,61.5,837.0,22.6,25.7,96.0,146,64,5.0,,20.0,44,18.2,0.0,0.0,993.0,7.8,263,3,405.0
2026-02-13T11:00,48.4,51.8,545.0,15.0,25.6,124.0,146,62,6.0,,22.5,37,20.7,0.0,0.0,993.1,9.7,269,3,820.0
2026-02-13T12:00,38.6,42.6,441.0,10.6,24.1,139.0,146,70,7.0,,24.0,32,22.6,0.0,0.0,992.3,8.8,282,3,970.0
2026-02-13T13:00,31.4,36.0,421.0,7.6,21.8,148.0,147,74,8.0,,24.9,30,23.7,0.0,0.0,991.5,8.0,290,3,1120.0
2026-02-13T14:00,28.6,33.2,426.0,6.8,20.3,150.0,147,75,9.0,,25.4,29,23.8,0.0,0.0,990.7,7.2,297,3,1220.0
2026-02-13T15:00,27.8,32.4,421.0,7.6,19.9,145.0,148,73,8.0,,25.5,30,23.5,0.0,0.0,990.5,7.4,299,3,1270.0
2026-02-13T16:00,28.2,32.5,442.0,10.6,20.2,133.0,148,67,7.0,,24.9,32,23.1,0.0,0.0,990.0,7.2,298,1,1185.0
2026-02-13T17:00,34.8,38.3,534.0,20.9,25.1,119.0,148,59,6.0,,23.6,33,21.5,0.0,0.0,989.8,7.6,297,2,965.0
2026-02-13T18:00,51.7,54.5,717.0,33.4,27.6,98.0,149,61,6.0,,22.0,39,20.5,0.0,0.0,990.1,5.4,285,1,340.0
2026-02-13T19:00,63.3,66.1,971.0,50.6,31.2,69.0,149,67,5.0,,20.6,48,19.8,0.0,0.0,990.6,4.3,268,2,135.0
2026-02-13T20:00,71.5,74.3,1284.0,63.4,33.8,46.0,150,71,5.0,,19.3,55,18.9,0.0,0.0,991.2,2.9,266,1,65.0
2026-02-13T21:00,79.9,83.1,1721.0,68.6,35.2,34.0,150,75,6.0,,19.2,57,19.3,0.0,0.0,991.5,0.7,270,3,35.0
2026-02-13T22:00,89.4,94.5,2218.0,69.4,35.7,27.0,151,80,8.0,,18.8,56,18.6,0.0,0.0,991.4,0.7,90,2,40.0
2026-02-13T23:00,94.3,101.5,2566.0,66.3,34.6,25.0,152,82,10.0,,18.6,62,18.8,0.0,0.0,991.4,0.5,90,3,25.0
2026-02-14T00:00,90.8,99.9,2690.0,57.2,30.7,30.0,152,80,12.0,,18.2,59,18.1,0.0,0.0,991.1,1.2,333,3,60.0
2026-02-14T01:00,84.5,94.1,2665.0,44.3,25.2,40.0,153,77,14.0,,17.3,61,16.9,0.0,0.0,990.7,2.1,301,3,45.0
2026-02-14T02:00,80.1,88.9,2510.0,34.4,21.2,47.0,153,75,15.0,,15.7,68,15.2,0.0,0.0,990.2,3.5,294,3,40.0
2026-02-14T03:00,80.1,88.2,2126.0,30.0,19.9,48.0,154,75,14.0,,14.3,74,13.5,0.0,0.0,989.8,4.9,294,3,45.0
2026-02-14T04:00,83.4,90.3,1612.0,28.6,20.1,47.0,154,77,13.0,,13.4,77,12.6,0.0,0.0,989.2,4.4,282,1,40.0
2026-02-14T05:00,90.3,97.6,1289.0,31.2,22.5,42.0,155,80,12.0,,12.8,84,12.2,0.0,0.0,989.4,4.2,263,3,35.0
2026-02-14T06:00,94.8,100.8,1389.0,37.0,25.7,37.0,156,82,10.0,,12.6,84,11.9,0.0,0.0,989.8,4.3,265,3,45.0
2026-02-14T07:00,106.6,112.2,1679.0,44.5,30.1,33.0,157,87,7.0,,12.5,81,11.5,0.0,0.0,990.3,5.8,261,3,55.0
2026-02-14T08:00,105.7,108.7,1784.0,46.7,33.6,42.0,158,86,5.0,,14.6,69,13.3,0.0,0.0,991.2,6.9,256,3,85.0
2026-02-14T09:00,92.2,94.5,1481.0,38.6,36.0,78.0,159,81,4.0,,17.9,54,16.6,0.0,0.0,992.0,6.0,254,0,150.0
2026-02-14T10:00,71.2,73.3,993.0,25.1,37.6,128.0,160,71,3.0,,21.5,41,19.8,0.0,0.0,992.1,7.1,260,0,315.0
2026-02-14T11:00,57.7,59.6,613.0,14.4,37.1,165.0,160,85,3.0,,24.0,33,22.5,0.0,0.0,991.8,8.3,264,0,780.0
2026-02-14T12:00,47.7,49.8,463.0,9.4,33.1,178.0,160,98,3.0,,25.6,29,24.4,0.0,0.0,991.1,8.6,278,0,1135.0
2026-02-14T13:00,36.9,39.3,421.0,7.1,27.1,179.0,161,99,4.0,,26.4,28,25.1,0.0,0.0,990.3,9.5,289,0,1375.0
2026-02-14T14:00,32.5,35.3,414.0,6.6,22.5,174.0,161,94,5.0,,26.9,26,24.9,0.0,0.0,989.6,10.6,296,0,1575.0
2026-02-14T15:00,30.5,33.4,407.0,7.3,20.4,166.0,161,86,4.0,,26.5,29,24.0,0.0,0.0,989.2,11.4,297,0,1525.0
2026-02-14T16:00,29.8,32.7,436.0,9.7,19.8,154.0,161,77,3.0,,25.8,33,23.8,0.0,0.0,988.8,10.2,294,0,1360.0
2026-02-14T17:00,34.5,37.0,531.0,14.4,20.7,145.0,161,73,5.0,,24.7,33,22.5,0.0,0.0,988.7,10.4,300,0,1075.0
2026-02-14T18:00,44.9,47.3,752.0,23.2,23.2,125.0,161,63,7.0,,23.3,37,21.5,0.0,0.0,988.8,7.6,298,0,660.0
2026-02-14T19:00,55.9,59.8,1039.0,35.2,26.7,96.0,161,63,11.0,,22.2,42,21.0,0.0,0.0,989.3,5.7,288,0,265.0
2026-02-14T20:00,61.5,70.1,1250.0,42.6,29.0,76.0,161,66,16.0,,21.1,47,20.2,0.0,0.0,989.3,4.7,293,0,140.0
2026-02-14T21:00,64.0,79.9,1318.0,41.3,29.3,71.0,160,67,24.0,,20.5,50,19.6,0.0,0.0,989.3,5.2,314,0,130.0
2026-02-14T22:00,66.8,87.5,1309.0,35.4,28.5,73.0,160,68,33.0,,20.1,52,19.3,0.0,0.0,989.2,5.3,322,0,130.0
2026-02-14T23:00,68.2,88.9,1278.0,29.9,27.4,76.0,159,69,38.0,,19.0,60,18.6,0.0,0.0,989.5,4.6,288,0,90.0
2026-02-15T00:00,67.5,84.8,1232.0,26.2,26.1,77.0,158,69,36.0,,17.7,65,17.3,0.0,0.0,989.1,4.7,272,0,60.0
2026-02-15T01:00,68.0,82.4,1164.0,22.8,24.5,77.0,158,69,31.0,,16.6,70,16.3,0.0,0.0,988.6,4.2,277,0,50.0
2026-02-15T02:00,70.3,84.5,1104.0,20.8,23.3,76.0,157,70,26.0,,15.8,74,15.5,0.0,0.0,988.5,4.3,272,0,50.0
2026-02-15T03:00,74.7,89.2,1036.0,20.4,22.6,71.0,157,72,24.0,,15.2,76,14.8,0.0,0.0,988.3,4.9,266,0,60.0
2026-02-15T04:00,78.9,92.7,976.0,21.3,22.4,65.0,157,74,23.0,,14.5,78,13.9,0.0,0.0,988.2,5.2,264,0,65.0
2026-02-15T05:00,78.7,86.6,1003.0,20.8,24.0,68.0,157,74,14.0,,13.5,87,13.1,0.0,0.0,988.0,4.9,266,0,50.0
2026-02-15T06:00,78.2,83.8,1236.0,26.9,26.0,63.0,156,74,11.0,,13.6,85,13.2,0.0,0.0,988.7,4.9,280,0,55.0
2026-02-15T07:00,82.7,87.1,1555.0,34.9,28.8,58.0,156,76,8.0,,13.9,83,13.5,0.0,0.0,989.3,5.1,274,0,50.0
2026-02-15T08:00,85.7,88.7,1683.0,38.2,30.8,65.0,155,78,6.0,,16.4,71,15.9,0.0,0.0,989.9,5.9,270,0,90.0
2026-02-15T09:00,82.4,85.2,1434.0,32.5,31.8,98.0,154,76,6.0,,19.9,57,19.4,0.0,0.0,991.1,5.2,270,0,185.0
2026-02-15T10:00,72.6,76.4,995.0,22.1,32.0,143.0,154,72,8.0,,22.9,46,22.1,0.0,0.0,991.3,7.1,276,0,420.0
2026-02-15T11:00,57.9,63.1,642.0,13.6,30.9,175.0,154,95,10.0,,25.3,39,24.6,0.0,0.0,991.1,9.6,278,0,1020.0
2026-02-15T12:00,44.0,50.5,486.0,9.1,27.6,183.0,154,103,12.0,,26.8,33,25.9,0.0,0.0,990.6,11.5,280,0,1200.0
2026-02-15T13:00,37.4,44.6,417.0,6.4,23.0,178.0,154,98,13.0,,27.7,30,26.5,0.0,0.0,989.7,12.1,280,0,1805.0
2026-02-15T14:00,32.8,40.4,385.0,5.5,19.4,169.0,154,89,14.0,,28.1,26,26.2,0.0,0.0,989.1,12.3,285,0,1925.0
2026-02-15T15:00,29.8,37.4,363.0,5.8,17.4,160.0,154,80,13.0,,27.9,26,25.2,0.0,0.0,988.6,11.9,290,0,1905.0
2026-02-15T16:00,28.9,36.1,379.0,7.9,16.5,148.0,154,74,12.0,,27.3,26,24.6,0.0,0.0,988.2,11.4,295,0,1755.0
2026-02-15T17:00,33.3,45.8,463.0,13.9,16.9,132.0,154,66,24.0,,26.1,28,23.9,0.0,0.0,988.4,8.6,292,0,935.0
2026-02-15T18:00,42.4,54.7,605.0,24.2,20.0,112.0,154,56,28.0,,23.9,36,22.7,0.0,0.0,988.5,4.4,305,0,205.0
2026-02-15T19:00,54.2,69.4,816.0,38.4,24.2,84.0,154,62,33.0,,23.1,40,22.4,0.0,0.0,988.8,2.3,337,0,100.0
2026-02-15T20:00,62.9,85.4,1157.0,48.8,27.6,62.0,154,66,42.0,,22.5,42,22.0,0.0,0.0,989.1,1.4,50,0,55.0
2026-02-15T21:00,69.8,102.2,1771.0,52.0,29.3,52.0,154,70,56.0,,21.4,45,20.8,0.0,0.0,989.5,1.9,158,0,35.0
2026-02-15T22:00,76.8,119.0,2517.0,51.4,30.2,48.0,154,73,74.0,,20.3,49,19.8,0.0,0.0,989.6,2.2,166,0,45.0
2026-02-15T23:00,83.4,130.4,3030.0,50.1,30.6,46.0,154,77,85.0,,19.9,53,19.8,0.0,0.0,989.5,0.6,56,0,25.0
2026-02-16T00:00,86.6,134.6,3139.0,48.3,30.1,44.0,155,78,87.0,,19.4,56,19.5,0.0,0.0,989.2,0.2,180,0,15.0
2026-02-16T01:00,90.3,136.4,3017.0,45.7,29.2,44.0,155,80,82.0,,19.4,56,19.5,0.0,0.0,988.8,0.2,270,0,35.0
2026-02-16T02:00,95.7,137.4,2813.0,44.8,29.0,42.0,156,82,76.0,,19.1,56,19.0,0.0,0.0,988.2,0.4,270,0,35.0
2026-02-16T03:00,102.4,138.3,2504.0,47.0,30.0,36.0,157,85,68.0,,17.8,61,17.6,0.0,0.0,987.9,1.5,284,0,35.0
2026-02-16T04:00,109.7,140.6,2114.0,50.9,31.8,28.0,158,88,58.0,,15.8,71,15.1,0.0,0.0,987.5,5.5,257,0,50.0
2026-02-16T05:00,118.5,161.6,1869.0,70.1,41.3,11.0,159,91,75.0,,14.0,85,13.7,0.0,0.0,987.8,5.2,250,0,40.0
2026-02-16T06:00,108.0,136.0,1967.0,66.2,43.0,16.0,160,87,60.0,,13.1,89,12.9,0.0,0.0,987.9,4.1,255,2,30.0
2026-02-16T07:00,111.1,133.2,2211.0,60.4,45.4,24.0,161,88,40.0,,13.5,87,13.2,0.0,0.0,988.8,4.4,243,0,30.0
2026-02-16T08:00,109.4,123.9,2235.0,53.3,48.0,42.0,161,88,26.0,,16.6,70,16.2,0.0,0.0,989.7,5.2,245,0,35.0
2026-02-16T09:00,103.6,115.5,1794.0,44.0,51.8,80.0,162,85,24.0,,21.1,51,20.7,0.0,0.0,990.7,3.7,235,0,160.0
2026-02-16T10:00,89.2,103.6,1134.0,33.4,55.8,127.0,163,80,27.0,,24.6,38,23.9,0.0,0.0,991.1,3.2,218,0,450.0
2026-02-16T11:00,59.4,74.7,623.0,24.3,55.9,163.0,163,83,29.0,,27.0,30,26.7,0.0,0.0,990.8,3.3,186,0,1250.0
2026-02-16T12:00,39.8,53.9,420.0,17.1,48.8,179.0,163,99,27.0,,29.0,23,28.9,0.0,0.0,990.2,1.6,186,0,2370.0
2026-02-16T13:00,34.3,46.8,367.0,11.5,37.8,183.0,163,103,24.0,,29.9,19,29.5,0.0,0.0,989.1,1.9,287,0,2600.0
2026-02-16T14:00,30.5,42.0,361.0,8.9,29.3,180.0,163,100,22.0,,30.3,18,28.9,0.0,0.0,987.8,3.9,298,0,2830.0
2026-02-16T15:00,28.2,39.3,372.0,8.9,25.1,171.0,163,91,20.0,,30.3,17,27.7,0.0,0.0,987.1,6.3,301,0,2975.0
2026-02-16T16:00,27.2,38.3,430.0,12.0,23.4,156.0,163,78,19.0,,29.3,20,26.6,0.0,0.0,986.8,7.7,348,0,2920.0
2026-02-16T17:00,56.8,72.6,524.0,35.6,47.3,159.0,163,80,30.0,,25.5,40,24.0,0.0,0.0,986.9,12.1,100,0,855.0
2026-02-16T18:00,81.5,94.8,676.0,50.4,48.4,128.0,164,76,30.0,,24.3,43,23.3,0.0,0.0,987.2,8.7,108,0,440.0
2026-02-16T19:00,97.6,110.6,864.0,70.4,49.8,85.0,165,83,29.0,,23.3,47,22.6,0.0,0.0,987.7,8.1,107,0,365.0
2026-02-16T20:00,108.7,123.9,1010.0,82.8,50.0,54.0,166,87,29.0,,22.3,52,21.9,0.0,0.0,988.2,7.0,111,0,255.0
2026-02-16T21:00,116.2,133.2,1084.0,81.0,48.3,45.0,167,90,30.0,,21.3,57,21.0,0.0,0.0,988.9,6.7,117,0,185.0
2026-02-16T22:00,119.7,137.4,1115.0,71.7,45.5,48.0,169,92,32.0,,20.4,60,20.3,0.0,0.0,988.8,5.5,122,0,120.0
2026-02-16T23:00,119.2,136.9,1116.0,61.8,42.3,52.0,170,92,33.0,,19.7,64,19.5,0.0,0.0,989.1,7.2,129,0,125.0
2026-02-17T00:00,113.9,130.4,1079.0,52.9,38.6,54.0,171,90,31.0,,19.2,66,19.1,0.0,0.0,989.1,6.3,127,0,115.0
2026-02-17T01:00,109.9,125.3,1011.0,43.4,34.4,56.0,172,88,28.0,,18.3,70,18.2,0.0,0.0,989.1,5.9,108,0,110.0
2026-02-17T02:00,107.8,122.0,951.0,35.7,31.2,59.0,173,87,26.0,,17.5,72,17.2,0.0,0.0,989.0,7.0,102,0,115.0
2026-02-17T03:00,107.1,121.1,893.0,30.2,29.2,61.0,173,87,26.0,,16.8,74,16.4,0.0,0.0,989.1,7.5,114,0,130.0
2026-02-17T04:00,105.2,119.7,842.0,26.4,28.2,62.0,173,86,28.0,,16.3,76,15.7,0.0,0.0,989.1,8.1,111,0,130.0
2026-02-17T05:00,102.2,121.1,854.0,23.8,28.1,70.0,173,85,35.0,,16.1,73,15.1,0.0,0.0,989.4,9.5,117,0,150.0
2026-02-17T06:00,98.7,117.3,1013.0,29.1,28.7,64.0,172,83,33.0,,15.9,74,14.9,0.0,0.0,989.8,9.7,125,0,160.0
2026-02-17T07:00,100.6,118.5,1234.0,36.1,29.7,58.0,172,84,30.0,,16.0,73,14.9,0.0,0.0,990.6,10.1,131,0,155.0
2026-02-17T08:00,101.3,116.9,1325.0,39.2,31.0,64.0,172,85,29.0,,17.7,65,16.7,0.0,0.0,991.3,9.1,128,0,180.0
2026-02-17T09:00,93.6,109.0,1158.0,34.7,33.2,94.0,172,81,30.0,,20.5,55,19.6,0.0,0.0,992.2,8.4,125,0,260.0
2026-02-17T10:00,77.1,93.8,861.0,26.3,35.8,135.0,171,74,32.0,,23.6,43,22.1,0.0,0.0,992.3,10.6,133,0,430.0
2026-02-17T11:00,56.1,74.0,618.0,19.1,37.2,168.0,171,88,34.0,,25.9,34,24.5,0.0,0.0,992.0,11.8,140,0,595.0
2026-02-17T12:00,38.6,57.3,497.0,14.2,36.3,183.0,171,103,35.0,,27.7,29,26.9,0.0,0.0,991.6,9.5,147,0,915.0
2026-02-17T13:00,32.6,51.5,430.0,10.6,34.2,189.0,171,109,35.0,,28.8,27,28.1,0.0,0.0,990.6,8.2,147,0,1785.0
2026-02-17T14:00,29.2,47.6,400.0,9.8,32.5,189.0,171,109,35.0,,29.2,25,28.1,0.0,0.0,989.3,7.6,137,0,2075.0
2026-02-17T15:00,27.7,45.6,385.0,11.3,31.2,184.0,171,104,34.0,,29.0,27,27.2,0.0,0.0,988.6,8.5,138,0,2140.0
2026-02-17T16:00,27.2,44.4,408.0,15.8,30.3,173.0,171,93,32.0,,28.2,30,26.5,0.0,0.0,988.4,9.9,142,0,1950.0
2026-02-17T17:00,46.0,67.1,514.0,27.0,31.8,155.0,171,78,40.0,,26.8,33,24.7,0.0,0.0,988.3,12.5,133,0,640.0
2026-02-17T18:00,63.6,83.1,778.0,39.5,34.6,128.0,170,67,43.0,,25.0,42,24.2,0.0,0.0,988.6,7.5,136,0,480.0
2026-02-17T19:00,74.5,96.6,1125.0,56.7,38.5,92.0,170,72,47.0,,23.6,49,23.6,0.0,0.0,989.1,4.2,149,0,210.0
2026-02-17T20:00,75.0,101.3,1382.0,68.7,41.2,63.0,169,73,50.0,,22.5,56,22.7,0.0,0.0,989.6,4.9,129,0,140.0
2026-02-17T21:00,73.3,102.2,1461.0,70.5,41.9,52.0,168,72,51.0,,21.4,63,22.0,0.0,0.0,989.7,4.9,118,0,105.0
2026-02-17T22:00,74.3,103.1,1450.0,67.2,41.4,48.0,167,72,51.0,,20.3,69,21.0,0.0,0.0,989.5,4.4,117,0,80.0
2026-02-17T23:00,78.2,104.5,1432.0,64.0,40.4,45.0,166,74,50.0,,19.6,76,20.8,0.0,0.0,989.5,3.0,107,0,55.0
2026-02-18T00:00,80.1,105.5,1454.0,63.0,38.8,38.0,164,75,49.0,,18.9,78,20.0,0.0,0.0,988.8,4.0,95,0,60.0
2026-02-18T01:00,86.8,112.7,1470.0,62.2,36.6,31.0,163,78,47.0,,18.3,80,19.2,0.0,0.0,988.8,3.9,106,0,60.0
2026-02-18T02:00,93.6,119.2,1427.0,60.7,34.7,25.0,163,81,48.0,,18.0,79,18.7,0.0,0.0,988.5,4.6,116,1,80.0
2026-02-18T03:00,96.9,124.8,1252.0,58.3,33.3,19.0,162,83,53.0,,17.6,80,18.8,0.0,0.0,988.8,0.5,225,3,25.0
2026-02-18T04:00,103.6,135.5,1017.0,55.1,32.0,15.0,162,85,60.0,,17.5,81,18.5,0.0,0.0,988.9,2.3,293,3,55.0
2026-02-18T05:00,108.3,139.2,885.0,59.8,39.0,20.0,162,87,57.0,,18.4,80,18.8,0.0,0.0,989.9,7.7,300,3,135.0
2026-02-18T06:00,88.9,130.4,974.0,48.7,32.7,44.0,162,79,47.0,,18.7,78,19.3,0.0,0.0,990.6,6.3,273,3,135.0
2026-02-18T07:00,74.0,111.3,1167.0,33.4,24.1,77.0,162,72,34.0,,17.9,80,18.2,0.0,0.0,991.5,7.2,295,3,175.0
2026-02-18T08:00,54.6,66.8,1272.0,21.8,18.4,103.0,161,62,23.0,,18.4,79,19.4,0.4,0.4,992.4,3.3,22,51,135.0
2026-02-18T09:00,43.3,48.8,1189.0,17.7,18.1,115.0,160,56,16.0,,19.0,76,19.8,0.0,0.0,993.0,4.9,39,3,185.0
2026-02-18T10:00,36.4,40.7,1019.0,17.4,20.7,120.0,158,60,11.0,,19.7,70,20.6,0.0,0.0,993.5,2.7,122,3,170.0
2026-02-18T11:00,32.7,37.1,877.0,17.5,23.5,124.0,157,62,8.0,,19.1,73,19.7,0.1,0.1,993.2,4.6,26,51,210.0
2026-02-18T12:00,33.8,40.3,799.0,16.9,26.1,128.0,156,64,8.0,,22.3,52,22.1,0.4,0.4,993.5,5.3,348,51,665.0
2026-02-18T13:00,31.1,38.0,749.0,16.8,29.0,131.0,156,66,10.0,,23.4,41,22.1,0.0,0.0,992.5,7.9,349,3,1050.0
2026-02-18T14:00,31.9,38.0,733.0,17.5,31.0,130.0,156,65,11.0,,23.9,39,22.3,0.0,0.0,991.6,9.2,339,3,1375.0
2026-02-18T15:00,37.0,51.7,736.0,17.4,31.0,127.0,156,64,11.0,,23.3,43,22.2,0.0,0.0,991.0,7.9,349,3,1220.0
2026-02-18T16:00,42.6,49.9,774.0,18.1,30.1,120.0,156,60,10.0,,22.8,45,22.5,0.0,0.0,990.7,2.3,32,3,980.0
2026-02-18T17:00,45.3,54.6,893.0,32.7,34.5,91.0,157,57,17.0,,17.7,81,19.0,0.0,0.0,990.0,0.6,288,3,10.0
2026-02-18T18:00,60.1,68.9,1164.0,50.7,40.5,69.0,157,65,16.0,,17.2,87,18.4,0.0,0.0,990.6,2.7,274,3,65.0
2026-02-18T19:00,77.5,85.2,1517.0,75.5,49.3,38.0,157,74,15.0,,16.7,89,18.0,0.0,0.0,990.5,2.3,61,3,35.0
2026-02-18T20:00,100.8,108.5,1793.0,94.0,58.6,15.0,157,84,14.0,,16.6,88,18.0,0.0,0.0,991.0,0.5,45,3,15.0
2026-02-18T21:00,125.7,133.2,1929.0,101.2,70.4,6.0,158,94,14.0,,16.6,87,17.8,0.0,0.0,991.4,1.0,211,3,25.0
2026-02-18T22:00,145.8,153.7,1988.0,102.0,82.8,5.0,159,102,14.0,,16.1,89,17.1,0.0,0.0,991.7,2.7,110,3,50.0
2026-02-18T23:00,155.1,162.1,2000.0,98.8,88.1,6.0,161,106,13.0,,16.9,86,18.2,0.0,0.0,991.5,0.6,56,3,25.0
2026-02-19T00:00,144.8,151.3,1950.0,90.1,81.0,10.0,164,102,11.0,,16.4,88,17.5,0.0,0.0,991.4,2.2,355,3,45.0
2026-02-19T01:00,131.3,137.4,1854.0,77.3,66.9,17.0,165,97,9.0,,15.9,90,16.7,0.0,0.0,991.6,3.5,15,0,60.0
2026-02-19T02:00,122.0,126.2,1782.0,66.4,54.0,22.0,167,93,8.0,,15.1,92,15.7,0.0,0.0,991.4,3.8,355,0,60.0
2026-02-19T03:00,112.5,115.9,1760.0,59.7,44.9,24.0,168,89,8.0,,14.7,93,15.3,0.0,0.0,991.3,3.1,336,0,45.0
2026-02-19T04:00,103.8,107.3,1764.0,55.0,37.0,24.0,168,86,8.0,,14.1,93,14.5,0.0,0.0,991.2,3.6,327,0,45.0
2026-02-19T05:00,122.5,126.2,1791.0,62.0,42.6,10.0,168,93,7.0,,14.8,85,14.6,0.0,0.0,991.0,5.7,349,1,80.0
2026-02-19T06:00,111.3,116.2,1908.0,59.1,42.2,13.0,168,89,7.0,,13.9,86,13.7,0.0,0.0,991.7,4.8,340,0,95.0
2026-02-19T07:00,114.6,119.0,2049.0,54.8,41.7,18.0,169,90,7.0,,14.3,86,14.2,0.0,0.0,992.3,4.5,337,0,70.0
2026-02-19T08:00,114.8,119.2,2012.0,48.7,41.9,32.0,170,90,8.0,,16.6,79,16.9,0.0,0.0,993.1,4.1,299,0,70.0
2026-02-19T09:00,99.7,105.7,1624.0,39.2,43.6,62.0,172,84,9.0,,19.5,70,20.4,0.0,0.0,993.7,1.9,292,0,125.0
2026-02-19T10:00,78.2,85.0,1059.0,28.0,45.9,101.0,174,74,10.0,,22.5,53,22.8,0.0,0.0,994.2,2.4,333,0,365.0
2026-02-19T11:00,55.4,61.2,632.0,19.4,47.3,133.0,175,67,11.0,,24.3,42,24.9,0.0,0.0,993.9,1.3,326,0,1230.0
2026-02-19T12:00,47.0,52.4,488.0,15.1,46.8,153.0,176,77,11.0,,25.8,37,26.8,0.0,0.0,993.3,1.4,90,1,1640.0
2026-02-19T13:00,48.2,54.0,482.0,13.5,45.3,166.0,176,86,11.0,,26.0,36,26.8,0.0,0.0,992.4,1.8,66,1,1880.0
2026-02-19T14:00,50.6,56.7,503.0,13.9,44.1,172.0,177,92,11.0,,26.3,35,26.6,0.0,0.0,991.6,1.5,120,1,1930.0
2026-02-19T15:00,53.4,59.8,520.0,16.1,43.8,170.0,177,90,11.0,,26.3,33,25.6,0.0,0.0,991.4,2.5,188,1,2090.0
2026-02-19T16:00,56.5,63.3,562.0,20.2,43.9,161.0,178,81,11.0,,25.0,36,23.6,0.0,0.0,991.5,7.6,181,2,1830.0
2026-02-19T17:00,51.8,54.8,612.0,27.0,38.4,135.0,178,68,6.0,,23.8,53,24.7,0.0,0.0,991.3,1.4,247,0,675.0
2026-02-19T18:00,75.2,77.5,657.0,42.7,41.2,108.0,178,73,5.0,,22.2,62,23.2,0.0,0.0,991.5,3.2,251,1,75.0
2026-02-19T19:00,89.4,91.3,708.0,64.0,44.9,72.0,179,80,4.0,,21.2,65,21.9,0.0,0.0,992.2,4.6,312,0,155.0
2026-02-19T20:00,89.9,92.0,780.0,77.1,46.8,45.0,179,80,4.0,,20.5,70,21.9,0.0,0.0,993.0,1.9,287,0,40.0
2026-02-19T21:00,88.0,91.0,898.0,74.9,45.5,38.0,179,79,6.0,,19.6,74,20.5,0.0,0.0,993.3,4.6,315,0,115.0
2026-02-19T22:00,87.8,92.4,1036.0,64.5,42.4,42.0,178,79,9.0,,18.8,78,19.7,0.0,0.0,993.2,4.6,329,0,120.0
2026-02-19T23:00,87.1,93.8,1130.0,54.2,38.6,46.0,176,79,12.0,,18.5,82,19.7,0.0,0.0,993.6,3.9,313,0,105.0
2026-02-20T00:00,85.2,92.4,1150.0,46.0,34.1,48.0,174,78,15.0,,17.7,85,18.8,0.0,0.0,993.7,4.3,5,0,130.0
2026-02-20T01:00,84.3,93.1,1126.0,37.9,29.0,50.0,172,77,19.0,,17.2,86,18.4,0.0,0.0,993.6,2.9,11,0,95.0
2026-02-20T02:00,83.4,94.1,1085.0,31.5,24.9,52.0,171,77,20.0,,16.8,86,17.7,0.0,0.0,993.3,3.5,348,0,75.0
2026-02-20T03:00,83.4,93.6,995.0,27.0,22.3,52.0,170,77,19.0,,16.4,87,17.3,0.0,0.0,993.1,3.1,332,0,60.0
2026-02-20T04:00,83.1,91.3,888.0,24.2,20.8,52.0,169,77,15.0,,16.0,87,16.7,0.0,0.0,992.9,3.3,331,0,55.0
2026-02-20T05:00,74.7,86.8,883.0,18.1,19.7,64.0,168,72,22.0,,15.0,93,15.5,0.0,0.0,992.8,5.1,333,0,65.0
2026-02-20T06:00,78.0,88.0,1116.0,26.9,22.4,54.0,167,74,16.0,,15.1,92,15.6,0.0,0.0,993.3,4.4,322,0,65.0
2026-02-20T07:00,88.7,92.7,1451.0,38.5,26.2,42.0,166,79,8.0,,15.4,91,16.0,0.0,0.0,994.1,4.0,300,0,55.0
2026-02-20T08:00,96.9,99.2,1607.0,43.8,30.0,45.0,165,83,4.0,,17.4,81,18.2,0.0,0.0,995.3,4.1,293,0,90.0
2026-02-20T09:00,90.1,95.0,1405.0,36.8,34.3,78.0,164,80,8.0,,20.2,68,21.1,0.0,0.0,996.1,2.7,307,0,160.0
2026-02-20T10:00,70.5,78.2,1022.0,23.6,38.6,126.0,164,70,15.0,,23.3,51,23.6,0.0,0.0,996.5,3.6,327,0,350.0
2026-02-20T11:00,49.9,61.5,710.0,13.0,40.2,162.0,164,82,22.0,,25.5,42,25.9,0.0,0.0,996.1,5.3,303,0,1065.0
2026-02-20T12:00,47.1,61.0,563.0,8.5,36.7,175.0,164,95,25.0,,27.0,36,27.5,0.0,0.0,995.3,5.5,297,0,1675.0
2026-02-20T13:00,45.4,60.3,487.0,6.7,30.5,177.0,164,97,28.0,,27.7,33,27.8,0.0,0.0,994.2,7.2,292,0,2050.0
2026-02-20T14:00,44.0,60.3,442.0,6.6,25.5,173.0,164,93,31.0,,27.9,32,27.2,0.0,0.0,993.1,9.2,290,0,2245.0
2026-02-20T15:00,42.5,61.5,407.0,7.6,23.1,164.0,163,84,36.0,,27.5,32,25.9,0.0,0.0,992.4,10.2,288,0,2185.0
2026-02-20T16:00,41.7,64.0,405.0,10.3,22.0,149.0,163,75,42.0,,26.8,34,25.1,0.0,0.0,992.1,10.4,290,0,1920.0
2026-02-20T17:00,54.6,81.7,463.0,15.6,20.4,125.0,163,63,51.0,,25.5,39,24.2,0.0,0.0,991.4,9.6,296,0,1240.0
2026-02-20T18:00,62.4,97.3,636.0,22.9,21.5,107.0,163,66,59.0,,23.7,47,23.4,0.0,0.0,991.5,5.6,297,0,465.0
2026-02-20T19:00,68.7,108.0,870.0,33.0,22.9,81.0,162,69,69.0,,22.3,55,22.5,0.0,0.0,992.0,5.0,291,0,260.0
2026-02-20T20:00,72.2,114.6,1033.0,39.5,23.6,62.0,162,71,79.0,,21.0,64,21.6,0.0,0.0,992.0,4.6,283,0,155.0
2026-02-20T21:00,73.6,120.1,1064.0,39.6,23.0,55.0,161,72,88.0,,20.1,67,20.6,0.0,0.0,991.9,4.9,278,0,110.0
2026-02-20T22:00,74.7,126.7,1025.0,36.2,21.7,54.0,161,72,95.0,,19.5,67,19.7,0.0,0.0,991.5,5.1,280,0,80.0
2026-02-20T23:00,75.7,127.6,968.0,32.3,20.3,55.0,160,73,96.0,,18.9,71,19.2,0.0,0.0,991.3,5.3,278,0,90.0
2026-02-21T00:00,74.7,120.1,898.0,28.6,18.7,56.0,160,72,85.0,,18.2,71,18.2,0.0,0.0,991.1,5.7,283,0,90.0
2026-02-21T01:00,73.8,110.4,811.0,24.4,17.0,58.0,160,72,68.0,,17.6,72,17.5,0.0,0.0,990.7,5.8,284,0,95.0
2026-02-21T02:00,72.6,101.0,748.0,21.0,15.9,61.0,159,71,53.0,,16.9,75,16.8,0.0,0.0,990.1,5.5,281,0,90.0
2026-02-21T03:00,71.5,94.5,711.0,18.1,15.6,64.0,159,71,44.0,,16.1,78,16.0,0.0,0.0,989.6,5.2,266,0,75.0
2026-02-21T04:00,70.5,90.3,698.0,16.0,15.9,67.0,159,70,38.0,,15.6,79,15.4,0.0,0.0,989.6,5.8,268,0,80.0
2026-02-21T05:00,74.7,84.1,749.0,18.5,18.2,62.0,158,72,17.0,,14.9,87,14.6,0.0,0.0,989.2,7.4,267,0,90.0
2026-02-21T06:00,74.3,79.4,944.0,24.4,20.2,55.0,158,72,11.0,,14.8,88,14.6,0.0,0.0,989.3,6.7,265,0,85.0
2026-02-21T07:00,79.2,82.2,1203.0,32.3,23.2,47.0,158,75,4.0,,15.0,86,14.7,0.0,0.0,989.9,7.3,263,0,85.0
2026-02-21T08:00,84.8,86.4,1320.0,35.6,26.2,53.0,158,77,3.0,,16.9,77,16.7,0.0,0.0,990.6,6.8,270,0,125.0
2026-02-21T09:00,81.7,83.4,1159.0,30.1,29.7,85.0,158,76,13.0,,19.9,65,19.9,0.0,0.0,991.3,6.5,278,0,220.0
2026-02-21T10:00,78.2,92.4,856.0,20.0,33.4,130.0,157,74,28.0,,22.8,55,22.8,0.0,0.0,991.5,7.1,286,0,425.0
2026-02-21T11:00,69.2,91.3,618.0,11.8,34.9,166.0,158,86,42.0,,24.9,50,25.4,0.0,0.0,991.2,8.8,289,0,1135.0
2026-02-21T12:00,57.7,85.7,526.0,7.8,32.6,183.0,158,103,50.0,,26.2,44,26.7,0.0,0.0,990.4,10.2,294,0,1425.0
2026-02-21T13:00,50.9,82.2,499.0,5.7,28.3,190.0,159,110,57.0,,27.0,40,27.3,0.0,0.0,989.5,10.5,295,0,1635.0
2026-02-21T14:00,47.7,81.3,494.0,5.3,24.8,191.0,159,111,64.0,,27.2,38,26.9,0.0,0.0,988.1,10.9,297,0,1735.0
2026-02-21T15:00,46.3,82.7,485.0,6.3,23.2,185.0,159,105,73.0,,27.1,39,26.0,0.0,0.0,987.3,11.0,296,0,1725.0
2026-02-21T16:00,46.2,88.7,498.0,8.8,22.5,173.0,159,93,83.0,,26.4,40,25.3,0.0,0.0,986.5,10.8,298,0,1575.0
2026-02-21T17:00,53.2,109.9,571.0,13.3,22.7,164.0,159,84,108.0,,25.4,40,24.3,0.0,0.0,986.0,9.4,293,0,1175.0
2026-02-21T18:00,61.5,129.0,752.0,21.0,24.3,142.0,159,71,125.0,,23.5,48,23.2,0.0,0.0,986.3,5.4,285,0,310.0
2026-02-21T19:00,70.1,148.5,993.0,31.5,26.5,112.0,160,70,149.0,,22.0,56,22.2,0.0,0.0,986.4,4.8,281,0,140.0
2026-02-21T20:00,77.5,168.1,1189.0,39.4,28.2,88.0,159,74,171.0,,21.1,63,21.7,0.0,0.0,986.3,4.0,288,0,85.0
2026-02-21T21:00,83.1,187.7,1318.0,42.2,29.1,75.0,159,78,190.0,,20.8,63,21.5,0.0,0.0,986.5,3.4,286,0,65.0
2026-02-21T22:00,89.2,204.9,1402.0,42.3,29.4,67.0,159,83,207.0,,20.2,64,20.6,0.0,0.0,986.0,4.0,273,0,50.0
2026-02-21T23:00,94.5,209.1,1402.0,41.3,29.2,62.0,160,84,212.0,,19.2,72,19.8,0.0,0.0,986.0,5.3,262,0,70.0
2026-02-22T00:00,96.2,202.6,1256.0,39.3,28.1,59.0,160,82,199.0,,18.4,75,18.7,0.0,0.0,985.8,6.1,275,0,90.0
2026-02-22T01:00,100.6,193.7,1026.0,36.3,26.5,59.0,161,84,175.0,,17.5,76,17.6,0.0,0.0,985.5,5.7,279,0,85.0
2026-02-22T02:00,103.8,183.9,863.0,33.7,25.2,58.0,162,86,149.0,,16.6,79,16.7,0.0,0.0,985.0,4.9,274,0,65.0
2026-02-22T03:00,106.6,170.9,810.0,31.5,24.3,56.0,163,87,121.0,,16.0,80,15.9,0.0,0.0,984.5,5.4,255,0,60.0
2026-02-22T04:00,107.3,154.1,823.0,29.8,23.8,54.0,164,87,91.0,,15.2,83,15.1,0.0,0.0,984.4,5.3,258,0,60.0
2026-02-22T05:00,88.2,112.7,919.0,22.0,20.7,69.0,165,79,45.0,,14.7,88,14.8,0.0,0.0,984.5,5.6,255,0,60.0
2026-02-22T06:00,92.4,110.4,1204.0,29.7,23.3,60.0,165,81,36.0,,14.8,88,14.9,0.0,0.0,984.9,5.1,262,0,60.0
2026-02-22T07:00,101.7,115.9,1571.0,39.8,26.8,50.0,166,85,24.0,,15.1,86,15.2,0.0,0.0,985.5,4.9,262,0,55.0
2026-02-22T08:00,104.8,113.2,1719.0,44.2,30.1,55.0,167,86,16.0,,17.5,74,17.7,0.0,0.0,986.3,4.5,256,0,70.0
2026-02-22T09:00,96.9,103.4,1437.0,37.4,33.2,89.0,167,83,14.0,,21.4,58,21.7,0.0,0.0,987.0,3.3,257,0,150.0
2026-02-22T10:00,76.6,87.3,936.0,24.8,35.9,138.0,168,73,16.0,,24.7,42,24.2,0.0,0.0,987.4,4.7,263,0,590.0
2026-02-22T11:00,56.6,68.0,546.0,14.6,36.4,175.0,168,95,21.0,,26.8,30,26.0,0.0,0.0,987.1,7.1,264,0,1620.0
2026-02-22T12:00,46.2,61.2,404.0,9.5,32.8,188.0,167,108,30.0,,27.9,25,27.0,0.0,0.0,986.6,7.6,277,0,1985.0
2026-02-22T13:00,42.6,63.6,374.0,6.7,26.9,189.0,167,109,42.0,,28.4,23,27.3,0.0,0.0,985.9,8.5,282,0,2190.0
2026-02-22T14:00,41.0,67.8,373.0,6.0,22.2,184.0,167,104,52.0,,28.4,24,26.9,0.0,0.0,984.9,9.0,283,0,2225.0
2026-02-22T15:00,39.6,71.7,362.0,6.4,19.7,174.0,166,94,59.0,,28.2,25,26.0,0.0,0.0,984.5,9.0,276,0,2115.0
2026-02-22T16:00,38.8,73.3,380.0,8.8,18.5,158.0,166,79,63.0,,27.6,27,25.5,0.0,0.0,984.1,8.8,272,0,1950.0
2026-02-22T17:00,44.2,75.2,464.0,16.2,19.6,141.0,166,71,60.0,,26.4,35,25.1,0.0,0.0,983.8,8.4,286,0,1265.0
2026-02-22T18:00,58.0,89.4,657.0,29.2,23.1,118.0,166,64,60.0,,24.8,39,24.0,0.0,0.0,984.0,5.6,297,0,330.0
2026-02-22T19:00,71.2,102.0,916.0,47.1,28.0,85.0,166,71,60.0,,23.4,44,23.0,0.0,0.0,984.8,3.4,317,0,185.0
2026-02-22T20:00,81.0,114.1,1149.0,59.8,31.8,60.0,166,76,63.0,,22.9,46,22.7,0.0,0.0,985.2,2.4,347,0,180.0
2026-02-22T21:00,87.3,126.2,1333.0,62.6,33.5,50.0,166,79,73.0,,21.6,55,21.8,0.0,0.0,985.3,2.6,34,0,135.0
2026-02-22T22:00,91.7,137.4,1491.0,60.3,34.2,48.0,166,81,86.0,,20.2,62,20.6,0.0,0.0,985.3,3.6,84,0,95.0
2026-02-22T23:00,95.2,145.3,1598.0,57.2,34.0,46.0,166,82,95.0,,19.7,70,20.6,0.0,0.0,985.0,2.7,127,0,55.0
2026-02-23T00:00,96.6,149.0,1634.0,53.7,32.5,44.0,166,83,98.0,,19.1,71,20.1,0.0,0.0,984.5,1.3,135,0,20.0
2026-02-23T01:00,100.1,152.7,1619.0,49.4,30.1,43.0,166,84,98.0,,19.0,72,20.0,0.0,0.0,984.2,1.3,106,0,30.0
2026-02-23T02:00,105.7,156.9,1591.0,47.3,29.1,41.0,166,86,96.0,,18.9,72,19.9,0.0,0.0,983.9,0.9,127,0,20.0
2026-02-23T03:00,112.2,161.6,1532.0,49.3,30.1,35.0,166,89,94.0,,17.4,77,17.9,0.0,0.0,983.7,3.6,213,0,30.0
2026-02-23T04:00,119.2,167.2,1461.0,53.6,32.4,27.0,166,92,92.0,,16.8,78,17.3,0.0,0.0,983.4,2.3,238,0,20.0
2026-02-23T05:00,109.4,146.7,1469.0,43.2,31.6,41.0,167,88,70.0,,14.8,87,15.2,0.0,0.0,983.7,2.7,222,0,15.0
2026-02-23T06:00,117.3,153.2,1684.0,52.9,37.1,35.0,167,91,63.0,,14.8,87,15.2,0.0,0.0,984.2,2.7,228,0,15.0
2026-02-23T07:00,136.9,171.8,1979.0,65.6,44.7,28.0,168,99,53.0,,15.4,83,15.5,0.0,0.0,985.2,4.5,223,0,30.0
2026-02-23T08:00,143.0,168.1,2067.0,70.0,50.9,37.0,169,101,46.0,,18.6,67,18.8,0.0,0.0,986.3,3.2,207,0,60.0
2026-02-23T09:00,116.4,137.4,1750.0,58.2,55.4,77.0,170,91,42.0,,22.4,53,23.0,0.0,0.0,987.2,0.4,63,0,165.0
2026-02-23T10:00,84.3,106.4,1226.0,38.0,58.4,133.0,171,77,41.0,,25.2,41,25.4,0.0,0.0,987.7,0.9,217,0,600.0
2026-02-23T11:00,56.6,77.8,799.0,21.6,57.6,175.0,171,95,41.0,,27.1,32,27.0,0.0,0.0,987.6,4.4,238,0,1495.0
2026-02-23T12:00,47.5,69.8,587.0,13.5,49.9,192.0,171,112,43.0,,28.8,25,28.4,0.0,0.0,986.9,6.0,275,0,2595.0
2026-02-23T13:00,42.6,66.8,473.0,9.2,38.2,196.0,171,116,47.0,,29.4,22,28.0,0.0,0.0,985.9,8.7,294,0,2895.0
2026-02-23T14:00,38.6,64.7,412.0,7.6,29.0,193.0,171,113,50.0,,29.4,20,26.9,0.0,0.0,985.3,11.1,301,0,2970.0
2026-02-23T15:00,35.7,62.9,369.0,7.6,24.4,183.0,171,103,51.0,,29.2,19,25.9,0.0,0.0,984.9,11.7,307,0,2920.0
2026-02-23T16:00,34.7,62.6,379.0,10.3,22.3,166.0,171,86,51.0,,28.6,20,25.3,0.0,0.0,984.3,11.3,312,0,2395.0
2026-02-23T17:00,40.4,84.5,500.0,15.7,18.9,135.0,171,68,85.0,,27.8,23,25.4,0.0,0.0,984.3,7.5,314,0,1545.0
2026-02-23T18:00,55.1,96.4,814.0,27.5,22.1,114.0,171,63,91.0,,24.7,39,23.9,0.0,0.0,984.6,4.6,339,0,340.0
2026-02-23T19:00,67.5,113.9,1240.0,43.6,26.5,84.0,170,69,101.0,,23.6,49,24.0,0.0,0.0,985.2,2.1,31,0,250.0
2026-02-23T20:00,75.9,135.5,1588.0,53.9,29.4,62.0,170,73,113.0,,22.6,53,23.1,0.0,0.0,986.0,2.0,80,0,180.0
2026-02-23T21:00,82.0,154.1,1766.0,53.1,29.6,55.0,170,76,134.0,,21.7,57,22.2,0.0,0.0,986.5,2.1,70,0,145.0
2026-02-23T22:00,85.9,169.5,1867.0,46.5,28.4,57.0,170,78,158.0,,21.4,58,22.1,0.0,0.0,986.6,0.9,37,0,110.0
2026-02-23T23:00,87.8,177.9,1982.0,40.2,26.9,58.0,170,79,169.0,,20.0,67,20.8,0.0,0.0,986.5,2.5,352,0,60.0
2026-02-24T00:00,88.7,172.3,2177.0,35.7,25.2,58.0,170,79,156.0,,19.4,68,20.2,0.0,0.0,986.2,1.6,6,0,30.0
2026-02-24T01:00,91.5,163.0,2387.0,31.5,23.2,58.0,169,81,130.0,,19.0,68,19.7,0.0,0.0,986.1,1.5,306,0,30.0
2026-02-24T02:00,95.9,152.3,2509.0,28.9,21.9,57.0,169,82,106.0,,18.1,72,18.6,0.0,0.0,985.6,3.1,320,0,35.0
2026-02-24T03:00,101.0,145.8,2444.0,28.1,21.4,52.0,169,84,88.0,,17.8,72,18.2,0.0,0.0,985.4,2.7,307,0,30.0
2026-02-24T04:00,105.9,142.5,2291.0,28.9,21.7,46.0,169,86,71.0,,17.2,73,17.3,0.0,0.0,985.2,4.2,320,0,40.0
2026-02-24T05:00,100.8,124.3,2246.0,25.5,21.8,55.0,168,84,44.0,,15.9,82,16.1,0.0,0.0,985.4,4.4,322,0,65.0
2026-02-24T06:00,105.7,122.9,2511.0,37.7,26.2,45.0,168,86,37.0,,16.1,80,16.6,0.0,0.0,985.9,2.6,304,0,45.0
2026-02-24T07:00,122.9,137.8,2883.0,53.9,32.5,33.0,168,93,26.0,,16.6,78,17.4,0.0,0.0,987.2,0.6,252,0,15.0
2026-02-24T08:00,139.7,149.9,2951.0,61.4,38.6,40.0,167,100,19.0,,19.3,66,19.9,0.0,0.0,988.4,1.7,131,0,65.0
2026-02-24T09:00,114.1,120.6,2415.0,51.7,45.1,83.0,167,90,16.0,,22.4,54,23.0,0.0,0.0,989.2,1.5,144,0,200.0
2026-02-24T10:00,90.8,98.0,1574.0,33.3,51.3,145.0,167,80,15.0,,25.0,42,25.0,0.0,0.0,989.6,2.8,191,0,680.0
2026-02-24T11:00,73.6,82.9,913.0,18.4,53.4,191.0,167,111,18.0,,26.5,35,26.9,0.0,0.0,989.4,3.9,242,0,1205.0
2026-02-24T12:00,62.9,77.1,635.0,11.5,48.1,208.0,168,128,25.0,,28.5,28,28.6,0.0,0.0,989.1,5.1,293,0,2010.0
2026-02-24T13:00,59.1,77.8,536.0,8.1,38.7,210.0,168,130,35.0,,29.4,22,28.4,0.0,0.0,988.2,8.1,317,0,2565.0
2026-02-24T14:00,52.6,75.2,489.0,7.1,30.8,204.0,169,124,44.0,,29.6,18,27.4,0.0,0.0,987.3,9.9,325,0,2800.0
2026-02-24T15:00,45.6,72.4,454.0,7.6,26.2,190.0,169,110,51.0,,29.3,18,26.1,0.0,0.0,987.0,10.7,324,0,2775.0
2026-02-24T16:00,42.8,73.3,472.0,10.5,23.1,168.0,169,88,57.0,,28.5,20,25.2,0.0,0.0,986.7,11.4,319,0,2530.0
2026-02-24T17:00,41.3,84.8,537.0,16.5,20.1,134.0,170,67,84.0,,27.1,26,24.5,0.0,0.0,986.6,10.0,324,0,1460.0
2026-02-24T18:00,52.3,108.3,666.0,25.1,21.6,113.0,170,61,109.0,,24.7,39,23.9,0.0,0.0,987.0,5.2,331,0,400.0
2026-02-24T19:00,61.2,132.7,841.0,36.8,23.7,85.0,169,66,145.0,,23.2,50,23.2,0.0,0.0,987.6,4.6,351,0,220.0
2026-02-24T20:00,66.8,160.7,1008.0,43.8,24.8,64.0,169,71,176.0,,22.0,59,22.4,0.0,0.0,988.2,4.7,9,0,185.0
2026-02-24T21:00,70.3,185.8,1155.0,41.8,24.3,60.0,169,78,203.0,,21.6,61,22.4,0.0,0.0,988.4,2.6,16,0,110.0
2026-02-24T22:00,73.3,202.1,1293.0,35.2,22.8,63.0,169,82,226.0,,20.9,63,21.5,0.0,0.0,988.3,3.5,28,0,90.0
2026-02-24T23:00,74.3,197.4,1399.0,29.2,21.3,67.0,168,81,229.0,,20.3,66,21.0,0.0,0.0,988.3,3.4,25,0,45.0
2026-02-25T00:00,73.8,179.3,1456.0,25.1,19.7,69.0,168,76,198.0,,20.1,65,21.0,0.0,0.0,988.0,0.9,90,0,15.0
2026-02-25T01:00,72.2,154.1,1482.0,21.7,18.1,72.0,167,71,148.0,,20.1,64,20.9,0.0,0.0,987.8,0.6,56,0,20.0
2026-02-25T02:00,73.3,130.4,1502.0,20.4,17.4,71.0,167,72,107.0,,18.7,69,19.1,0.0,0.0,987.6,2.8,315,0,55.0
2026-02-25T03:00,77.1,118.3,1506.0,22.0,17.8,64.0,166,74,86.0,,17.2,75,17.4,0.0,0.0,987.6,4.1,308,0,60.0
2026-02-25T04:00,83.6,121.1,1505.0,25.8,19.0,54.0,165,77,75.0,,15.9,78,16.0,0.0,0.0,987.2,4.0,275,0,40.0
2026-02-25T05:00,104.8,150.9,1557.0,36.4,23.2,33.0,165,86,85.0,,14.9,85,14.8,0.0,0.0,987.6,5.1,262,0,55.0
2026-02-25T06:00,111.1,154.1,1777.0,41.8,26.5,28.0,165,88,72.0,,15.0,83,14.9,0.0,0.0,988.1,4.8,255,0,50.0
2026-02-25T07:00,124.3,163.4,2050.0,48.7,31.0,24.0,165,94,54.0,,15.2,81,15.0,0.0,0.0,988.6,5.3,260,0,45.0
2026-02-25T08:00,122.0,143.9,2096.0,50.1,34.3,34.0,165,93,40.0,,18.1,66,17.9,0.0,0.0,989.7,4.9,266,0,75.0
2026-02-25T09:00,105.7,122.9,1695.0,40.8,35.9,72.0,165,86,33.0,,21.8,51,21.5,0.0,0.0,990.6,4.1,285,0,155.0
2026-02-25T10:00,73.1,88.5,1067.0,26.0,36.4,125.0,164,72,31.0,,25.0,36,23.9,0.0,0.0,990.8,5.5,297,0,575.0
2026-02-25T11:00,54.5,74.0,585.0,14.2,34.8,164.0,164,84,37.0,,27.3,24,25.8,0.0,0.0,990.4,7.6,292,0,1725.0
2026-02-25T12:00,51.0,81.7,414.0,8.4,29.6,176.0,163,96,55.0,,28.3,21,26.8,0.0,0.0,989.7,9.6,293,0,2175.0
2026-02-25T13:00,46.6,89.4,391.0,5.7,22.3,174.0,163,94,81.0,,28.8,19,27.1,0.0,0.0,988.9,10.5,289,0,2270.0
2026-02-25T14:00,43.1,97.8,397.0,4.9,17.0,168.0,163,88,105.0,,29.0,18,26.8,0.0,0.0,988.0,10.5,289,0,2380.0
2026-02-25T15:00,42.3,108.5,382.0,5.5,15.1,161.0,162,81,124.0,,28.8,18,25.6,0.0,0.0,987.5,11.0,295,0,2360.0
2026-02-25T16:00,43.5,121.5,396.0,8.1,15.2,149.0,162,75,142.0,,28.1,19,24.6,0.0,0.0,987.3,11.1,297,0,2130.0
2026-02-25T17:00,39.1,95.7,479.0,14.9,17.2,135.0,162,68,108.0,,27.2,20,24.0,0.0,0.0,987.0,9.6,286,0,1255.0
2026-02-25T18:00,49.6,116.6,686.0,24.7,19.8,115.0,162,60,112.0,,24.3,33,22.8,0.0,0.0,987.2,5.0,270,0,190.0
2026-02-25T19:00,58.8,124.3,960.0,38.0,23.5,88.0,162,64,118.0,,23.1,42,22.3,0.0,0.0,987.6,4.5,254,0,80.0
2026-02-25T20:00,64.7,131.3,1172.0,46.9,26.0,68.0,162,67,125.0,,22.7,42,21.9,0.0,0.0,988.0,3.9,298,0,125.0
2026-02-25T21:00,68.7,133.6,1277.0,47.8,26.5,60.0,162,69,136.0,,22.2,40,21.1,0.0,0.0,988.2,3.5,332,0,75.0
2026-02-25T22:00,72.9,140.2,1319.0,44.3,25.9,59.0,162,71,148.0,,21.4,42,20.1,0.0,0.0,988.1,5.1,17,0,75.0
2026-02-25T23:00,74.5,156.9,1302.0,39.5,24.9,61.0,162,72,154.0,,21.2,50,20.7,0.0,0.0,988.2,4.2,335,0,120.0
2026-02-26T00:00,71.9,162.5,1196.0,33.2,23.3,66.0,162,71,148.0,,19.2,56,18.4,0.0,0.0,988.4,5.6,249,0,65.0
2026-02-26T01:00,68.7,150.4,1032.0,25.6,21.2,74.0,162,69,136.0,,17.8,61,17.0,0.0,0.0,988.0,5.1,253,0,45.0
2026-02-26T02:00,67.3,133.6,902.0,20.1,19.8,79.0,162,69,124.0,,17.0,64,16.3,0.0,0.0,987.4,4.5,277,0,40.0
2026-02-26T03:00,66.6,123.9,822.0,18.0,19.5,77.0,162,68,112.0,,16.3,66,15.5,0.0,0.0,986.8,5.1,297,0,45.0
2026-02-26T04:00,67.3,120.1,777.0,18.2,19.8,71.0,161,69,99.0,,15.7,69,14.9,0.0,0.0,986.5,5.2,286,0,60.0
2026-02-26T05:00,77.8,139.2,814.0,20.5,23.3,66.0,161,74,114.0,,15.5,77,15.2,0.0,0.0,986.4,5.1,274,0,50.0
2026-02-26T06:00,81.0,125.7,1034.0,27.2,25.7,59.0,160,76,103.0,,15.5,77,15.1,0.0,0.0,986.6,5.1,276,0,60.0
2026-02-26T07:00,87.5,126.2,1336.0,36.1,28.9,50.0,159,79,88.0,,16.1,73,15.6,0.0,0.0,987.0,6.1,270,0,65.0
2026-02-26T08:00,88.7,130.9,1464.0,39.7,31.1,56.0,158,79,79.0,,18.6,63,18.0,0.0,0.0,987.8,6.5,270,0,100.0
2026-02-26T09:00,84.5,122.5,1250.0,33.1,31.9,90.0,157,77,77.0,,22.0,51,21.5,0.0,0.0,988.2,6.0,280,0,195.0
2026-02-26T10:00,69.2,107.6,863.0,21.2,31.7,139.0,156,70,80.0,,25.0,42,24.3,0.0,0.0,988.1,7.2,288,0,435.0
2026-02-26T11:00,51.3,99.2,553.0,11.6,29.9,173.0,156,93,92.0,,27.4,32,26.5,0.0,0.0,987.6,10.0,278,0,1895.0
2026-02-26T12:00,44.4,106.2,417.0,7.0,25.1,180.0,156,100,119.0,,28.9,23,27.3,0.0,0.0,986.9,12.3,282,0,2330.0
2026-02-26T13:00,40.7,118.5,358.0,4.8,18.6,173.0,156,93,155.0,,29.5,20,27.4,0.0,0.0,986.0,13.5,282,0,2500.0
2026-02-26T14:00,38.9,136.4,331.0,4.3,14.0,163.0,156,83,189.0,,29.7,17,26.8,0.0,0.0,985.2,14.4,288,0,2515.0
2026-02-26T15:00,38.8,157.4,303.0,4.9,12.6,155.0,156,78,221.0,,29.4,18,25.8,0.0,0.0,984.7,14.5,289,0,2395.0
2026-02-26T16:00,40.0,173.7,307.0,7.2,13.0,145.0,155,74,252.0,,28.7,20,25.0,0.0,0.0,984.1,14.3,295,0,2170.0
2026-02-26T17:00,40.9,201.6,400.0,12.0,14.1,126.0,155,82,308.0,,27.9,23,24.7,0.0,0.0,983.7,12.4,289,0,2165.0
2026-02-26T18:00,48.8,204.4,658.0,22.3,16.8,106.0,155,83,294.0,,26.0,30,24.2,0.0,0.0,983.5,6.5,278,0,620.0
2026-02-26T19:00,56.0,201.6,1004.0,36.4,20.5,78.0,155,82,274.0,,24.2,38,23.2,0.0,0.0,983.9,4.9,280,0,210.0
2026-02-26T20:00,61.7,199.8,1269.0,46.9,23.5,56.0,155,81,260.0,,23.3,41,22.4,0.0,0.0,984.4,4.9,272,0,120.0
2026-02-26T21:00,67.3,203.5,1381.0,51.0,25.3,45.0,155,82,262.0,,22.8,40,21.6,0.0,0.0,984.6,5.5,281,0,130.0
2026-02-26T22:00,72.9,212.8,1410.0,51.5,26.4,41.0,155,85,270.0,,21.8,41,20.5,0.0,0.0,984.6,5.6,287,0,105.0
2026-02-26T23:00,75.0,217.9,1399.0,49.0,26.5,41.0,155,86,267.0,,21.3,47,20.4,0.0,0.0,984.5,4.3,312,0,105.0
2026-02-27T00:00,69.8,208.2,1336.0,41.5,24.7,50.0,155,84,242.0,,20.3,50,19.5,0.0,0.0,984.1,4.4,305,0,100.0
2026-02-27T01:00,62.2,181.6,1233.0,30.9,21.8,63.0,155,76,205.0,,19.3,53,18.4,0.0,0.0,984.0,4.5,286,0,55.0
2026-02-27T02:00,56.1,149.5,1164.0,23.7,19.9,71.0,155,68,172.0,,18.7,56,18.0,0.0,0.0,983.4,3.9,317,0,50.0
2026-02-27T03:00,54.9,131.3,1156.0,22.7,19.5,67.0,155,63,146.0,,17.7,60,16.9,0.0,0.0,983.2,4.5,304,0,50.0
2026-02-27T04:00,59.6,127.1,1182.0,25.1,20.1,56.0,154,65,124.0,,17.2,63,16.7,0.0,0.0,982.7,3.5,321,0,45.0
2026-02-27T05:00,65.7,122.9,1239.0,22.4,24.2,67.0,154,68,106.0,,16.0,75,15.8,0.0,0.0,982.8,4.9,272,0,45.0
2026-02-27T06:00,72.4,129.0,1390.0,29.3,26.8,57.0,154,71,104.0,,16.1,73,15.5,0.0,0.0,983.3,6.5,256,0,65.0
2026-02-27T07:00,81.0,136.4,1573.0,38.5,30.5,44.0,153,76,101.0,,16.4,68,15.5,0.0,0.0,984.1,7.5,253,0,70.0
2026-02-27T08:00,81.7,135.0,1597.0,42.4,34.1,47.0,153,76,98.0,,19.1,57,18.2,0.0,0.0,985.1,7.0,249,0,105.0
2026-02-27T09:00,76.8,128.5,1316.0,36.2,38.1,81.0,153,73,92.0,,23.0,44,22.4,0.0,0.0,985.9,4.5,265,0,170.0
2026-02-27T10:00,61.7,108.3,876.0,24.7,41.9,130.0,153,66,85.0,,26.5,33,25.5,0.0,0.0,986.1,5.2,282,0,425.0
2026-02-27T11:00,50.1,93.1,532.0,15.3,42.6,167.0,153,87,83.0,,28.8,23,27.7,0.0,0.0,985.9,6.3,275,0,1455.0
2026-02-27T12:00,44.4,89.2,387.0,10.2,37.8,181.0,153,101,89.0,,30.3,19,29.0,0.0,0.0,985.2,8.3,272,0,2715.0
2026-02-27T13:00,38.9,89.6,337.0,7.2,29.9,182.0,153,102,99.0,,30.8,18,29.1,0.0,0.0,984.3,11.0,272,0,3045.0
2026-02-27T14:00,34.0,89.2,321.0,6.2,23.5,177.0,152,97,107.0,,30.8,18,28.7,0.0,0.0,983.3,11.1,277,0,3020.0
2026-02-27T15:00,30.9,87.8,300.0,5.7,19.4,167.0,152,87,109.0,,30.6,18,27.7,0.0,0.0,982.9,10.6,280,0,2850.0
2026-02-27T16:00,30.3,89.4,312.0,7.3,16.8,152.0,152,76,109.0,,29.9,20,27.0,0.0,0.0,982.6,10.3,274,0,2325.0
2026-02-27T17:00,33.9,78.7,415.0,16.4,17.8,124.0,152,62,86.0,,29.6,17,26.4,0.0,0.0,982.1,9.4,274,0,1690.0
2026-02-27T18:00,47.3,83.8,670.0,37.2,24.3,97.0,152,58,77.0,,27.2,25,25.4,0.0,0.0,982.0,4.1,319,0,360.0
2026-02-27T19:00,66.4,97.3,1014.0,65.6,33.4,60.0,152,68,66.0,,25.7,31,24.5,0.0,0.0,982.4,3.3,61,0,215.0
2026-02-27T20:00,83.4,114.3,1321.0,85.3,40.4,32.0,152,77,57.0,,24.4,41,23.9,0.0,0.0,982.8,3.7,101,0,185.0
2026-02-27T21:00,96.9,127.6,1567.0,88.0,43.7,24.0,153,83,54.0,,23.9,45,23.8,0.0,0.0,983.2,2.8,105,0,145.0
2026-02-27T22:00,101.3,131.3,1775.0,82.0,45.1,25.0,153,85,54.0,,23.0,48,23.1,0.0,0.0,982.8,1.8,156,0,35.0
2026-02-27T23:00,101.3,130.4,1884.0,75.7,44.8,27.0,154,85,55.0,,23.1,48,23.4,0.0,0.0,982.9,1.3,82,3,25.0
2026-02-28T00:00,98.7,131.8,1823.0,71.4,42.0,27.0,155,83,56.0,,23.3,53,23.6,0.0,0.0,982.7,4.7,50,3,100.0
2026-02-28T01:00,100.1,130.9,1664.0,66.8,37.7,28.0,156,84,57.0,,22.3,60,23.3,0.0,0.0,982.6,2.4,77,3,90.0
2026-02-28T02:00,107.1,137.4,1563.0,64.0,34.9,27.0,157,87,57.0,,22.0,59,22.6,0.0,0.0,982.6,3.4,186,3,95.0
2026-02-28T03:00,114.3,143.9,1567.0,64.1,34.7,22.0,159,90,55.0,,21.9,59,22.8,0.0,0.0,982.2,1.8,90,3,80.0
2026-02-28T04:00,119.7,147.6,1628.0,66.0,36.2,16.0,160,92,52.0,,21.8,60,22.9,0.0,0.0,982.1,0.5,225,3,35.0
2026-02-28T05:00,122.0,158.8,1759.0,73.8,50.0,16.0,162,93,66.0,,21.6,61,22.3,0.0,0.0,982.3,2.5,225,3,55.0
2026-02-28T06:00,114.6,149.9,2084.0,73.2,51.2,18.0,164,90,55.0,,21.3,60,21.8,0.0,0.0,982.4,3.9,233,3,40.0
2026-02-28T07:00,118.0,148.1,2478.0,71.8,52.9,23.0,165,91,40.0,,21.3,60,21.7,0.0,0.0,982.8,3.7,219,3,35.0
2026-02-28T08:00,121.5,140.2,2584.0,66.9,54.4,37.0,166,93,34.0,,23.2,50,23.6,0.0,0.0,983.6,1.5,144,0,35.0
2026-02-28T09:00,105.7,122.5,2138.0,55.7,56.6,69.0,167,86,45.0,,26.5,38,26.6,0.0,0.0,984.7,1.0,248,0,255.0
2026-02-28T10:00,72.6,98.3,1403.0,40.9,58.6,111.0,168,71,65.0,,28.8,28,28.2,0.0,0.0,984.9,2.0,243,0,960.0
2026-02-28T11:00,43.0,86.8,812.0,28.3,56.9,143.0,168,72,85.0,,31.0,18,29.5,0.0,0.0,984.7,6.8,299,1,2930.0
2026-02-28T12:00,33.3,84.1,537.0,19.4,48.4,157.0,168,79,99.0,,31.8,17,29.9,0.0,0.0,984.1,10.9,304,0,3295.0
2026-02-28T13:00,31.7,90.3,406.0,12.6,36.2,161.0,168,81,113.0,,31.9,17,29.5,0.0,0.0,983.2,13.5,304,0,3455.0
2026-02-28T14:00,31.0,100.8,338.0,8.6,26.4,159.0,168,80,136.0,,31.6,17,28.8,0.0,0.0,982.3,13.4,302,0,2880.0
2026-02-28T15:00,31.8,120.1,309.0,7.8,21.3,152.0,168,76,171.0,,31.2,18,27.9,0.0,0.0,982.2,13.0,297,0,2800.0
2026-02-28T16:00,36.0,147.1,343.0,9.9,18.5,140.0,168,70,215.0,,30.4,20,27.2,0.0,0.0,982.0,13.4,301,0,2620.0
2026-02-28T17:00,48.3,251.5,432.0,12.6,13.5,115.0,168,95,393.0,,29.6,23,26.8,0.0,0.0,981.9,13.0,295,0,2535.0
2026-02-28T18:00,60.5,293.4,607.0,21.0,15.9,97.0,168,106,438.0,,27.9,31,26.5,0.0,0.0,982.4,7.8,304,0,945.0
2026-02-28T19:00,71.5,335.3,837.0,32.4,19.3,72.0,169,117,499.0,,26.3,38,25.9,0.0,0.0,983.1,4.3,312,0,435.0
2026-02-28T20:00,80.3,361.4,1022.0,40.5,21.8,53.0,169,124,534.0,,25.0,47,25.3,0.0,0.0,983.5,3.7,321,0,215.0
2026-02-28T21:00,85.9,372.5,1133.0,42.4,22.9,45.0,169,127,522.0,,24.5,48,24.9,0.0,0.0,984.1,2.9,349,0,155.0
2026-02-28T22:00,88.2,356.7,1199.0,41.0,23.1,44.0,168,123,484.0,,23.8,49,24.2,0.0,0.0,984.1,2.5,330,0,135.0
2026-02-28T23:00,85.9,317.6,1204.0,38.2,22.6,44.0,168,113,437.0,,22.5,55,22.6,0.0,0.0,984.2,5.4,334,0,215.0
2026-03-01T00:00,79.6,270.1,1111.0,33.8,21.0,46.0,168,100,378.0,,21.0,58,21.0,0.0,0.0,984.1,5.1,318,0,155.0
2026-03-01T01:00,75.2,230.0,957.0,28.0,18.7,50.0,167,89,311.0,,20.0,61,19.9,0.0,0.0,983.9,4.9,294,0,95.0
2026-03-01T02:00,73.1,214.2,833.0,23.5,16.8,52.0,166,85,263.0,,19.4,63,19.2,0.0,0.0,983.5,5.4,304,0,105.0
2026-03-01T03:00,72.9,214.2,756.0,21.0,15.6,51.0,165,85,250.0,,18.5,67,18.4,0.0,0.0,983.1,5.0,285,0,85.0
2026-03-01T04:00,73.1,214.7,708.0,19.8,14.9,48.0,164,85,256.0,,17.9,69,17.8,0.0,0.0,982.9,5.2,272,0,75.0
2026-03-01T05:00,75.0,203.0,734.0,22.8,16.8,42.0,163,82,236.0,,17.3,78,17.3,0.0,0.0,982.9,7.4,266,0,95.0
2026-03-01T06:00,74.0,192.3,920.0,26.3,18.1,38.0,161,79,214.0,,17.2,77,17.2,0.0,0.0,983.5,6.7,268,0,95.0
2026-03-01T07:00,76.4,179.7,1178.0,30.8,20.0,34.0,160,76,185.0,,17.5,73,17.2,0.0,0.0,984.1,7.6,270,0,95.0
2026-03-01T08:00,79.2,169.0,1289.0,31.8,21.7,42.0,159,75,168.0,,19.7,63,19.6,0.0,0.0,985.2,6.1,270,0,140.0
2026-03-01T09:00,75.7,163.9,1106.0,26.2,23.3,73.0,158,73,170.0,,23.1,52,22.9,0.0,0.0,986.1,6.5,278,0,270.0
2026-03-01T10:00,65.9,158.8,776.0,17.1,24.8,116.0,157,70,185.0,,26.1,42,25.7,0.0,0.0,986.3,8.3,274,0,610.0
2026-03-01T11:00,55.2,165.3,513.0,9.8,25.0,149.0,156,75,211.0,,28.9,27,27.5,0.0,0.0,986.1,11.8,286,0,1675.0
2026-03-01T12:00,49.9,169.5,402.0,6.3,23.0,162.0,157,82,250.0,,30.2,22,28.5,0.0,0.0,985.7,14.1,292,0,3010.0
2026-03-01T13:00,46.9,191.9,358.0,4.5,19.8,164.0,157,84,300.0,,30.6,21,28.5,0.0,0.0,985.0,15.8,289,0,3015.0
2026-03-01T14:00,46.3,230.5,343.0,4.2,17.3,162.0,158,89,357.0,,30.6,22,28.1,0.0,0.0,984.4,16.8,289,0,2925.0
2026-03-01T15:00,50.2,278.5,344.0,5.1,16.0,156.0,158,102,427.0,,30.3,23,27.2,0.0,0.0,984.1,16.4,293,0,2720.0
2026-03-01T16:00,54.6,323.2,373.0,7.3,15.5,145.0,159,114,504.0,,29.7,24,26.6,0.0,0.0,983.9,15.8,296,0,2350.0
2026-03-01T17:00,73.3,463.8,429.0,11.3,18.3,129.0,159,152,754.0,,28.7,26,25.9,0.0,0.0,983.7,13.3,303,0,1590.0
2026-03-01T18:00,85.7,486.2,537.0,17.6,19.9,113.0,160,158,802.0,,27.1,30,25.4,0.0,0.0,983.9,8.2,303,0,1000.0
2026-03-01T19:00,98.3,536.4,672.0,26.2,22.2,92.0,161,171,865.0,,26.0,35,24.8,0.0,0.0,984.6,6.8,297,0,515.0
2026-03-01T20:00,107.8,575.6,756.0,31.6,23.8,77.0,162,181,887.0,,25.3,37,23.9,0.0,0.0,985.1,8.5,295,0,425.0
2026-03-01T21:00,112.7,581.1,745.0,31.0,24.2,74.0,162,183,837.0,,24.2,40,23.0,0.0,0.0,985.8,7.7,306,0,310.0
2026-03-01T22:00,111.8,530.9,683.0,27.2,24.0,78.0,166,170,745.0,,22.9,43,21.8,0.0,0.0,986.1,6.6,315,0,245.0
2026-03-01T23:00,105.0,448.0,628.0,23.3,23.5,82.0,170,147,646.0,,21.7,51,21.1,0.0,0.0,986.2,6.2,311,1,225.0
2026-03-02T00:00,95.9,367.9,598.0,20.0,22.7,85.0,172,126,540.0,,20.7,52,20.0,0.0,0.0,985.9,5.6,299,0,195.0
2026-03-02T01:00,88.2,307.3,575.0,16.6,21.7,88.0,174,110,427.0,,19.8,54,19.1,0.0,0.0,985.8,5.5,279,0,130.0
2026-03-02T02:00,83.4,267.3,562.0,14.3,20.9,88.0,176,99,343.0,,18.8,57,18.1,0.0,0.0,985.2,5.3,278,0,100.0
2026-03-02T03:00,81.0,246.8,543.0,13.3,20.3,83.0,177,94,312.0,,18.5,58,17.5,0.0,0.0,984.9,6.7,268,0,100.0
2026-03-02T04:00,81.0,245.9,534.0,13.5,19.8,74.0,178,94,310.0,,17.9,61,16.9,0.0,0.0,984.8,6.8,267,0,100.0
2026-03-02T05:00,80.1,257.0,584.0,13.6,17.7,69.0,178,97,329.0,,17.5,70,17.0,0.0,0.0,985.0,7.6,271,0,115.0
2026-03-02T06:00,80.1,245.9,769.0,19.3,19.2,60.0,180,94,302.0,,17.2,71,16.6,0.0,0.0,985.8,7.6,263,0,115.0
2026-03-02T07:00,83.1,240.3,1013.0,26.8,21.3,48.0,181,92,265.0,,17.4,70,16.7,0.0,0.0,986.5,8.7,262,0,125.0
2026-03-02T08:00,85.7,217.9,1133.0,30.2,23.1,50.0,182,86,246.0,,19.6,61,19.0,0.0,0.0,987.2,8.0,260,0,180.0
2026-03-02T09:00,82.2,215.6,1014.0,25.7,24.8,77.0,183,85,252.0,,23.0,49,22.2,0.0,0.0,988.2,8.5,271,0,295.0
2026-03-02T10:00,76.1,224.0,772.0,17.0,26.2,117.0,184,88,275.0,,26.1,39,25.2,0.0,0.0,988.5,9.0,285,0,575.0
2026-03-02T11:00,69.6,238.0,572.0,10.0,26.0,147.0,185,91,323.0,,28.4,32,27.5,0.0,0.0,988.6,12.7,291,0,1280.0
2026-03-02T12:00,63.8,259.8,473.0,6.6,22.8,158.0,187,97,403.0,,30.0,25,28.5,0.0,0.0,988.2,15.3,297,0,2155.0
2026-03-02T13:00,60.8,299.0,416.0,4.8,18.1,160.0,189,108,509.0,,30.8,22,28.6,0.0,0.0,987.5,16.9,300,0,2610.0
2026-03-02T14:00,65.9,387.4,388.0,4.3,14.5,158.0,191,131,623.0,,30.8,23,28.4,0.0,0.0,987.0,17.1,302,0,2540.0
2026-03-02T15:00,73.8,488.0,382.0,5.3,13.3,152.0,194,158,761.0,,30.5,23,27.5,0.0,0.0,986.4,16.2,302,0,2375.0
2026-03-02T16:00,81.3,556.9,405.0,7.7,13.2,142.0,199,177,908.0,,29.6,26,26.8,0.0,0.0,986.2,15.8,306,0,1915.0
2026-03-02T17:00,81.0,566.2,459.0,10.3,14.5,128.0,210,179,938.0,,28.5,29,25.8,0.0,0.0,986.1,15.9,304,0,1475.0
2026-03-02T18:00,91.5,581.1,578.0,15.0,16.5,116.0,216,183,951.0,,27.1,35,25.7,0.0,0.0,986.1,9.4,290,0,1160.0
2026-03-02T19:00,101.3,599.8,728.0,21.3,19.2,100.0,222,188,963.0,,26.1,40,25.3,0.0,0.0,986.7,8.4,290,0,765.0
2026-03-02T20:00,107.3,596.0,814.0,25.4,21.2,89.0,225,187,927.0,,25.3,41,24.2,0.0,0.0,987.2,9.9,307,0,450.0
2026-03-02T21:00,106.4,530.9,776.0,25.4,22.0,88.0,227,170,800.0,,24.3,42,23.3,0.0,0.0,987.7,8.3,319,0,340.0
2026-03-02T22:00,100.1,435.9,674.0,23.1,22.1,92.0,224,144,625.0,,23.4,42,22.0,0.0,0.0,988.0,9.4,325,0,310.0
2026-03-02T23:00,91.3,351.1,586.0,20.4,21.6,96.0,218,122,489.0,,22.7,46,21.2,0.0,0.0,987.8,10.3,316,0,325.0
2026-03-03T00:00,83.1,301.7,538.0,17.5,20.4,97.0,212,108,425.0,,22.2,44,20.5,0.0,0.0,987.5,10.7,318,0,305.0
2026-03-03T01:00,78.2,285.0,505.0,14.3,18.6,97.0,208,104,400.0,,21.6,45,19.9,0.0,0.0,987.2,9.9,302,0,290.0
2026-03-03T02:00,76.1,287.8,486.0,11.9,17.2,96.0,207,105,395.0,,20.6,49,19.0,0.0,0.0,986.9,9.7,285,0,240.0
2026-03-03T03:00,75.7,300.8,471.0,10.6,16.3,92.0,208,108,414.0,,19.7,54,18.3,0.0,0.0,986.1,9.6,284,0,210.0
2026-03-03T04:00,76.1,318.5,471.0,10.2,15.9,87.0,211,113,453.0,,18.8,57,17.6,0.0,0.0,985.7,8.6,286,0,190.0
2026-03-03T05:00,85.4,390.2,515.0,11.4,16.1,81.0,216,132,569.0,,18.3,62,17.2,0.0,0.0,985.9,9.4,290,0,210.0
2026-03-03T06:00,86.8,395.8,660.0,15.9,17.3,72.0,224,134,540.0,,17.7,64,16.6,0.0,0.0,986.4,9.3,283,0,200.0
2026-03-03T07:00,89.6,394.9,849.0,21.9,19.0,61.0,233,133,502.0,,17.9,64,16.6,0.0,0.0,987.0,10.5,277,0,200.0
2026-03-03T08:00,91.7,349.2,944.0,24.7,20.2,61.0,242,121,482.0,,19.7,57,18.6,0.0,0.0,987.6,9.0,272,0,250.0
2026-03-03T09:00,90.6,380.0,858.0,21.2,20.8,82.0,250,129,485.0,,22.8,47,21.4,0.0,0.0,988.4,10.7,284,0,420.0
2026-03-03T10:00,84.5,374.4,677.0,14.5,21.0,114.0,259,128,507.0,,25.8,39,24.4,0.0,0.0,988.8,12.5,288,0,680.0
2026-03-03T11:00,78.0,370.7,527.0,9.1,20.5,140.0,268,127,561.0,,28.6,32,27.5,0.0,0.0,988.7,15.3,291,0,1210.0
2026-03-03T12:00,73.8,413.5,449.0,6.4,19.0,153.0,276,138,667.0,,30.4,26,28.8,0.0,0.0,988.3,17.8,297,0,1360.0
2026-03-03T13:00,76.1,480.6,401.0,5.0,16.8,159.0,285,156,804.0,,31.1,24,29.2,0.0,0.0,987.5,18.5,297,0,1345.0
2026-03-03T14:00,82.4,558.8,383.0,4.8,15.2,160.0,296,177,927.0,,31.4,24,29.3,0.0,0.0,986.7,18.0,294,0,1335.0
2026-03-03T15:00,89.4,638.9,406.0,6.1,14.6,155.0,306,198,1029.0,,31.3,25,28.7,0.0,0.0,986.3,16.6,292,0,1275.0
2026-03-03T16:00,95.7,676.1,459.0,8.7,14.5,144.0,313,208,1116.0,,30.3,30,28.2,0.0,0.0,985.9,16.2,293,0,1170.0
2026-03-03T17:00,97.3,691.0,513.0,11.9,16.2,129.0,320,212,1144.0,,29.1,30,26.9,0.0,0.0,985.9,14.7,289,0,1160.0
2026-03-03T18:00,103.8,696.6,567.0,14.6,16.7,119.0,326,214,1121.0,,27.7,34,26.2,0.0,0.0,986.4,11.1,283,0,780.0
2026-03-03T19:00,107.1,679.9,621.0,18.3,17.3,106.0,332,209,1082.0,,26.6,35,25.0,0.0,0.0,986.8,10.9,279,0,465.0
2026-03-03T20:00,105.7,635.2,652.0,20.8,17.6,95.0,336,197,1008.0,,25.8,36,24.1,0.0,0.0,987.4,11.1,282,0,405.0
2026-03-03T21:00,98.7,549.5,643.0,21.1,17.3,89.0,338,175,869.0,,25.0,37,23.2,0.0,0.0,987.9,10.4,288,0,330.0
2026-03-03T22:00,89.6,452.6,611.0,20.2,16.7,86.0,339,149,693.0,,24.3,37,22.5,0.0,0.0,988.2,9.9,289,0,270.0
2026-03-03T23:00,80.6,372.5,573.0,18.9,15.9,84.0,340,127,552.0,,23.5,41,22.0,0.0,0.0,988.2,8.9,284,0,235.0
2026-03-04T00:00,72.9,320.4,527.0,17.0,14.8,82.0,341,113,473.0,,22.1,45,20.7,0.0,0.0,988.1,8.7,277,0,190.0
2026-03-04T01:00,68.5,291.5,477.0,14.6,13.5,82.0,342,106,427.0,,21.0,48,19.8,0.0,0.0,987.9,7.4,276,0,145.0
2026-03-04T02:00,66.8,278.5,451.0,13.0,12.7,80.0,343,102,398.0,,20.2,52,19.1,0.0,0.0,987.6,7.1,279,0,135.0
2026-03-04T03:00,67.1,275.7,449.0,12.1,12.5,76.0,342,102,387.0,,19.4,56,18.4,0.0,0.0,987.4,6.9,287,0,135.0
2026-03-04T04:00,68.5,277.5,471.0,12.0,12.9,72.0,341,102,392.0,,18.8,59,18.0,0.0,0.0,987.1,7.0,282,0,115.0
2026-03-04T05:00,76.8,299.9,551.0,12.9,18.6,75.0,339,108,415.0,,18.6,64,17.9,0.0,0.0,987.5,8.1,274,0,115.0
2026-03-04T06:00,77.1,287.8,765.0,17.7,19.7,66.0,334,105,390.0,,18.3,66,17.5,0.0,0.0,988.1,8.5,276,0,120.0
2026-03-04T07:00,80.6,290.6,1036.0,24.0,21.2,56.0,328,105,357.0,,18.7,64,17.8,0.0,0.0,988.9,9.4,278,0,135.0
2026-03-04T08:00,82.4,263.6,1173.0,26.9,22.5,57.0,323,98,339.0,,21.0,56,20.3,0.0,0.0,989.6,8.4,279,0,175.0
2026-03-04T09:00,80.3,265.4,1051.0,23.2,23.6,82.0,319,99,337.0,,24.5,46,24.0,0.0,0.0,990.3,7.7,295,0,285.0
2026-03-04T10:00,76.4,268.2,794.0,16.0,24.5,118.0,313,100,350.0,,27.9,37,27.3,0.0,0.0,990.4,9.4,305,0,565.0
2026-03-04T11:00,70.8,279.4,579.0,10.2,24.5,146.0,307,103,401.0,,30.3,32,30.0,0.0,0.0,990.1,11.9,305,0,1120.0
2026-03-04T12:00,69.6,320.4,468.0,7.2,22.8,158.0,302,113,512.0,,32.1,27,31.7,0.0,0.0,989.6,13.6,304,0,1320.0
2026-03-04T13:00,72.6,397.7,399.0,5.6,20.0,162.0,297,134,661.0,,32.9,26,32.3,0.0,0.0,988.6,15.7,301,0,1405.0
2026-03-04T14:00,78.9,489.9,361.0,5.2,17.9,160.0,292,159,802.0,,33.2,27,32.2,0.0,0.0,987.5,16.6,300,0,1455.0
2026-03-04T15:00,87.1,586.7,360.0,6.4,16.9,153.0,288,184,929.0,,33.1,27,31.3,0.0,0.0,986.9,16.6,300,0,1435.0
2026-03-04T16:00,93.4,633.3,389.0,8.9,16.4,141.0,285,197,1047.0,,32.2,31,30.7,0.0,0.0,986.6,16.4,300,0,1260.0
2026-03-04T17:00,92.0,627.7,421.0,11.4,17.7,126.0,282,195,1041.0,,31.2,35,30.4,0.0,0.0,985.8,14.2,290,0,1155.0
2026-03-04T18:00,98.0,633.3,449.0,13.8,18.0,116.0,279,197,1033.0,,29.8,38,29.4,0.0,0.0,985.9,12.0,284,0,925.0
2026-03-04T19:00,103.1,638.9,479.0,17.1,18.5,103.0,275,198,1019.0,,29.0,38,28.1,0.0,0.0,986.5,13.5,289,0,665.0
2026-03-04T20:00,104.3,614.7,500.0,19.2,18.8,93.0,272,192,976.0,,28.5,37,27.3,0.0,0.0,986.9,13.5,297,0,570.0
2026-03-04T21:00,100.6,549.5,509.0,19.2,19.0,89.0,271,175,880.0,,27.7,38,26.4,0.0,0.0,987.5,13.2,304,0,505.0
2026-03-04T22:00,95.7,484.3,510.0,18.1,19.1,89.0,271,157,756.0,,26.8,40,25.6,0.0,0.0,987.5,12.3,307,0,445.0
2026-03-04T23:00,91.3,438.7,497.0,16.7,19.1,88.0,273,145,661.0,,26.0,47,25.5,0.0,0.0,987.2,12.2,304,0,380.0
2026-03-05T00:00,87.3,413.5,460.0,15.0,18.7,86.0,277,138,619.0,,24.2,55,24.3,0.0,0.0,986.8,10.0,300,0,310.0
2026-03-05T01:00,85.7,405.1,410.0,13.0,18.2,84.0,283,136,606.0,,23.3,59,23.4,0.0,0.0,986.4,9.8,302,0,290.0
2026-03-05T02:00,85.7,405.1,379.0,11.6,17.8,81.0,289,136,606.0,,22.6,62,22.8,0.0,0.0,985.9,9.7,301,0,275.0
2026-03-05T03:00,87.1,415.4,370.0,10.6,17.6,78.0,297,139,624.0,,21.9,66,22.2,0.0,0.0,985.4,9.6,296,0,255.0
2026-03-05T04:00,89.4,431.2,381.0,10.2,17.5,76.0,305,143,657.0,,21.3,69,21.6,0.0,0.0,985.0,10.0,288,0,240.0
2026-03-05T05:00,84.1,418.2,434.0,10.5,15.9,74.0,313,140,632.0,,21.0,68,20.8,0.0,0.0,985.1,11.6,285,0,255.0
2026-03-05T06:00,90.6,463.8,579.0,14.1,16.5,68.0,319,152,656.0,,20.9,68,20.8,0.0,0.0,985.6,11.1,287,0,250.0
2026-03-05T07:00,97.8,491.7,766.0,18.8,17.3,62.0,328,159,689.0,,21.1,67,21.1,0.0,0.0,986.3,10.9,283,0,245.0
2026-03-05T08:00,102.4,476.8,872.0,21.1,18.6,65.0,338,155,712.0,,22.8,60,23.1,0.0,0.0,987.1,8.9,276,0,285.0
2026-03-05T09:00,104.8,502.9,822.0,18.5,20.8,88.0,349,162,706.0,,25.5,51,25.7,0.0,0.0,987.5,9.2,287,0,405.0
2026-03-05T10:00,102.2,491.7,691.0,13.4,23.4,122.0,362,159,691.0,,28.3,43,28.5,0.0,0.0,987.5,10.0,298,0,615.0
2026-03-05T11:00,98.7,464.7,581.0,9.2,24.9,148.0,373,152,707.0,,30.8,36,31.5,0.0,0.0,987.4,11.3,303,0,905.0
2026-03-05T12:00,96.6,470.3,527.0,7.0,24.3,162.0,383,153,777.0,,32.8,31,33.3,0.0,0.0,987.0,12.9,310,0,1200.0
2026-03-05T13:00,95.9,514.1,493.0,5.7,22.6,168.0,391,165,878.0,,33.8,28,33.6,0.0,0.0,986.0,15.8,312,0,1380.0
2026-03-05T14:00,99.4,601.6,475.0,5.5,21.1,169.0,397,188,986.0,,34.0,29,33.5,0.0,0.0,984.9,16.7,312,0,1435.0
2026-03-05T15:00,106.6,694.8,473.0,6.7,20.3,162.0,402,213,1107.0,,33.8,31,33.1,0.0,0.0,984.2,16.2,309,0,1400.0
2026-03-05T16:00,112.9,741.3,487.0,9.1,19.7,149.0,407,226,1234.0,,32.8,37,32.6,0.0,0.0,983.9,16.1,303,0,1245.0
2026-03-05T17:00,106.4,679.9,508.0,12.2,20.4,131.0,411,209,1121.0,,32.3,33,31.2,0.0,0.0,983.6,15.9,302,0,1270.0
2026-03-05T18:00,114.8,694.8,539.0,16.2,21.1,118.0,413,213,1132.0,,31.0,35,30.5,0.0,0.0,983.6,11.7,285,0,975.0
2026-03-05T19:00,121.5,704.1,578.0,21.7,22.0,99.0,416,216,1142.0,,29.7,38,29.4,0.0,0.0,983.9,10.7,284,0,535.0
2026-03-05T20:00,125.3,700.4,603.0,25.3,22.4,85.0,419,215,1107.0,,28.8,38,28.3,0.0,0.0,984.3,10.8,288,0,435.0
2026-03-05T21:00,122.0,644.5,608.0,25.2,22.0,80.0,422,200,990.0,,28.0,38,27.3,0.0,0.0,984.9,10.2,296,0,365.0
2026-03-05T22:00,114.3,555.1,600.0,23.2,21.0,78.0,426,176,828.0,,27.2,38,26.3,0.0,0.0,985.0,9.7,294,0,310.0
2026-03-05T23:00,104.3,465.7,583.0,21.2,20.0,77.0,429,152,689.0,,26.6,42,26.0,0.0,0.0,985.0,9.3,306,0,285.0
2026-03-06T00:00,95.5,399.5,552.0,19.4,18.8,74.0,430,135,598.0,,25.1,46,24.8,0.0,0.0,984.8,7.5,294,0,225.0
2026-03-06T01:00,90.1,360.4,513.0,17.6,17.4,70.0,430,124,530.0,,23.4,54,23.6,0.0,0.0,984.7,5.5,293,0,180.0
2026-03-06T02:00,87.5,339.9,486.0,16.7,16.5,66.0,428,119,478.0,,22.2,59,22.7,0.0,0.0,984.4,4.8,295,0,135.0
2026-03-06T03:00,86.6,326.9,454.0,16.9,16.0,60.0,425,115,449.0,,21.4,60,21.6,0.0,0.0,984.1,5.1,288,0,105.0
2026-03-06T04:00,86.4,312.9,435.0,18.1,15.9,52.0,421,111,437.0,,20.8,61,20.8,0.0,0.0,983.8,5.6,285,0,100.0
2026-03-06T05:00,86.1,342.7,497.0,16.9,14.3,54.0,417,119,483.0,,20.0,66,20.3,0.0,0.0,984.0,5.3,288,0,85.0
2026-03-06T06:00,92.7,358.6,740.0,24.6,17.2,46.0,413,124,457.0,,19.5,69,20.0,0.0,0.0,984.7,4.4,300,0,70.0
2026-03-06T07:00,109.0,387.4,1065.0,34.8,21.4,36.0,409,131,420.0,,20.4,66,21.0,0.0,0.0,985.6,4.1,285,0,65.0
2026-03-06T08:00,106.6,311.1,1245.0,39.9,25.2,41.0,405,111,386.0,,22.7,59,23.6,0.0,0.0,986.7,3.2,286,0,115.0
2026-03-06T09:00,94.1,329.7,1146.0,35.0,28.6,73.0,397,116,362.0,,25.7,52,26.9,0.0,0.0,987.3,3.1,291,0,245.0
2026-03-06T10:00,86.4,289.6,903.0,24.9,31.6,119.0,388,105,340.0,,28.5,45,30.0,0.0,0.0,987.3,3.5,282,0,475.0
2026-03-06T11:00,77.3,244.0,690.0,16.4,32.8,155.0,378,93,318.0,,30.9,38,32.7,0.0,0.0,987.2,5.9,282,0,915.0
2026-03-06T12:00,67.1,206.8,564.0,11.7,31.1,174.0,366,94,287.0,,33.0,30,34.4,0.0,0.0,986.9,7.7,295,0,1490.0
2026-03-06T13:00,56.1,181.6,468.0,8.5,27.6,183.0,352,103,256.0,,34.1,24,34.3,0.0,0.0,985.9,10.4,302,0,1665.0
2026-03-06T14:00,50.2,172.3,407.0,7.3,24.5,184.0,335,104,239.0,,34.5,21,33.7,0.0,0.0,985.1,11.0,304,0,1730.0
2026-03-06T15:00,46.6,176.0,369.0,6.9,21.8,175.0,313,95,251.0,,34.4,20,32.6,0.0,0.0,984.6,11.3,304,0,1710.0
2026-03-06T16:00,44.8,190.9,365.0,8.4,19.5,157.0,284,79,277.0,,33.7,21,31.5,0.0,0.0,984.3,11.1,297,0,1535.0
2026-03-06T17:00,55.4,231.9,433.0,15.4,19.8,128.0,251,90,343.0,,31.8,30,30.8,0.0,0.0,984.3,10.7,297,0,1000.0
2026-03-06T18:00,65.4,266.4,631.0,27.0,22.4,106.0,224,99,345.0,,30.4,34,30.4,0.0,0.0,984.8,5.6,291,0,680.0
2026-03-06T19:00,75.2,259.8,901.0,42.9,26.0,76.0,200,97,350.0,,29.4,37,29.6,0.0,0.0,985.3,4.5,337,0,575.0
2026-03-06T20:00,84.3,277.5,1100.0,53.7,28.7,54.0,190,102,369.0,,29.2,39,29.6,0.0,0.0,985.8,5.2,16,0,450.0
2026-03-06T21:00,90.8,309.2,1163.0,54.7,29.7,48.0,181,110,422.0,,27.4,47,28.5,0.0,0.0,986.3,3.8,82,0,185.0
2026-03-06T22:00,95.0,345.5,1155.0,50.6,29.7,50.0,174,120,488.0,,26.0,54,27.4,0.0,0.0,986.4,4.1,124,0,120.0
2026-03-06T23:00,98.7,370.7,1134.0,46.4,29.3,51.0,170,127,517.0,,25.2,66,27.8,0.0,0.0,986.5,3.7,113,0,95.0
2026-03-07T00:00,100.4,357.6,1104.0,43.6,28.1,48.0,168,123,477.0,,24.6,69,27.4,0.0,0.0,986.3,3.0,123,0,100.0
2026-03-07T01:00,101.7,320.4,1060.0,40.7,26.4,44.0,168,113,398.0,,23.9,73,26.7,0.0,0.0,986.0,3.1,103,0,100.0
2026-03-07T02:00,102.0,274.7,1046.0,38.4,25.6,41.0,168,101,323.0,,23.3,75,26.1,0.0,0.0,985.8,2.4,117,0,90.0
2026-03-07T03:00,103.6,235.2,1073.0,36.3,26.2,40.0,169,91,262.0,,22.6,78,25.4,0.0,0.0,985.7,2.4,144,0,60.0
2026-03-07T04:00,110.6,213.3,1129.0,34.9,27.7,39.0,169,88,205.0,,21.9,81,24.6,0.0,0.0,985.6,2.5,150,0,50.0
2026-03-07T05:00,115.3,174.6,1227.0,32.4,28.8,45.0,170,90,111.0,,20.8,87,23.4,0.0,0.0,985.8,3.6,127,0,60.0
2026-03-07T06:00,118.0,173.2,1442.0,36.6,30.1,47.0,171,91,97.0,,20.1,89,22.5,0.0,0.0,986.7,4.2,115,0,60.0
2026-03-07T07:00,125.3,172.8,1698.0,42.0,32.1,51.0,172,94,80.0,,21.0,86,23.4,0.0,0.0,987.7,4.6,138,0,80.0
2026-03-07T08:00,125.7,172.3,1780.0,43.8,36.4,69.0,172,94,87.0,,22.9,77,25.6,0.0,0.0,988.5,3.2,142,0,150.0
2026-03-07T09:00,122.5,193.2,1530.0,38.7,46.0,115.0,173,93,143.0,,25.8,65,28.5,0.0,0.0,989.1,3.3,144,0,265.0
2026-03-07T10:00,111.5,228.2,1106.0,29.8,57.7,174.0,173,94,222.0,,28.9,52,31.4,0.0,0.0,989.2,4.0,153,0,570.0
2026-03-07T11:00,85.4,228.6,769.0,21.9,63.4,218.0,174,138,277.0,,31.3,40,33.9,0.0,0.0,988.9,4.0,175,0,1120.0
2026-03-07T12:00,71.9,211.9,627.0,15.9,57.7,235.0,174,155,282.0,,33.6,30,35.9,0.0,0.0,988.4,2.9,227,0,1630.0
2026-03-07T13:00,63.1,196.5,571.0,10.8,46.0,236.0,175,156,263.0,,34.8,24,36.1,0.0,0.0,987.4,4.7,274,0,1815.0
2026-03-07T14:00,55.4,181.1,539.0,8.2,36.3,229.0,175,149,245.0,,35.3,22,35.5,0.0,0.0,986.5,6.7,289,0,1935.0
2026-03-07T15:00,50.1,173.2,502.0,7.4,31.0,215.0,175,135,239.0,,35.2,21,34.1,0.0,0.0,986.1,8.4,295,0,1830.0
2026-03-07T16:00,47.3,170.9,488.0,9.1,27.6,192.0,175,112,234.0,,34.5,21,32.8,0.0,0.0,986.0,9.3,297,0,1575.0
2026-03-07T17:00,55.3,183.0,515.0,16.8,28.2,160.0,195,80,249.0,,33.0,24,31.7,0.0,0.0,986.0,8.4,293,0,1180.0
2026-03-07T18:00,62.9,180.2,589.0,29.8,29.8,130.0,201,76,232.0,,31.3,27,30.6,0.0,0.0,986.4,5.1,302,0,670.0
2026-03-07T19:00,73.1,175.1,704.0,47.9,31.9,88.0,195,75,210.0,,29.5,35,29.8,0.0,0.0,986.9,2.7,352,0,280.0
2026-03-07T20:00,81.7,185.8,854.0,62.0,33.9,54.0,175,78,198.0,,28.7,39,29.3,0.0,0.0,987.6,2.8,72,0,205.0
2026-03-07T21:00,91.5,202.1,1092.0,68.9,35.8,37.0,175,82,208.0,,27.9,44,29.0,0.0,0.0,988.3,2.5,82,0,155.0
2026-03-07T22:00,101.5,223.5,1365.0,71.8,37.5,29.0,175,88,228.0,,26.8,51,28.6,0.0,0.0,988.4,1.8,114,0,115.0
2026-03-07T23:00,109.0,239.3,1511.0,71.3,37.6,25.0,175,92,242.0,,26.1,56,28.1,0.0,0.0,988.3,2.2,156,0,90.0
2026-03-08T00:00,108.7,239.3,1410.0,65.9,34.9,26.0,175,92,241.0,,25.0,61,27.0,0.0,0.0,988.0,2.5,159,0,60.0
2026-03-08T01:00,105.7,233.8,1182.0,57.1,30.8,30.0,176,90,234.0,,24.2,66,26.4,0.0,0.0,987.6,2.7,148,0,50.0
2026-03-08T02:00,102.7,224.4,1023.0,50.2,27.6,33.0,176,88,226.0,,23.0,73,25.3,0.0,0.0,987.3,3.7,166,0,45.0
2026-03-08T03:00,102.4,218.9,972.0,46.7,26.2,31.0,176,86,221.0,,22.5,75,24.8,0.0,0.0,987.0,3.2,180,0,35.0
2026-03-08T04:00,104.3,217.9,990.0,45.1,25.9,26.0,176,86,214.0,,21.5,78,23.6,0.0,0.0,986.8,4.3,197,0,40.0
2026-03-08T05:00,112.7,225.4,1152.0,46.0,31.7,29.0,176,89,207.0,,20.8,80,22.8,0.0,0.0,986.9,3.1,216,0,25.0
2026-03-08T06:00,121.1,236.1,1655.0,54.3,35.5,31.0,175,92,186.0,,20.8,79,23.0,0.0,0.0,987.3,1.5,216,0,15.0
2026-03-08T07:00,140.2,257.0,2302.0,65.0,40.9,35.0,176,100,158.0,,21.6,75,23.7,0.0,0.0,988.0,1.9,214,0,15.0
2026-03-08T08:00,129.0,206.3,2580.0,67.9,45.7,53.0,176,96,143.0,,24.8,62,26.9,0.0,0.0,988.9,2.2,215,0,90.0
2026-03-08T09:00,106.9,189.5,2140.0,55.6,50.6,97.0,176,87,148.0,,28.2,48,29.9,0.0,0.0,989.5,2.6,205,0,295.0
2026-03-08T10:00,77.3,174.6,1332.0,35.5,54.9,154.0,176,77,166.0,,30.9,37,32.2,0.0,0.0,989.6,3.3,216,0,600.0
2026-03-08T11:00,61.0,161.6,690.0,19.2,54.4,194.0,175,114,195.0,,33.1,29,34.2,0.0,0.0,989.3,5.6,248,0,1180.0
2026-03-08T12:00,53.8,169.0,429.0,11.2,45.0,201.0,174,121,239.0,,35.1,22,35.4,0.0,0.0,988.7,8.3,283,0,1735.0
2026-03-08T13:00,48.4,193.2,334.0,7.0,30.8,191.0,173,111,296.0,,35.7,20,35.4,0.0,0.0,987.9,11.1,300,0,1860.0
2026-03-08T14:00,44.2,223.5,293.0,5.2,19.9,177.0,173,97,353.0,,35.8,20,35.1,0.0,0.0,986.6,11.4,301,0,1800.0
2026-03-08T15:00,45.3,259.8,263.0,5.1,15.7,165.0,173,97,413.0,,35.6,20,33.9,0.0,0.0,985.9,11.8,303,0,1815.0
2026-03-08T16:00,47.0,299.0,288.0,7.3,14.9,151.0,172,108,474.0,,34.6,23,32.9,0.0,0.0,985.7,12.1,300,0,1400.0
2026-03-08T17:00,50.6,289.6,384.0,12.3,16.8,136.0,172,105,467.0,,33.3,27,32.0,0.0,0.0,985.7,12.1,302,0,1150.0
2026-03-08T18:00,60.5,330.6,612.0,19.3,18.1,117.0,172,116,510.0,,32.0,28,31.1,0.0,0.0,985.8,8.0,306,3,855.0
2026-03-08T19:00,69.4,358.6,912.0,28.9,20.0,91.0,172,124,567.0,,30.4,33,30.4,0.0,0.0,986.6,4.6,309,3,390.0
2026-03-08T20:00,77.5,390.2,1118.0,35.3,21.3,72.0,172,132,602.0,,29.4,37,29.7,0.0,0.0,987.0,4.7,320,0,300.0
2026-03-08T21:00,83.8,416.3,1150.0,35.5,21.7,66.0,172,139,597.0,,28.6,41,29.3,0.0,0.0,987.3,4.0,297,0,165.0
2026-03-08T22:00,87.1,406.1,1088.0,32.5,21.5,67.0,172,136,569.0,,27.3,43,27.8,0.0,0.0,987.3,4.7,261,0,75.0
2026-03-08T23:00,86.6,366.0,1005.0,29.2,21.3,68.0,171,126,531.0,,26.4,50,27.2,0.0,0.0,987.5,6.0,280,0,105.0
2026-03-09T00:00,83.8,323.2,913.0,26.2,21.0,69.0,171,114,480.0,,25.1,55,26.1,0.0,0.0,987.4,5.8,286,0,95.0
2026-03-09T01:00,81.5,294.3,800.0,22.9,20.7,71.0,170,106,419.0,,24.2,58,25.0,0.0,0.0,987.0,6.5,265,3,90.0
2026-03-09T02:00,80.1,278.5,708.0,20.3,20.6,71.0,169,102,373.0,,23.2,61,23.9,0.0,0.0,986.6,6.8,267,0,90.0
2026-03-09T03:00,79.4,270.1,634.0,18.5,20.9,69.0,169,100,356.0,,22.3,63,23.1,0.0,0.0,986.1,5.8,270,0,80.0
2026-03-09T04:00,79.2,267.3,581.0,17.5,21.6,66.0,168,99,354.0,,21.9,64,22.5,0.0,0.0,985.9,5.8,275,0,80.0
2026-03-09T05:00,82.4,309.2,601.0,16.0,23.7,70.0,167,110,425.0,,21.0,73,22.3,0.0,0.0,986.4,4.8,283,0,70.0
2026-03-09T06:00,82.7,281.3,775.0,21.6,25.0,62.0,166,103,373.0,,20.7,73,21.8,0.0,0.0,987.0,5.5,283,0,75.0
2026-03-09T07:00,87.1,263.6,1022.0,29.1,27.0,52.0,165,98,303.0,,21.3,70,22.1,0.0,0.0,987.7,7.3,280,0,95.0
2026-03-09T08:00,86.6,221.2,1150.0,32.7,29.6,56.0,163,87,253.0,,23.8,60,24.9,0.0,0.0,988.3,5.3,282,0,150.0
2026-03-09T09:00,82.7,230.5,1042.0,28.8,33.8,86.0,163,89,242.0,,26.9,52,28.1,0.0,0.0,989.0,5.8,290,0,275.0
2026-03-09T10:00,75.7,219.8,815.0,20.9,38.6,128.0,164,87,252.0,,29.6,46,31.3,0.0,0.0,989.2,6.0,299,1,515.0
2026-03-09T11:00,66.8,208.2,624.0,14.2,40.7,162.0,165,84,272.0,,32.1,38,33.8,0.0,0.0,988.9,9.4,296,2,965.0
2026-03-09T12:00,61.9,203.0,524.0,10.1,37.9,179.0,166,99,298.0,,34.0,31,35.3,0.0,0.0,988.4,10.0,300,2,1160.0
2026-03-09T13:00,60.1,218.9,461.0,7.0,32.3,186.0,166,106,333.0,,35.1,25,35.7,0.0,0.0,987.6,10.9,301,1,1390.0
2026-03-09T14:00,60.3,252.4,427.0,5.9,27.6,185.0,167,105,376.0,,35.5,24,35.5,0.0,0.0,986.8,11.2,305,0,1515.0
2026-03-09T15:00,62.4,298.0,418.0,6.4,24.6,175.0,167,107,433.0,,35.1,27,34.9,0.0,0.0,986.2,10.7,303,2,1500.0
2026-03-09T16:00,64.7,339.9,439.0,8.7,22.3,157.0,168,119,498.0,,34.4,27,33.8,0.0,0.0,986.2,10.4,304,3,1415.0
2026-03-09T17:00,89.4,601.6,493.0,13.5,18.7,123.0,169,188,1002.0,,32.7,33,32.4,0.0,0.0,986.5,11.7,304,3,1110.0
2026-03-09T18:00,100.8,637.0,577.0,21.6,20.6,105.0,176,198,1033.0,,31.4,38,31.9,0.0,0.0,987.0,8.7,326,3,780.0
2026-03-09T19:00,112.9,663.1,694.0,33.0,23.3,79.0,182,205,1077.0,,30.5,42,31.8,0.0,0.0,987.6,5.3,336,3,515.0
2026-03-09T20:00,125.3,709.7,862.0,43.2,26.0,57.0,188,217,1123.0,,29.2,48,31.0,0.0,0.0,988.2,3.9,347,1,270.0
2026-03-09T21:00,136.4,745.1,1156.0,50.7,28.8,44.0,195,227,1173.0,,28.3,53,30.6,0.0,0.0,988.5,3.6,30,0,180.0
2026-03-09T22:00,147.1,767.4,1501.0,56.9,31.7,35.0,205,233,1225.0,,27.7,55,30.3,0.0,0.0,988.5,2.1,105,0,90.0
2026-03-09T23:00,159.3,821.4,1681.0,61.8,33.7,27.0,227,247,1260.0,,26.8,62,29.8,0.0,0.0,989.2,2.2,125,0,55.0
2026-03-10T00:00,166.7,853.1,1547.0,65.2,34.4,20.0,254,255,1272.0,,25.9,65,28.7,0.0,0.0,989.1,3.3,99,0,95.0
2026-03-10T01:00,172.8,856.8,1249.0,67.2,34.2,16.0,285,256,1266.0,,25.1,70,28.2,0.0,0.0,988.8,2.9,90,0,110.0
2026-03-10T02:00,176.5,836.3,1020.0,68.0,33.9,12.0,317,251,1244.0,,24.4,74,27.9,0.0,0.0,988.8,0.3,225,0,20.0
2026-03-10T03:00,177.0,800.9,927.0,67.3,33.3,8.0,346,242,1214.0,,23.5,76,26.6,0.0,0.0,988.9,1.5,249,0,30.0
2026-03-10T04:00,177.9,774.9,902.0,65.3,32.6,6.0,373,235,1168.0,,22.8,76,25.7,0.0,0.0,988.6,1.3,254,0,20.0
2026-03-10T05:00,163.4,659.4,976.0,44.4,33.3,34.0,400,204,927.0,,23.5,75,26.7,0.0,0.0,989.1,0.3,135,2,95.0
2026-03-10T06:00,163.4,629.6,1254.0,46.3,33.3,34.0,414,196,792.0,,22.7,79,25.9,0.0,0.0,989.7,0.4,270,3,25.0
2026-03-10T07:00,167.6,562.5,1631.0,48.6,33.7,37.0,429,178,605.0,,22.4,79,25.2,0.0,0.0,990.5,2.2,275,1,15.0
2026-03-10T08:00,150.9,397.7,1818.0,47.9,36.9,54.0,441,134,461.0,,25.2,67,28.3,0.0,0.0,991.4,0.6,34,0,140.0
2026-03-10T09:00,136.4,377.2,1641.0,41.7,46.7,99.0,449,129,406.0,,27.9,58,31.1,0.0,0.0,992.3,1.0,31,1,340.0
2026-03-10T10:00,126.2,357.6,1274.0,32.5,59.2,159.0,455,123,395.0,,30.4,49,33.6,0.0,0.0,992.4,0.6,34,3,665.0
2026-03-10T11:00,104.5,304.5,954.0,24.1,65.4,205.0,460,125,384.0,,31.9,42,35.3,0.0,0.0,991.8,2.4,306,3,1140.0
2026-03-10T12:00,90.1,258.0,760.0,17.4,59.5,226.0,465,146,357.0,,34.2,33,36.9,0.0,0.0,991.4,4.7,317,1,1950.0
2026-03-10T13:00,79.9,234.2,613.0,11.5,47.4,233.0,467,153,331.0,,35.3,27,36.6,0.0,0.0,990.5,8.3,314,0,2225.0
2026-03-10T14:00,73.6,234.2,512.0,8.1,37.0,229.0,467,149,314.0,,35.5,25,35.8,0.0,0.0,989.1,10.2,309,0,2175.0
2026-03-10T15:00,66.6,237.0,455.0,6.8,30.7,213.0,467,133,313.0,,35.2,25,34.5,0.0,0.0,988.4,11.0,305,1,2070.0
2026-03-10T16:00,61.5,242.1,444.0,8.0,26.3,186.0,464,106,322.0,,34.7,23,33.3,0.0,0.0,988.3,11.1,310,0,1990.0
2026-03-10T17:00,63.1,260.8,481.0,13.3,23.4,148.0,460,98,386.0,,33.7,22,31.8,0.0,0.0,987.8,10.4,312,0,1395.0
2026-03-10T18:00,71.5,273.8,549.0,26.8,26.2,122.0,446,101,370.0,,31.8,30,31.4,0.0,0.0,988.1,6.8,328,0,605.0
2026-03-10T19:00,84.1,270.1,666.0,45.6,30.1,85.0,431,100,350.0,,30.7,37,31.5,0.0,0.0,988.4,4.6,351,0,505.0
2026-03-10T20:00,95.2,275.7,884.0,61.3,34.1,55.0,414,102,344.0,,29.2,47,31.3,0.0,0.0,989.0,1.3,16,0,210.0
2026-03-10T21:00,106.9,306.4,1353.0,70.8,38.3,38.0,395,110,366.0,,28.1,50,30.2,0.0,0.0,989.4,1.0,211,0,40.0
2026-03-10T22:00,118.3,336.2,1923.0,77.2,42.5,28.0,372,118,402.0,,27.3,50,29.1,0.0,0.0,989.1,1.3,180,0,30.0
2026-03-10T23:00,128.5,356.7,2201.0,81.1,45.2,20.0,350,123,429.0,,26.6,54,28.7,0.0,0.0,989.0,1.3,164,0,20.0
2026-03-11T00:00,136.9,368.8,1915.0,82.2,45.4,15.0,326,126,438.0,,25.8,55,27.7,0.0,0.0,989.0,1.2,207,0,15.0
2026-03-11T01:00,143.0,377.2,1338.0,80.7,44.0,13.0,301,129,438.0,,24.5,59,26.0,0.0,0.0,988.7,3.2,223,0,30.0
2026-03-11T02:00,143.4,371.6,893.0,78.3,42.4,12.0,272,127,426.0,,23.6,63,25.3,0.0,0.0,988.5,2.6,254,0,30.0
2026-03-11T03:00,139.2,348.3,732.0,74.5,40.4,10.0,244,121,400.0,,22.7,67,24.6,0.0,0.0,988.0,2.0,260,0,20.0
2026-03-11T04:00,135.0,324.1,704.0,69.7,38.2,9.0,218,114,363.0,,22.1,71,24.1,0.0,0.0,987.8,1.7,288,0,15.0
2026-03-11T05:00,129.0,308.3,775.0,64.9,36.9,14.0,197,110,328.0,,21.0,77,22.6,0.0,0.0,988.1,5.1,225,0,50.0
2026-03-11T06:00,121.5,262.6,1040.0,63.5,39.2,19.0,191,98,298.0,,20.5,78,22.1,0.0,0.0,988.3,4.0,212,0,50.0
2026-03-11T07:00,116.4,244.0,1405.0,61.1,42.4,27.0,190,93,258.0,,21.7,71,23.0,0.0,0.0,989.0,5.4,230,0,60.0
2026-03-11T08:00,109.9,238.4,1557.0,55.1,44.4,46.0,188,92,241.0,,24.6,59,26.1,0.0,0.0,989.9,3.8,265,0,105.0
2026-03-11T09:00,99.0,238.4,1285.0,42.5,45.3,86.0,187,92,260.0,,28.4,44,29.3,0.0,0.0,990.5,4.8,257,0,240.0
2026-03-11T10:00,78.5,244.0,801.0,26.5,45.1,137.0,186,93,304.0,,31.8,29,31.4,0.0,0.0,990.7,8.1,252,0,605.0
2026-03-11T11:00,63.1,250.5,425.0,13.9,41.8,173.0,185,95,366.0,,34.2,21,33.4,0.0,0.0,990.0,11.3,252,0,1965.0
2026-03-11T12:00,53.2,272.9,291.0,7.7,32.6,182.0,183,102,463.0,,35.9,15,34.3,0.0,0.0,989.4,13.3,279,0,2550.0
2026-03-11T13:00,49.9,319.4,265.0,4.9,20.4,175.0,182,113,580.0,,36.3,14,34.1,0.0,0.0,988.1,15.7,290,2,2560.0
2026-03-11T14:00,54.9,393.0,267.0,4.2,11.5,166.0,181,133,666.0,,36.2,13,33.2,0.0,0.0,986.9,16.9,292,0,2545.0
2026-03-11T15:00,57.6,442.4,279.0,4.5,8.9,159.0,181,146,700.0,,36.0,14,32.8,0.0,0.0,985.9,15.5,303,0,2560.0
2026-03-11T16:00,58.2,444.2,319.0,6.8,9.8,149.0,181,146,703.0,,35.6,14,32.0,0.0,0.0,985.4,15.2,307,0,2635.0
2026-03-11T17:00,61.2,424.7,360.0,13.1,12.5,132.0,180,141,713.0,,34.3,15,31.1,0.0,0.0,985.0,12.5,319,0,1715.0
2026-03-11T18:00,71.5,431.2,396.0,24.5,15.8,111.0,183,143,695.0,,31.8,21,30.2,0.0,0.0,985.4,4.8,326,3,580.0
2026-03-11T19:00,81.0,409.8,434.0,40.0,20.4,81.0,186,137,668.0,,30.7,24,29.5,0.0,0.0,985.7,4.2,275,3,495.0
2026-03-11T20:00,86.6,419.1,463.0,50.4,23.8,59.0,189,140,641.0,,29.6,27,28.4,0.0,0.0,986.2,5.2,266,3,145.0
2026-03-11T21:00,89.2,445.2,480.0,50.8,24.9,51.0,192,147,621.0,,29.0,28,27.7,0.0,0.0,986.2,6.4,260,2,145.0
2026-03-11T22:00,91.0,434.9,489.0,46.1,24.7,50.0,195,144,600.0,,27.6,28,26.1,0.0,0.0,985.8,5.9,288,3,140.0
2026-03-11T23:00,92.0,386.5,492.0,41.8,24.2,50.0,197,131,562.0,,26.6,36,25.7,0.0,0.0,986.1,6.8,295,3,175.0
2026-03-12T00:00,91.7,345.5,483.0,39.5,23.4,48.0,197,120,493.0,,25.0,39,24.2,0.0,0.0,985.8,5.6,287,3,130.0
2026-03-12T01:00,88.7,302.7,469.0,37.6,22.3,45.0,197,109,407.0,,24.3,41,23.5,0.0,0.0,985.3,5.3,260,3,90.0
2026-03-12T02:00,85.7,263.6,469.0,36.4,21.6,43.0,195,98,335.0,,23.4,44,22.8,0.0,0.0,984.7,5.2,264,3,80.0
2026-03-12T03:00,84.1,239.3,474.0,35.9,21.4,39.0,193,92,282.0,,22.5,48,22.1,0.0,0.0,984.1,4.4,251,3,55.0
2026-03-12T04:00,83.6,224.0,494.0,36.1,21.5,35.0,191,88,243.0,,21.6,52,21.3,0.0,0.0,983.4,4.5,236,3,45.0
2026-03-12T05:00,74.7,265.4,579.0,21.3,15.7,53.0,189,99,357.0,,21.2,68,22.0,0.0,0.0,983.4,5.8,248,3,60.0
2026-03-12T06:00,76.1,246.8,824.0,27.9,18.2,49.0,188,94,342.0,,21.2,67,21.8,0.0,0.0,983.7,7.2,245,3,70.0
2026-03-12T07:00,80.1,259.8,1133.0,36.6,21.5,44.0,188,97,326.0,,22.4,58,22.4,0.0,0.0,984.2,8.5,242,2,85.0
2026-03-12T08:00,84.3,268.2,1271.0,40.2,23.7,52.0,188,100,348.0,,25.0,45,24.7,0.0,0.0,985.1,6.4,243,0,125.0
2026-03-12T09:00,77.5,275.7,1078.0,33.7,23.8,85.0,189,102,440.0,,28.1,34,27.2,0.0,0.0,985.6,7.7,245,2,225.0
2026-03-12T10:00,70.1,319.4,714.0,22.1,22.7,131.0,189,113,570.0,,31.1,25,29.6,0.0,0.0,985.9,9.8,253,3,475.0
2026-03-12T11:00,71.2,420.0,423.0,12.7,20.8,163.0,191,140,681.0,,33.9,18,31.9,0.0,0.0,985.9,14.2,258,3,1840.0
2026-03-12T12:00,72.2,497.3,297.0,7.8,17.3,168.0,194,161,761.0,,35.4,11,32.4,0.0,0.0,985.2,16.0,268,3,2085.0
2026-03-12T13:00,69.6,508.5,244.0,5.2,13.0,160.0,199,164,822.0,,35.7,11,32.7,0.0,0.0,984.1,13.6,275,3,2335.0
2026-03-12T14:00,68.0,497.3,230.0,4.8,10.3,149.0,209,161,846.0,,35.9,10,32.7,0.0,0.0,983.0,13.2,281,3,2475.0
2026-03-12T15:00,66.8,478.7,254.0,5.4,9.9,142.0,215,156,809.0,,35.5,11,31.7,0.0,0.0,982.6,13.5,286,3,2495.0
2026-03-12T16:00,67.1,445.2,317.0,8.2,11.2,133.0,217,147,734.0,,34.9,11,31.3,0.0,0.0,982.3,10.7,301,3,2475.0
2026-03-12T17:00,87.5,601.6,387.0,14.5,15.5,118.0,217,188,1006.0,,32.5,18,29.8,0.0,0.0,982.8,10.3,306,3,915.0
2026-03-12T18:00,96.2,562.5,455.0,24.4,17.9,99.0,228,178,972.0,,30.8,23,29.3,0.0,0.0,983.3,5.3,305,3,480.0
2026-03-12T19:00,105.5,547.6,530.0,37.8,21.3,74.0,236,174,925.0,,29.5,27,28.4,0.0,0.0,983.3,4.3,315,1,355.0
2026-03-12T20:00,110.1,570.0,608.0,45.5,23.4,56.0,244,180,887.0,,28.5,30,27.6,0.0,0.0,983.7,4.2,350,3,230.0
2026-03-12T21:00,114.1,622.1,708.0,42.4,23.2,54.0,253,194,872.0,,27.9,32,27.3,0.0,0.0,984.4,3.8,335,3,180.0
2026-03-12T22:00,115.5,601.6,811.0,33.6,21.7,61.0,263,188,866.0,,27.0,33,26.0,0.0,0.0,984.5,5.5,261,0,95.0
2026-03-12T23:00,115.0,562.5,854.0,25.7,20.5,67.0,273,178,851.0,,26.7,44,26.7,0.0,0.0,984.7,6.7,284,0,160.0
2026-03-13T00:00,113.6,534.6,788.0,20.9,20.0,71.0,284,171,816.0,,25.6,48,25.9,0.0,0.0,984.8,6.2,303,0,140.0
2026-03-13T01:00,112.5,516.0,662.0,16.9,19.7,75.0,295,166,771.0,,24.7,52,25.2,0.0,0.0,984.6,5.7,288,0,145.0
2026-03-13T02:00,110.6,497.3,560.0,14.2,19.5,77.0,307,161,733.0,,24.1,55,24.5,0.0,0.0,984.1,6.7,273,2,120.0
2026-03-13T03:00,108.7,482.4,501.0,12.6,19.4,76.0,319,157,708.0,,23.5,59,24.0,0.0,0.0,984.2,7.7,306,3,225.0
2026-03-13T04:00,107.3,470.3,466.0,12.1,19.4,72.0,331,153,690.0,,23.0,65,24.1,0.0,0.0,984.0,6.9,337,3,265.0
2026-03-13T05:00,109.4,476.8,484.0,13.2,21.3,70.0,344,155,693.0,,22.1,76,24.0,0.0,0.0,983.9,5.9,322,3,190.0
2026-03-13T06:00,107.1,434.0,616.0,18.1,22.4,64.0,355,144,642.0,,21.7,79,23.7,0.0,0.0,984.3,5.9,305,3,165.0
2026-03-13T07:00,109.2,412.6,800.0,24.6,24.0,56.0,365,138,570.0,,22.1,77,23.8,0.0,0.0,984.9,7.7,294,3,175.0
2026-03-13T08:00,107.3,374.4,885.0,27.6,25.6,58.0,373,128,506.0,,24.0,68,25.6,0.0,0.0,985.7,7.2,298,3,245.0
2026-03-13T09:00,100.1,376.3,771.0,23.9,27.8,78.0,379,128,454.0,,26.3,56,27.4,0.0,0.0,986.5,8.0,297,3,380.0
2026-03-13T10:00,88.2,337.1,556.0,16.8,30.1,107.0,384,118,410.0,,28.7,44,29.2,0.0,0.0,986.6,9.2,298,3,955.0
2026-03-13T11:00,70.1,275.7,388.0,11.0,30.5,130.0,385,102,396.0,,30.7,31,30.4,0.0,0.0,986.0,10.8,306,3,1160.0
2026-03-13T12:00,56.3,245.9,324.0,8.1,27.5,140.0,377,94,416.0,,32.1,25,31.7,0.0,0.0,985.6,10.9,301,3,1390.0
2026-03-13T13:00,54.0,269.2,306.0,6.6,22.6,144.0,364,100,465.0,,32.5,24,31.5,0.0,0.0,984.8,12.7,293,3,1555.0
2026-03-13T14:00,57.5,339.0,304.0,6.3,18.7,143.0,352,118,548.0,,32.4,25,31.0,0.0,0.0,984.0,13.4,290,3,1550.0
2026-03-13T15:00,64.3,431.2,304.0,7.5,17.0,138.0,343,143,683.0,,32.2,24,30.1,0.0,0.0,983.5,13.3,291,3,1560.0
2026-03-13T16:00,72.9,519.7,320.0,9.9,16.3,129.0,341,167,852.0,,31.8,22,29.1,0.0,0.0,983.4,13.4,297,2,1530.0
2026-03-13T17:00,113.2,918.3,362.0,11.3,12.2,110.0,345,273,1564.0,,30.0,25,27.4,0.0,0.0,983.5,14.0,298,3,1160.0
2026-03-13T18:00,124.8,935.0,457.0,15.1,13.6,99.0,361,277,1622.0,,28.9,30,27.2,0.0,0.0,983.7,10.1,297,1,1050.0
2026-03-13T19:00,137.8,998.4,579.0,20.2,15.6,85.0,381,294,1693.0,,27.9,33,26.8,0.0,0.0,984.0,8.1,287,1,565.0
2026-03-13T20:00,145.8,1020.7,650.0,23.6,17.1,74.0,403,300,1681.0,,27.1,36,26.1,0.0,0.0,984.6,7.8,299,3,315.0
2026-03-13T21:00,143.4,953.7,630.0,23.7,17.7,71.0,422,282,1518.0,,26.4,37,25.4,0.0,0.0,985.0,7.5,320,3,250.0
2026-03-13T22:00,131.8,814.0,561.0,22.1,17.9,72.0,436,245,1271.0,,26.3,35,24.6,0.0,0.0,985.0,11.1,335,3,490.0
2026-03-13T23:00,117.3,666.8,492.0,20.3,17.6,73.0,445,206,1046.0,,25.4,41,24.3,0.0,0.0,984.9,9.9,328,3,480.0
2026-03-14T00:00,103.6,547.6,432.0,18.5,16.7,72.0,449,174,873.0,,24.6,41,23.2,0.0,0.0,984.9,9.9,333,3,400.0
2026-03-14T01:00,92.9,457.3,372.0,16.5,15.3,71.0,450,150,722.0,,23.9,42,22.7,0.0,0.0,984.2,8.7,336,2,370.0
2026-03-14T02:00,86.6,409.8,335.0,14.9,14.2,70.0,447,137,612.0,,23.1,44,22.1,0.0,0.0,983.7,7.9,330,3,345.0
2026-03-14T03:00,82.4,391.2,320.0,13.4,13.5,69.0,444,132,566.0,,22.3,47,21.6,0.0,0.0,983.9,5.9,305,3,245.0
2026-03-14T04:00,79.9,382.8,328.0,12.5,13.0,67.0,440,130,561.0,,21.6,50,21.0,0.0,0.0,983.4,6.0,299,3,160.0
2026-03-14T05:00,76.1,371.6,381.0,13.6,13.8,68.0,436,127,556.0,,20.7,59,20.6,0.0,0.0,983.3,6.1,302,3,155.0
2026-03-14T06:00,75.9,351.1,536.0,19.6,15.4,59.0,432,122,526.0,,20.1,62,20.2,0.0,0.0,984.0,5.5,287,3,125.0
2026-03-14T07:00,81.3,339.9,737.0,27.6,17.6,48.0,428,119,484.0,,20.8,60,20.6,0.0,0.0,984.9,7.2,273,0,135.0
2026-03-14T08:00,82.2,318.5,837.0,31.5,19.8,48.0,425,113,447.0,,22.8,54,22.8,0.0,0.0,985.8,6.2,277,1,205.0
2026-03-14T09:00,75.2,328.8,739.0,27.6,22.0,71.0,423,116,417.0,,25.9,43,25.6,0.0,0.0,986.4,6.5,289,1,310.0
2026-03-14T10:00,65.4,297.1,540.0,19.6,24.2,105.0,421,107,391.0,,28.9,30,28.2,0.0,0.0,986.6,7.2,292,1,605.0
2026-03-14T11:00,55.2,253.3,382.0,13.1,25.1,131.0,419,96,381.0,,31.1,22,30.6,0.0,0.0,986.4,7.7,300,3,1020.0
2026-03-14T12:00,49.2,234.7,319.0,9.7,23.7,142.0,418,91,400.0,,32.4,19,30.9,0.0,0.0,985.9,9.5,303,3,1345.0
2026-03-14T13:00,46.6,241.2,296.0,7.8,21.0,146.0,418,92,434.0,,32.3,18,29.4,0.0,0.0,984.7,10.9,310,3,1415.0
2026-03-14T14:00,47.0,278.5,292.0,7.5,18.9,145.0,417,102,449.0,,32.8,17,30.0,0.0,0.0,983.8,10.5,305,2,1605.0
2026-03-14T15:00,43.1,248.7,284.0,8.4,17.7,140.0,414,94,427.0,,33.1,19,30.8,0.0,0.0,983.0,10.1,297,2,1995.0
2026-03-14T16:00,43.1,238.0,294.0,11.0,17.1,129.0,407,91,386.0,,31.8,21,29.2,0.0,0.0,983.1,12.8,270,3,1495.0
2026-03-14T17:00,54.0,280.3,368.0,25.8,26.0,105.0,394,103,439.0,,31.5,16,29.0,0.0,0.0,982.3,5.7,294,0,1160.0
2026-03-14T18:00,61.2,278.5,535.0,42.2,29.6,83.0,360,102,434.0,,30.0,19,27.8,0.0,0.0,982.9,4.7,277,2,260.0
2026-03-14T19:00,75.0,283.1,765.0,65.0,34.8,52.0,326,103,428.0,,28.4,26,27.2,0.0,0.0,983.2,2.9,274,1,125.0
2026-03-14T20:00,91.3,319.4,1014.0,82.3,39.8,28.0,287,113,435.0,,27.5,32,27.3,0.0,0.0,983.8,0.4,153,0,60.0
2026-03-14T21:00,107.1,354.8,1340.0,89.7,45.2,17.0,246,123,467.0,,26.5,33,26.0,0.0,0.0,984.5,1.0,121,0,80.0
2026-03-14T22:00,122.0,390.2,1685.0,91.8,50.6,12.0,210,132,512.0,,25.4,35,24.4,0.0,0.0,984.6,4.4,109,0,110.0
2026-03-14T23:00,129.5,415.4,1836.0,90.3,52.7,11.0,195,139,541.0,,25.3,39,24.4,0.0,0.0,984.4,6.6,123,0,100.0
2026-03-15T00:00,129.0,424.7,1625.0,84.9,49.4,12.0,189,141,537.0,,23.6,44,23.0,0.0,0.0,984.0,5.2,131,2,75.0
2026-03-15T01:00,122.0,420.0,1220.0,75.9,42.9,17.0,187,140,517.0,,22.8,48,22.4,0.0,0.0,983.5,5.2,117,3,75.0
2026-03-15T02:00,109.4,381.8,906.0,66.8,36.8,23.0,186,130,512.0,,22.6,51,22.5,0.0,0.0,983.0,4.1,113,3,75.0
2026-03-15T03:00,96.2,347.4,808.0,57.9,31.9,30.0,185,121,540.0,,18.4,76,17.8,1.7,1.7,986.6,13.1,268,61,235.0
2026-03-15T04:00,81.5,248.7,802.0,48.8,27.4,39.0,185,94,583.0,,18.5,78,18.5,0.0,0.0,984.3,10.0,99,3,110.0
2026-03-15T05:00,35.9,58.7,802.0,27.8,27.6,56.0,182,52,42.0,,18.2,83,18.6,0.0,0.0,986.7,8.6,269,3,340.0
2026-03-15T06:00,40.3,64.7,799.0,31.9,28.4,53.0,175,54,22.0,,18.6,89,19.2,0.7,0.7,985.8,11.5,56,53,240.0
2026-03-15T07:00,46.1,67.1,802.0,37.2,29.5,50.0,169,58,1.0,,19.5,82,20.4,0.0,0.0,986.6,8.6,349,3,240.0
2026-03-15T08:00,43.9,60.3,759.0,38.7,29.7,55.0,164,57,31.0,,20.8,66,20.5,0.0,0.0,986.0,11.5,40,1,315.0
2026-03-15T09:00,37.1,58.9,621.0,33.0,28.5,77.0,163,53,167.0,,23.6,52,23.1,0.0,0.0,986.2,10.1,71,1,340.0
2026-03-15T10:00,44.2,195.6,437.0,23.5,26.5,108.0,162,80,355.0,,25.5,43,24.2,0.2,0.2,986.4,13.5,82,51,695.0
2026-03-15T11:00,53.7,303.6,301.0,15.7,24.4,131.0,161,109,480.0,,25.7,47,25.9,0.0,0.0,986.7,10.6,94,1,940.0
2026-03-15T12:00,42.6,185.3,252.0,11.7,22.0,138.0,161,77,472.0,,26.8,44,27.5,0.0,0.0,986.0,13.0,114,0,1285.0
2026-03-15T13:00,33.8,105.0,251.0,9.4,19.5,137.0,161,69,402.0,,27.3,41,27.6,0.0,0.0,985.1,13.8,112,0,1405.0
2026-03-15T14:00,43.5,238.0,275.0,8.5,17.7,134.0,161,91,371.0,,26.4,47,27.0,0.0,0.0,984.2,11.5,104,2,1440.0
2026-03-15T15:00,49.1,311.1,326.0,9.5,17.3,130.0,161,111,434.0,,26.0,50,25.5,0.0,0.0,984.1,13.5,134,1,1425.0
2026-03-15T16:00,50.2,324.1,402.0,11.9,17.7,123.0,161,114,536.0,,26.1,46,25.2,0.0,0.0,983.2,13.9,130,2,1015.0
2026-03-15T17:00,134.6,1091.5,471.0,16.6,21.9,118.0,161,319,1852.0,,27.3,35,25.4,0.0,0.0,982.6,13.6,122,1,1100.0
2026-03-15T18:00,122.5,910.8,531.0,16.3,19.8,112.0,167,271,1579.0,,25.4,41,23.8,0.0,0.0,983.1,13.0,104,0,720.0
2026-03-15T19:00,93.1,627.7,584.0,15.9,16.9,103.0,180,195,1197.0,,24.2,46,22.7,0.0,0.0,983.3,14.1,92,0,615.0
2026-03-15T20:00,77.8,542.0,600.0,15.7,15.1,96.0,187,173,876.0,,23.3,50,21.8,0.0,0.0,984.3,14.8,80,0,595.0
2026-03-15T21:00,69.4,457.3,553.0,16.0,15.5,91.0,192,150,677.0,,22.3,54,21.2,0.0,0.0,985.0,13.1,82,0,570.0
2026-03-15T22:00,60.1,363.2,468.0,16.5,17.0,87.0,194,125,538.0,,21.1,59,20.2,0.0,0.0,985.1,12.6,87,0,485.0
2026-03-15T23:00,55.1,290.6,395.0,16.6,17.8,83.0,193,105,444.0,,21.1,66,20.9,0.0,0.0,985.1,11.6,102,1,465.0
2026-03-16T00:00,55.4,271.9,347.0,16.0,17.0,79.0,191,101,399.0,,20.8,66,20.6,0.0,0.0,985.4,11.1,48,0,445.0
2026-03-16T01:00,54.9,262.6,311.0,15.0,15.4,75.0,188,98,398.0,,19.5,65,18.6,0.0,0.0,985.9,11.5,46,0,390.0
2026-03-16T02:00,53.7,274.7,292.0,14.1,14.2,72.0,184,101,414.0,,19.0,66,17.9,0.0,0.0,984.2,12.1,93,0,315.0
2026-03-16T03:00,54.1,304.5,289.0,13.0,13.5,72.0,182,109,445.0,,18.5,67,17.4,0.0,0.0,983.7,12.4,92,3,325.0
2026-03-16T04:00,54.4,323.2,303.0,12.0,13.2,73.0,181,114,494.0,,17.9,70,17.2,0.0,0.0,983.8,9.8,66,0,335.0
2026-03-16T05:00,59.6,345.5,347.0,11.0,14.1,86.0,183,120,533.0,,17.4,73,16.3,0.0,0.0,983.5,12.3,93,0,275.0
2026-03-16T06:00,72.6,441.4,458.0,14.8,15.3,79.0,189,146,557.0,,17.4,72,16.4,0.0,0.0,984.0,11.2,96,0,310.0
2026-03-16T07:00,82.2,464.7,598.0,19.9,17.1,71.0,197,152,594.0,,18.1,69,17.3,0.0,0.0,984.6,9.9,100,0,305.0
2026-03-16T08:00,80.8,426.5,665.0,22.6,19.0,72.0,214,142,651.0,,20.0,60,19.0,0.0,0.0,985.4,10.7,112,0,365.0
2026-03-16T09:00,78.0,422.8,591.0,20.9,21.6,90.0,236,141,715.0,,22.6,49,21.2,0.0,0.0,985.8,12.0,127,0,560.0
2026-03-16T10:00,81.7,484.3,444.0,16.8,24.5,117.0,257,157,799.0,,25.0,42,23.9,0.0,0.0,985.9,13.3,139,0,775.0
2026-03-16T11:00,86.1,577.4,329.0,13.0,25.7,138.0,275,182,945.0,,27.4,37,27.0,0.0,0.0,985.5,14.0,150,1,990.0
2026-03-16T12:00,97.8,746.9,284.0,10.1,24.0,148.0,291,227,1255.0,,29.1,34,28.7,0.0,0.0,984.3,16.3,152,0,1130.0
2026-03-16T13:00,115.0,949.9,270.0,7.5,20.6,151.0,321,281,1627.0,,30.3,30,29.7,0.0,0.0,982.9,16.5,155,0,1765.0
2026-03-16T14:00,122.5,1039.4,279.0,6.4,17.6,150.0,365,305,1794.0,,30.8,24,29.6,0.3,0.3,982.4,9.7,198,51,2785.0
2026-03-16T15:00,122.5,1031.9,317.0,7.8,15.7,142.0,406,303,1562.0,,30.6,18,27.8,0.0,0.0,981.7,9.4,182,1,2740.0
2026-03-16T16:00,109.2,884.8,378.0,10.8,14.2,129.0,436,264,1125.0,,29.9,22,27.2,0.0,0.0,981.4,10.3,185,1,2045.0
2026-03-16T17:00,81.5,594.2,435.0,16.6,17.4,109.0,459,186,987.0,,26.9,34,24.9,0.0,0.0,981.3,12.4,103,1,360.0
2026-03-16T18:00,55.5,285.9,479.0,19.2,17.3,101.0,438,104,841.0,,25.9,38,24.6,0.0,0.0,981.6,9.1,83,0,235.0
2026-03-16T19:00,62.4,396.7,519.0,22.9,17.2,89.0,412,134,637.0,,24.6,45,23.9,0.0,0.0,982.3,9.0,93,1,220.0
2026-03-16T20:00,54.7,297.1,549.0,26.6,17.3,78.0,403,107,460.0,,23.2,52,23.0,0.0,0.0,982.9,7.7,102,2,180.0
2026-03-16T21:00,49.0,189.1,565.0,30.5,18.1,67.0,390,78,334.0,,22.4,56,21.7,0.0,0.0,984.3,11.3,2,3,280.0
2026-03-16T22:00,48.7,120.6,571.0,34.4,19.2,55.0,377,60,235.0,,21.7,56,21.7,0.0,0.0,984.6,5.5,9,3,165.0
2026-03-16T23:00,51.3,149.5,578.0,35.9,19.6,47.0,364,68,183.0,,21.9,60,21.7,0.0,0.0,985.0,9.5,341,3,260.0
2026-03-17T00:00,57.4,207.2,595.0,33.4,18.8,43.0,357,83,206.0,,20.8,65,21.0,0.0,0.0,985.0,7.6,353,3,215.0
2026-03-17T01:00,61.2,221.2,614.0,28.6,17.4,42.0,353,87,277.0,,20.0,70,20.2,0.0,0.0,984.8,7.7,339,2,220.0
2026-03-17T02:00,65.7,241.2,619.0,24.5,16.3,41.0,351,92,328.0,,19.3,70,19.3,0.0,0.0,984.2,8.2,351,1,210.0
2026-03-17T03:00,68.5,252.4,581.0,21.8,15.6,39.0,349,95,337.0,,18.8,69,18.7,0.0,0.0,983.8,6.9,5,2,185.0
2026-03-17T04:00,68.9,255.2,529.0,19.8,15.3,37.0,347,96,326.0,,18.5,68,18.3,0.0,0.0,983.3,6.1,2,2,175.0
2026-03-17T05:00,64.5,177.0,539.0,19.5,18.3,43.0,343,75,208.0,,17.6,73,17.9,0.0,0.0,983.2,4.0,10,1,140.0
2026-03-17T06:00,60.8,133.2,692.0,23.4,19.0,41.0,334,65,154.0,,17.4,73,17.7,0.0,0.0,983.8,3.4,354,3,110.0
2026-03-17T07:00,62.9,106.4,906.0,28.6,20.3,39.0,318,66,82.0,,18.3,68,18.5,0.0,0.0,984.2,3.5,9,3,105.0
2026-03-17T08:00,58.4,89.6,1015.0,31.3,24.0,47.0,299,64,55.0,,20.4,58,20.7,0.0,0.0,985.1,1.5,339,0,145.0
2026-03-17T09:00,56.9,104.3,913.0,29.4,32.5,74.0,279,63,117.0,,23.8,46,23.8,0.0,0.0,985.9,2.4,347,0,235.0
2026-03-17T10:00,57.7,166.7,705.0,25.1,43.3,112.0,260,72,222.0,,27.0,35,27.1,0.0,0.0,986.0,3.2,357,3,800.0
2026-03-17T11:00,61.2,220.7,541.0,21.0,50.7,145.0,242,87,299.0,,28.5,36,29.7,0.0,0.0,985.9,5.1,343,3,1090.0
2026-03-17T12:00,60.1,226.3,483.0,17.5,51.8,170.0,220,90,313.0,,29.9,33,31.4,0.0,0.0,985.4,5.4,340,2,1360.0
2026-03-17T13:00,55.6,213.7,470.0,14.2,49.4,189.0,196,109,298.0,,30.8,30,32.3,0.0,0.0,984.5,5.0,334,1,1555.0
2026-03-17T14:00,51.0,197.4,464.0,12.5,46.4,199.0,181,119,282.0,,31.5,27,32.2,0.0,0.0,983.8,5.1,312,0,1955.0
2026-03-17T15:00,48.3,186.7,446.0,12.9,43.3,195.0,163,115,270.0,,31.3,26,30.2,0.0,0.0,983.3,8.1,325,0,2220.0
2026-03-17T16:00,47.4,180.7,435.0,14.9,39.6,181.0,154,101,257.0,,30.8,25,29.3,0.0,0.0,983.2,7.6,308,0,2335.0
2026-03-17T17:00,72.9,463.8,454.0,14.4,27.4,133.0,152,152,753.0,,28.9,33,27.6,0.0,0.0,983.4,10.7,330,0,1285.0
2026-03-17T18:00,79.6,469.4,522.0,19.9,27.5,116.0,152,153,770.0,,27.3,39,26.5,0.0,0.0,984.2,9.6,334,0,845.0
2026-03-17T19:00,89.2,497.3,619.0,27.4,27.5,91.0,153,161,791.0,,25.9,45,25.7,0.0,0.0,984.6,8.4,350,3,495.0
2026-03-17T20:00,95.5,516.0,706.0,33.2,27.2,71.0,154,166,800.0,,25.0,48,25.0,0.0,0.0,985.1,6.7,355,3,305.0
2026-03-17T21:00,98.5,512.2,780.0,35.8,26.5,59.0,155,165,789.0,,24.0,52,24.3,0.0,0.0,985.4,4.9,352,3,185.0
2026-03-17T22:00,101.0,501.1,843.0,36.7,25.5,51.0,156,162,765.0,,23.1,55,23.6,0.0,0.0,985.2,4.4,351,3,150.0
2026-03-17T23:00,102.4,489.9,865.0,36.1,24.2,45.0,158,159,729.0,,22.8,62,23.8,0.0,0.0,985.5,4.0,21,3,130.0
2026-03-18T00:00,100.1,468.5,816.0,33.4,22.3,42.0,161,153,678.0,,22.2,64,23.3,0.0,0.0,985.2,3.6,3,3,105.0
2026-03-18T01:00,95.9,428.4,725.0,29.3,20.2,42.0,166,142,616.0,,21.5,67,22.7,0.0,0.0,984.8,3.3,354,3,90.0
2026-03-18T02:00,92.2,386.5,655.0,26.1,18.6,41.0,170,131,549.0,,20.9,70,22.2,0.0,0.0,984.3,3.1,347,3,80.0
2026-03-18T03:00,88.7,341.8,605.0,24.3,17.8,39.0,173,119,477.0,,20.8,69,22.0,0.0,0.0,984.6,3.0,346,3,80.0
2026-03-18T04:00,84.5,295.2,575.0,23.4,17.7,37.0,175,107,402.0,,21.0,68,22.3,0.0,0.0,984.7,2.5,352,2,75.0
2026-03-18T05:00,96.6,316.6,623.0,36.5,20.4,27.0,176,112,406.0,,19.5,79,20.8,0.0,0.0,984.7,4.0,321,0,85.0
2026-03-18T06:00,89.9,297.1,843.0,35.7,20.2,32.0,179,107,370.0,,19.3,79,20.7,0.0,0.0,985.1,3.5,332,0,85.0
2026-03-18T07:00,87.1,265.4,1140.0,34.5,20.3,40.0,182,99,321.0,,20.3,73,21.4,0.0,0.0,985.7,4.4,341,0,95.0
2026-03-18T08:00,82.2,239.3,1288.0,31.9,22.6,54.0,186,92,292.0,,22.5,64,23.8,0.0,0.0,986.8,2.7,360,0,135.0
2026-03-18T09:00,74.0,235.2,1144.0,26.9,29.7,81.0,189,91,306.0,,25.6,51,26.8,0.0,0.0,987.9,3.1,3,0,305.0
2026-03-18T10:00,61.7,237.5,851.0,20.6,39.0,115.0,192,91,341.0,,28.0,43,29.6,0.0,0.0,988.2,2.2,5,0,715.0
2026-03-18T11:00,55.3,244.9,612.0,15.5,44.4,141.0,193,93,361.0,,29.2,38,31.4,0.0,0.0,988.1,1.1,99,1,1090.0
2026-03-18T12:00,52.2,243.1,502.0,12.1,42.2,152.0,194,93,347.0,,31.5,29,33.4,0.0,0.0,987.2,2.3,119,1,1820.0
2026-03-18T13:00,45.5,214.7,446.0,9.8,36.2,156.0,194,85,318.0,,32.2,25,33.6,0.0,0.0,986.6,2.4,197,3,2290.0
2026-03-18T14:00,44.9,202.6,419.0,9.4,31.4,155.0,194,82,302.0,,30.2,32,30.1,0.5,0.5,985.9,9.0,338,53,965.0
2026-03-18T15:00,48.2,226.3,415.0,11.5,30.0,153.0,194,88,318.0,,29.4,31,28.7,0.4,0.4,985.5,4.8,158,51,1315.0
2026-03-18T16:00,49.7,244.9,440.0,15.4,29.8,146.0,195,93,346.0,,28.8,33,28.7,0.0,0.0,985.2,2.2,171,3,1095.0
2026-03-18T17:00,45.3,147.6,483.0,20.6,33.6,159.0,196,80,196.0,,26.7,39,25.2,0.0,0.0,985.9,13.0,204,3,360.0
2026-03-18T18:00,49.5,132.7,558.0,19.8,30.1,147.0,190,74,181.0,,21.8,67,21.5,1.4,1.4,987.6,14.5,316,61,365.0
2026-03-18T19:00,46.0,109.2,651.0,18.9,25.4,131.0,183,66,161.0,,21.8,68,22.0,0.2,0.2,988.7,11.0,298,51,290.0
2026-03-18T20:00,42.4,124.8,711.0,19.1,22.4,114.0,175,61,153.0,,21.2,71,22.0,0.0,0.0,989.1,8.0,335,3,225.0
2026-03-18T21:00,47.7,154.1,720.0,22.0,23.0,97.0,166,69,171.0,,21.0,71,22.2,0.7,0.7,989.5,4.5,157,53,110.0
2026-03-18T22:00,53.8,176.0,696.0,26.0,25.2,80.0,160,75,201.0,,20.9,71,21.1,0.2,0.2,988.3,10.8,54,51,165.0
2026-03-18T23:00,55.5,169.5,645.0,28.2,26.3,67.0,159,73,211.0,,22.4,60,22.0,0.3,0.3,987.9,12.3,87,51,325.0
2026-03-19T00:00,53.8,138.3,549.0,27.0,24.9,61.0,158,65,182.0,,22.0,58,21.9,0.0,0.0,987.4,7.7,62,3,240.0
2026-03-19T01:00,49.2,121.5,426.0,23.9,22.5,59.0,156,60,133.0,,21.7,61,22.0,0.0,0.0,987.1,6.0,51,3,200.0
2026-03-19T02:00,44.4,94.5,332.0,21.0,20.0,59.0,155,57,93.0,,21.7,58,21.5,0.0,0.0,986.7,7.9,93,3,185.0
2026-03-19T03:00,37.4,72.4,273.0,18.1,17.5,60.0,153,53,72.0,,21.1,58,20.6,0.2,0.2,986.9,8.3,117,51,185.0
2026-03-19T04:00,32.5,61.9,243.0,15.3,15.1,64.0,152,50,59.0,,20.5,62,20.5,0.0,0.0,986.3,5.4,60,0,125.0
2026-03-19T05:00,45.8,70.5,276.0,20.2,22.7,68.0,150,58,47.0,,21.4,69,21.4,0.0,0.0,986.3,12.5,70,3,165.0
2026-03-19T06:00,51.9,80.8,433.0,24.9,24.4,64.0,146,61,51.0,,21.4,70,22.6,0.0,0.0,986.6,4.2,121,3,85.0
2026-03-19T07:00,62.4,92.9,652.0,31.1,26.8,59.0,142,66,58.0,,22.1,66,22.8,0.0,0.0,987.6,7.7,62,3,185.0
2026-03-19T08:00,62.9,102.2,785.0,34.1,29.1,63.0,140,66,74.0,,22.7,64,24.3,0.0,0.0,988.6,1.5,240,3,235.0
2026-03-19T09:00,59.8,127.6,745.0,30.9,31.1,85.0,138,65,108.0,,24.4,56,25.8,0.0,0.0,989.1,1.9,112,2,325.0
2026-03-19T10:00,53.0,124.8,619.0,24.5,32.8,115.0,136,62,152.0,,27.1,46,28.7,0.0,0.0,989.5,2.9,94,3,520.0
2026-03-19T11:00,51.0,147.6,513.0,19.6,33.9,137.0,135,69,182.0,,26.8,49,28.0,0.0,0.0,990.0,5.4,206,3,1015.0
2026-03-19T12:00,42.5,113.9,465.0,17.9,33.9,142.0,135,71,190.0,,26.0,49,26.8,0.6,0.6,989.2,4.6,239,53,525.0
2026-03-19T13:00,36.0,91.7,438.0,17.6,33.2,137.0,134,69,186.0,,24.8,59,25.9,2.6,2.6,988.2,9.3,316,63,495.0
2026-03-19T14:00,39.7,131.8,429.0,18.4,32.4,130.0,133,65,174.0,,24.8,57,25.8,0.0,0.0,987.6,12.5,276,3,850.0
2026-03-19T15:00,39.1,106.4,445.0,20.5,32.1,121.0,132,61,149.0,,24.2,58,24.4,0.0,0.0,986.9,11.3,314,2,985.0
2026-03-19T16:00,39.8,100.4,480.0,23.5,31.8,108.0,131,55,115.0,,23.4,62,23.9,0.0,0.0,986.4,9.3,310,3,760.0
2026-03-19T17:00,46.3,209.1,511.0,18.5,20.9,102.0,130,84,308.0,,22.2,68,21.8,0.0,0.0,985.7,16.6,345,3,880.0
2026-03-19T18:00,48.3,154.6,536.0,22.7,20.7,88.0,130,69,283.0,,19.5,82,20.2,0.0,0.0,986.3,10.0,340,3,490.0
2026-03-19T19:00,54.7,163.4,557.0,28.7,20.4,70.0,130,72,249.0,,19.0,85,19.9,0.0,0.0,986.8,8.9,315,2,415.0
2026-03-19T20:00,59.5,180.7,561.0,33.9,20.4,53.0,131,76,227.0,,18.6,88,19.3,0.0,0.0,987.5,11.1,328,3,510.0
2026-03-19T21:00,66.4,199.3,533.0,38.2,20.9,41.0,133,81,230.0,,18.6,85,18.9,0.0,0.0,987.6,12.1,340,3,480.0
2026-03-19T22:00,72.2,209.1,487.0,41.8,21.7,32.0,135,84,245.0,,18.3,83,18.6,0.0,0.0,987.4,10.9,354,3,385.0
2026-03-19T23:00,73.3,208.6,450.0,42.9,21.8,26.0,137,84,251.0,,18.3,83,19.4,0.0,0.0,987.1,4.1,358,1,175.0
2026-03-20T00:00,71.5,203.5,431.0,39.7,20.6,25.0,139,82,240.0,,17.8,88,18.8,0.0,0.0,986.9,6.7,329,1,215.0
2026-03-20T01:00,69.4,191.9,420.0,34.1,18.8,28.0,140,79,221.0,,17.3,91,18.4,0.0,0.0,986.4,5.9,329,3,180.0
2026-03-20T02:00,65.9,173.7,414.0,29.6,17.5,30.0,142,74,199.0,,17.2,90,18.2,0.0,0.0,985.7,6.3,342,3,170.0
2026-03-20T03:00,62.4,155.1,402.0,27.1,16.8,29.0,145,69,172.0,,17.4,88,18.6,0.0,0.0,985.5,3.8,329,3,155.0
2026-03-20T04:00,59.0,133.6,395.0,25.7,16.6,28.0,147,65,142.0,,17.1,89,18.3,0.0,0.0,984.9,3.2,360,3,150.0
2026-03-20T05:00,44.6,90.6,420.0,17.2,15.9,45.0,150,57,85.0,,16.9,97,17.7,0.0,0.0,985.4,9.2,273,3,140.0
2026-03-20T06:00,44.6,77.5,512.0,21.2,16.5,39.0,150,57,74.0,,16.8,95,17.2,0.3,0.3,985.8,11.4,275,51,235.0
2026-03-20T07:00,47.8,75.7,635.0,26.6,17.3,31.0,149,59,58.0,,17.1,94,17.6,0.9,0.9,987.2,10.5,273,53,385.0
2026-03-20T08:00,47.6,73.1,709.0,29.6,18.1,29.0,148,59,47.0,,17.5,91,18.5,0.3,0.3,988.1,6.9,261,51,355.0
2026-03-20T09:00,47.7,74.0,686.0,27.7,18.8,38.0,146,59,44.0,,17.9,89,19.0,0.1,0.1,988.1,6.0,323,51,350.0
2026-03-20T10:00,45.3,68.9,613.0,23.4,19.5,53.0,145,57,45.0,,18.2,86,19.1,0.3,0.3,988.1,7.3,330,51,365.0
2026-03-20T11:00,40.7,65.7,553.0,20.1,20.7,66.0,144,55,46.0,,18.4,85,19.4,0.2,0.2,988.6,6.2,311,51,505.0
2026-03-20T12:00,36.0,61.9,527.0,19.0,22.8,74.0,143,52,46.0,,18.6,80,19.5,0.3,0.3,987.8,5.2,340,51,465.0
2026-03-20T13:00,32.2,57.7,513.0,18.9,25.5,80.0,142,50,46.0,,19.0,79,20.2,0.1,0.1,987.2,4.3,318,51,585.0
2026-03-20T14:00,30.6,54.2,511.0,19.7,27.6,83.0,142,49,44.0,,20.0,75,21.4,0.0,0.0,986.3,2.7,323,3,745.0
2026-03-20T15:00,30.6,51.9,503.0,20.4,28.5,83.0,141,49,40.0,,20.5,72,21.7,0.1,0.1,985.3,3.6,351,51,1010.0
2026-03-20T16:00,30.3,49.7,508.0,21.9,28.9,80.0,140,49,35.0,,20.6,69,21.6,0.0,0.0,985.0,4.0,352,3,1015.0
2026-03-20T17:00,23.2,35.2,576.0,18.4,26.3,98.0,139,45,22.0,,19.9,74,21.0,0.2,0.2,985.6,4.1,360,51,675.0
2026-03-20T18:00,36.6,46.4,766.0,36.0,30.8,75.0,137,52,21.0,,18.9,82,20.2,0.0,0.0,985.6,3.9,22,1,250.0
2026-03-20T19:00,56.9,66.8,1020.0,60.4,37.0,44.0,135,63,20.0,,17.9,86,19.2,0.0,0.0,986.0,3.8,360,1,195.0
2026-03-20T20:00,74.7,85.2,1216.0,78.4,42.1,20.0,136,72,19.0,,17.2,89,18.5,0.0,0.0,986.5,3.6,37,0,155.0
2026-03-20T21:00,85.4,96.2,1307.0,84.0,44.9,11.0,137,78,20.0,,16.6,91,17.8,0.0,0.0,987.1,3.1,24,0,140.0
2026-03-20T22:00,92.2,104.3,1341.0,83.4,46.5,10.0,139,81,22.0,,16.4,91,18.0,0.0,0.0,987.3,0.4,243,0,20.0
2026-03-20T23:00,97.1,110.8,1336.0,81.9,47.1,10.0,141,83,23.0,,16.5,93,18.2,0.0,0.0,987.7,0.2,180,0,10.0
2026-03-21T00:00,101.7,116.4,1281.0,81.8,46.8,8.0,144,85,23.0,,16.5,93,18.2,0.0,0.0,987.2,0.7,180,0,60.0
2026-03-21T01:00,105.9,120.6,1187.0,80.8,45.5,7.0,147,86,22.0,,15.9,96,17.1,0.0,0.0,986.6,3.1,208,0,60.0
2026-03-21T02:00,106.6,118.3,1107.0,78.0,43.3,6.0,150,87,21.0,,15.6,97,16.5,0.0,0.0,986.7,5.7,246,0,70.0
2026-03-21T03:00,106.6,118.0,1057.0,71.7,39.5,7.0,151,87,21.0,,15.1,98,16.1,0.0,0.0,986.8,3.8,289,0,50.0
2026-03-21T04:00,105.0,116.6,1021.0,63.4,34.7,8.0,153,86,21.0,,14.8,100,15.7,0.0,0.0,986.6,4.3,318,3,60.0
2026-03-21T05:00,97.1,109.2,999.0,57.4,31.2,13.0,154,83,22.0,,15.0,99,15.8,0.0,0.0,987.0,5.6,303,3,65.0
2026-03-21T06:00,96.6,105.9,1013.0,55.1,29.1,12.0,156,83,18.0,,15.1,98,16.1,0.0,0.0,988.0,3.9,326,3,70.0
2026-03-21T07:00,105.7,114.3,1041.0,51.5,26.4,13.0,157,86,14.0,,15.1,99,16.4,0.0,0.0,988.9,2.3,29,3,50.0
2026-03-21T08:00,108.7,117.1,1026.0,46.0,25.3,24.0,159,87,16.0,,15.6,98,16.9,0.0,0.0,989.8,3.1,347,3,55.0
2026-03-21T09:00,86.8,99.4,928.0,37.2,27.9,55.0,161,78,32.0,,18.1,87,19.8,0.0,0.0,990.3,1.8,323,2,260.0
2026-03-21T10:00,65.7,90.6,787.0,26.5,32.2,96.0,162,68,55.0,,20.3,78,22.5,0.0,0.0,990.7,4.0,291,0,455.0
2026-03-21T11:00,48.0,86.4,656.0,18.0,34.7,129.0,163,65,73.0,,22.5,67,25.2,0.0,0.0,989.9,5.4,296,0,625.0
2026-03-21T12:00,38.3,81.0,540.0,12.9,33.2,147.0,163,74,78.0,,23.9,59,26.8,0.0,0.0,989.8,5.5,308,1,855.0
2026-03-21T13:00,33.1,76.8,434.0,9.9,29.9,156.0,163,78,77.0,,24.8,52,27.0,0.0,0.0,989.0,7.2,309,2,1275.0
2026-03-21T14:00,31.4,74.3,383.0,9.3,27.4,158.0,163,79,82.0,,25.5,46,26.2,0.0,0.0,988.1,8.9,315,3,1515.0
2026-03-21T15:00,31.9,76.1,402.0,11.1,26.9,153.0,163,77,101.0,,25.3,47,25.1,0.0,0.0,987.5,9.6,323,3,1485.0
2026-03-21T16:00,34.0,90.6,475.0,15.2,27.3,142.0,163,71,126.0,,24.9,49,24.6,0.0,0.0,987.1,8.6,321,3,1535.0
2026-03-21T17:00,53.8,317.6,599.0,13.7,18.5,127.0,163,113,499.0,,24.4,52,24.7,0.0,0.0,987.7,7.1,322,3,1455.0
2026-03-21T18:00,60.8,285.0,831.0,23.1,19.3,107.0,164,104,488.0,,22.2,67,23.4,0.0,0.0,987.8,4.8,340,3,180.0
2026-03-21T19:00,68.7,304.5,1114.0,36.1,20.4,78.0,165,109,473.0,,21.6,71,23.0,0.0,0.0,988.3,4.0,333,3,90.0
2026-03-21T20:00,74.0,326.0,1272.0,46.0,21.7,55.0,165,115,471.0,,20.8,73,22.0,0.0,0.0,989.0,4.4,282,3,65.0
2026-03-21T21:00,79.4,354.8,1201.0,50.9,23.7,42.0,165,123,500.0,,20.3,74,21.3,0.0,0.0,989.7,5.4,285,3,90.0
2026-03-21T22:00,88.5,379.0,1005.0,52.7,25.8,35.0,165,129,542.0,,19.9,76,21.1,0.0,0.0,989.2,4.5,317,3,70.0
2026-03-21T23:00,95.0,392.1,824.0,51.0,26.4,32.0,165,133,552.0,,20.3,73,21.2,0.0,0.0,989.4,5.8,330,3,130.0
2026-03-22T00:00,90.6,357.6,696.0,43.8,24.1,34.0,165,123,509.0,,19.3,74,19.9,0.0,0.0,989.3,6.2,339,0,130.0
2026-03-22T01:00,83.4,316.6,583.0,33.0,20.3,40.0,164,112,434.0,,18.4,77,19.0,0.0,0.0,988.8,5.6,343,0,115.0
2026-03-22T02:00,76.4,269.2,506.0,24.4,17.4,45.0,164,100,355.0,,17.5,81,18.2,0.0,0.0,988.1,4.5,323,0,90.0
2026-03-22T03:00,69.4,215.6,468.0,19.9,16.5,47.0,163,85,272.0,,17.3,81,17.6,0.0,0.0,988.4,6.2,285,0,95.0
2026-03-22T04:00,61.7,160.7,466.0,17.6,16.6,47.0,162,71,185.0,,16.7,82,16.8,0.0,0.0,988.2,7.3,287,0,120.0
2026-03-22T05:00,53.8,105.2,520.0,13.7,16.7,63.0,160,62,95.0,,16.2,85,16.4,0.0,0.0,987.8,6.5,283,0,90.0
2026-03-22T06:00,52.5,86.6,691.0,16.3,16.7,61.0,159,61,70.0,,16.2,86,16.7,0.0,0.0,988.2,5.3,282,0,85.0
2026-03-22T07:00,54.5,76.1,917.0,19.6,16.7,60.0,158,62,37.0,,17.3,83,17.9,0.0,0.0,988.6,6.2,280,0,95.0
2026-03-22T08:00,53.2,69.2,1028.0,20.9,17.6,68.0,156,62,30.0,,19.3,78,20.3,0.0,0.0,989.4,5.0,289,0,190.0
2026-03-22T09:00,49.9,87.5,913.0,18.3,20.4,92.0,155,60,58.0,,21.2,70,22.1,0.0,0.0,990.3,6.8,299,1,380.0
2026-03-22T10:00,45.8,108.0,684.0,13.6,24.0,125.0,153,63,112.0,,23.0,60,24.0,0.0,0.0,990.2,7.5,312,0,560.0
2026-03-22T11:00,45.8,148.5,502.0,9.6,25.7,150.0,153,75,193.0,,25.0,53,26.5,0.0,0.0,989.9,9.7,288,0,890.0
2026-03-22T12:00,45.6,206.8,429.0,7.0,23.6,159.0,153,83,317.0,,26.1,49,27.6,0.0,0.0,989.5,11.3,297,0,1125.0
2026-03-22T13:00,48.4,284.1,404.0,5.1,19.5,160.0,153,104,469.0,,26.6,48,27.9,0.0,0.0,988.6,12.0,302,0,1215.0
2026-03-22T14:00,56.5,373.5,406.0,4.9,16.5,156.0,153,128,606.0,,27.0,46,28.1,0.0,0.0,987.3,10.7,305,2,1380.0
2026-03-22T15:00,62.4,448.0,387.0,6.2,15.6,149.0,154,147,725.0,,27.1,45,27.2,0.0,0.0,986.7,10.5,299,1,1390.0
2026-03-22T16:00,68.7,510.4,395.0,9.2,15.7,138.0,155,164,830.0,,26.7,45,26.4,0.0,0.0,986.5,10.5,290,0,1370.0
2026-03-22T17:00,66.1,538.3,554.0,15.1,16.5,120.0,156,172,904.0,,26.2,48,26.4,0.0,0.0,986.4,8.1,302,0,1095.0
2026-03-22T18:00,76.4,543.9,1006.0,22.7,18.2,104.0,157,173,911.0,,23.5,63,24.8,0.0,0.0,986.4,5.3,308,1,165.0
2026-03-22T19:00,85.9,558.8,1609.0,33.1,20.5,81.0,161,177,920.0,,22.5,67,23.7,0.0,0.0,986.7,5.4,318,3,140.0
2026-03-22T20:00,94.3,586.7,2055.0,39.8,22.2,64.0,167,184,932.0,,22.3,67,23.7,0.0,0.0,987.4,3.9,283,2,85.0
2026-03-22T21:00,101.7,620.3,2221.0,39.7,23.0,59.0,172,193,964.0,,21.9,66,23.3,0.0,0.0,987.6,1.5,249,3,20.0
2026-03-22T22:00,108.3,651.9,2231.0,36.0,23.2,59.0,178,202,999.0,,21.9,63,23.2,0.0,0.0,987.2,0.9,11,2,15.0
2026-03-22T23:00,109.7,631.4,2150.0,31.7,23.0,61.0,183,196,980.0,,21.5,66,22.5,0.0,0.0,987.2,4.1,360,3,40.0
2026-03-23T00:00,104.5,570.0,1963.0,27.2,22.1,64.0,188,180,866.0,,21.1,68,22.0,0.0,0.0,986.8,5.0,13,3,60.0
2026-03-23T01:00,96.2,478.7,1684.0,22.1,20.7,68.0,193,156,698.0,,20.4,71,21.2,0.0,0.0,986.6,5.5,27,3,110.0
2026-03-23T02:00,87.1,378.1,1423.0,18.3,19.4,71.0,196,129,543.0,,19.6,75,20.6,0.0,0.0,986.3,4.8,34,3,100.0
2026-03-23T03:00,80.8,311.1,1206.0,16.0,18.2,70.0,198,111,421.0,,19.2,76,19.9,0.1,0.1,987.0,5.9,346,51,125.0
2026-03-23T04:00,76.1,252.4,1007.0,15.1,17.1,67.0,201,95,312.0,,18.4,82,19.6,0.3,0.3,987.5,3.8,315,51,75.0
2026-03-23T05:00,74.0,214.2,859.0,19.7,19.5,60.0,206,85,259.0,,18.7,82,18.6,0.8,0.8,987.3,13.4,336,53,350.0
2026-03-23T06:00,67.1,172.8,796.0,26.4,20.4,54.0,213,74,205.0,,18.0,87,18.1,1.3,1.3,987.5,13.0,323,61,240.0
2026-03-23T07:00,64.7,136.9,786.0,35.2,22.0,47.0,218,67,132.0,,17.9,90,18.4,2.6,2.6,988.6,10.7,340,63,190.0
2026-03-23T08:00,68.9,113.2,760.0,39.5,25.0,52.0,222,69,83.0,,18.4,86,19.4,2.7,2.7,989.3,7.0,347,63,240.0
2026-03-23T09:00,61.0,88.0,691.0,35.0,31.3,79.0,224,66,83.0,,19.4,85,21.7,1.6,1.6,989.7,0.6,56,61,75.0
2026-03-23T10:00,53.6,72.9,607.0,25.8,39.1,117.0,224,62,106.0,,21.6,75,23.8,0.0,0.0,989.4,1.6,96,2,85.0
2026-03-23T11:00,52.4,117.3,529.0,18.0,43.4,148.0,222,74,123.0,,23.2,65,24.3,0.0,0.0,989.1,6.6,206,3,350.0
2026-03-23T12:00,45.8,88.0,453.0,13.3,41.1,165.0,220,85,118.0,,24.3,60,25.6,0.2,0.2,988.6,5.1,207,51,670.0
2026-03-23T13:00,42.3,87.3,383.0,9.9,35.3,175.0,213,95,107.0,,25.0,55,26.1,0.0,0.0,987.4,4.7,184,1,970.0
2026-03-23T14:00,40.4,92.7,344.0,8.1,30.2,178.0,201,98,100.0,,26.4,50,28.5,0.0,0.0,986.5,2.3,184,0,1390.0
2026-03-23T15:00,39.8,118.3,320.0,7.9,27.3,173.0,195,93,106.0,,26.9,48,28.7,0.0,0.0,985.6,2.3,241,0,1645.0
2026-03-23T16:00,39.3,127.1,328.0,9.3,25.1,161.0,188,81,117.0,,26.7,49,27.6,0.0,0.0,985.2,5.0,314,0,1660.0
2026-03-23T17:00,47.6,301.7,441.0,13.9,15.2,113.0,180,108,487.0,,26.8,49,27.6,0.0,0.0,985.3,5.6,263,1,460.0
2026-03-23T18:00,61.2,287.8,768.0,32.0,21.4,90.0,175,105,425.0,,24.7,64,26.8,0.0,0.0,985.6,3.6,276,1,70.0
2026-03-23T19:00,78.7,275.7,1199.0,56.8,29.9,58.0,170,102,338.0,,24.0,65,26.2,0.0,0.0,986.0,1.2,153,0,20.0
2026-03-23T20:00,79.9,218.4,1483.0,73.9,35.4,35.0,164,86,260.0,,22.2,73,24.1,0.0,0.0,986.5,4.2,115,0,55.0
2026-03-23T21:00,73.3,188.6,1465.0,75.5,35.0,29.0,160,78,201.0,,21.3,76,23.0,0.0,0.0,987.3,4.8,149,0,70.0
2026-03-23T22:00,68.7,162.1,1299.0,69.5,31.7,32.0,160,71,151.0,,20.7,77,22.1,0.0,0.0,987.0,5.8,171,0,65.0
2026-03-23T23:00,67.3,131.3,1194.0,65.3,29.2,34.0,158,69,119.0,,20.6,81,22.5,0.0,0.0,987.0,5.1,174,1,45.0
2026-03-24T00:00,67.8,122.9,1254.0,67.1,29.2,30.0,157,69,109.0,,20.3,84,22.5,0.0,0.0,987.1,3.6,183,0,35.0
2026-03-24T01:00,70.8,129.5,1376.0,70.8,30.0,25.0,156,70,115.0,,20.0,85,22.1,0.0,0.0,986.9,2.9,150,0,30.0
2026-03-24T02:00,75.7,146.7,1453.0,73.5,31.0,20.0,155,73,132.0,,19.4,87,21.8,0.0,0.0,986.8,0.9,53,0,25.0
2026-03-24T03:00,81.5,170.0,1417.0,74.5,32.0,14.0,155,76,165.0,,19.0,88,21.3,0.0,0.0,986.8,1.1,261,0,20.0
2026-03-24T04:00,87.3,196.0,1336.0,74.5,33.1,9.0,155,80,208.0,,18.5,90,20.3,0.0,0.0,985.6,3.9,217,0,35.0
2026-03-24T05:00,108.5,287.8,1317.0,85.9,42.9,1.0,155,105,332.0,,18.1,89,19.5,0.0,0.0,986.0,5.1,243,0,55.0
2026-03-24T06:00,102.7,268.2,1480.0,79.6,42.3,12.0,156,100,302.0,,18.3,89,19.9,0.0,0.0,986.1,4.1,247,0,55.0
2026-03-24T07:00,97.8,236.6,1704.0,70.2,41.3,29.0,157,91,262.0,,19.3,86,20.8,0.0,0.0,987.0,6.6,248,0,80.0
2026-03-24T08:00,88.7,220.3,1729.0,58.4,39.5,51.0,158,87,243.0,,21.6,78,23.8,0.0,0.0,987.6,4.2,252,0,130.0
2026-03-24T09:00,75.0,278.5,1353.0,41.8,36.6,82.0,159,102,257.0,,24.3,67,26.3,0.0,0.0,988.5,5.6,255,0,340.0
2026-03-24T10:00,61.0,252.4,779.0,22.7,33.0,118.0,159,95,292.0,,26.3,56,28.1,0.0,0.0,988.7,7.6,265,0,930.0
2026-03-24T11:00,52.2,228.2,351.0,8.6,28.9,145.0,160,89,336.0,,28.1,45,29.7,0.0,0.0,988.0,9.4,290,0,1720.0
2026-03-24T12:00,49.1,233.8,231.0,3.3,23.9,155.0,160,90,383.0,,29.0,38,30.1,0.0,0.0,987.0,10.6,317,2,1925.0
2026-03-24T13:00,48.2,260.8,258.0,3.0,18.5,156.0,160,98,439.0,,29.5,35,30.0,0.0,0.0,986.3,11.6,318,1,2225.0
2026-03-24T14:00,52.5,321.3,296.0,4.0,14.5,153.0,160,114,519.0,,29.7,34,29.8,0.0,0.0,985.5,11.3,317,0,2150.0
2026-03-24T15:00,56.9,401.4,238.0,4.7,12.7,149.0,160,135,645.0,,29.4,34,28.7,0.0,0.0,984.7,12.1,322,0,2125.0
2026-03-24T16:00,63.1,472.2,191.0,6.8,12.3,141.0,161,154,794.0,,28.8,35,27.6,0.0,0.0,984.4,12.0,327,0,2020.0
2026-03-24T17:00,63.6,502.9,346.0,11.0,11.6,129.0,161,162,851.0,,28.3,37,27.3,0.0,0.0,984.4,10.8,323,0,1880.0
2026-03-24T18:00,79.4,575.6,911.0,17.9,13.8,113.0,162,181,919.0,,25.2,56,26.4,0.0,0.0,984.2,5.0,322,0,205.0
2026-03-24T19:00,92.4,607.2,1678.0,27.2,16.7,91.0,162,190,1009.0,,24.2,60,25.6,0.0,0.0,984.4,4.3,292,0,70.0
2026-03-24T20:00,103.1,655.7,2211.0,33.3,18.9,74.0,163,203,1051.0,,23.5,62,24.8,0.0,0.0,985.0,4.8,304,0,75.0
2026-03-24T21:00,108.5,668.7,2304.0,33.1,19.6,69.0,169,206,1011.0,,22.6,62,23.3,0.0,0.0,985.5,6.2,324,0,185.0
2026-03-24T22:00,106.4,622.1,2162.0,29.6,19.6,70.0,179,194,922.0,,21.2,62,21.5,0.0,0.0,985.3,6.1,346,0,155.0
2026-03-24T23:00,98.3,529.0,1965.0,26.1,19.1,71.0,189,169,813.0,,20.7,68,21.3,0.0,0.0,985.2,6.0,316,1,95.0
2026-03-25T00:00,86.4,421.9,1743.0,23.5,18.1,72.0,197,141,674.0,,20.4,67,20.8,0.0,0.0,984.8,5.6,320,0,80.0
2026-03-25T01:00,76.6,333.4,1467.0,20.9,16.6,73.0,210,117,515.0,,20.0,67,20.4,0.0,0.0,984.6,5.2,340,0,65.0
2026-03-25T02:00,70.5,279.4,1228.0,19.4,15.7,72.0,222,103,392.0,,19.6,68,20.2,0.0,0.0,984.5,3.7,299,3,45.0
2026-03-25T03:00,68.0,251.5,1034.0,19.3,15.4,67.0,230,95,338.0,,18.5,73,18.9,0.0,0.0,984.6,5.4,290,2,50.0
2026-03-25T04:00,68.2,238.0,878.0,20.3,15.6,60.0,235,91,320.0,,17.7,76,18.1,0.0,0.0,984.1,4.9,280,2,45.0
2026-03-25T05:00,78.9,276.6,829.0,24.0,16.8,55.0,237,102,367.0,,17.8,79,18.3,0.0,0.0,984.3,5.4,270,0,40.0
2026-03-25T06:00,81.0,265.4,1001.0,28.1,18.6,55.0,237,99,323.0,,18.0,78,18.5,0.0,0.0,985.0,5.5,259,0,50.0
2026-03-25T07:00,85.2,222.1,1280.0,33.3,21.0,57.0,236,87,261.0,,19.2,74,19.7,0.0,0.0,986.0,6.7,264,0,65.0
2026-03-25T08:00,78.9,194.6,1389.0,34.4,23.0,69.0,236,80,216.0,,21.8,66,23.0,0.0,0.0,987.0,4.0,270,0,105.0
2026-03-25T09:00,63.3,159.7,1149.0,27.4,24.5,101.0,234,71,195.0,,24.9,55,25.9,0.0,0.0,987.5,4.2,280,0,270.0
2026-03-25T10:00,44.1,124.8,741.0,16.4,25.6,143.0,227,72,190.0,,27.2,43,28.2,0.0,0.0,987.8,6.0,287,0,870.0
2026-03-25T11:00,39.5,148.5,427.0,7.9,25.3,173.0,219,93,209.0,,29.1,35,30.2,0.0,0.0,987.6,7.3,290,0,1240.0
2026-03-25T12:00,39.2,181.6,323.0,4.7,22.7,181.0,215,101,266.0,,30.2,32,31.4,0.0,0.0,987.2,8.0,288,0,1530.0
2026-03-25T13:00,40.3,217.5,314.0,4.1,18.7,177.0,212,97,346.0,,31.0,29,31.7,0.0,0.0,986.4,9.5,292,0,1725.0
2026-03-25T14:00,42.8,257.0,322.0,4.5,15.6,170.0,209,97,416.0,,31.5,27,31.4,0.0,0.0,985.4,10.5,290,0,1905.0
2026-03-25T15:00,44.7,295.2,290.0,4.6,14.0,163.0,205,107,472.0,,31.3,27,30.1,0.0,0.0,984.7,12.0,289,1,1785.0
2026-03-25T16:00,46.6,317.6,274.0,5.8,13.3,154.0,200,113,516.0,,30.9,28,29.2,0.0,0.0,984.5,11.3,290,3,1530.0
2026-03-25T17:00,48.5,390.2,364.0,11.1,14.5,140.0,196,132,663.0,,30.2,28,28.6,0.0,0.0,984.4,10.1,295,1,1445.0
2026-03-25T18:00,57.5,407.9,660.0,21.4,16.9,118.0,194,137,637.0,,28.2,33,27.7,0.0,0.0,984.5,4.2,329,3,200.0
2026-03-25T19:00,66.8,391.2,1062.0,35.3,20.1,88.0,191,132,604.0,,27.3,37,27.3,0.0,0.0,984.9,3.0,14,3,75.0
2026-03-25T20:00,72.9,385.6,1353.0,44.0,22.3,66.0,186,131,598.0,,26.7,40,26.9,0.0,0.0,985.3,2.6,51,3,60.0
2026-03-25T21:00,78.2,417.2,1450.0,42.7,22.5,60.0,180,139,656.0,,26.3,42,26.8,0.0,0.0,986.0,1.2,117,2,20.0
2026-03-25T22:00,83.8,470.3,1437.0,36.2,21.7,62.0,175,153,741.0,,25.1,43,25.2,0.0,0.0,986.5,2.7,184,3,20.0
2026-03-25T23:00,86.1,493.6,1353.0,30.4,20.8,64.0,172,160,773.0,,25.3,52,26.7,0.0,0.0,986.8,0.9,233,1,10.0
2026-03-26T00:00,83.6,464.7,1173.0,27.2,20.1,65.0,171,152,706.0,,24.6,50,24.7,0.0,0.0,986.9,6.5,341,3,115.0
2026-03-26T01:00,77.3,384.6,922.0,24.6,19.2,66.0,172,131,587.0,,22.9,57,23.5,0.0,0.0,986.9,5.1,342,3,130.0
2026-03-26T02:00,73.1,326.0,719.0,22.7,18.8,66.0,173,115,476.0,,22.8,63,24.1,0.0,0.0,987.0,3.4,317,1,100.0
2026-03-26T03:00,67.5,264.5,591.0,21.1,18.8,65.0,174,99,395.0,,21.8,66,23.2,0.0,0.0,987.1,2.4,257,0,25.0
2026-03-26T04:00,61.9,216.5,510.0,20.2,19.2,63.0,174,86,322.0,,21.6,65,22.7,0.0,0.0,986.8,3.1,347,1,30.0
2026-03-26T05:00,68.9,249.6,510.0,20.0,19.5,60.0,174,95,339.0,,21.0,70,22.1,0.0,0.0,986.4,4.4,339,1,75.0
2026-03-26T06:00,75.9,265.4,668.0,25.3,21.7,59.0,173,99,319.0,,21.2,70,22.6,0.0,0.0,987.4,2.4,306,0,50.0
2026-03-26T07:00,84.3,242.1,907.0,32.2,24.8,59.0,173,93,290.0,,22.4,64,23.6,0.0,0.0,988.0,4.0,207,1,35.0
2026-03-26T08:00,77.8,214.2,1028.0,34.7,27.1,67.0,174,85,257.0,,24.9,53,26.1,0.0,0.0,988.7,2.6,231,1,135.0
2026-03-26T09:00,58.9,175.6,914.0,28.8,28.4,91.0,174,75,212.0,,27.4,46,28.5,0.0,0.0,989.7,3.7,259,1,275.0
2026-03-26T10:00,46.3,140.2,683.0,18.5,28.9,124.0,175,65,164.0,,29.7,39,30.8,0.0,0.0,989.9,4.2,290,1,520.0
2026-03-26T11:00,34.0,109.9,488.0,10.3,28.1,149.0,175,75,146.0,,33.0,26,33.2,0.0,0.0,989.3,7.0,271,2,1860.0
2026-03-26T12:00,30.3,114.1,381.0,6.4,25.1,161.0,174,81,183.0,,34.5,21,34.6,0.0,0.0,988.3,8.6,278,3,2880.0
2026-03-26T13:00,32.2,151.8,312.0,4.7,20.7,165.0,173,85,251.0,,34.8,19,34.4,0.0,0.0,987.0,8.4,295,3,2855.0
2026-03-26T14:00,34.9,194.2,279.0,4.8,17.5,163.0,171,83,312.0,,34.3,21,32.6,0.0,0.0,986.4,11.9,280,3,2905.0
2026-03-26T15:00,37.0,228.2,292.0,7.1,16.3,152.0,170,89,351.0,,33.1,23,30.8,0.0,0.0,985.6,14.7,284,3,2420.0
2026-03-26T16:00,40.2,245.9,343.0,11.3,16.1,133.0,169,94,384.0,,32.3,26,30.5,0.0,0.0,985.7,12.8,296,3,1605.0
2026-03-26T17:00,37.6,214.2,403.0,15.7,18.0,114.0,167,85,342.0,,31.9,24,30.4,0.0,0.0,985.6,8.8,319,3,1785.0
2026-03-26T18:00,46.2,255.2,482.0,24.8,20.5,96.0,163,96,335.0,,31.1,27,29.9,0.0,0.0,985.9,8.3,326,3,890.0
2026-03-26T19:00,54.6,258.9,570.0,36.9,23.7,72.0,160,97,333.0,,30.1,33,29.8,0.0,0.0,986.2,6.2,339,3,425.0
2026-03-26T20:00,60.1,262.6,616.0,42.9,25.0,57.0,158,98,389.0,,28.9,38,29.3,0.0,0.0,986.8,3.9,332,2,335.0
2026-03-26T21:00,75.0,469.4,581.0,36.6,22.2,61.0,155,153,576.0,,28.3,40,28.2,0.0,0.0,987.5,8.2,303,3,265.0
2026-03-26T22:00,93.6,640.7,504.0,24.3,17.4,74.0,156,199,822.0,,27.7,39,27.2,0.0,0.0,987.6,8.7,318,3,295.0
2026-03-26T23:00,92.4,596.0,441.0,15.0,13.9,82.0,160,187,963.0,,25.3,58,27.3,0.0,0.0,987.1,1.7,41,2,20.0
2026-03-27T00:00,80.3,475.9,417.0,13.0,13.0,79.0,162,155,901.0,,25.7,51,26.7,0.0,0.0,986.4,4.1,326,2,175.0
2026-03-27T01:00,72.4,388.4,407.0,14.1,13.4,71.0,162,132,734.0,,25.0,51,25.3,0.0,0.0,985.9,7.3,308,1,205.0
2026-03-27T02:00,72.6,383.7,403.0,15.1,14.0,65.0,162,130,591.0,,23.7,57,24.2,0.0,0.0,985.2,7.1,308,1,195.0
2026-03-27T03:00,70.1,340.9,397.0,14.5,14.2,62.0,163,119,525.0,,23.1,59,23.8,0.0,0.0,984.5,5.6,327,1,220.0
2026-03-27T04:00,69.2,319.4,396.0,13.8,14.6,59.0,165,113,485.0,,22.4,62,23.3,0.0,0.0,984.1,4.7,310,3,180.0
2026-03-27T05:00,68.2,326.9,410.0,7.9,10.2,81.0,167,115,489.0,,22.5,65,23.0,0.0,0.0,983.8,9.4,310,1,270.0
2026-03-27T06:00,58.9,235.2,459.0,10.2,11.7,80.0,169,91,434.0,,22.1,67,22.3,0.0,0.0,984.8,11.6,319,3,265.0
2026-03-27T07:00,52.4,175.1,522.0,13.3,13.7,79.0,168,75,359.0,,22.7,65,23.3,0.0,0.0,985.4,9.0,325,3,315.0
2026-03-27T08:00,53.1,212.8,546.0,14.9,15.7,83.0,167,85,303.0,,23.6,60,23.5,0.0,0.0,986.1,12.6,340,3,440.0
2026-03-27T09:00,46.2,187.2,494.0,13.5,17.7,96.0,167,78,290.0,,25.6,50,25.4,0.0,0.0,986.7,11.0,341,2,530.0
2026-03-27T10:00,42.3,174.6,404.0,10.5,19.7,114.0,167,75,295.0,,27.0,44,26.6,0.1,0.1,986.7,10.8,356,51,590.0
2026-03-27T11:00,40.0,189.5,331.0,7.9,20.4,127.0,168,79,287.0,,24.9,57,25.9,0.5,0.5,986.5,12.4,19,53,320.0
2026-03-27T12:00,27.6,91.5,296.0,6.3,19.0,133.0,169,67,243.0,,26.9,47,27.2,0.0,0.0,986.5,7.4,22,3,685.0
2026-03-27T13:00,27.0,93.6,279.0,5.1,16.4,134.0,169,67,186.0,,28.9,37,30.0,0.0,0.0,985.1,4.6,21,1,1080.0
2026-03-27T14:00,27.0,104.5,274.0,4.7,14.2,132.0,168,66,150.0,,29.3,33,29.0,0.0,0.0,984.0,9.5,333,2,1445.0
2026-03-27T15:00,26.8,111.5,277.0,5.0,12.8,127.0,166,64,155.0,,29.3,35,28.9,0.0,0.0,983.0,8.1,328,1,1475.0
2026-03-27T16:00,30.5,155.1,292.0,6.2,11.9,120.0,163,69,181.0,,29.2,36,29.0,0.0,0.0,982.2,6.7,322,1,1635.0
2026-03-27T17:00,33.4,225.8,325.0,9.9,14.2,101.0,161,88,373.0,,28.6,34,27.3,0.0,0.0,981.5,11.0,337,0,850.0
2026-03-27T18:00,39.3,264.5,365.0,14.9,14.9,88.0,162,99,452.0,,28.0,35,27.1,0.0,0.0,981.8,8.3,326,0,1070.0
2026-03-27T19:00,50.9,332.5,423.0,21.8,15.9,71.0,162,117,561.0,,27.2,39,27.1,0.0,0.0,982.2,5.1,328,0,800.0
2026-03-27T20:00,60.1,392.1,535.0,26.7,16.5,57.0,163,133,639.0,,26.5,42,26.5,0.0,0.0,983.1,5.6,303,0,410.0
2026-03-27T21:00,66.6,423.8,780.0,27.8,16.2,51.0,166,141,666.0,,25.6,45,25.9,0.0,0.0,983.1,3.8,278,0,145.0
2026-03-27T22:00,71.0,430.3,1081.0,27.0,15.6,49.0,165,143,662.0,,25.2,46,25.4,0.0,0.0,983.3,3.8,273,0,140.0
2026-03-27T23:00,71.7,403.3,1238.0,25.8,14.9,47.0,161,136,631.0,,24.4,59,25.9,0.0,0.0,983.2,3.7,325,0,215.0
2026-03-28T00:00,68.9,354.8,1121.0,24.5,14.3,46.0,157,123,560.0,,23.8,57,24.7,0.0,0.0,982.8,4.1,299,0,205.0
2026-03-28T01:00,65.7,305.5,861.0,22.9,13.7,45.0,154,109,461.0,,23.1,58,23.9,0.0,0.0,982.0,4.4,277,0,140.0
2026-03-28T02:00,62.6,261.7,656.0,22.1,13.6,44.0,152,98,376.0,,22.4,61,23.1,0.0,0.0,981.6,4.9,270,0,95.0
2026-03-28T03:00,60.5,232.4,577.0,22.9,14.0,39.0,150,90,322.0,,21.6,64,22.3,0.0,0.0,981.1,5.6,266,0,110.0
2026-03-28T04:00,60.1,212.3,554.0,24.5,14.9,34.0,148,85,282.0,,20.8,67,21.5,0.0,0.0,980.7,5.8,254,0,100.0
2026-03-28T05:00,61.5,258.9,574.0,18.6,15.0,47.0,145,97,372.0,,20.9,71,21.8,0.0,0.0,980.9,6.1,284,3,105.0
2026-03-28T06:00,60.1,208.2,677.0,21.5,17.4,51.0,144,84,322.0,,21.0,70,22.2,0.0,0.0,981.7,4.3,285,0,100.0
2026-03-28T07:00,61.5,173.7,824.0,25.1,20.8,57.0,143,74,252.0,,22.1,65,23.3,0.0,0.0,982.2,3.5,255,0,110.0
2026-03-28T08:00,56.6,160.7,883.0,26.0,23.5,71.0,143,71,196.0,,24.7,54,25.7,0.0,0.0,983.0,3.4,252,1,250.0
2026-03-28T09:00,36.9,112.0,769.0,21.3,25.2,99.0,142,58,165.0,,27.1,44,27.7,0.0,0.0,983.6,4.0,267,1,960.0
2026-03-28T10:00,27.1,90.6,568.0,13.8,26.2,134.0,141,67,148.0,,28.8,38,30.2,0.0,0.0,983.3,2.3,288,2,1115.0
2026-03-28T11:00,27.5,103.4,407.0,8.0,26.2,160.0,139,80,146.0,,30.3,34,32.1,0.0,0.0,983.0,4.4,282,3,1495.0
2026-03-28T12:00,28.7,117.1,335.0,5.5,24.7,171.0,137,91,167.0,,31.8,30,33.2,0.0,0.0,982.5,5.6,287,3,1850.0
2026-03-28T13:00,29.6,129.9,302.0,4.6,22.2,174.0,138,94,203.0,,32.7,28,33.7,0.0,0.0,981.7,7.9,287,3,2220.0
2026-03-28T14:00,31.4,151.3,288.0,4.8,20.2,172.0,138,92,233.0,,33.0,26,33.0,0.0,0.0,980.7,9.4,288,3,2300.0
2026-03-28T15:00,31.4,168.1,277.0,4.7,19.0,167.0,139,87,251.0,,32.9,25,31.8,0.0,0.0,980.2,11.0,285,3,2235.0
2026-03-28T16:00,32.2,174.6,284.0,5.7,18.3,157.0,141,79,264.0,,32.3,26,31.0,0.0,0.0,979.6,9.2,291,3,2020.0
2026-03-28T17:00,25.6,132.2,335.0,11.6,16.2,125.0,141,63,207.0,,31.8,23,30.2,0.0,0.0,979.6,7.5,297,3,1960.0
2026-03-28T18:00,33.4,136.9,449.0,27.5,21.8,104.0,139,65,201.0,,30.9,26,29.8,0.0,0.0,980.0,6.0,299,1,1275.0
2026-03-28T19:00,45.9,137.4,607.0,49.6,29.6,74.0,136,65,193.0,,29.6,31,29.4,0.0,0.0,980.4,3.1,3,3,465.0
2026-03-28T20:00,57.9,156.9,775.0,66.9,36.1,50.0,134,70,189.0,,29.0,33,28.8,0.0,0.0,980.8,3.2,87,3,305.0
2026-03-28T21:00,67.8,164.4,995.0,75.9,40.7,36.0,134,72,194.0,,28.1,35,27.7,0.0,0.0,981.2,4.9,118,0,200.0
2026-03-28T22:00,72.2,163.4,1225.0,80.0,44.0,26.0,134,72,203.0,,26.8,40,26.7,0.0,0.0,980.9,4.3,123,1,125.0
2026-03-28T23:00,75.4,183.0,1309.0,78.7,44.5,23.0,134,77,204.0,,26.0,47,26.4,0.0,0.0,981.1,6.2,116,3,120.0
2026-03-29T00:00,68.7,190.5,1117.0,68.8,40.0,28.0,134,79,191.0,,25.2,50,25.4,0.0,0.0,980.8,7.1,99,3,145.0
2026-03-29T01:00,61.5,167.2,778.0,53.5,32.7,39.0,134,73,171.0,,24.2,55,24.7,0.0,0.0,980.8,7.3,147,0,165.0
2026-03-29T02:00,59.5,141.1,525.0,42.0,27.4,47.0,134,66,154.0,,23.5,59,24.1,0.0,0.0,980.6,7.3,130,3,125.0
2026-03-29T03:00,61.0,132.7,450.0,38.4,26.2,45.0,133,66,135.0,,23.1,60,23.6,0.0,0.0,980.2,7.2,118,3,110.0
2026-03-29T04:00,63.6,128.5,461.0,38.5,27.0,39.0,133,67,120.0,,22.8,61,23.3,0.0,0.0,979.8,6.7,124,3,115.0
2026-03-29T05:00,69.2,169.5,510.0,30.2,26.5,53.0,134,73,189.0,,23.0,62,23.6,0.0,0.0,980.5,8.3,139,3,150.0
2026-03-29T06:00,72.9,229.1,625.0,30.8,27.4,64.0,135,89,250.0,,23.2,61,23.6,0.0,0.0,981.2,8.8,141,2,170.0
2026-03-29T07:00,78.2,266.4,778.0,31.3,28.7,80.0,136,99,341.0,,24.1,57,24.4,0.0,0.0,982.4,9.4,138,3,235.0
2026-03-29T08:00,81.7,319.4,842.0,29.8,30.2,102.0,138,113,456.0,,26.1,50,26.3,0.0,0.0,983.2,9.2,137,3,340.0
2026-03-29T09:00,80.8,411.6,727.0,24.5,32.3,136.0,140,138,619.0,,28.5,42,28.4,0.0,0.0,983.9,10.5,139,2,590.0
2026-03-29T10:00,87.5,508.5,522.0,17.3,34.6,176.0,145,164,805.0,,31.1,35,31.0,0.0,0.0,984.0,13.3,145,2,835.0
2026-03-29T11:00,89.4,570.0,364.0,11.5,35.1,203.0,150,180,937.0,,32.8,33,33.3,0.0,0.0,983.8,12.4,140,3,1060.0
2026-03-29T12:00,85.4,583.0,311.0,8.2,32.3,207.0,152,183,975.0,,33.0,33,34.2,0.0,0.0,983.4,8.4,130,0,1510.0
2026-03-29T13:00,77.5,532.7,305.0,6.4,27.8,198.0,154,170,958.0,,34.4,31,36.5,0.0,0.0,982.6,6.0,131,1,2735.0
2026-03-29T14:00,77.5,549.5,309.0,6.1,24.4,187.0,155,175,928.0,,34.9,29,36.4,0.0,0.0,981.7,5.1,148,3,3045.0
2026-03-29T15:00,77.3,555.1,308.0,7.0,23.2,178.0,157,176,902.0,,35.0,29,35.7,0.0,0.0,980.8,4.6,222,3,3175.0
2026-03-29T16:00,75.2,529.0,317.0,9.4,23.0,167.0,162,169,863.0,,32.8,31,33.5,0.0,0.0,980.7,3.2,289,2,1970.0
2026-03-29T17:00,70.3,457.3,341.0,21.0,29.4,151.0,170,150,759.0,,29.3,52,31.8,0.0,0.0,979.9,3.7,35,1,95.0
2026-03-29T18:00,65.7,368.8,388.0,23.5,28.8,135.0,176,126,672.0,,30.3,51,33.1,0.0,0.0,980.5,3.6,93,1,425.0
2026-03-29T19:00,64.0,302.7,449.0,26.7,27.9,114.0,181,109,552.0,,29.8,44,30.2,0.0,0.0,981.0,11.3,51,0,575.0
2026-03-29T20:00,62.6,295.2,506.0,28.6,27.0,97.0,185,107,454.0,,28.1,50,28.7,0.0,0.0,981.7,12.0,60,0,450.0
2026-03-29T21:00,61.9,304.5,564.0,27.3,26.1,90.0,187,109,401.0,,27.3,51,28.2,0.0,0.0,982.3,8.5,69,0,360.0
2026-03-29T22:00,60.3,284.1,617.0,24.6,25.2,88.0,190,104,371.0,,26.6,52,27.7,0.0,0.0,982.4,6.1,93,3,275.0
2026-03-29T23:00,58.9,242.1,632.0,23.2,25.1,85.0,193,93,354.0,,26.2,55,27.6,0.0,0.0,982.6,5.3,100,1,200.0
2026-03-30T00:00,60.8,209.1,576.0,24.7,26.2,77.0,194,84,350.0,,25.7,56,26.9,0.0,0.0,982.1,6.3,114,3,175.0
2026-03-30T01:00,67.8,227.7,482.0,27.6,28.0,69.0,195,89,359.0,,24.8,58,25.7,0.0,0.0,981.8,8.0,115,3,180.0
2026-03-30T02:00,76.6,267.3,415.0,30.2,29.5,60.0,196,99,366.0,,23.8,63,25.0,0.0,0.0,981.5,5.9,110,3,135.0
2026-03-30T03:00,84.8,318.5,389.0,31.6,30.1,51.0,198,113,373.0,,23.4,64,24.7,0.0,0.0,981.6,5.6,140,3,120.0
2026-03-30T04:00,86.6,311.1,389.0,32.6,30.5,43.0,207,111,378.0,,22.5,69,24.1,0.0,0.0,981.5,4.5,146,3,100.0
2026-03-30T05:00,112.2,467.5,435.0,27.8,31.6,56.0,217,153,676.0,,21.7,78,23.7,0.0,0.0,981.4,4.8,132,2,65.0
2026-03-30T06:00,113.4,430.3,588.0,32.1,32.7,57.0,235,143,599.0,,22.0,76,24.1,0.0,0.0,982.0,3.7,166,3,70.0
2026-03-30T07:00,113.2,353.9,787.0,37.7,34.3,59.0,247,122,497.0,,23.6,69,25.6,0.0,0.0,983.2,4.5,217,3,110.0
2026-03-30T08:00,110.6,345.5,873.0,39.3,35.5,71.0,252,120,449.0,,26.3,51,27.2,0.0,0.0,984.3,6.1,247,2,230.0
2026-03-30T09:00,106.2,366.9,737.0,33.2,36.8,105.0,254,126,487.0,,29.4,34,29.0,0.0,0.0,985.0,7.0,267,1,375.0
2026-03-30T10:00,96.9,376.3,488.0,23.2,37.8,148.0,251,128,580.0,,31.6,30,31.5,0.0,0.0,985.2,8.7,276,3,735.0
2026-03-30T11:00,84.5,448.9,298.0,14.9,35.7,171.0,243,148,709.0,,33.3,26,33.2,0.0,0.0,985.5,9.0,268,2,1880.0
2026-03-30T12:00,82.7,588.6,235.0,10.2,27.6,156.0,236,185,918.0,,34.7,21,34.9,0.0,0.0,985.0,8.7,264,3,2410.0
2026-03-30T13:00,87.8,717.1,232.0,7.2,16.5,121.0,236,219,1163.0,,31.3,30,29.7,0.2,0.2,986.2,21.8,270,51,1315.0
2026-03-30T14:00,90.1,756.2,253.0,6.1,9.0,93.0,247,230,1299.0,,31.6,28,29.5,0.0,0.0,985.1,16.7,290,3,1685.0
2026-03-30T15:00,85.4,700.4,295.0,6.3,8.4,83.0,260,215,1235.0,,29.5,38,28.3,0.0,0.0,984.6,16.4,301,3,955.0
2026-03-30T16:00,73.6,542.0,362.0,8.4,11.3,80.0,268,173,1061.0,,30.0,35,29.2,0.0,0.0,984.0,10.8,306,3,930.0
2026-03-30T17:00,47.1,212.8,432.0,23.6,11.2,57.0,269,85,317.0,,27.6,46,27.5,0.0,0.0,984.1,11.2,349,3,515.0
2026-03-30T18:00,49.9,184.9,511.0,28.7,13.1,49.0,255,77,323.0,,27.5,45,27.9,0.0,0.0,984.0,7.1,344,3,435.0
2026-03-30T19:00,59.4,243.1,593.0,35.8,15.7,37.0,244,93,330.0,,27.0,51,28.9,0.0,0.0,984.4,1.5,324,3,355.0
2026-03-30T20:00,61.0,228.2,636.0,41.7,18.2,27.0,240,89,319.0,,26.3,50,27.1,0.0,0.0,985.1,5.2,229,3,195.0
2026-03-30T21:00,58.9,203.5,617.0,45.6,20.3,21.0,236,82,273.0,,25.0,58,25.7,0.0,0.0,985.8,8.8,270,3,210.0
2026-03-30T22:00,59.3,163.9,560.0,48.3,22.2,17.0,230,72,210.0,,24.2,62,25.7,0.0,0.0,985.8,5.5,259,3,145.0
2026-03-30T23:00,65.9,153.2,494.0,49.3,23.3,14.0,223,69,165.0,,24.3,66,25.8,0.0,0.0,985.5,7.8,323,3,230.0
2026-03-31T00:00,63.6,167.2,416.0,47.4,23.2,13.0,218,73,161.0,,23.7,68,25.8,0.0,0.0,985.3,3.6,279,3,180.0
2026-03-31T01:00,60.8,172.3,329.0,43.7,22.3,14.0,215,74,175.0,,23.4,69,25.4,0.0,0.0,984.8,4.5,293,2,120.0
2026-03-31T02:00,57.4,152.3,274.0,40.9,21.6,14.0,212,69,178.0,,22.5,74,24.6,0.0,0.0,984.4,4.1,322,1,110.0
2026-03-31T03:00,54.5,122.5,259.0,40.3,21.2,11.0,205,62,154.0,,22.0,75,24.0,0.0,0.0,984.4,4.0,288,3,110.0
2026-03-31T04:00,54.6,114.3,277.0,40.5,21.0,6.0,198,62,120.0,,21.8,76,23.7,0.0,0.0,984.5,4.4,251,3,75.0
2026-03-31T05:00,50.5,134.6,342.0,34.2,20.2,16.0,194,64,157.0,,21.3,76,23.0,0.0,0.0,984.0,5.0,291,3,90.0
2026-03-31T06:00,53.9,115.7,515.0,33.8,21.2,25.0,187,62,138.0,,21.5,76,23.7,0.0,0.0,984.6,2.1,232,3,60.0
2026-03-31T07:00,60.8,103.6,736.0,33.1,22.6,37.0,180,65,113.0,,23.2,68,25.4,0.0,0.0,985.7,1.3,146,0,80.0
2026-03-31T08:00,53.2,106.2,843.0,30.6,23.9,53.0,175,62,99.0,,26.3,52,27.8,0.0,0.0,986.7,3.0,295,1,205.0
2026-03-31T09:00,44.2,105.7,725.0,24.8,25.3,74.0,170,57,102.0,,29.7,34,29.6,0.0,0.0,987.2,4.6,291,3,555.0
2026-03-31T10:00,34.3,98.3,493.0,17.3,26.6,98.0,164,54,115.0,,31.7,27,31.5,0.0,0.0,987.5,4.6,312,2,1340.0
2026-03-31T11:00,27.0,98.3,315.0,11.4,26.6,116.0,159,56,136.0,,33.4,23,34.6,0.0,0.0,986.9,1.3,82,3,2820.0
2026-03-31T12:00,26.4,115.9,262.0,8.2,24.4,125.0,153,63,169.0,,35.0,20,34.9,0.0,0.0,986.5,5.0,325,3,3365.0
2026-03-31T13:00,29.1,133.6,264.0,6.5,20.9,129.0,151,65,210.0,,32.2,25,31.4,0.0,0.0,985.8,4.3,355,3,1985.0
2026-03-31T14:00,32.5,158.3,279.0,6.1,18.1,129.0,149,70,243.0,,32.8,23,31.9,0.0,0.0,985.1,7.8,40,2,2460.0
2026-03-31T15:00,35.3,196.5,291.0,6.8,16.6,124.0,143,80,259.0,,30.8,28,30.0,0.2,0.2,985.3,5.9,194,51,1795.0
2026-03-31T16:00,37.1,227.2,316.0,8.8,15.7,116.0,138,89,267.0,,29.3,35,28.9,0.0,0.0,984.7,7.7,254,3,670.0
2026-03-31T17:00,28.2,148.1,357.0,12.8,17.3,101.0,134,67,232.0,,24.8,57,25.7,0.0,0.0,985.7,6.5,294,3,235.0
2026-03-31T18:00,35.6,194.2,413.0,18.9,17.4,85.0,132,80,295.0,,24.7,59,26.0,0.1,0.1,984.9,5.6,15,51,300.0
2026-03-31T19:00,45.3,232.4,485.0,27.2,17.4,64.0,130,90,382.0,,24.6,59,25.8,0.0,0.0,985.3,6.4,122,2,210.0
2026-03-31T20:00,53.0,283.1,585.0,32.9,17.5,48.0,129,103,442.0,,23.8,68,26.1,0.0,0.0,986.3,2.4,163,2,145.0
2026-03-31T21:00,56.1,299.0,734.0,33.5,17.6,43.0,128,108,453.0,,23.4,67,25.2,0.0,0.0,986.7,3.8,115,1,175.0
2026-03-31T22:00,55.4,267.3,910.0,31.5,17.8,44.0,128,99,438.0,,23.4,65,24.6,0.0,0.0,987.0,6.2,338,2,155.0
2026-03-31T23:00,58.6,277.5,1061.0,29.3,17.5,45.0,127,102,417.0,,23.7,66,24.2,0.0,0.0,986.4,13.0,350,3,285.0
2026-04-01T00:00,60.1,267.3,1166.0,27.6,16.5,43.0,127,99,394.0,,22.6,67,23.4,0.0,0.0,986.1,8.2,23,0,265.0
2026-04-01T01:00,58.4,234.7,1246.0,25.8,15.1,41.0,126,91,365.0,,22.1,66,22.9,0.0,0.0,985.6,7.0,21,0,240.0
2026-04-01T02:00,57.5,234.7,1312.0,24.5,14.1,39.0,126,91,334.0,,21.0,73,22.6,0.0,0.0,985.5,3.3,36,0,195.0
2026-04-01T03:00,56.3,214.2,1380.0,24.2,13.8,36.0,126,85,299.0,,20.4,75,21.8,0.0,0.0,985.6,3.6,131,0,85.0
2026-04-01T04:00,54.7,194.2,1433.0,24.5,13.8,33.0,126,80,262.0,,19.9,77,21.4,0.0,0.0,985.7,3.1,140,3,65.0
2026-04-01T05:00,61.9,183.9,1437.0,37.1,21.9,23.0,126,77,228.0,,19.6,82,21.5,0.0,0.0,985.3,2.7,53,1,105.0
2026-04-01T06:00,69.2,210.5,1372.0,37.9,25.5,30.0,127,84,223.0,,19.8,79,21.5,0.0,0.0,985.7,2.6,78,3,100.0
2026-04-01T07:00,79.2,195.6,1257.0,38.8,30.4,40.0,129,80,220.0,,21.3,70,22.8,0.0,0.0,986.4,2.8,101,3,110.0
2026-04-01T08:00,68.0,196.5,1116.0,37.2,34.5,59.0,131,80,242.0,,23.8,60,25.4,0.0,0.0,987.1,1.5,126,0,170.0
2026-04-01T09:00,65.7,226.8,932.0,31.1,37.3,93.0,132,88,315.0,,26.9,48,28.4,0.0,0.0,988.0,0.9,11,1,300.0
2026-04-01T10:00,65.7,277.5,722.0,22.6,39.1,135.0,135,102,413.0,,29.4,37,30.7,0.0,0.0,988.4,1.3,196,1,880.0
2026-04-01T11:00,67.8,317.6,561.0,15.6,39.1,166.0,138,113,478.0,,31.4,33,32.6,0.0,0.0,988.4,6.7,186,3,1355.0
2026-04-01T12:00,64.5,318.5,486.0,11.1,35.6,178.0,142,113,483.0,,32.6,29,34.1,0.0,0.0,987.7,5.4,220,3,2305.0
2026-04-01T13:00,58.9,293.4,459.0,8.1,30.1,180.0,146,106,454.0,,33.1,26,33.5,0.0,0.0,986.7,5.5,238,3,2485.0
2026-04-01T14:00,54.9,270.1,444.0,7.1,26.5,177.0,149,100,416.0,,31.5,28,31.4,0.0,0.0,986.1,2.0,135,3,2140.0
2026-04-01T15:00,51.8,239.3,421.0,8.4,26.4,172.0,150,92,370.0,,32.2,26,31.6,0.0,0.0,985.2,4.8,214,3,2220.0
2026-04-01T16:00,49.4,203.5,409.0,11.7,28.1,163.0,151,83,314.0,,31.7,28,31.4,0.0,0.0,984.4,3.8,273,3,2025.0
2026-04-01T17:00,36.4,116.4,429.0,17.7,27.3,137.0,151,69,154.0,,31.8,29,31.4,0.0,0.0,983.8,6.0,10,3,1535.0
2026-04-01T18:00,41.0,109.7,496.0,28.6,30.1,112.0,152,57,143.0,,30.0,36,29.8,0.0,0.0,984.4,7.7,18,3,515.0
2026-04-01T19:00,49.2,105.0,594.0,43.5,33.9,77.0,152,60,130.0,,28.4,42,28.9,0.0,0.0,984.9,6.3,37,3,315.0
2026-04-01T20:00,53.0,120.1,703.0,53.3,36.0,51.0,152,62,127.0,,26.9,51,28.2,0.0,0.0,985.2,4.7,47,3,230.0
2026-04-01T21:00,53.4,138.3,851.0,53.4,35.1,42.0,152,65,145.0,,26.4,51,27.5,0.0,0.0,985.7,4.8,37,2,195.0
2026-04-01T22:00,54.7,153.2,1009.0,48.3,32.4,41.0,152,69,174.0,,25.7,51,26.5,0.0,0.0,985.6,5.2,46,2,175.0
2026-04-01T23:00,54.4,158.8,1066.0,42.8,29.4,42.0,152,70,197.0,,25.7,61,27.7,0.0,0.0,985.4,4.9,33,3,145.0
2026-04-02T00:00,51.9,153.2,931.0,37.9,26.0,43.0,152,69,206.0,,25.2,63,27.2,0.0,0.0,985.1,4.4,32,2,140.0
2026-04-02T01:00,50.1,151.8,696.0,32.4,22.1,45.0,151,68,209.0,,23.9,67,25.8,0.0,0.0,984.7,4.6,45,3,140.0
2026-04-02T02:00,48.8,159.7,522.0,27.9,19.1,47.0,151,71,209.0,,23.5,65,25.0,0.0,0.0,984.6,4.9,57,3,130.0
2026-04-02T03:00,47.4,169.0,459.0,24.3,17.2,48.0,151,73,207.0,,22.8,68,24.4,0.0,0.0,984.6,4.6,36,1,120.0
2026-04-02T04:00,45.6,164.8,458.0,21.6,16.1,48.0,151,72,202.0,,22.3,68,23.9,0.0,0.0,984.5,3.5,55,2,100.0
2026-04-02T05:00,40.6,126.2,534.0,17.1,15.6,60.0,150,62,161.0,,21.7,72,23.3,0.0,0.0,984.1,4.5,50,1,95.0
2026-04-02T06:00,41.9,95.7,774.0,22.6,18.1,62.0,149,55,123.0,,21.9,71,23.5,0.0,0.0,984.7,4.1,52,2,90.0
2026-04-02T07:00,51.8,89.4,1090.0,29.8,21.8,66.0,146,61,74.0,,23.6,62,25.2,0.0,0.0,985.8,2.7,37,3,80.0
2026-04-02T08:00,48.4,75.9,1237.0,33.2,25.6,78.0,143,59,52.0,,25.9,56,27.9,0.0,0.0,986.5,1.1,180,2,110.0
2026-04-02T09:00,41.6,78.5,1050.0,29.0,30.4,104.0,141,55,87.0,,29.1,45,30.8,0.0,0.0,987.3,2.5,172,0,235.0
2026-04-02T10:00,37.3,107.6,694.0,21.0,35.4,138.0,139,69,150.0,,32.2,35,34.0,0.0,0.0,987.8,2.7,172,2,835.0
2026-04-02T11:00,36.9,137.8,415.0,14.1,37.5,164.0,136,84,195.0,,32.1,34,33.9,0.0,0.0,988.2,6.2,190,3,1305.0
2026-04-02T12:00,34.3,138.3,313.0,9.9,34.2,177.0,132,97,194.0,,33.7,27,34.1,0.0,0.0,987.1,3.7,145,3,1975.0
2026-04-02T13:00,31.9,131.3,288.0,6.9,28.0,183.0,129,103,176.0,,34.3,25,34.5,0.0,0.0,986.4,5.0,221,3,2620.0
2026-04-02T14:00,29.6,121.1,287.0,5.9,23.1,182.0,127,102,180.0,,32.3,30,32.6,0.0,0.0,986.0,3.4,238,2,1320.0
2026-04-02T15:00,28.9,109.2,290.0,6.7,20.9,173.0,124,93,238.0,,33.4,27,33.5,0.0,0.0,984.6,2.8,165,2,1830.0
2026-04-02T16:00,29.9,111.3,316.0,9.4,20.0,158.0,122,79,318.0,,33.4,27,33.3,0.0,0.0,984.1,4.5,164,2,2285.0
2026-04-02T17:00,36.6,133.6,374.0,19.0,23.6,147.0,139,74,189.0,,33.8,28,32.6,0.0,0.0,983.4,13.6,113,3,2140.0
2026-04-02T18:00,46.3,143.0,480.0,35.9,26.8,117.0,148,66,162.0,,32.5,31,32.7,0.0,0.0,983.2,4.9,51,0,270.0
2026-04-02T19:00,60.5,130.4,617.0,58.8,31.2,76.0,143,65,126.0,,31.1,34,30.7,0.0,0.0,983.1,9.1,52,0,275.0
2026-04-02T20:00,69.2,122.9,743.0,73.7,33.9,45.0,125,70,103.0,,29.6,42,30.7,0.0,0.0,983.2,4.7,83,0,165.0
2026-04-02T21:00,73.8,145.3,847.0,73.2,33.4,36.0,123,72,109.0,,28.9,42,29.6,0.0,0.0,983.8,5.5,122,0,145.0
2026-04-02T22:00,72.6,155.1,941.0,64.7,31.2,38.0,125,71,128.0,,27.1,57,29.4,0.0,0.0,984.3,3.5,105,0,115.0
2026-04-02T23:00,67.5,141.1,1016.0,56.3,28.8,40.0,127,69,141.0,,26.7,55,28.4,0.0,0.0,983.8,5.0,92,0,75.0
2026-04-03T00:00,61.2,124.8,1069.0,50.2,26.2,40.0,128,66,137.0,,26.0,57,27.5,0.0,0.0,983.6,5.7,127,0,100.0
2026-04-03T01:00,58.4,119.2,1103.0,44.2,23.4,42.0,129,64,126.0,,25.0,62,26.9,0.0,0.0,983.2,4.1,151,3,85.0
2026-04-03T02:00,57.4,119.0,1120.0,39.6,21.4,42.0,130,64,117.0,,24.7,61,26.5,0.0,0.0,983.0,3.2,223,3,90.0
2026-04-03T03:00,57.5,125.3,1131.0,37.3,20.6,40.0,131,64,99.0,,24.8,60,26.7,0.0,0.0,983.2,1.9,209,3,85.0
2026-04-03T04:00,56.6,119.0,1124.0,36.3,20.5,36.0,132,63,84.0,,24.0,60,25.4,0.0,0.0,983.0,4.0,275,3,100.0
2026-04-03T05:00,128.1,856.8,1064.0,15.9,14.9,64.0,133,256,1393.0,,23.2,67,23.4,0.0,0.0,983.3,13.9,260,3,375.0
2026-04-03T06:00,157.9,1076.6,912.0,16.3,14.7,64.0,142,315,1514.0,,22.6,62,22.2,0.0,0.0,984.5,14.6,266,3,405.0
2026-04-03T07:00,175.6,1147.4,708.0,16.7,14.4,66.0,151,334,1670.0,,22.3,64,22.0,0.0,0.0,985.8,13.3,270,3,400.0
2026-04-03T08:00,171.4,1065.4,533.0,16.2,14.7,72.0,155,312,1707.0,,23.5,62,23.7,0.0,0.0,986.7,11.6,282,3,420.0
2026-04-03T09:00,154.1,979.8,414.0,13.8,16.3,88.0,161,289,1516.0,,25.7,55,26.1,0.0,0.0,987.7,11.5,284,2,585.0
2026-04-03T10:00,124.3,752.5,324.0,10.4,18.5,109.0,180,229,1207.0,,27.8,45,27.4,0.0,0.0,987.9,14.7,289,3,835.0
2026-04-03T11:00,98.7,590.5,266.0,7.7,19.5,125.0,193,185,954.0,,29.3,41,29.7,0.0,0.0,987.9,11.9,297,2,870.0
2026-04-03T12:00,82.0,510.4,246.0,5.9,18.0,132.0,208,164,834.0,,30.1,39,30.7,0.0,0.0,987.3,10.0,296,3,1025.0
2026-04-03T13:00,70.5,470.3,257.0,4.6,15.3,135.0,230,153,771.0,,31.3,37,33.1,0.0,0.0,986.1,6.9,321,3,1610.0
2026-04-03T14:00,61.5,424.7,283.0,4.9,13.4,132.0,251,141,708.0,,32.1,33,33.0,0.0,0.0,985.0,6.3,288,3,2270.0
2026-04-03T15:00,53.4,389.3,322.0,6.9,12.9,123.0,269,132,620.0,,27.5,49,28.0,0.0,0.0,985.9,9.3,302,3,595.0
2026-04-03T16:00,44.4,309.2,377.0,10.5,13.1,110.0,285,110,533.0,,27.7,47,28.7,0.0,0.0,985.0,5.3,350,3,530.0
2026-04-03T17:00,78.7,551.3,436.0,18.7,18.1,85.0,297,175,921.0,,28.3,41,27.3,0.0,0.0,983.7,15.3,288,3,575.0
2026-04-03T18:00,83.1,502.9,505.0,18.4,16.5,80.0,319,162,881.0,,25.8,53,26.2,0.0,0.0,984.6,10.0,319,3,340.0
2026-04-03T19:00,73.3,380.0,579.0,18.1,14.3,72.0,338,129,819.0,,25.3,55,25.7,0.0,0.0,986.0,10.0,277,3,410.0
2026-04-03T20:00,63.3,446.1,635.0,18.3,12.8,65.0,351,147,728.0,,23.6,58,22.9,0.0,0.0,987.7,15.5,260,3,480.0
2026-04-03T21:00,44.6,278.5,673.0,19.1,12.5,60.0,368,102,584.0,,23.3,60,24.3,0.4,0.4,986.5,4.2,301,51,165.0
2026-04-03T22:00,41.6,222.1,693.0,20.4,12.9,55.0,375,87,410.0,,22.6,63,23.5,0.0,0.0,987.1,5.5,287,3,165.0
2026-04-03T23:00,40.9,186.7,674.0,22.2,13.5,50.0,378,78,276.0,,22.8,72,24.6,0.0,0.0,987.1,6.0,33,3,230.0
2026-04-04T00:00,41.2,146.7,583.0,25.2,14.2,43.0,381,67,211.0,,22.6,76,24.7,0.0,0.0,986.5,6.0,10,3,205.0
2026-04-04T01:00,44.2,133.2,453.0,28.8,15.1,35.0,382,64,184.0,,22.4,75,24.2,0.0,0.0,985.5,6.5,2,3,255.0
2026-04-04T02:00,44.5,136.4,361.0,30.7,15.7,30.0,382,64,173.0,,22.1,73,23.6,0.0,0.0,985.1,6.3,24,3,330.0
2026-04-04T03:00,44.4,157.9,334.0,29.1,15.5,29.0,383,70,177.0,,21.3,79,23.5,0.0,0.0,985.1,3.5,28,3,290.0
2026-04-04T04:00,44.6,166.2,344.0,25.9,14.9,29.0,385,72,197.0,,21.2,81,23.7,0.0,0.0,985.1,2.2,355,3,160.0
2026-04-04T05:00,42.8,252.4,386.0,14.9,11.8,51.0,388,95,394.0,,21.4,83,23.6,0.0,0.0,984.8,5.4,274,3,170.0
2026-04-04T06:00,40.9,213.3,493.0,18.2,12.1,47.0,356,85,344.0,,21.3,83,23.4,0.0,0.0,985.8,6.2,287,3,175.0
2026-04-04T07:00,38.5,165.3,630.0,22.5,12.7,43.0,311,72,278.0,,22.1,79,24.3,0.0,0.0,986.1,5.6,303,3,180.0
2026-04-04T08:00,39.0,166.7,690.0,24.4,13.8,44.0,254,72,242.0,,23.8,69,26.0,0.0,0.0,986.7,3.7,325,3,215.0
2026-04-04T09:00,41.2,197.9,596.0,21.8,16.1,56.0,201,81,268.0,,25.9,56,27.4,0.0,0.0,987.1,5.2,335,3,455.0
2026-04-04T10:00,40.9,225.4,423.0,16.9,18.9,74.0,184,88,325.0,,27.4,41,27.4,0.0,0.0,987.7,6.2,327,3,850.0
2026-04-04T11:00,38.9,231.9,294.0,12.5,20.5,90.0,173,90,370.0,,29.7,35,29.9,0.0,0.0,987.3,9.1,308,3,1265.0
2026-04-04T12:00,35.7,207.7,258.0,9.2,19.7,104.0,166,83,388.0,,30.3,35,31.8,0.0,0.0,986.4,6.0,319,3,1355.0
2026-04-04T13:00,39.6,248.7,266.0,6.5,17.5,116.0,159,94,394.0,,29.9,37,32.3,1.0,1.0,986.1,2.9,30,55,1705.0
2026-04-04T14:00,39.6,241.2,283.0,5.6,15.9,122.0,155,92,388.0,,24.2,62,25.3,1.3,1.3,986.7,7.1,246,61,490.0
2026-04-04T15:00,40.0,236.6,294.0,6.3,14.9,120.0,151,91,368.0,,26.1,51,27.4,0.0,0.0,984.6,2.4,279,2,390.0
2026-04-04T16:00,40.9,246.8,316.0,8.7,14.3,112.0,148,94,337.0,,27.1,47,28.1,0.0,0.0,984.2,4.3,298,3,840.0
2026-04-04T17:00,37.8,188.1,365.0,12.0,20.3,115.0,146,78,288.0,,26.0,54,27.5,0.0,0.0,982.7,3.7,309,3,185.0
2026-04-04T18:00,45.4,181.6,459.0,25.4,23.0,95.0,139,76,276.0,,25.5,65,28.2,0.0,0.0,983.5,2.3,231,3,255.0
2026-04-04T19:00,58.8,194.6,579.0,44.2,26.9,66.0,132,80,261.0,,24.9,66,27.3,0.0,0.0,984.1,3.9,204,3,170.0
2026-04-04T20:00,66.6,203.0,689.0,59.6,30.6,43.0,128,82,257.0,,24.2,69,26.6,0.0,0.0,984.3,3.4,254,3,90.0
2026-04-04T21:00,73.3,214.7,805.0,68.9,34.1,30.0,123,85,275.0,,23.3,73,25.9,0.0,0.0,984.4,3.0,284,3,40.0
2026-04-04T22:00,82.2,237.0,910.0,74.8,37.5,21.0,122,91,305.0,,22.8,73,24.8,0.0,0.0,984.6,4.5,175,3,55.0
2026-04-04T23:00,94.3,267.3,916.0,77.6,39.4,16.0,126,99,324.0,,22.3,77,24.6,0.0,0.0,983.9,3.9,257,1,30.0
2026-04-05T00:00,101.7,289.6,734.0,76.6,39.1,13.0,132,105,325.0,,22.9,66,23.7,0.0,0.0,984.3,9.3,311,3,190.0
2026-04-05T01:00,102.0,284.1,454.0,72.5,37.2,13.0,138,104,316.0,,21.8,70,23.3,0.0,0.0,984.3,4.1,347,3,195.0
2026-04-05T02:00,94.1,256.1,256.0,67.0,34.9,15.0,144,96,302.0,,21.4,68,22.5,0.0,0.0,983.8,3.8,275,1,165.0
2026-04-05T03:00,83.1,227.2,219.0,60.0,32.0,18.0,149,89,284.0,,20.7,69,21.5,0.0,0.0,983.7,4.8,301,1,150.0
2026-04-05T04:00,72.9,204.0,264.0,51.6,28.5,23.0,151,82,262.0,,19.8,74,20.8,0.0,0.0,984.0,4.5,337,0,195.0
2026-04-05T05:00,56.3,190.5,335.0,26.2,19.6,49.0,152,79,249.0,,19.9,82,21.7,0.0,0.0,983.4,3.2,232,0,55.0
2026-04-05T06:00,59.6,173.7,444.0,25.8,21.4,54.0,152,74,248.0,,20.2,77,21.5,0.0,0.0,983.9,5.5,281,1,105.0
2026-04-05T07:00,60.3,152.3,579.0,25.0,23.9,62.0,153,69,246.0,,20.7,71,20.9,0.5,0.5,985.6,10.4,163,53,175.0
2026-04-05T08:00,57.4,192.3,651.0,23.0,25.6,74.0,153,79,253.0,,21.7,70,23.7,0.2,0.2,985.3,0.8,315,51,95.0
2026-04-05T09:00,56.7,226.3,605.0,18.8,26.0,94.0,154,88,275.0,,24.8,58,26.1,0.0,0.0,986.2,5.7,351,0,470.0
2026-04-05T10:00,50.9,223.1,496.0,13.3,25.6,118.0,154,87,305.0,,26.0,54,27.9,0.0,0.0,986.4,4.6,69,0,810.0
2026-04-05T11:00,45.3,215.6,399.0,8.9,24.1,137.0,155,85,325.0,,28.9,34,29.9,0.0,0.0,985.9,5.8,334,1,2410.0
2026-04-05T12:00,37.4,181.6,336.0,6.3,20.9,148.0,155,76,320.0,,28.8,32,28.5,0.0,0.0,985.2,6.7,301,2,2235.0
2026-04-05T13:00,33.1,171.4,285.0,4.8,16.7,154.0,155,77,305.0,,28.0,35,27.0,0.2,0.2,984.6,13.6,281,51,1395.0
2026-04-05T14:00,34.0,195.6,255.0,4.3,13.5,156.0,155,80,312.0,,28.8,31,28.5,0.0,0.0,983.6,8.0,318,0,2320.0
2026-04-05T15:00,36.0,230.5,246.0,4.3,11.9,154.0,155,89,368.0,,29.3,29,28.5,0.0,0.0,982.8,5.8,279,1,2685.0
2026-04-05T16:00,38.5,271.9,257.0,5.4,11.2,147.0,154,101,446.0,,28.7,29,27.2,0.0,0.0,982.6,8.1,282,1,2650.0
2026-04-05T17:00,34.9,250.5,295.0,9.4,11.5,139.0,154,95,418.0,,27.2,45,28.3,0.0,0.0,982.0,1.0,112,1,105.0
2026-04-05T18:00,40.5,281.3,355.0,15.0,12.7,123.0,154,103,445.0,,26.4,60,29.2,0.0,0.0,982.4,0.8,45,0,25.0
2026-04-05T19:00,47.0,287.8,442.0,22.6,14.3,100.0,154,105,489.0,,24.8,62,26.7,0.0,0.0,982.8,3.5,81,1,85.0
2026-04-05T20:00,55.9,347.4,573.0,27.4,15.5,83.0,154,121,560.0,,23.7,70,26.3,0.0,0.0,983.5,1.8,84,0,35.0
2026-04-05T21:00,73.3,497.3,804.0,26.6,15.7,77.0,153,161,696.0,,22.9,73,25.5,0.0,0.0,984.0,1.3,188,0,20.0
2026-04-05T22:00,90.8,612.8,1079.0,23.1,15.5,75.0,153,191,860.0,,22.2,74,24.5,0.0,0.0,984.2,2.5,240,0,20.0
2026-04-05T23:00,95.7,597.9,1248.0,20.3,15.2,73.0,154,187,955.0,,24.8,37,22.9,0.0,0.0,984.8,10.9,343,0,420.0
2026-04-06T00:00,94.8,542.0,1221.0,19.8,15.1,67.0,159,173,924.0,,23.5,42,22.3,0.0,0.0,984.5,7.4,347,0,270.0
2026-04-06T01:00,95.5,512.2,1089.0,20.1,14.9,61.0,164,165,824.0,,22.7,46,21.8,0.0,0.0,983.9,7.0,357,0,230.0
2026-04-06T02:00,96.2,484.3,971.0,20.5,15.0,55.0,169,157,730.0,,21.7,55,21.8,0.0,0.0,983.7,4.1,13,0,160.0
2026-04-06T03:00,95.9,452.6,892.0,20.6,15.2,49.0,174,149,674.0,,21.1,57,21.2,0.0,0.0,983.8,3.5,15,0,115.0
2026-04-06T04:00,94.3,421.9,827.0,20.7,15.5,44.0,179,141,624.0,,20.8,59,21.2,0.0,0.0,983.7,2.5,4,0,55.0
2026-04-06T05:00,100.1,461.9,821.0,28.2,18.0,35.0,183,151,680.0,,21.5,60,22.4,0.0,0.0,983.5,0.7,346,1,35.0
2026-04-06T06:00,102.7,450.8,954.0,30.0,20.8,44.0,189,148,618.0,,21.4,62,22.5,0.0,0.0,984.3,0.8,225,0,35.0
2026-04-06T07:00,105.0,336.2,1145.0,32.0,24.7,58.0,195,118,531.0,,22.7,56,23.1,0.0,0.0,985.1,4.5,233,0,80.0
2026-04-06T08:00,96.2,330.6,1196.0,31.1,27.0,76.0,198,116,443.0,,24.7,48,25.3,0.0,0.0,985.8,2.5,249,0,200.0
2026-04-06T09:00,74.0,255.2,960.0,24.3,26.7,102.0,204,96,352.0,,27.1,41,27.5,0.0,0.0,986.5,2.6,231,0,415.0
2026-04-06T10:00,43.5,169.5,584.0,14.5,24.9,133.0,206,73,260.0,,29.4,28,29.2,0.0,0.0,986.9,5.1,266,0,2535.0
2026-04-06T11:00,31.0,139.7,303.0,7.0,22.6,155.0,202,78,208.0,,30.2,21,29.1,0.0,0.0,986.8,8.1,274,0,2880.0
2026-04-06T12:00,28.5,148.5,225.0,4.0,19.6,161.0,199,81,222.0,,31.2,20,30.7,0.0,0.0,986.3,8.3,281,0,3075.0
2026-04-06T13:00,29.5,173.7,243.0,3.4,16.0,159.0,199,80,275.0,,31.7,19,30.9,0.0,0.0,985.3,9.6,287,1,3145.0
2026-04-06T14:00,31.4,198.8,268.0,3.6,13.2,154.0,199,81,324.0,,31.5,19,30.0,0.0,0.0,984.3,8.9,288,1,3110.0
2026-04-06T15:00,32.5,220.7,260.0,3.0,11.5,150.0,199,87,360.0,,31.3,20,29.5,0.0,0.0,983.2,7.6,285,0,3065.0
2026-04-06T16:00,33.4,243.1,261.0,3.3,10.6,143.0,198,93,392.0,,31.1,21,28.6,0.0,0.0,982.8,9.9,268,1,3095.0
2026-04-06T17:00,31.1,255.2,301.0,8.8,10.3,129.0,198,96,437.0,,28.7,29,25.9,0.0,0.0,982.3,17.7,225,1,625.0
2026-04-06T18:00,38.2,288.7,412.0,17.7,12.3,110.0,198,105,463.0,,26.7,34,25.2,0.0,0.0,982.8,9.4,220,1,260.0
2026-04-06T19:00,51.3,328.8,563.0,30.3,15.1,83.0,198,116,503.0,,26.5,35,25.4,0.0,0.0,983.1,7.1,236,0,110.0
2026-04-06T20:00,62.2,352.0,698.0,41.3,18.1,60.0,199,122,557.0,,25.6,37,24.3,0.0,0.0,984.0,8.5,235,0,150.0
2026-04-06T21:00,71.9,381.8,790.0,49.3,21.5,46.0,199,130,638.0,,24.3,41,23.7,0.0,0.0,984.8,4.8,243,0,125.0
2026-04-06T22:00,82.2,446.1,866.0,55.8,25.0,36.0,197,147,733.0,,23.8,41,22.9,0.0,0.0,984.8,5.7,259,0,125.0
2026-04-06T23:00,92.2,516.0,947.0,60.3,27.4,29.0,193,166,807.0,,23.7,43,22.4,0.0,0.0,984.9,9.6,273,1,155.0
2026-04-07T00:00,98.5,560.7,1055.0,62.0,27.7,24.0,191,178,851.0,,23.6,46,22.4,0.0,0.0,984.9,10.1,270,3,140.0
2026-04-07T01:00,100.1,570.0,1168.0,61.9,26.8,21.0,192,180,873.0,,23.8,46,23.4,0.0,0.0,984.4,6.0,350,3,135.0
2026-04-07T02:00,101.0,558.8,1248.0,61.9,26.4,18.0,193,177,867.0,,23.0,47,22.1,0.0,0.0,984.2,8.0,18,0,220.0
2026-04-07T03:00,102.0,551.3,1282.0,63.8,27.0,12.0,195,175,822.0,,22.0,49,21.3,0.0,0.0,983.9,6.9,31,1,180.0
2026-04-07T04:00,102.7,534.6,1282.0,65.9,28.1,7.0,197,171,749.0,,21.2,57,21.2,0.0,0.0,982.9,4.9,51,0,100.0
2026-04-07T05:00,49.5,236.1,1244.0,16.4,13.6,66.0,199,91,352.0,,20.5,59,20.6,0.0,0.0,983.3,3.8,95,2,120.0
2026-04-07T06:00,49.2,231.0,1161.0,19.8,15.2,66.0,194,90,431.0,,20.8,57,20.0,0.0,0.0,983.7,9.6,107,2,130.0
2026-04-07T07:00,60.3,303.6,1040.0,24.2,17.6,67.0,190,109,544.0,,21.4,56,20.7,0.0,0.0,984.3,9.7,130,3,235.0
2026-04-07T08:00,75.7,421.9,894.0,26.2,20.2,75.0,189,141,660.0,,24.0,47,23.4,0.0,0.0,984.5,7.8,122,3,320.0
2026-04-07T09:00,85.9,523.4,702.0,23.2,23.6,97.0,191,168,789.0,,27.1,38,25.9,0.0,0.0,985.4,10.8,144,3,660.0
2026-04-07T10:00,90.3,597.9,486.0,17.8,27.2,126.0,197,187,921.0,,28.8,32,26.9,0.0,0.0,985.2,13.8,144,3,1405.0
2026-04-07T11:00,84.5,596.0,324.0,13.5,28.8,146.0,216,187,988.0,,28.4,33,26.3,0.0,0.0,985.1,15.5,132,3,1485.0
2026-04-07T12:00,72.4,543.9,249.0,11.6,26.3,148.0,243,173,936.0,,28.4,35,27.2,0.2,0.2,984.8,14.7,112,51,1750.0
2026-04-07T13:00,74.7,573.7,228.0,11.0,21.7,141.0,266,181,819.0,,25.9,41,24.5,0.4,0.4,984.4,12.8,202,51,1010.0
2026-04-07T14:00,68.9,451.7,243.0,11.4,18.9,134.0,290,148,736.0,,25.6,43,26.0,0.2,0.2,983.8,0.8,207,51,1460.0
2026-04-07T15:00,72.6,495.5,304.0,13.0,19.8,133.0,305,160,752.0,,23.0,56,23.4,1.3,1.3,983.1,5.1,8,61,765.0
2026-04-07T16:00,74.7,523.4,401.0,15.8,22.5,133.0,319,168,801.0,,21.7,69,23.5,0.8,0.8,982.6,0.8,135,53,375.0
2026-04-07T17:00,82.0,510.4,481.0,25.2,31.8,113.0,333,164,812.0,,22.2,66,22.6,0.4,0.4,981.1,9.6,87,51,365.0
2026-04-07T18:00,86.4,504.8,526.0,28.4,30.4,104.0,347,163,746.0,,21.1,72,21.7,0.0,0.0,981.7,9.3,75,0,380.0
2026-04-07T19:00,85.4,453.6,555.0,32.5,28.4,92.0,358,149,654.0,,20.2,73,20.4,0.0,0.0,982.1,10.2,81,2,380.0
2026-04-07T20:00,77.5,389.3,572.0,33.7,26.3,85.0,364,132,587.0,,19.7,71,19.5,0.2,0.2,982.3,11.2,75,51,365.0
2026-04-07T21:00,71.5,396.7,584.0,28.9,23.8,89.0,366,134,579.0,,18.2,85,18.9,2.1,2.1,984.5,7.5,200,61,95.0
2026-04-07T22:00,65.2,391.2,583.0,21.1,21.1,98.0,367,132,594.0,,18.1,88,19.0,1.9,1.9,982.9,7.7,108,61,315.0
2026-04-07T23:00,60.8,366.0,552.0,15.7,19.3,103.0,364,126,576.0,,18.0,90,18.8,0.9,0.9,981.5,9.9,99,53,215.0
2026-04-08T00:00,51.5,228.6,461.0,15.4,19.1,98.0,357,89,487.0,,17.7,90,18.9,0.0,0.0,982.3,6.4,122,3,200.0
2026-04-08T01:00,54.6,238.4,340.0,17.4,19.8,88.0,339,92,364.0,,17.8,90,18.8,0.1,0.1,982.5,7.5,200,51,205.0
2026-04-08T02:00,52.4,195.1,255.0,18.9,19.8,80.0,322,80,265.0,,17.0,89,17.0,0.6,0.6,981.7,11.9,157,53,285.0
2026-04-08T03:00,48.0,165.3,236.0,18.5,18.0,76.0,303,72,213.0,,17.3,92,18.0,0.2,0.2,981.0,9.0,92,51,250.0
2026-04-08T04:00,45.1,149.0,253.0,17.6,15.7,73.0,280,68,184.0,,17.2,93,18.9,0.0,0.0,981.2,2.3,231,0,125.0
2026-04-08T05:00,63.6,169.0,290.0,25.8,19.8,44.0,258,73,195.0,,17.2,98,18.7,0.0,0.0,981.6,6.3,198,3,325.0
2026-04-08T06:00,59.8,162.1,361.0,25.6,22.9,47.0,254,71,182.0,,17.1,91,17.7,0.9,0.9,983.0,8.1,276,53,155.0
2026-04-08T07:00,55.5,143.4,452.0,25.1,27.3,53.0,249,66,164.0,,17.8,88,18.4,0.4,0.4,983.5,8.6,323,51,280.0
2026-04-08T08:00,48.2,129.9,500.0,23.6,30.7,65.0,240,63,151.0,,18.5,86,19.9,0.2,0.2,983.8,5.1,354,51,355.0
2026-04-08T09:00,44.7,135.5,464.0,20.2,32.7,88.0,223,64,149.0,,20.6,73,21.6,0.0,0.0,984.5,5.6,343,1,820.0
2026-04-08T10:00,42.5,128.5,387.0,15.8,33.9,117.0,200,62,152.0,,22.0,64,23.5,0.1,0.1,984.9,4.8,48,51,1000.0
2026-04-08T11:00,44.7,125.7,331.0,12.1,33.5,141.0,190,71,152.0,,23.2,56,26.1,0.2,0.2,984.7,1.3,124,51,1320.0
2026-04-08T12:00,43.4,120.1,327.0,9.5,30.5,158.0,180,79,145.0,,24.4,55,27.2,0.0,0.0,984.9,1.3,360,1,1600.0
2026-04-08T13:00,39.1,111.3,345.0,7.7,26.1,170.0,171,90,136.0,,25.1,52,27.8,0.0,0.0,984.6,2.6,348,1,1970.0
2026-04-08T14:00,37.0,104.8,361.0,7.2,22.8,176.0,162,96,130.0,,25.5,48,27.1,0.0,0.0,983.9,4.6,291,0,1950.0
2026-04-08T15:00,36.8,104.1,365.0,8.6,22.2,176.0,155,96,120.0,,25.3,48,25.8,0.0,0.0,983.6,5.0,305,1,1740.0
2026-04-08T16:00,37.5,116.4,366.0,11.4,22.9,170.0,151,90,115.0,,25.2,48,25.5,0.2,0.2,983.5,5.4,304,51,1765.0
2026-04-08T17:00,44.5,170.9,369.0,13.6,16.2,121.0,150,74,238.0,,22.3,60,22.7,1.2,1.2,984.1,6.3,182,55,215.0
2026-04-08T18:00,39.0,85.9,373.0,18.5,17.9,107.0,146,54,198.0,,21.8,66,22.6,0.0,0.0,984.5,6.7,63,0,190.0
2026-04-08T19:00,39.2,59.8,379.0,25.1,20.1,89.0,141,54,142.0,,20.6,68,20.3,0.0,0.0,984.8,11.8,111,0,350.0
2026-04-08T20:00,41.6,93.8,392.0,29.5,21.3,74.0,136,55,98.0,,19.8,68,19.4,0.0,0.0,985.7,10.9,98,0,260.0
2026-04-08T21:00,42.8,94.1,424.0,29.6,20.5,68.0,133,56,78.0,,19.1,72,19.0,0.0,0.0,986.1,9.1,104,0,220.0
2026-04-08T22:00,44.0,89.6,463.0,27.4,18.7,66.0,130,57,70.0,,18.7,75,18.7,0.0,0.0,986.2,9.3,114,0,235.0
2026-04-08T23:00,44.8,78.9,483.0,25.3,17.2,64.0,128,57,63.0,,19.3,82,20.1,0.0,0.0,987.0,8.5,122,0,260.0
2026-04-09T00:00,45.1,70.1,461.0,23.9,16.3,61.0,126,57,52.0,,18.8,80,19.3,0.0,0.0,986.9,8.9,115,0,210.0
2026-04-09T01:00,46.0,68.5,420.0,22.6,15.6,58.0,125,58,42.0,,18.3,81,18.7,0.0,0.0,986.7,8.5,108,0,225.0
2026-04-09T02:00,47.3,66.1,396.0,21.8,15.3,55.0,124,58,35.0,,17.7,84,18.1,0.0,0.0,986.5,8.9,108,0,250.0
2026-04-09T03:00,48.1,65.0,404.0,21.8,15.3,50.0,124,59,33.0,,17.2,90,17.8,0.0,0.0,986.5,8.8,118,0,225.0
2026-04-09T04:00,48.9,66.4,429.0,22.2,15.6,46.0,124,59,34.0,,16.8,94,17.8,0.0,0.0,986.8,6.7,99,0,200.0
2026-04-09T05:00,47.3,116.4,470.0,16.7,14.7,54.0,124,59,128.0,,16.1,94,17.0,0.0,0.0,987.1,5.2,121,0,145.0
2026-04-09T06:00,48.8,101.0,544.0,18.3,16.2,59.0,122,59,112.0,,16.9,93,18.0,0.0,0.0,987.8,5.9,113,0,175.0
2026-04-09T07:00,51.5,92.4,634.0,20.4,18.6,67.0,121,61,91.0,,17.9,91,19.4,0.0,0.0,988.8,4.7,106,1,195.0
2026-04-09T08:00,53.3,102.0,681.0,21.3,22.9,83.0,121,62,91.0,,19.5,84,21.2,0.0,0.0,989.6,4.5,104,0,265.0
2026-04-09T09:00,58.8,121.5,652.0,20.0,32.0,115.0,121,64,129.0,,21.7,76,23.8,0.0,0.0,990.1,3.6,96,0,360.0
2026-04-09T10:00,59.6,149.0,580.0,17.5,42.9,154.0,123,77,188.0,,23.8,67,27.1,0.0,0.0,990.3,2.5,82,0,610.0
2026-04-09T11:00,55.4,182.1,508.0,14.7,47.9,183.0,125,103,240.0,,26.2,46,29.0,0.0,0.0,990.0,1.7,328,1,2330.0
2026-04-09T12:00,45.4,189.5,441.0,11.1,41.5,192.0,126,112,272.0,,27.5,35,28.1,0.0,0.0,989.7,6.4,313,1,2370.0
2026-04-09T13:00,44.6,204.0,374.0,7.1,29.1,190.0,126,110,299.0,,28.2,26,27.7,0.0,0.0,988.9,7.5,320,0,2425.0
2026-04-09T14:00,44.5,218.9,328.0,5.1,19.4,183.0,127,103,331.0,,28.7,25,27.5,0.0,0.0,987.9,8.9,310,0,2630.0
2026-04-09T15:00,43.2,231.0,300.0,5.8,15.8,174.0,127,94,379.0,,28.7,23,26.5,0.0,0.0,987.4,11.1,302,0,2675.0
2026-04-09T16:00,43.4,254.3,294.0,8.6,14.9,161.0,138,96,434.0,,28.2,23,25.2,0.0,0.0,986.9,12.4,303,0,2515.0
2026-04-09T17:00,36.1,204.9,338.0,14.4,15.2,146.0,153,83,322.0,,28.1,31,27.2,0.0,0.0,986.7,4.9,4,1,2915.0
2026-04-09T18:00,44.5,223.1,486.0,22.1,16.6,125.0,158,87,345.0,,25.8,51,26.9,0.0,0.0,987.2,3.1,315,0,90.0
2026-04-09T19:00,51.8,244.0,685.0,32.5,18.6,97.0,153,93,378.0,,24.8,52,25.8,0.0,0.0,987.5,2.2,76,0,30.0
2026-04-09T20:00,57.9,283.1,806.0,39.0,19.8,76.0,136,103,424.0,,24.0,54,25.0,0.0,0.0,988.4,2.1,31,0,30.0
2026-04-09T21:00,63.6,335.3,780.0,38.0,19.7,69.0,131,117,495.0,,23.1,55,23.9,0.0,0.0,988.8,2.2,270,0,30.0
2026-04-09T22:00,69.8,381.8,676.0,33.0,19.0,70.0,134,130,577.0,,22.3,49,20.8,0.0,0.0,989.5,11.9,358,0,385.0
2026-04-09T23:00,74.7,411.6,578.0,27.8,18.2,71.0,136,138,631.0,,21.6,55,21.2,0.0,0.0,989.8,6.8,27,0,245.0
2026-04-10T00:00,76.8,414.4,506.0,23.4,17.6,72.0,139,139,628.0,,20.0,63,20.1,0.0,0.0,989.6,5.4,4,0,145.0
2026-04-10T01:00,78.0,399.5,440.0,18.8,17.0,74.0,143,135,596.0,,19.5,64,19.5,0.0,0.0,989.3,5.4,346,0,150.0
2026-04-10T02:00,78.9,390.2,396.0,15.3,16.7,75.0,146,132,577.0,,19.0,66,19.0,0.0,0.0,989.2,5.6,331,0,165.0
2026-04-10T03:00,79.9,390.2,382.0,13.2,16.9,75.0,149,132,588.0,,18.4,69,18.4,0.0,0.0,988.9,5.2,316,0,120.0
2026-04-10T04:00,81.0,407.0,391.0,12.2,17.4,74.0,151,137,612.0,,17.8,69,17.6,0.0,0.0,988.7,6.1,300,0,110.0
2026-04-10T05:00,84.8,476.8,418.0,12.8,23.4,78.0,152,155,728.0,,18.0,70,17.5,0.0,0.0,988.6,8.4,295,0,160.0
2026-04-10T06:00,86.1,466.6,486.0,14.5,23.6,81.0,156,152,727.0,,18.2,69,17.5,0.0,0.0,989.2,9.5,299,0,245.0
2026-04-10T07:00,90.1,430.3,573.0,16.7,23.6,85.0,164,143,732.0,,19.2,66,18.8,0.0,0.0,990.0,8.1,291,0,340.0
2026-04-10T08:00,91.3,502.9,604.0,17.1,22.7,94.0,171,162,773.0,,21.1,59,20.6,0.0,0.0,990.6,9.4,294,0,540.0
2026-04-10T09:00,80.3,478.7,527.0,13.8,19.9,112.0,179,156,851.0,,23.5,49,22.4,0.0,0.0,990.7,11.5,300,0,885.0
2026-04-10T10:00,76.4,527.1,395.0,8.6,16.0,133.0,186,169,965.0,,25.5,40,24.5,0.0,0.0,990.7,14.7,306,0,1085.0
2026-04-10T11:00,86.1,687.3,294.0,4.7,12.9,150.0,194,211,1152.0,,27.9,33,27.4,0.0,0.0,989.9,14.6,303,0,1255.0
2026-04-10T12:00,103.4,890.3,261.0,3.3,11.1,157.0,214,265,1480.0,,29.4,28,28.6,0.0,0.0,989.7,16.5,303,0,1535.0
2026-04-10T13:00,122.5,1091.5,258.0,3.2,10.0,158.0,256,319,1879.0,,30.4,25,29.1,0.0,0.0,988.8,17.7,300,0,1975.0
2026-04-10T14:00,140.2,1262.9,263.0,4.0,9.4,157.0,307,365,2181.0,,31.0,22,28.8,0.0,0.0,987.7,18.6,298,0,2110.0
2026-04-10T15:00,153.7,1382.1,264.0,6.2,9.3,153.0,362,397,2305.0,,31.2,21,28.0,0.0,0.0,986.9,19.4,299,0,2140.0
2026-04-10T16:00,160.7,1408.2,272.0,9.3,9.8,145.0,417,404,2331.0,,31.0,20,26.9,0.0,0.0,986.2,19.9,302,0,1980.0
2026-04-10T17:00,138.8,1173.5,295.0,12.2,9.4,139.0,465,341,2007.0,,31.2,18,27.0,0.0,0.0,986.0,19.0,298,0,2100.0
2026-04-10T18:00,149.9,1210.7,349.0,13.8,10.5,132.0,506,351,2027.0,,29.9,20,26.3,0.0,0.0,986.2,15.3,294,0,1720.0
2026-04-10T19:00,158.3,1218.2,417.0,15.9,12.0,122.0,547,353,2046.0,,28.3,24,25.3,0.0,0.0,986.4,12.8,292,0,940.0
2026-04-10T20:00,162.5,1207.0,457.0,17.1,13.2,115.0,588,350,2002.0,,26.9,28,24.1,0.0,0.0,986.8,13.6,285,0,650.0
2026-04-10T21:00,160.7,1151.1,443.0,16.6,13.9,114.0,626,335,1848.0,,26.2,31,23.3,0.0,0.0,987.3,15.3,294,0,670.0
2026-04-10T22:00,151.8,1028.2,400.0,15.3,14.4,115.0,660,302,1632.0,,25.7,32,23.0,0.0,0.0,987.5,14.6,303,0,625.0
2026-04-10T23:00,140.6,894.1,361.0,13.8,14.7,116.0,687,266,1431.0,,25.7,34,23.3,0.0,0.0,987.7,14.2,306,0,730.0
2026-04-11T00:00,130.9,789.8,333.0,12.3,14.8,115.0,707,239,1271.0,,25.1,37,22.9,0.0,0.0,987.5,13.2,310,0,640.0
2026-04-11T01:00,121.5,709.7,308.0,10.8,14.9,114.0,723,217,1126.0,,24.4,39,22.4,0.0,0.0,987.1,12.6,308,0,560.0
2026-04-11T02:00,111.5,642.6,299.0,9.8,15.1,112.0,736,199,1002.0,,23.8,41,22.0,0.0,0.0,986.7,12.2,308,0,520.0
2026-04-11T03:00,102.0,586.7,309.0,9.4,15.6,109.0,746,184,894.0,,22.8,44,21.4,0.0,0.0,986.2,9.2,317,1,365.0
2026-04-11T04:00,93.1,532.7,334.0,9.6,16.4,106.0,754,170,806.0,,22.2,46,20.8,0.0,0.0,986.0,9.4,322,1,365.0
2026-04-11T05:00,98.0,540.2,377.0,10.7,16.2,97.0,760,172,831.0,,21.9,50,20.8,0.0,0.0,985.6,9.2,325,0,340.0
2026-04-11T06:00,93.4,521.5,464.0,13.1,17.4,97.0,762,167,875.0,,21.7,52,20.7,0.0,0.0,986.4,9.6,322,0,390.0
2026-04-11T07:00,95.0,529.0,568.0,16.1,18.9,99.0,764,169,934.0,,22.9,49,22.3,0.0,0.0,987.3,7.4,311,0,375.0
2026-04-11T08:00,99.0,601.6,612.0,17.2,19.8,105.0,769,188,958.0,,25.0,43,24.2,0.0,0.0,988.2,8.7,312,0,475.0
2026-04-11T09:00,98.0,614.7,540.0,14.3,19.6,122.0,773,192,910.0,,27.5,35,26.2,0.0,0.0,988.6,10.1,325,0,950.0
2026-04-11T10:00,88.2,536.4,407.0,9.5,18.6,144.0,778,171,828.0,,29.4,30,28.6,0.0,0.0,988.3,11.3,333,1,930.0
2026-04-11T11:00,77.1,478.7,303.0,5.7,17.4,160.0,779,156,777.0,,31.1,27,30.7,0.0,0.0,988.3,11.7,313,1,1380.0
2026-04-11T12:00,74.3,495.5,264.0,4.1,15.7,166.0,770,160,794.0,,32.6,23,32.1,0.0,0.0,987.7,11.9,300,3,2280.0
2026-04-11T13:00,72.2,516.0,254.0,3.7,13.7,167.0,754,166,841.0,,32.6,22,30.5,0.0,0.0,987.1,14.3,295,1,2385.0
2026-04-11T14:00,69.4,514.1,256.0,4.0,12.1,165.0,730,165,870.0,,32.9,21,30.9,0.0,0.0,985.8,13.9,291,3,2415.0
2026-04-11T15:00,68.5,532.7,255.0,4.6,11.1,161.0,698,170,856.0,,32.7,21,30.1,0.0,0.0,984.9,12.5,277,1,2550.0
2026-04-11T16:00,68.0,542.0,266.0,6.0,10.6,153.0,663,173,823.0,,32.4,21,29.6,0.0,0.0,984.6,14.2,274,1,2385.0
2026-04-11T17:00,53.2,371.6,322.0,10.1,11.8,147.0,627,127,621.0,,32.2,19,29.1,0.0,0.0,984.1,13.4,311,1,2280.0
2026-04-11T18:00,62.9,366.9,477.0,19.6,14.6,126.0,594,126,638.0,,30.8,23,28.8,0.0,0.0,984.2,9.1,335,2,930.0
2026-04-11T19:00,75.0,368.8,677.0,32.3,18.3,96.0,558,126,663.0,,29.1,29,27.7,0.0,0.0,984.6,7.9,4,3,375.0
2026-04-11T20:00,83.6,446.1,788.0,39.4,20.4,76.0,523,147,696.0,,28.3,31,27.0,0.0,0.0,984.8,7.3,7,0,325.0
2026-04-11T21:00,94.3,579.3,723.0,35.5,19.3,73.0,491,182,757.0,,27.4,33,26.4,0.0,0.0,985.2,5.2,356,0,315.0
2026-04-11T22:00,96.9,603.5,570.0,26.0,16.6,80.0,467,189,825.0,,26.8,33,25.9,0.0,0.0,985.2,4.4,341,0,290.0
2026-04-11T23:00,89.9,530.9,453.0,18.5,14.3,84.0,450,170,843.0,,27.7,34,26.5,0.0,0.0,985.5,8.6,2,1,545.0
2026-04-12T00:00,82.0,454.5,425.0,15.7,13.2,84.0,435,149,762.0,,26.2,38,25.0,0.0,0.0,985.3,9.1,32,0,380.0
2026-04-12T01:00,74.7,390.2,434.0,15.0,12.6,82.0,421,132,630.0,,25.3,40,24.2,0.0,0.0,985.1,8.6,16,1,420.0
2026-04-12T02:00,71.5,351.1,452.0,15.7,12.6,77.0,407,122,532.0,,24.6,41,24.1,0.0,0.0,984.0,4.0,39,1,170.0
2026-04-12T03:00,75.4,361.4,467.0,18.8,13.6,66.0,394,124,509.0,,24.2,44,24.2,0.0,0.0,983.5,2.1,340,0,125.0
2026-04-12T04:00,84.1,390.2,492.0,23.5,15.2,52.0,382,132,521.0,,23.4,44,23.1,0.0,0.0,983.0,3.1,320,0,85.0
2026-04-12T05:00,61.0,272.9,530.0,22.0,15.4,64.0,375,101,399.0,,23.0,53,23.4,0.0,0.0,983.1,3.0,303,0,40.0
2026-04-12T06:00,70.3,325.0,614.0,21.5,17.3,69.0,361,115,475.0,,23.2,52,23.2,0.0,0.0,983.4,6.2,303,0,90.0
2026-04-12T07:00,81.0,355.8,711.0,20.6,19.9,77.0,351,123,579.0,,24.2,50,24.1,0.0,0.0,984.3,7.3,300,0,180.0
2026-04-12T08:00,83.4,421.0,736.0,18.5,21.4,90.0,342,140,645.0,,26.2,42,25.9,0.0,0.0,984.9,6.9,301,0,325.0
2026-04-12T09:00,72.4,380.9,618.0,14.2,20.9,112.0,332,130,620.0,,28.6,35,27.8,0.0,0.0,985.5,8.9,310,0,775.0
2026-04-12T10:00,58.1,339.9,426.0,8.7,19.2,138.0,320,119,556.0,,30.7,27,29.8,0.0,0.0,985.3,11.5,301,0,1760.0
2026-04-12T11:00,51.2,334.3,283.0,4.6,17.1,158.0,310,117,549.0,,32.2,23,31.7,0.0,0.0,984.9,12.1,293,0,2115.0
2026-04-12T12:00,52.0,379.0,243.0,3.0,14.6,165.0,302,129,642.0,,33.2,21,33.0,0.0,0.0,984.4,12.0,300,0,2435.0
2026-04-12T13:00,56.3,451.7,251.0,2.8,11.7,165.0,296,148,790.0,,33.9,20,33.3,0.0,0.0,983.6,12.8,302,0,2670.0
2026-04-12T14:00,63.3,549.5,264.0,3.3,9.5,163.0,292,175,955.0,,34.2,18,32.6,0.0,0.0,982.6,14.1,307,0,2775.0
2026-04-12T15:00,72.9,668.7,266.0,4.0,8.4,160.0,294,206,1150.0,,34.0,17,31.4,0.0,0.0,982.1,14.9,307,0,2780.0
2026-04-12T16:00,84.8,804.7,273.0,5.3,8.1,155.0,302,243,1361.0,,33.6,16,29.9,0.0,0.0,981.7,15.8,300,0,2725.0
2026-04-12T17:00,96.4,905.2,292.0,8.6,9.2,142.0,316,269,1592.0,,33.6,16,29.9,0.0,0.0,981.5,16.2,302,0,3115.0
2026-04-12T18:00,109.9,948.1,325.0,12.8,10.9,128.0,343,281,1629.0,,32.5,16,29.2,0.0,0.0,982.1,12.6,304,0,2975.0
2026-04-12T19:00,122.9,949.9,369.0,18.5,13.2,108.0,374,281,1674.0,,30.9,18,28.1,0.0,0.0,982.8,9.4,317,0,1090.0
2026-04-12T20:00,133.6,990.9,423.0,22.2,14.9,93.0,403,292,1660.0,,29.4,21,26.9,0.0,0.0,983.6,8.6,331,0,715.0
2026-04-12T21:00,137.4,979.8,504.0,22.3,15.6,88.0,426,289,1552.0,,28.0,24,26.0,0.0,0.0,984.3,6.8,357,0,475.0
2026-04-12T22:00,130.9,897.8,593.0,20.4,15.7,88.0,442,267,1385.0,,26.5,28,24.8,0.0,0.0,984.2,5.6,354,0,365.0
2026-04-12T23:00,112.7,733.9,636.0,18.2,15.5,89.0,455,224,1193.0,,26.4,30,24.5,0.0,0.0,984.7,7.8,347,0,400.0
2026-04-13T00:00,89.4,542.0,589.0,15.8,14.7,92.0,463,173,958.0,,25.4,32,23.8,0.0,0.0,984.5,6.5,337,0,350.0
2026-04-13T01:00,69.8,401.4,495.0,13.0,13.5,97.0,467,135,698.0,,24.8,33,23.2,0.0,0.0,984.1,6.7,329,0,325.0
2026-04-13T02:00,57.2,319.4,428.0,11.2,12.7,99.0,467,113,501.0,,23.9,36,22.4,0.0,0.0,983.8,6.1,337,0,290.0
2026-04-13T03:00,49.9,270.1,417.0,11.0,12.4,95.0,466,100,411.0,,23.2,37,21.7,0.0,0.0,983.5,6.2,343,0,240.0
2026-04-13T04:00,47.1,244.9,432.0,11.8,12.6,89.0,462,93,384.0,,22.5,39,21.1,0.0,0.0,983.1,5.7,347,0,195.0
2026-04-13T05:00,61.2,360.4,467.0,10.4,11.2,97.0,456,124,567.0,,21.9,55,21.8,0.0,0.0,983.3,5.5,333,0,175.0
2026-04-13T06:00,57.5,301.7,544.0,13.9,13.5,97.0,460,108,518.0,,21.8,52,21.6,0.0,0.0,984.3,4.8,299,0,145.0
2026-04-13T07:00,59.6,267.3,639.0,18.4,16.5,98.0,459,99,452.0,,23.5,46,23.0,0.0,0.0,985.2,5.8,268,0,205.0
2026-04-13T08:00,58.6,271.0,673.0,20.2,18.5,105.0,455,100,408.0,,25.5,40,24.7,0.0,0.0,985.8,6.8,270,0,365.0
2026-04-13T09:00,48.2,235.2,588.0,16.4,18.4,124.0,449,91,392.0,,27.7,34,26.8,0.0,0.0,986.4,7.1,291,0,695.0
2026-04-13T10:00,36.0,208.6,443.0,9.8,17.2,149.0,443,84,399.0,,30.0,26,29.2,0.0,0.0,986.5,9.2,303,0,1295.0
2026-04-13T11:00,38.3,269.2,329.0,4.8,15.7,168.0,437,100,450.0,,31.9,23,31.3,0.0,0.0,986.2,11.6,291,0,1815.0
2026-04-13T12:00,43.9,352.0,285.0,3.1,13.9,175.0,435,122,574.0,,33.3,19,32.5,0.0,0.0,985.8,13.2,290,0,1965.0
2026-04-13T13:00,49.4,432.1,273.0,3.0,11.8,175.0,433,143,742.0,,34.0,17,32.6,0.0,0.0,985.1,14.9,290,0,2125.0
2026-04-13T14:00,54.9,506.6,275.0,3.6,10.2,172.0,433,163,889.0,,34.4,16,32.4,0.0,0.0,984.2,14.8,286,1,2115.0
2026-04-13T15:00,60.8,579.3,283.0,4.2,9.4,168.0,431,182,1001.0,,34.5,15,31.8,0.0,0.0,983.5,14.2,285,0,2085.0
2026-04-13T16:00,65.9,633.3,305.0,5.6,9.2,162.0,427,197,1091.0,,34.1,15,30.5,0.0,0.0,983.1,14.7,287,0,2020.0
2026-04-13T17:00,59.8,577.4,345.0,9.3,10.1,155.0,420,182,1021.0,,34.6,13,30.7,0.0,0.0,982.7,14.9,285,0,2275.0
2026-04-13T18:00,68.5,596.0,421.0,14.3,11.4,138.0,406,187,1018.0,,33.2,15,30.0,0.0,0.0,983.2,10.9,279,1,2025.0
2026-04-13T19:00,75.7,592.3,514.0,21.4,13.2,114.0,390,186,1011.0,,31.4,18,28.8,0.0,0.0,983.6,7.9,269,3,360.0
2026-04-13T20:00,80.3,588.6,577.0,27.0,14.7,93.0,371,185,987.0,,30.4,19,27.8,0.0,0.0,984.2,7.7,279,3,280.0
2026-04-13T21:00,82.4,555.1,582.0,30.3,15.5,79.0,350,176,933.0,,29.6,20,26.8,0.0,0.0,985.0,9.3,286,3,320.0
2026-04-13T22:00,84.5,525.3,556.0,32.2,15.9,68.0,328,168,861.0,,28.8,19,25.8,0.0,0.0,985.1,9.2,290,1,240.0
2026-04-13T23:00,86.8,501.1,530.0,32.3,16.1,62.0,308,162,797.0,,27.0,25,25.0,0.0,0.0,985.2,5.8,353,0,210.0
2026-04-14T00:00,89.4,508.5,509.0,29.5,15.8,61.0,296,164,764.0,,25.7,29,23.9,0.0,0.0,984.8,5.3,12,0,155.0
2026-04-14T01:00,89.9,512.2,487.0,24.9,15.1,65.0,294,165,740.0,,25.0,32,23.5,0.0,0.0,984.0,5.7,18,0,195.0
2026-04-14T02:00,82.4,438.7,479.0,21.4,15.0,68.0,300,145,680.0,,23.9,39,22.9,0.0,0.0,983.5,5.0,13,0,155.0
2026-04-14T03:00,70.1,326.0,479.0,19.8,15.6,69.0,307,115,546.0,,23.3,43,22.7,0.0,0.0,983.2,4.0,360,0,110.0
2026-04-14T04:00,58.9,227.2,492.0,19.4,16.7,69.0,310,89,377.0,,23.0,44,22.5,0.0,0.0,983.0,3.8,349,0,80.0
2026-04-14T05:00,45.6,185.8,550.0,15.7,16.9,85.0,309,78,264.0,,23.0,48,22.8,0.0,0.0,982.9,3.6,342,0,75.0
2026-04-14T06:00,49.5,175.6,719.0,20.2,19.0,87.0,299,75,245.0,,23.3,47,23.4,0.0,0.0,983.6,2.2,265,0,40.0
2026-04-14T07:00,57.4,148.1,932.0,26.0,21.8,90.0,292,67,219.0,,25.7,39,25.1,0.0,0.0,984.8,5.6,276,0,75.0
2026-04-14T08:00,53.9,157.4,1018.0,28.3,24.1,102.0,285,70,196.0,,28.4,32,27.8,0.0,0.0,985.6,4.2,275,0,170.0
2026-04-14T09:00,48.9,153.2,857.0,23.5,25.6,130.0,278,69,170.0,,31.2,25,30.1,0.0,0.0,986.2,5.0,283,0,390.0
2026-04-14T10:00,39.6,128.5,570.0,15.1,26.4,166.0,273,86,147.0,,33.8,18,33.0,0.0,0.0,986.0,5.2,304,0,1250.0
2026-04-14T11:00,27.4,105.5,349.0,8.4,25.7,191.0,268,111,152.0,,35.3,14,34.5,0.0,0.0,985.7,7.8,296,0,1990.0
2026-04-14T12:00,27.7,130.9,277.0,5.3,22.4,197.0,259,117,204.0,,36.7,13,36.0,0.0,0.0,985.0,9.2,281,0,2470.0
2026-04-14T13:00,31.2,175.6,271.0,4.0,17.5,192.0,246,112,285.0,,37.3,13,36.3,0.0,0.0,984.2,11.2,272,0,3270.0
2026-04-14T14:00,32.4,217.5,279.0,3.7,13.6,184.0,230,104,366.0,,37.5,13,35.9,0.0,0.0,983.0,12.1,277,0,3960.0
2026-04-14T15:00,33.3,254.3,268.0,3.8,11.4,175.0,213,96,445.0,,37.4,13,34.9,0.0,0.0,982.3,12.4,280,1,3955.0
2026-04-14T16:00,36.2,302.7,271.0,5.1,10.1,164.0,198,109,524.0,,36.8,14,33.6,0.0,0.0,981.6,12.6,274,0,3105.0
2026-04-14T17:00,40.7,378.1,334.0,8.9,10.0,151.0,191,129,670.0,,36.6,13,33.3,0.0,0.0,981.0,12.3,282,0,2825.0
2026-04-14T18:00,53.1,434.0,526.0,17.0,12.2,129.0,187,144,747.0,,35.0,15,32.5,0.0,0.0,981.4,8.6,285,0,635.0
2026-04-14T19:00,67.3,486.2,778.0,27.8,15.1,99.0,183,158,851.0,,33.6,18,31.7,0.0,0.0,981.6,6.1,298,0,250.0
2026-04-14T20:00,79.2,545.8,925.0,34.5,17.0,78.0,181,174,912.0,,32.8,19,30.9,0.0,0.0,981.7,5.3,336,1,150.0
2026-04-14T21:00,87.1,594.2,860.0,32.9,16.9,74.0,180,186,908.0,,32.4,19,29.8,0.0,0.0,982.6,10.0,8,0,305.0
2026-04-14T22:00,87.8,584.9,690.0,27.0,15.7,78.0,181,184,860.0,,30.2,21,28.0,0.0,0.0,982.6,7.0,23,0,255.0
2026-04-14T23:00,76.6,471.2,567.0,21.9,14.8,82.0,182,154,764.0,,28.9,26,27.4,0.0,0.0,982.7,5.2,20,1,205.0
2026-04-15T00:00,60.3,323.2,557.0,19.1,14.2,85.0,182,114,581.0,,27.5,28,26.3,0.0,0.0,982.2,4.1,34,1,140.0
2026-04-15T01:00,46.6,207.7,593.0,17.2,13.8,87.0,178,83,349.0,,26.9,30,25.7,0.0,0.0,981.5,4.0,21,0,140.0
2026-04-15T02:00,36.9,129.5,635.0,16.5,14.3,89.0,172,63,176.0,,26.0,31,24.7,0.0,0.0,980.9,4.3,358,0,135.0
2026-04-15T03:00,32.4,101.3,663.0,17.4,16.0,87.0,165,55,115.0,,25.1,33,23.7,0.0,0.0,980.6,5.2,348,0,130.0
2026-04-15T04:00,31.2,94.1,696.0,19.6,18.6,84.0,160,53,112.0,,24.2,35,22.8,0.0,0.0,980.5,5.0,341,0,110.0
2026-04-15T05:00,35.5,113.9,746.0,19.3,17.1,82.0,158,58,148.0,,24.0,43,23.6,0.0,0.0,980.5,3.8,311,0,70.0
2026-04-15T06:00,42.0,122.5,859.0,23.4,20.5,88.0,156,61,137.0,,23.7,43,23.2,0.0,0.0,981.0,3.9,286,0,65.0
2026-04-15T07:00,48.4,116.9,989.0,28.7,25.2,97.0,155,59,124.0,,26.0,36,25.1,0.0,0.0,982.0,5.9,290,0,110.0
2026-04-15T08:00,43.2,114.3,1013.0,30.0,27.7,111.0,154,58,135.0,,28.8,30,28.0,0.0,0.0,982.6,4.3,285,0,210.0
2026-04-15T09:00,31.8,110.6,833.0,23.6,26.5,135.0,153,68,175.0,,32.0,23,30.7,0.0,0.0,982.9,5.7,311,0,435.0
2026-04-15T10:00,26.0,143.0,548.0,13.2,23.2,163.0,153,83,239.0,,34.9,17,33.9,0.0,0.0,982.8,7.5,320,0,1220.0
2026-04-15T11:00,29.7,197.4,327.0,5.3,19.6,181.0,153,101,331.0,,36.6,13,35.2,0.0,0.0,982.5,11.1,306,0,3305.0
2026-04-15T12:00,34.3,276.6,242.0,2.6,15.9,182.0,155,102,472.0,,38.0,11,36.6,0.0,0.0,982.2,11.9,305,0,3540.0
2026-04-15T13:00,40.3,364.1,222.0,2.4,12.0,173.0,158,125,643.0,,38.6,10,36.7,0.0,0.0,981.3,13.1,304,1,3600.0
2026-04-15T14:00,46.1,438.7,221.0,3.1,9.2,163.0,162,145,786.0,,38.7,10,36.2,0.0,0.0,980.4,14.1,302,0,3640.0
2026-04-15T15:00,51.2,502.9,218.0,3.3,7.9,158.0,166,162,886.0,,38.4,10,35.0,0.0,0.0,979.7,14.6,302,0,3645.0
2026-04-15T16:00,56.3,556.9,235.0,4.4,7.6,152.0,172,177,959.0,,37.8,10,33.8,0.0,0.0,979.3,14.3,303,1,3505.0
2026-04-15T17:00,51.1,491.7,290.0,8.7,8.8,156.0,177,159,879.0,,37.5,11,33.4,0.0,0.0,979.0,14.7,303,0,3785.0
2026-04-15T18:00,61.7,521.5,414.0,20.5,12.4,131.0,179,167,894.0,,36.2,12,32.6,0.0,0.0,979.3,12.6,295,0,1715.0
2026-04-15T19:00,74.7,523.4,578.0,36.8,17.4,95.0,181,168,916.0,,34.8,13,31.6,0.0,0.0,979.9,10.5,286,0,565.0
2026-04-15T20:00,88.2,568.1,708.0,49.8,21.6,67.0,182,179,940.0,,33.9,14,31.1,0.0,0.0,980.3,7.5,280,0,330.0
2026-04-15T21:00,99.9,618.4,763.0,56.3,24.3,53.0,182,193,974.0,,32.5,16,30.0,0.0,0.0,980.9,6.6,286,0,200.0
2026-04-15T22:00,107.1,642.6,785.0,59.5,26.2,45.0,183,199,1010.0,,30.5,20,28.4,0.0,0.0,981.0,5.0,296,0,145.0
2026-04-15T23:00,109.4,633.3,831.0,60.6,27.1,39.0,184,197,1019.0,,29.2,24,27.4,0.0,0.0,981.0,5.6,315,0,140.0
2026-04-16T00:00,108.3,603.5,943.0,59.2,26.4,34.0,187,189,981.0,,28.5,25,27.3,0.0,0.0,981.1,2.4,312,0,45.0
2026-04-16T01:00,108.3,575.6,1080.0,55.8,24.8,30.0,193,181,915.0,,27.6,27,26.4,0.0,0.0,980.4,2.8,15,0,50.0
2026-04-16T02:00,109.0,551.3,1169.0,53.0,23.5,27.0,202,175,853.0,,26.9,29,25.8,0.0,0.0,980.3,2.5,21,0,55.0
2026-04-16T03:00,108.5,523.4,1165.0,51.7,22.8,19.0,228,168,818.0,,26.4,31,25.5,0.0,0.0,980.2,2.6,39,0,50.0
2026-04-16T04:00,107.8,499.2,1114.0,51.0,22.6,12.0,253,161,785.0,,26.2,32,25.4,0.0,0.0,980.4,1.8,323,2,40.0
2026-04-16T05:00,93.6,442.4,1086.0,38.8,22.4,39.0,277,146,664.0,,26.7,41,27.3,0.0,0.0,980.2,0.6,342,0,65.0
2026-04-16T06:00,99.7,427.5,1143.0,41.8,24.9,58.0,296,142,550.0,,26.7,37,26.8,0.0,0.0,981.1,0.7,90,0,75.0
2026-04-16T07:00,103.6,314.8,1223.0,45.4,28.2,85.0,313,112,390.0,,28.7,31,28.5,0.0,0.0,982.1,1.5,120,0,90.0
2026-04-16T08:00,80.1,214.2,1208.0,44.5,30.5,113.0,323,85,256.0,,31.2,26,30.9,0.0,0.0,983.0,0.6,56,0,170.0
2026-04-16T09:00,44.9,120.6,1008.0,34.8,31.3,143.0,328,72,167.0,,33.9,21,33.2,0.0,0.0,983.7,0.9,349,1,500.0
2026-04-16T10:00,23.4,67.3,712.0,20.7,31.0,173.0,329,93,103.0,,35.9,17,35.8,0.0,0.0,984.3,3.0,335,1,1145.0
2026-04-16T11:00,18.3,57.4,474.0,9.7,29.1,192.0,325,112,78.0,,37.4,14,37.5,0.0,0.0,983.9,4.8,295,2,3565.0
2026-04-16T12:00,18.9,70.3,353.0,5.0,24.1,193.0,317,113,109.0,,39.4,10,38.6,0.0,0.0,983.7,8.4,307,3,3925.0
2026-04-16T13:00,22.8,107.8,291.0,3.4,17.5,183.0,307,103,178.0,,39.9,9,38.3,0.0,0.0,983.0,11.4,309,0,4085.0
2026-04-16T14:00,23.6,145.3,258.0,3.4,12.5,172.0,292,92,244.0,,39.8,10,37.8,0.0,0.0,982.0,12.2,303,1,4115.0
2026-04-16T15:00,26.5,184.9,232.0,3.5,10.4,163.0,275,83,297.0,,39.8,10,37.0,0.0,0.0,981.3,13.1,286,3,4285.0
2026-04-16T16:00,29.5,214.2,237.0,5.1,10.0,153.0,256,85,347.0,,38.9,11,35.3,0.0,0.0,980.7,14.3,297,3,4125.0
2026-04-16T17:00,27.6,153.2,316.0,10.5,13.7,159.0,236,80,249.0,,38.9,10,35.4,0.0,0.0,979.7,12.2,299,3,4155.0
2026-04-16T18:00,36.8,186.7,532.0,20.9,16.9,136.0,215,78,287.0,,37.6,12,34.7,0.0,0.0,980.3,9.3,335,3,2060.0
2026-04-16T19:00,49.1,195.6,822.0,35.0,21.3,105.0,198,80,337.0,,35.6,15,33.7,0.0,0.0,981.0,4.7,50,3,500.0
2026-04-16T20:00,57.7,244.0,1045.0,43.8,24.0,82.0,192,93,365.0,,34.0,18,31.9,0.0,0.0,982.2,8.4,109,2,275.0
2026-04-16T21:00,58.6,275.7,1122.0,41.6,23.4,77.0,185,102,352.0,,32.3,23,31.0,0.0,0.0,982.8,5.9,135,3,120.0
2026-04-16T22:00,54.6,258.9,1132.0,34.0,21.2,80.0,178,97,316.0,,30.2,29,29.7,0.0,0.0,982.9,3.7,119,3,85.0
2026-04-16T23:00,47.1,190.0,1165.0,29.0,19.8,80.0,170,79,277.0,,30.6,27,29.6,0.0,0.0,982.9,5.9,137,3,95.0
2026-04-17T00:00,43.4,150.4,1273.0,30.3,20.0,72.0,160,68,237.0,,29.4,28,28.2,0.0,0.0,982.6,5.8,154,3,85.0
2026-04-17T01:00,45.2,136.0,1405.0,34.2,20.8,61.0,152,64,193.0,,28.4,29,27.4,0.0,0.0,982.3,4.8,155,3,65.0
2026-04-17T02:00,49.2,134.6,1498.0,37.9,22.3,52.0,150,64,163.0,,28.1,31,27.5,0.0,0.0,982.0,3.1,173,3,55.0
2026-04-17T03:00,53.4,145.8,1533.0,40.0,24.5,45.0,144,67,157.0,,27.7,31,26.8,0.0,0.0,982.0,4.0,159,3,55.0
2026-04-17T04:00,54.9,149.0,1529.0,41.9,27.3,40.0,138,68,165.0,,26.9,32,26.2,0.0,0.0,982.2,2.7,262,3,40.0
2026-04-17T05:00,85.0,289.6,1481.0,42.2,24.8,34.0,132,105,389.0,,26.3,36,25.4,0.0,0.0,982.1,6.7,178,3,60.0
2026-04-17T06:00,86.1,260.8,1383.0,44.9,26.9,50.0,131,98,363.0,,27.9,31,27.0,0.0,0.0,983.1,5.0,136,3,70.0
2026-04-17T07:00,82.7,249.6,1240.0,48.1,29.8,73.0,130,95,327.0,,29.9,27,28.3,0.0,0.0,983.9,9.2,176,3,120.0
2026-04-17T08:00,80.6,240.3,1066.0,47.2,31.9,100.0,128,92,306.0,,33.1,22,31.8,0.0,0.0,985.0,6.8,191,3,240.0
2026-04-17T09:00,75.0,253.3,830.0,38.5,32.6,134.0,128,96,315.0,,35.4,18,33.6,0.0,0.0,985.7,7.8,167,3,510.0
2026-04-17T10:00,67.3,265.4,563.0,25.8,32.4,171.0,131,99,339.0,,37.1,16,34.9,0.0,0.0,985.9,9.2,178,3,850.0
2026-04-17T11:00,55.6,235.2,366.0,15.5,31.5,201.0,136,121,353.0,,39.3,13,37.0,0.0,0.0,985.7,7.3,152,3,3485.0
2026-04-17T12:00,49.1,212.8,294.0,10.0,29.3,219.0,140,139,349.0,,38.8,12,36.2,0.0,0.0,985.3,8.9,167,3,3060.0
2026-04-17T13:00,45.2,201.2,293.0,6.9,26.2,230.0,143,150,335.0,,39.8,12,38.2,0.0,0.0,984.2,8.8,149,2,3525.0
2026-04-17T14:00,43.2,202.1,303.0,5.7,23.9,232.0,145,152,317.0,,40.2,11,38.2,0.0,0.0,983.4,11.2,186,2,4095.0
2026-04-17T15:00,42.1,205.4,289.0,6.8,22.8,223.0,154,143,282.0,,39.1,13,35.8,0.0,0.0,983.0,14.8,227,3,3905.0
2026-04-17T16:00,40.5,190.5,286.0,9.9,22.5,207.0,178,127,243.0,,38.3,15,35.5,0.0,0.0,982.6,14.4,267,1,2925.0
2026-04-17T17:00,56.1,400.5,342.0,9.9,15.8,161.0,195,135,686.0,,33.6,27,33.2,0.0,0.0,983.0,6.6,21,1,975.0
2026-04-17T18:00,44.6,243.1,496.0,15.7,17.2,141.0,200,93,553.0,,32.8,28,31.5,0.0,0.0,983.1,12.9,51,1,495.0
2026-04-17T19:00,43.7,167.6,708.0,23.6,19.1,112.0,195,73,374.0,,31.4,30,30.5,0.0,0.0,983.3,9.3,46,0,330.0
2026-04-17T20:00,50.2,190.0,909.0,29.5,20.6,90.0,181,79,273.0,,30.5,30,29.6,0.0,0.0,983.9,8.4,9,1,275.0
2026-04-17T21:00,60.8,264.5,1090.0,31.6,21.2,79.0,160,99,332.0,,29.7,32,29.0,0.0,0.0,984.1,6.9,33,0,205.0
2026-04-17T22:00,70.8,332.5,1260.0,31.7,21.4,74.0,151,117,468.0,,29.1,32,28.5,0.0,0.0,983.4,5.0,75,0,130.0
2026-04-17T23:00,77.3,368.8,1376.0,30.5,21.2,71.0,151,126,563.0,,28.5,38,28.6,0.0,0.0,983.4,5.2,84,0,40.0
2026-04-18T00:00,77.8,361.4,1398.0,27.6,20.6,70.0,152,124,564.0,,27.7,39,27.6,0.0,0.0,982.8,5.7,156,0,40.0
2026-04-18T01:00,75.9,340.9,1365.0,23.5,19.6,71.0,153,119,522.0,,26.7,44,27.4,0.0,0.0,982.5,2.5,21,2,40.0
2026-04-18T02:00,74.0,320.4,1351.0,20.7,18.9,71.0,154,113,473.0,,26.8,43,27.6,0.0,0.0,982.1,0.9,270,1,35.0
2026-04-18T03:00,71.9,290.6,1410.0,20.0,18.3,65.0,155,105,421.0,,26.2,42,26.0,0.0,0.0,982.4,5.7,233,3,75.0
2026-04-18T04:00,69.2,252.4,1489.0,20.5,17.8,57.0,155,95,361.0,,25.2,45,25.2,0.0,0.0,982.2,4.8,257,1,85.0
2026-04-18T05:00,99.4,443.3,1496.0,21.7,19.4,58.0,156,146,655.0,,25.3,52,26.0,0.0,0.0,982.5,5.8,309,0,110.0
2026-04-18T06:00,107.3,455.4,1379.0,25.2,21.7,67.0,158,149,667.0,,25.0,55,25.9,0.0,0.0,983.2,5.7,319,1,135.0
2026-04-18T07:00,109.2,376.3,1192.0,29.6,24.9,80.0,162,128,681.0,,26.2,52,27.4,0.0,0.0,983.9,4.6,309,0,150.0
2026-04-18T08:00,109.7,462.9,1000.0,30.8,27.8,100.0,164,151,681.0,,29.0,44,30.1,0.0,0.0,984.6,4.3,303,0,220.0
2026-04-18T09:00,101.0,461.0,813.0,25.6,30.7,133.0,169,151,652.0,,32.1,34,32.7,0.0,0.0,985.0,5.1,315,0,375.0
2026-04-18T10:00,87.8,415.4,623.0,17.0,33.1,172.0,173,139,608.0,,34.9,27,36.0,0.0,0.0,985.0,5.7,314,1,645.0
2026-04-18T11:00,78.0,370.7,471.0,10.1,33.0,198.0,177,127,573.0,,36.8,22,37.8,0.0,0.0,984.7,7.3,300,0,1545.0
2026-04-18T12:00,68.0,353.0,375.0,6.5,28.0,201.0,179,122,559.0,,39.0,16,39.2,0.0,0.0,984.3,9.9,286,0,2010.0
2026-04-18T13:00,61.2,348.3,318.0,4.5,20.4,191.0,182,121,555.0,,39.8,14,39.6,0.0,0.0,983.7,10.6,285,0,2955.0
2026-04-18T14:00,54.9,331.6,286.0,3.9,14.4,178.0,185,116,552.0,,40.2,13,39.0,0.0,0.0,982.8,11.4,275,0,3185.0
2026-04-18T15:00,51.0,325.0,261.0,4.2,11.5,167.0,188,115,546.0,,40.0,13,37.9,0.0,0.0,982.0,11.4,265,0,3195.0
2026-04-18T16:00,48.3,323.2,261.0,5.9,10.3,153.0,191,114,541.0,,39.5,15,37.3,0.0,0.0,981.3,10.3,267,0,3130.0
2026-04-18T17:00,49.7,322.2,327.0,10.5,12.0,149.0,193,114,544.0,,39.0,13,36.8,0.0,0.0,980.8,7.5,297,0,2550.0
2026-04-18T18:00,55.5,309.2,508.0,21.7,14.9,127.0,192,110,526.0,,37.9,13,35.7,0.0,0.0,980.6,6.8,312,3,910.0
2026-04-18T19:00,67.1,309.2,755.0,37.0,18.8,96.0,193,110,500.0,,35.8,15,33.9,0.0,0.0,981.2,5.0,322,3,370.0
2026-04-18T20:00,75.2,319.4,963.0,47.9,21.6,71.0,196,113,479.0,,34.5,18,32.9,0.0,0.0,981.6,4.8,326,3,285.0
2026-04-18T21:00,80.1,322.2,1108.0,51.0,22.4,59.0,199,114,469.0,,33.3,21,32.0,0.0,0.0,982.1,4.2,324,3,165.0
2026-04-18T22:00,81.7,319.4,1215.0,49.7,22.0,53.0,200,113,463.0,,32.4,22,31.2,0.0,0.0,982.0,4.0,302,3,100.0
2026-04-18T23:00,78.5,311.1,1249.0,45.8,20.9,52.0,200,111,451.0,,32.5,23,31.7,0.0,0.0,982.1,2.8,215,3,45.0
2026-04-19T00:00,71.2,299.0,1171.0,38.2,18.6,58.0,198,108,422.0,,30.5,25,29.3,0.0,0.0,981.7,5.0,218,3,40.0
2026-04-19T01:00,63.6,276.6,1021.0,28.1,15.5,69.0,197,102,387.0,,29.5,26,28.3,0.0,0.0,981.2,4.7,270,3,35.0
2026-04-19T02:00,57.4,246.8,887.0,20.7,13.3,76.0,196,94,365.0,,28.5,28,27.3,0.0,0.0,980.7,5.2,272,1,60.0
2026-04-19T03:00,54.4,234.2,775.0,18.1,12.5,75.0,194,90,366.0,,27.4,31,26.2,0.0,0.0,980.5,5.2,276,3,60.0
2026-04-19T04:00,54.4,240.3,679.0,18.3,12.6,70.0,193,92,380.0,,26.3,34,25.4,0.0,0.0,980.3,4.5,286,3,65.0
2026-04-19T05:00,68.2,314.8,673.0,26.8,14.6,59.0,193,112,474.0,,26.0,43,25.9,0.0,0.0,980.4,5.5,302,3,80.0
2026-04-19T06:00,68.9,305.5,866.0,30.5,15.8,62.0,190,109,449.0,,26.6,42,26.6,0.0,0.0,981.0,5.7,288,3,80.0
2026-04-19T07:00,73.1,285.9,1148.0,35.2,17.5,68.0,187,104,416.0,,28.2,38,28.3,0.0,0.0,981.6,4.9,306,3,75.0
2026-04-19T08:00,76.6,281.3,1266.0,35.8,19.3,83.0,185,103,397.0,,31.4,31,31.4,0.0,0.0,982.3,4.7,270,2,135.0
2026-04-19T09:00,78.2,306.4,1050.0,28.3,21.5,117.0,181,110,408.0,,34.3,26,33.9,0.0,0.0,983.2,6.3,275,3,320.0
2026-04-19T10:00,71.9,301.7,670.0,16.6,23.8,161.0,178,108,433.0,,36.8,22,37.3,0.0,0.0,983.4,6.1,289,3,1020.0
2026-04-19T11:00,58.7,287.8,374.0,7.7,24.2,190.0,176,110,453.0,,39.1,14,38.4,0.0,0.0,983.1,9.8,316,2,3320.0
2026-04-19T12:00,48.5,271.9,267.0,4.3,21.3,192.0,174,112,460.0,,40.1,12,39.2,0.0,0.0,982.6,11.2,310,3,3730.0
2026-04-19T13:00,41.8,247.7,245.0,3.7,16.6,179.0,172,99,461.0,,39.2,12,36.0,0.0,0.0,982.8,18.1,265,3,3650.0
2026-04-19T14:00,40.0,269.2,243.0,4.3,12.9,166.0,170,100,458.0,,39.5,11,36.6,0.0,0.0,981.4,11.8,258,3,3225.0
2026-04-19T15:00,38.3,267.3,225.0,4.6,10.9,161.0,169,99,450.0,,39.8,11,37.3,0.0,0.0,980.6,10.4,260,3,3600.0
2026-04-19T16:00,38.1,263.6,227.0,6.2,10.0,157.0,168,98,438.0,,38.7,12,35.5,0.0,0.0,980.3,13.2,275,3,3700.0
2026-04-19T17:00,47.5,396.7,292.0,9.7,8.3,144.0,167,134,700.0,,38.6,11,34.9,0.0,0.0,980.0,13.7,292,0,3415.0
2026-04-19T18:00,52.0,379.0,498.0,19.3,11.3,122.0,168,129,642.0,,37.5,12,34.5,0.0,0.0,980.2,9.3,313,0,2095.0
2026-04-19T19:00,58.8,357.6,767.0,32.2,15.4,93.0,170,123,573.0,,35.5,14,33.3,0.0,0.0,980.5,4.9,264,0,165.0
2026-04-19T20:00,65.7,366.9,912.0,39.4,18.0,73.0,171,126,593.0,,34.1,16,32.2,0.0,0.0,980.6,4.5,275,0,70.0
2026-04-19T21:00,81.0,489.9,809.0,35.4,17.5,73.0,172,159,819.0,,33.8,16,31.2,0.0,0.0,981.1,8.2,299,0,340.0
2026-04-19T22:00,107.3,722.7,581.0,25.8,15.6,83.0,175,221,1134.0,,32.7,17,29.7,0.0,0.0,981.4,11.2,332,0,445.0
2026-04-19T23:00,118.3,778.6,409.0,17.8,13.8,91.0,183,236,1291.0,,31.1,22,29.1,0.0,0.0,981.6,8.5,359,0,260.0
2026-04-20T00:00,102.4,614.7,370.0,14.1,12.8,94.0,193,192,1134.0,,30.2,25,28.5,0.0,0.0,981.0,7.2,348,0,225.0
2026-04-20T01:00,83.6,463.8,386.0,12.1,11.9,95.0,200,152,818.0,,29.2,27,27.7,0.0,0.0,980.6,7.0,347,0,260.0
2026-04-20T02:00,68.9,358.6,404.0,11.5,11.8,93.0,210,124,562.0,,28.1,30,26.9,0.0,0.0,980.4,5.3,325,0,225.0
2026-04-20T03:00,58.6,282.2,393.0,12.6,12.5,85.0,217,103,444.0,,27.5,31,26.4,0.0,0.0,980.4,5.4,323,0,195.0
2026-04-20T04:00,54.6,244.0,384.0,15.1,13.9,74.0,220,93,386.0,,26.7,33,25.8,0.0,0.0,980.4,5.2,331,0,165.0
2026-04-20T05:00,152.3,832.6,410.0,13.1,14.3,73.0,220,250,1311.0,,26.8,41,26.4,0.0,0.0,980.4,7.3,327,0,180.0
2026-04-20T06:00,152.3,774.9,524.0,16.2,15.8,72.0,251,235,1228.0,,27.0,42,26.7,0.0,0.0,981.2,8.0,320,0,210.0
2026-04-20T07:00,147.6,655.7,675.0,20.2,17.9,72.0,279,203,1107.0,,28.3,39,28.3,0.0,0.0,982.1,6.2,296,0,215.0
2026-04-20T08:00,139.2,631.4,740.0,21.6,19.7,81.0,301,196,961.0,,30.4,35,30.5,0.0,0.0,982.9,6.0,307,0,250.0
2026-04-20T09:00,116.9,510.4,637.0,17.7,21.6,108.0,319,164,754.0,,33.5,28,33.3,0.0,0.0,983.4,6.5,314,0,425.0
2026-04-20T10:00,80.1,338.1,449.0,11.1,23.3,144.0,330,118,523.0,,36.4,19,35.7,0.0,0.0,983.6,9.8,310,0,1405.0
2026-04-20T11:00,50.9,247.7,301.0,5.9,22.9,167.0,332,94,389.0,,38.0,15,37.3,0.0,0.0,983.0,10.7,295,0,3380.0
2026-04-20T12:00,41.7,255.2,243.0,3.7,18.7,167.0,329,96,421.0,,39.2,13,38.0,0.0,0.0,982.4,11.9,293,0,3795.0
2026-04-20T13:00,42.7,311.1,226.0,3.0,12.4,154.0,329,111,550.0,,39.6,11,37.3,0.0,0.0,981.8,15.6,281,1,3880.0
2026-04-20T14:00,47.1,393.0,224.0,3.2,7.7,142.0,332,133,694.0,,38.9,11,35.3,0.0,0.0,980.9,16.1,277,0,3540.0
2026-04-20T15:00,53.3,493.6,225.0,4.0,6.1,137.0,338,160,837.0,,38.9,10,35.3,0.0,0.0,980.2,15.9,275,0,3505.0
2026-04-20T16:00,59.5,558.8,240.0,5.7,6.1,132.0,350,177,995.0,,38.4,11,34.5,0.0,0.0,979.8,15.5,275,0,3455.0
2026-04-20T17:00,78.2,711.5,283.0,9.1,7.6,136.0,365,218,1265.0,,37.8,12,33.9,0.0,0.0,979.5,16.5,286,0,3290.0
2026-04-20T18:00,93.8,810.3,380.0,13.2,9.6,125.0,382,244,1353.0,,36.5,14,33.0,0.0,0.0,980.0,14.2,291,0,2600.0
2026-04-20T19:00,107.8,853.1,503.0,18.7,12.4,109.0,403,255,1472.0,,34.8,15,31.6,0.0,0.0,980.7,12.2,294,0,815.0
2026-04-20T20:00,118.5,897.8,584.0,22.5,14.4,97.0,424,267,1537.0,,33.4,15,30.4,0.0,0.0,981.4,9.5,289,0,380.0
2026-04-20T21:00,124.3,897.8,587.0,22.9,15.0,93.0,446,267,1509.0,,31.9,16,29.0,0.0,0.0,981.6,8.0,293,0,230.0
2026-04-20T22:00,126.2,864.3,547.0,21.6,14.8,93.0,463,258,1428.0,,30.8,17,28.0,0.0,0.0,981.7,7.6,288,0,170.0
2026-04-20T23:00,123.4,802.8,500.0,19.7,14.3,93.0,469,242,1325.0,,30.1,17,27.3,0.0,0.0,981.6,7.4,302,3,295.0
2026-04-21T00:00,116.9,722.7,448.0,17.3,13.6,93.0,470,221,1197.0,,29.9,15,26.4,0.0,0.0,981.3,9.4,315,0,265.0
2026-04-21T01:00,110.4,642.6,389.0,14.5,12.6,93.0,475,199,1048.0,,28.8,16,25.7,0.0,0.0,981.2,6.9,309,0,185.0
2026-04-21T02:00,105.0,583.0,353.0,12.6,12.0,92.0,482,183,923.0,,27.3,18,24.5,0.0,0.0,980.7,5.7,305,0,125.0
2026-04-21T03:00,100.8,542.0,348.0,12.1,11.9,88.0,491,173,848.0,,26.7,19,23.9,0.0,0.0,980.6,5.6,303,0,110.0
2026-04-21T04:00,97.8,512.2,367.0,12.5,12.1,84.0,502,165,798.0,,26.0,21,23.3,0.0,0.0,980.4,5.3,303,0,115.0
2026-04-21T05:00,87.1,434.9,417.0,14.6,13.2,79.0,513,144,670.0,,26.2,26,24.2,0.0,0.0,980.3,5.4,304,0,130.0
2026-04-21T06:00,86.4,386.5,540.0,18.9,15.7,81.0,497,131,600.0,,26.4,25,24.3,0.0,0.0,980.6,5.1,252,0,60.0
2026-04-21T07:00,86.4,319.4,694.0,24.5,19.1,86.0,481,113,505.0,,27.9,24,25.6,0.0,0.0,981.7,7.9,259,0,125.0
2026-04-21T08:00,83.1,313.9,759.0,26.4,20.9,96.0,467,112,449.0,,30.4,21,28.2,0.0,0.0,982.5,7.6,275,0,250.0
2026-04-21T09:00,75.0,326.9,650.0,20.7,19.8,118.0,453,115,454.0,,33.1,19,31.0,0.0,0.0,983.0,7.9,283,0,460.0
2026-04-21T10:00,63.6,335.3,451.0,11.3,17.2,145.0,446,117,497.0,,35.5,17,34.2,0.0,0.0,983.2,10.3,293,0,2015.0
2026-04-21T11:00,52.3,339.9,299.0,4.2,14.6,165.0,446,119,571.0,,37.3,14,35.3,0.0,0.0,982.6,15.9,288,0,3210.0
2026-04-21T12:00,50.8,388.4,249.0,2.0,12.5,170.0,450,132,690.0,,38.3,13,36.1,0.0,0.0,982.1,18.4,287,0,3415.0
2026-04-21T13:00,56.2,470.3,245.0,2.2,10.5,166.0,455,153,841.0,,38.6,13,36.3,0.0,0.0,981.4,18.9,282,0,3420.0
2026-04-21T14:00,61.9,545.8,253.0,3.1,9.1,161.0,462,174,970.0,,38.6,13,36.0,0.0,0.0,980.4,18.8,279,0,3390.0
2026-04-21T15:00,67.3,610.9,262.0,3.8,8.6,158.0,468,191,1065.0,,38.4,13,35.1,0.0,0.0,979.8,18.8,287,0,3395.0
2026-04-21T16:00,71.7,644.5,283.0,5.2,8.7,153.0,473,200,1139.0,,38.0,13,34.1,0.0,0.0,979.6,18.6,285,0,3415.0
2026-04-21T17:00,78.5,704.1,309.0,8.2,9.0,154.0,477,216,1251.0,,37.5,14,33.8,0.0,0.0,979.1,17.0,275,0,3270.0
2026-04-21T18:00,86.1,719.0,338.0,14.6,11.2,136.0,476,220,1249.0,,36.6,15,33.1,0.0,0.0,979.1,16.0,263,1,3055.0
2026-04-21T19:00,95.9,711.5,374.0,23.4,14.3,110.0,472,218,1247.0,,35.2,16,32.2,0.0,0.0,979.5,12.6,271,0,695.0
2026-04-21T20:00,105.7,739.5,418.0,29.9,16.6,89.0,467,225,1248.0,,34.0,18,31.5,0.0,0.0,980.0,10.3,295,0,440.0
2026-04-21T21:00,114.8,771.1,483.0,31.9,17.3,78.0,460,234,1268.0,,33.0,20,30.8,0.0,0.0,980.6,9.5,302,0,260.0
2026-04-21T22:00,122.0,787.9,557.0,31.6,17.1,72.0,455,238,1291.0,,32.3,21,30.6,0.0,0.0,980.4,6.8,287,0,160.0
2026-04-21T23:00,125.3,778.6,608.0,30.6,16.8,67.0,451,236,1274.0,,31.7,23,29.9,0.0,0.0,980.7,8.2,324,0,265.0
2026-04-22T00:00,124.8,741.3,620.0,29.1,16.3,63.0,450,226,1192.0,,29.4,28,28.5,0.0,0.0,980.4,4.8,331,0,145.0
2026-04-22T01:00,121.5,679.9,609.0,27.0,15.7,60.0,451,209,1069.0,,28.5,31,27.8,0.0,0.0,980.1,4.2,335,2,95.0
2026-04-22T02:00,116.4,603.5,592.0,25.2,15.2,58.0,453,189,940.0,,28.3,30,27.4,0.0,0.0,979.7,4.6,329,3,85.0
2026-04-22T03:00,107.8,512.2,557.0,24.0,15.0,55.0,454,165,796.0,,27.9,31,27.0,0.0,0.0,979.6,4.2,290,3,65.0
2026-04-22T04:00,98.7,426.5,516.0,23.3,15.0,53.0,452,142,646.0,,27.2,30,25.9,0.0,0.0,979.6,5.6,268,1,75.0
2026-04-22T05:00,98.5,463.8,521.0,17.2,14.0,73.0,449,152,702.0,,26.0,36,24.8,0.0,0.0,979.8,7.5,262,0,90.0
2026-04-22T06:00,98.5,419.1,640.0,20.7,15.7,77.0,450,140,654.0,,26.1,36,25.0,0.0,0.0,980.4,6.9,261,0,85.0
2026-04-22T07:00,98.3,380.0,805.0,25.3,17.9,84.0,451,129,588.0,,27.5,34,26.4,0.0,0.0,981.5,8.0,254,0,130.0
2026-04-22T08:00,93.4,364.1,868.0,26.4,19.2,97.0,454,125,529.0,,30.1,29,28.7,0.0,0.0,982.4,8.9,264,0,280.0
2026-04-22T09:00,76.4,316.6,725.0,20.8,18.7,123.0,456,112,473.0,,33.7,21,31.9,0.0,0.0,982.8,10.2,279,0,605.0
2026-04-22T10:00,54.8,262.6,479.0,11.7,17.2,156.0,456,98,425.0,,36.4,17,35.0,0.0,0.0,982.8,12.3,285,0,1515.0
2026-04-22T11:00,43.9,260.8,293.0,4.9,15.4,178.0,453,98,430.0,,38.1,14,36.5,0.0,0.0,982.5,14.6,280,0,2755.0
2026-04-22T12:00,44.0,311.1,240.0,2.6,13.1,181.0,449,111,530.0,,39.4,12,37.7,0.0,0.0,982.0,16.4,285,0,3090.0
2026-04-22T13:00,48.1,387.4,247.0,2.5,10.5,174.0,446,131,683.0,,40.0,11,38.0,0.0,0.0,981.2,16.7,286,0,3060.0
2026-04-22T14:00,52.5,454.5,261.0,3.3,8.8,165.0,443,149,809.0,,40.3,11,37.9,0.0,0.0,980.2,16.3,290,0,3030.0
2026-04-22T15:00,56.6,510.4,262.0,3.7,8.2,160.0,439,164,882.0,,40.3,11,37.1,0.0,0.0,979.5,15.9,288,0,3055.0
2026-04-22T16:00,59.1,521.5,271.0,5.0,8.5,154.0,435,167,927.0,,39.8,11,35.9,0.0,0.0,979.0,15.9,286,0,2995.0
2026-04-22T17:00,68.7,592.3,297.0,9.7,10.2,151.0,429,186,1052.0,,39.5,12,36.1,0.0,0.0,978.3,14.3,293,0,3125.0
2026-04-22T18:00,76.6,597.9,351.0,19.2,13.3,129.0,425,187,1040.0,,38.1,13,35.6,0.0,0.0,978.6,8.6,300,0,1075.0
2026-04-22T19:00,86.4,592.3,422.0,32.2,17.5,99.0,420,186,1023.0,,36.2,15,34.0,0.0,0.0,979.0,7.3,320,0,440.0
2026-04-22T20:00,95.5,610.9,487.0,40.8,20.6,76.0,415,191,1016.0,,34.7,17,32.7,0.0,0.0,979.4,6.5,318,0,290.0
2026-04-22T21:00,102.7,635.2,547.0,41.0,21.4,69.0,409,197,1040.0,,33.8,18,31.8,0.0,0.0,979.8,6.6,325,0,230.0
2026-04-22T22:00,106.4,644.5,602.0,36.7,21.1,71.0,404,200,1073.0,,32.1,21,30.5,0.0,0.0,980.2,4.5,275,0,135.0
2026-04-22T23:00,105.7,648.2,622.0,32.5,20.3,72.0,397,201,1061.0,,31.5,22,29.6,0.0,0.0,980.3,7.2,242,0,100.0
2026-04-23T00:00,99.9,590.5,586.0,29.5,19.2,71.0,390,185,961.0,,30.1,25,28.6,0.0,0.0,980.5,5.9,268,0,95.0
2026-04-23T01:00,91.0,467.5,516.0,26.5,17.6,71.0,383,153,817.0,,29.1,26,27.6,0.0,0.0,980.5,6.5,272,0,105.0
2026-04-23T02:00,89.9,453.6,452.0,23.9,16.1,69.0,372,149,704.0,,28.4,27,26.8,0.0,0.0,980.4,7.2,243,0,90.0
2026-04-23T03:00,91.7,475.9,396.0,21.9,14.8,64.0,364,155,655.0,,27.9,27,25.7,0.0,0.0,980.7,9.7,243,0,130.0
2026-04-23T04:00,85.2,440.5,347.0,20.3,13.7,57.0,362,145,637.0,,28.0,25,25.5,0.0,0.0,980.8,9.9,255,0,165.0
2026-04-23T05:00,70.1,375.3,333.0,17.4,11.4,58.0,363,128,588.0,,28.2,22,25.1,0.0,0.0,981.1,11.8,249,0,225.0
2026-04-23T06:00,65.7,364.1,395.0,18.7,12.0,64.0,358,125,582.0,,28.3,20,25.0,0.0,0.0,982.0,11.7,253,0,255.0
2026-04-23T07:00,63.6,341.8,493.0,20.4,12.9,74.0,355,119,573.0,,29.5,18,26.3,0.0,0.0,982.7,10.0,253,0,290.0
2026-04-23T08:00,61.0,348.3,540.0,20.2,13.6,88.0,353,121,563.0,,31.7,16,28.5,0.0,0.0,983.5,10.4,261,0,350.0
2026-04-23T09:00,60.8,376.3,483.0,16.4,14.3,111.0,352,128,559.0,,34.1,15,31.0,0.0,0.0,984.0,11.0,272,0,455.0
2026-04-23T10:00,55.2,358.6,375.0,10.6,14.9,139.0,355,124,554.0,,36.5,14,34.6,0.0,0.0,983.9,11.0,276,0,625.0
2026-04-23T11:00,46.2,313.9,290.0,6.2,14.9,160.0,360,112,534.0,,38.5,13,37.1,0.0,0.0,983.5,12.6,272,0,1085.0
2026-04-23T12:00,39.2,272.9,256.0,4.1,13.7,167.0,363,101,482.0,,40.0,12,39.1,0.0,0.0,982.8,11.6,265,0,3515.0
2026-04-23T13:00,34.9,234.2,246.0,3.3,11.9,167.0,361,90,415.0,,40.9,11,40.3,0.0,0.0,981.7,9.0,264,0,3655.0
2026-04-23T14:00,33.4,215.1,246.0,3.7,10.7,164.0,353,85,365.0,,41.2,11,40.2,0.0,0.0,980.7,8.3,272,0,3710.0
2026-04-23T15:00,33.8,217.9,239.0,4.5,10.5,162.0,341,86,351.0,,41.0,11,39.0,0.0,0.0,979.8,9.6,273,0,3710.0
2026-04-23T16:00,34.6,224.0,242.0,6.4,11.0,158.0,325,88,354.0,,40.4,11,37.5,0.0,0.0,979.1,10.7,275,0,3670.0
2026-04-23T17:00,47.1,346.5,301.0,11.3,11.3,144.0,310,120,602.0,,39.4,12,36.7,0.0,0.0,978.7,10.4,288,0,3370.0
2026-04-23T18:00,55.3,366.9,470.0,24.3,14.8,120.0,297,126,586.0,,38.3,14,36.0,0.0,0.0,979.1,8.3,276,0,880.0
2026-04-23T19:00,66.6,353.0,695.0,42.1,19.7,86.0,283,122,562.0,,36.8,16,35.0,0.0,0.0,979.7,6.3,275,0,235.0
2026-04-23T20:00,73.1,339.9,853.0,54.9,23.2,60.0,269,119,526.0,,35.1,18,33.5,0.0,0.0,980.1,6.1,238,0,135.0
2026-04-23T21:00,72.4,309.2,891.0,58.1,24.2,49.0,253,110,469.0,,33.5,21,31.9,0.0,0.0,980.5,8.0,224,0,150.0
2026-04-23T22:00,69.2,275.7,864.0,56.1,23.8,45.0,233,102,400.0,,32.5,21,31.0,0.0,0.0,980.2,5.3,242,0,105.0
2026-04-23T23:00,64.5,240.3,812.0,52.7,22.6,43.0,211,92,344.0,,31.5,26,30.5,0.0,0.0,980.4,5.2,258,0,75.0
2026-04-24T00:00,59.8,213.7,732.0,47.9,20.4,42.0,195,85,309.0,,30.3,27,29.5,0.0,0.0,980.2,4.4,277,0,65.0
2026-04-24T01:00,56.8,197.4,626.0,41.7,17.6,43.0,188,81,287.0,,29.2,33,29.1,0.0,0.0,980.0,3.4,335,0,55.0
2026-04-24T02:00,56.8,200.7,549.0,37.0,15.4,42.0,182,82,278.0,,29.3,29,27.9,0.0,0.0,979.9,8.0,252,0,60.0
2026-04-24T03:00,59.3,218.9,513.0,35.5,14.4,34.0,177,86,288.0,,28.5,30,27.4,0.0,0.0,979.9,5.9,259,0,55.0
2026-04-24T04:00,62.2,232.4,504.0,35.7,14.1,25.0,171,90,310.0,,28.3,30,26.9,0.0,0.0,980.2,7.7,249,0,70.0
2026-04-24T05:00,60.1,295.2,535.0,25.7,11.8,45.0,167,107,454.0,,27.5,39,27.5,0.0,0.0,979.8,4.3,255,0,55.0
2026-04-24T06:00,59.1,254.3,650.0,28.0,13.4,55.0,165,96,396.0,,28.4,31,27.2,0.0,0.0,980.7,7.4,241,0,90.0
2026-04-24T07:00,60.3,197.9,805.0,30.8,15.7,70.0,163,81,317.0,,29.7,29,28.6,0.0,0.0,981.8,7.2,266,0,125.0
2026-04-24T08:00,63.1,198.4,873.0,30.6,18.5,93.0,160,81,262.0,,31.9,27,31.1,0.0,0.0,982.3,6.1,256,0,170.0
2026-04-24T09:00,66.4,222.6,773.0,24.5,22.9,134.0,157,87,252.0,,34.9,24,34.3,0.0,0.0,982.8,6.7,276,0,310.0
2026-04-24T10:00,63.1,228.2,586.0,15.3,27.9,184.0,154,104,265.0,,37.7,20,38.0,0.0,0.0,982.7,5.9,284,0,575.0
2026-04-24T11:00,46.3,190.9,433.0,8.2,29.9,215.0,151,135,288.0,,39.6,16,40.3,0.0,0.0,982.1,5.0,270,0,3300.0
2026-04-24T12:00,38.8,173.2,357.0,5.0,26.3,212.0,150,132,314.0,,41.4,13,41.7,0.0,0.0,981.6,7.8,283,0,3590.0
2026-04-24T13:00,38.5,197.9,315.0,3.8,19.7,190.0,150,110,349.0,,42.0,13,41.8,0.0,0.0,980.8,9.4,290,2,4165.0
2026-04-24T14:00,42.0,237.5,292.0,4.0,14.7,170.0,150,91,392.0,,41.6,13,39.8,0.0,0.0,979.7,10.3,281,2,3995.0
2026-04-24T15:00,44.1,280.3,284.0,4.6,12.8,159.0,151,103,451.0,,41.7,13,39.4,0.0,0.0,979.0,11.0,281,3,4160.0
2026-04-24T16:00,46.8,319.4,295.0,6.6,12.3,150.0,154,113,519.0,,41.2,13,38.6,0.0,0.0,978.6,12.6,272,2,4010.0
2026-04-24T17:00,52.7,364.1,325.0,11.7,12.0,139.0,163,125,627.0,,41.1,10,38.3,0.0,0.0,977.8,9.2,273,3,3690.0
2026-04-24T18:00,62.9,427.5,382.0,20.0,14.1,118.0,164,142,662.0,,39.5,12,37.3,0.0,0.0,978.8,7.5,290,2,1095.0
2026-04-24T19:00,74.0,448.9,456.0,31.3,17.0,89.0,153,148,712.0,,36.6,21,36.2,0.0,0.0,979.5,3.5,291,0,170.0
2026-04-24T20:00,81.5,468.5,523.0,38.9,19.0,66.0,153,153,768.0,,36.0,23,36.2,0.0,0.0,980.2,1.1,342,0,75.0
2026-04-24T21:00,88.7,525.3,575.0,39.6,19.3,57.0,156,168,834.0,,34.4,25,34.3,0.0,0.0,981.0,3.6,288,0,100.0
2026-04-24T22:00,96.4,575.6,619.0,36.6,18.7,54.0,160,181,904.0,,33.5,21,32.0,0.0,0.0,981.6,7.0,282,0,165.0
2026-04-24T23:00,101.5,586.7,647.0,33.3,17.8,52.0,166,184,955.0,,32.5,29,32.7,0.0,0.0,981.4,3.5,348,0,105.0
2026-04-25T00:00,104.3,579.3,654.0,30.7,16.7,49.0,174,182,963.0,,31.8,32,32.0,0.0,0.0,981.3,4.7,344,0,120.0
2026-04-25T01:00,105.5,551.3,646.0,27.7,15.3,48.0,181,175,951.0,,31.0,30,30.6,0.0,0.0,981.3,5.8,309,0,115.0
2026-04-25T02:00,110.8,605.4,632.0,24.5,14.4,48.0,189,189,962.0,,30.2,29,29.4,0.0,0.0,981.4,5.5,302,0,100.0
2026-04-25T03:00,127.1,765.5,604.0,20.4,14.1,51.0,197,232,1049.0,,29.5,31,28.8,0.0,0.0,981.5,5.3,315,1,110.0
2026-04-25T04:00,135.5,802.8,569.0,16.0,14.2,55.0,224,242,1160.0,,29.1,33,28.7,0.0,0.0,981.5,5.0,314,0,80.0
2026-04-25T05:00,100.8,529.0,567.0,17.9,13.7,56.0,258,169,832.0,,29.1,41,30.0,0.0,0.0,981.4,3.4,328,0,65.0
2026-04-25T06:00,105.2,540.2,644.0,20.2,15.2,60.0,272,172,813.0,,29.9,37,30.5,0.0,0.0,982.3,3.9,307,0,90.0
2026-04-25T07:00,108.5,493.6,753.0,23.2,17.4,66.0,289,160,785.0,,31.1,33,30.7,0.0,0.0,983.4,8.5,275,0,200.0
2026-04-25T08:00,110.8,497.3,786.0,23.6,19.2,79.0,306,161,760.0,,32.9,30,32.7,0.0,0.0,984.0,7.7,286,0,270.0
2026-04-25T09:00,106.9,495.5,666.0,18.9,20.9,106.0,321,160,730.0,,35.9,25,35.7,0.0,0.0,984.2,6.8,302,0,395.0
2026-04-25T10:00,88.9,436.8,471.0,11.6,22.2,140.0,336,144,703.0,,38.9,20,39.2,0.0,0.0,984.1,8.1,317,0,1370.0
2026-04-25T11:00,78.0,432.1,318.0,6.0,21.9,162.0,346,143,706.0,,40.8,14,40.5,0.0,0.0,983.8,10.4,321,1,3235.0
2026-04-25T12:00,71.2,440.5,259.0,3.7,18.5,162.0,359,145,735.0,,41.9,13,40.9,0.0,0.0,983.2,11.7,317,1,3835.0
2026-04-25T13:00,70.3,488.0,243.0,3.0,13.5,151.0,373,158,795.0,,42.3,12,40.2,0.0,0.0,982.1,14.2,308,3,4170.0
2026-04-25T14:00,70.3,530.9,239.0,3.3,9.8,139.0,388,170,930.0,,42.1,13,39.2,0.0,0.0,981.2,15.4,306,3,4230.0
2026-04-25T15:00,77.1,627.7,238.0,4.3,8.8,129.0,403,195,1214.0,,41.7,12,38.3,0.0,0.0,980.8,17.9,298,3,4095.0
2026-04-25T16:00,100.8,841.9,250.0,6.2,9.2,119.0,417,253,1573.0,,41.5,13,38.3,0.0,0.0,980.5,17.8,286,3,4170.0
2026-04-25T17:00,90.3,730.2,269.0,8.4,10.4,128.0,439,223,1288.0,,41.1,13,37.9,0.0,0.0,979.3,16.1,280,3,3525.0
2026-04-25T18:00,122.0,976.0,293.0,10.3,11.7,119.0,454,288,1524.0,,39.4,14,36.6,0.0,0.0,979.9,14.4,286,3,1440.0
2026-04-25T19:00,168.1,1195.8,325.0,13.0,13.4,106.0,477,347,1837.0,,37.9,16,35.5,0.0,0.0,980.6,11.0,288,3,810.0
2026-04-25T20:00,183.9,1180.9,368.0,15.2,14.7,95.0,508,343,1980.0,,36.6,17,34.4,0.0,0.0,981.2,10.7,292,0,450.0
2026-04-25T21:00,175.6,1039.4,440.0,16.4,15.0,88.0,538,305,1793.0,,35.1,19,33.5,0.0,0.0,981.7,7.6,298,1,255.0
2026-04-25T22:00,155.5,855.0,524.0,17.0,14.8,83.0,559,256,1435.0,,33.7,22,32.5,0.0,0.0,981.8,5.7,316,3,205.0
2026-04-25T23:00,134.1,713.4,569.0,17.2,14.4,79.0,571,218,1136.0,,33.3,25,32.6,0.0,0.0,981.9,5.7,347,3,260.0
2026-04-26T00:00,117.8,620.3,540.0,16.5,13.8,75.0,576,193,985.0,,32.7,26,32.1,0.0,0.0,981.4,5.6,343,3,220.0
2026-04-26T01:00,108.0,566.2,473.0,15.4,13.1,71.0,578,179,892.0,,31.9,29,31.6,0.0,0.0,981.1,5.5,322,1,215.0
2026-04-26T02:00,102.0,521.5,423.0,14.9,12.7,67.0,579,167,818.0,,31.1,31,31.0,0.0,0.0,980.4,5.0,308,0,135.0
2026-04-26T03:00,98.3,486.2,401.0,15.6,12.6,59.0,575,158,755.0,,30.4,32,30.1,0.0,0.0,980.4,5.5,289,0,110.0
2026-04-26T04:00,95.7,461.9,396.0,16.9,12.7,50.0,563,151,710.0,,29.6,33,29.1,0.0,0.0,980.6,6.2,287,0,135.0
2026-04-26T05:00,133.6,689.2,427.0,15.6,14.3,54.0,549,212,1080.0,,28.8,38,28.9,0.0,0.0,980.4,5.7,288,0,100.0
2026-04-26T06:00,135.5,648.2,542.0,17.6,15.3,59.0,556,201,1047.0,,29.3,36,29.2,0.0,0.0,980.9,6.8,273,0,110.0
2026-04-26T07:00,134.6,571.8,692.0,20.1,16.8,68.0,560,180,998.0,,30.6,34,30.5,0.0,0.0,981.7,6.9,264,0,155.0
2026-04-26T08:00,131.3,609.1,753.0,20.4,17.6,80.0,564,190,941.0,,33.2,30,33.2,0.0,0.0,982.5,6.4,281,0,250.0
2026-04-26T09:00,105.7,489.9,637.0,16.1,17.6,101.0,568,159,851.0,,36.0,26,36.0,0.0,0.0,982.7,7.3,300,0,555.0
2026-04-26T10:00,75.0,368.8,432.0,9.6,16.9,127.0,568,126,752.0,,38.3,21,38.5,0.0,0.0,982.6,9.7,310,0,1465.0
2026-04-26T11:00,70.8,434.9,276.0,4.6,15.7,144.0,565,144,729.0,,40.0,19,40.4,0.0,0.0,981.7,12.0,302,0,3075.0
2026-04-26T12:00,70.8,510.4,228.0,2.8,13.3,145.0,565,164,840.0,,41.0,17,40.9,0.0,0.0,981.1,14.5,302,1,3765.0
2026-04-26T13:00,75.2,594.2,229.0,2.6,10.2,138.0,568,186,1026.0,,41.6,16,40.8,0.0,0.0,980.2,15.5,299,2,3910.0
2026-04-26T14:00,80.8,668.7,239.0,3.2,8.1,131.0,573,206,1191.0,,41.2,15,39.2,0.0,0.0,979.2,16.3,290,2,3885.0
2026-04-26T15:00,85.4,724.6,249.0,4.3,7.8,127.0,578,221,1304.0,,40.0,16,36.8,0.0,0.0,978.5,20.7,287,3,3630.0
2026-04-26T16:00,89.9,754.4,269.0,6.1,8.4,122.0,582,229,1396.0,,39.5,17,36.8,0.0,0.0,977.8,17.6,288,3,3130.0
2026-04-26T17:00,91.7,774.9,289.0,9.8,9.8,126.0,579,235,1383.0,,40.5,15,37.8,0.0,0.0,976.7,15.8,313,3,3775.0
2026-04-26T18:00,103.6,836.3,304.0,14.4,11.9,114.0,581,251,1454.0,,39.2,16,37.0,0.0,0.0,977.0,12.0,315,2,1710.0
2026-04-26T19:00,115.9,868.0,319.0,20.7,14.8,98.0,575,259,1550.0,,37.5,17,35.7,0.0,0.0,977.5,9.3,302,3,670.0
2026-04-26T20:00,128.5,933.2,336.0,24.9,16.9,86.0,561,277,1606.0,,36.5,18,34.6,0.0,0.0,978.0,9.4,294,0,415.0
2026-04-26T21:00,139.2,976.0,360.0,25.0,17.4,84.0,551,288,1604.0,,35.4,19,33.8,0.0,0.0,978.2,7.7,300,0,250.0
2026-04-26T22:00,143.9,968.6,385.0,23.1,17.0,87.0,548,286,1563.0,,34.5,20,32.9,0.0,0.0,978.3,7.2,321,0,210.0
2026-04-26T23:00,137.4,882.9,401.0,21.2,16.5,88.0,553,263,1472.0,,33.4,23,32.3,0.0,0.0,978.0,6.4,328,0,215.0
2026-04-27T00:00,124.3,735.7,396.0,19.8,15.9,87.0,560,224,1297.0,,31.7,26,30.8,0.0,0.0,978.1,5.2,333,0,185.0
2026-04-27T01:00,114.6,624.0,381.0,18.4,15.1,84.0,565,194,1072.0,,30.7,33,31.0,0.0,0.0,977.7,3.3,347,0,115.0
2026-04-27T02:00,109.9,568.1,380.0,18.0,14.6,80.0,567,179,896.0,,30.1,33,30.2,0.0,0.0,977.6,3.5,336,2,95.0
2026-04-27T03:00,108.3,538.3,399.0,19.0,14.4,71.0,569,172,820.0,,29.2,33,28.9,0.0,0.0,977.7,4.5,313,3,90.0
2026-04-27T04:00,107.3,517.8,432.0,21.0,14.6,59.0,571,166,792.0,,28.6,36,28.6,0.0,0.0,977.7,4.1,315,2,75.0
2026-04-27T05:00,110.8,545.8,489.0,22.2,16.0,57.0,574,174,843.0,,29.0,36,29.0,0.0,0.0,977.8,4.8,318,3,85.0
2026-04-27T06:00,113.2,502.9,610.0,25.0,19.2,65.0,568,162,797.0,,29.9,31,29.5,0.0,0.0,978.3,4.4,322,3,90.0
2026-04-27T07:00,113.2,439.6,754.0,28.4,23.5,77.0,562,145,727.0,,31.7,27,31.1,0.0,0.0,979.1,4.6,309,1,110.0
2026-04-27T08:00,103.4,426.5,809.0,28.7,26.1,94.0,556,142,637.0,,34.1,23,33.5,0.0,0.0,979.5,4.6,315,0,270.0
2026-04-27T09:00,72.4,288.7,691.0,22.6,25.6,122.0,549,105,493.0,,36.6,19,35.5,0.0,0.0,979.9,5.9,329,0,560.0
2026-04-27T10:00,44.9,173.7,484.0,13.2,23.3,154.0,540,77,328.0,,38.8,15,38.0,0.0,0.0,979.6,7.3,322,0,1290.0
2026-04-27T11:00,34.9,157.9,323.0,6.1,20.5,176.0,532,96,244.0,,39.9,15,39.7,0.0,0.0,979.1,9.0,317,0,2245.0
2026-04-27T12:00,33.9,182.5,266.0,3.4,17.2,179.0,520,99,296.0,,41.3,14,41.2,0.0,0.0,978.4,10.4,306,0,2770.0
2026-04-27T13:00,37.5,245.9,256.0,3.0,13.4,172.0,507,94,428.0,,42.1,14,41.7,0.0,0.0,977.5,12.9,298,0,3965.0
2026-04-27T14:00,43.7,326.0,256.0,3.5,10.5,162.0,492,115,573.0,,42.2,14,41.0,0.0,0.0,976.3,15.0,293,0,4095.0
2026-04-27T15:00,51.0,425.6,258.0,4.5,8.8,151.0,478,141,721.0,,41.8,14,39.0,0.0,0.0,975.4,18.3,289,1,3885.0
2026-04-27T16:00,58.0,502.9,271.0,6.4,7.9,137.0,466,162,881.0,,41.2,13,37.6,0.0,0.0,975.0,19.8,290,3,3850.0
2026-04-27T17:00,91.5,851.2,285.0,8.0,8.8,157.0,455,255,1545.0,,40.6,12,37.4,0.0,0.0,974.5,14.2,311,2,2950.0
2026-04-27T18:00,120.6,1054.3,298.0,11.5,10.9,141.0,458,309,1820.0,,39.6,13,36.9,0.0,0.0,974.7,10.7,279,3,1275.0
2026-04-27T19:00,158.3,1255.4,312.0,16.3,13.8,119.0,467,363,2189.0,,38.3,14,35.7,0.0,0.0,975.3,11.0,271,3,515.0
2026-04-27T20:00,188.1,1374.6,323.0,20.0,15.8,100.0,483,395,2383.0,,38.0,14,34.6,0.0,0.0,976.4,16.1,265,3,725.0
2026-04-27T21:00,194.2,1307.6,329.0,21.3,16.2,87.0,502,377,2247.0,,33.6,26,30.9,0.0,0.0,978.0,21.6,270,3,695.0
2026-04-27T22:00,186.7,1158.6,332.0,21.4,15.8,77.0,516,337,1936.0,,33.2,27,30.8,0.0,0.0,978.2,19.6,262,3,640.0
2026-04-27T23:00,174.2,1005.8,333.0,21.3,15.2,69.0,524,296,1649.0,,32.6,28,31.0,0.0,0.0,977.4,13.8,244,3,395.0
2026-04-28T00:00,162.5,881.0,330.0,20.8,14.5,62.0,529,263,1450.0,,31.5,32,31.3,0.0,0.0,977.0,6.6,303,3,245.0
2026-04-28T01:00,153.2,791.6,325.0,20.0,13.6,56.0,535,239,1276.0,,31.0,33,30.8,0.0,0.0,977.4,7.7,271,3,250.0
2026-04-28T02:00,145.8,724.6,326.0,20.4,13.2,50.0,542,221,1136.0,,30.5,35,29.7,0.0,0.0,977.5,11.9,266,3,590.0
2026-04-28T03:00,140.2,665.0,321.0,23.0,13.5,40.0,548,205,1048.0,,30.3,35,29.5,0.0,0.0,977.7,12.4,306,3,670.0
2026-04-28T04:00,136.0,609.1,322.0,26.9,14.4,29.0,554,190,993.0,,30.5,33,29.5,0.0,0.0,977.9,12.0,311,3,660.0
2026-04-28T05:00,160.7,901.5,367.0,16.4,14.2,58.0,557,268,1455.0,,29.7,39,29.9,0.0,0.0,977.4,7.7,321,3,255.0
2026-04-28T06:00,163.9,936.9,522.0,16.6,16.3,62.0,572,278,1623.0,,30.1,39,30.2,0.0,0.0,979.0,9.1,255,2,285.0
2026-04-28T07:00,170.0,1002.1,722.0,16.6,19.1,69.0,590,295,1842.0,,30.7,38,31.0,0.0,0.0,980.3,8.9,256,1,585.0
2026-04-28T08:00,175.6,1147.4,813.0,15.6,20.5,78.0,614,334,1917.0,,32.5,35,32.8,0.0,0.0,980.8,9.5,285,0,835.0
2026-04-28T09:00,154.6,1039.4,692.0,12.3,19.3,92.0,644,305,1717.0,,34.5,31,34.8,0.0,0.0,980.5,8.6,334,0,1050.0
2026-04-28T10:00,118.7,797.2,462.0,8.0,16.7,108.0,675,241,1373.0,,36.4,26,37.1,0.0,0.0,980.5,8.6,358,0,1330.0
2026-04-28T11:00,93.8,638.9,284.0,4.7,14.5,121.0,701,198,1084.0,,37.0,25,38.3,0.0,0.0,979.8,9.7,51,0,1915.0
2026-04-28T12:00,73.6,497.3,220.0,3.5,13.3,129.0,721,161,922.0,,36.1,27,38.2,0.0,0.0,979.7,7.5,21,2,1810.0
2026-04-28T13:00,63.6,428.4,207.0,3.5,12.4,134.0,734,142,815.0,,36.6,26,38.3,0.0,0.0,979.4,3.7,321,2,2315.0
2026-04-28T14:00,62.2,431.2,220.0,4.0,11.7,135.0,742,143,742.0,,37.1,24,38.1,0.0,0.0,978.4,2.4,167,2,2720.0
2026-04-28T15:00,63.6,455.4,262.0,4.9,11.0,132.0,746,149,716.0,,36.4,24,36.5,0.0,0.0,978.3,5.2,270,3,2485.0
2026-04-28T16:00,64.7,480.6,330.0,6.3,10.5,124.0,747,156,723.0,,35.3,26,35.3,0.0,0.0,977.5,6.2,229,3,1355.0
2026-04-28T17:00,55.4,311.1,391.0,15.3,21.4,134.0,746,111,505.0,,35.9,25,36.0,0.0,0.0,976.2,4.6,318,3,815.0
2026-04-28T18:00,59.3,296.2,433.0,20.1,24.4,121.0,724,107,488.0,,35.2,25,35.0,0.0,0.0,976.6,6.7,357,1,510.0
2026-04-28T19:00,67.3,318.5,468.0,26.9,28.5,103.0,692,113,465.0,,33.8,28,33.9,0.0,0.0,976.8,4.6,69,0,225.0
2026-04-28T20:00,69.2,295.2,495.0,32.2,31.0,87.0,653,107,445.0,,33.0,30,33.1,0.0,0.0,977.3,6.0,49,0,180.0
2026-04-28T21:00,71.2,274.7,516.0,35.0,30.6,74.0,608,101,434.0,,32.3,32,32.5,0.0,0.0,977.6,6.2,64,1,205.0
2026-04-28T22:00,75.0,249.6,530.0,36.4,28.7,63.0,565,95,427.0,,30.8,40,32.1,0.0,0.0,977.9,4.1,49,0,215.0
2026-04-28T23:00,75.0,288.7,534.0,36.5,26.5,55.0,527,105,417.0,,30.8,40,31.4,0.0,0.0,977.2,9.0,84,3,195.0
2026-04-29T00:00,71.5,288.7,515.0,34.8,24.2,50.0,498,105,401.0,,30.4,49,33.2,0.0,0.0,977.4,2.3,108,2,140.0
2026-04-29T01:00,70.3,273.8,487.0,31.9,21.6,47.0,473,101,382.0,,30.6,43,31.2,0.0,0.0,977.3,11.5,29,1,325.0
2026-04-29T02:00,70.8,260.8,486.0,29.3,19.6,46.0,451,98,368.0,,29.2,44,30.2,0.0,0.0,976.7,6.5,44,1,210.0
2026-04-29T03:00,69.2,282.2,526.0,27.5,18.6,44.0,432,103,362.0,,28.3,50,30.3,0.0,0.0,977.0,2.3,180,3,70.0
2026-04-29T04:00,65.2,275.7,593.0,26.1,18.2,44.0,416,102,361.0,,28.0,50,29.7,0.0,0.0,977.1,3.8,349,3,50.0
2026-04-29T05:00,42.3,210.5,680.0,12.3,11.9,78.0,402,84,325.0,,27.6,58,29.1,0.0,0.0,978.9,10.9,294,3,240.0
2026-04-29T06:00,39.5,149.9,831.0,13.9,13.7,78.0,367,68,303.0,,27.0,58,28.9,0.0,0.0,979.5,7.4,264,3,230.0
2026-04-29T07:00,40.7,159.3,1003.0,15.9,16.3,79.0,326,70,275.0,,27.9,55,30.1,0.0,0.0,978.9,4.2,126,3,85.0
2026-04-29T08:00,42.4,181.1,1057.0,16.5,18.6,86.0,279,76,269.0,,30.3,45,32.3,0.0,0.0,979.5,2.9,68,3,235.0
2026-04-29T09:00,43.9,227.7,887.0,14.4,20.3,105.0,222,89,306.0,,31.4,39,32.4,0.0,0.0,979.9,6.1,45,3,390.0
2026-04-29T10:00,44.4,247.7,600.0,10.9,21.7,132.0,191,94,364.0,,34.1,29,34.4,0.0,0.0,980.1,6.8,27,3,825.0
2026-04-29T11:00,46.0,252.4,373.0,8.0,22.4,154.0,179,95,406.0,,33.7,29,34.9,0.0,0.0,980.2,9.1,108,2,1480.0
2026-04-29T12:00,49.1,259.8,279.0,6.3,21.9,170.0,171,97,417.0,,35.3,24,36.1,0.0,0.0,979.7,7.2,109,1,2000.0
2026-04-29T13:00,50.4,260.8,246.0,5.2,20.7,183.0,166,103,412.0,,36.3,22,37.8,0.0,0.0,978.9,4.4,128,1,2490.0
2026-04-29T14:00,49.4,250.5,236.0,5.0,19.4,189.0,163,109,398.0,,37.0,21,38.3,0.0,0.0,977.7,2.1,110,1,2910.0
2026-04-29T15:00,46.0,226.8,213.0,5.7,17.7,186.0,159,106,370.0,,37.1,21,37.2,0.0,0.0,977.0,0.9,259,0,3005.0
2026-04-29T16:00,43.2,207.2,213.0,7.2,16.0,176.0,154,96,332.0,,37.1,21,36.8,0.0,0.0,976.3,3.5,258,1,3150.0
2026-04-29T17:00,53.7,255.2,309.0,9.3,22.7,189.0,151,109,398.0,,34.6,25,34.2,0.0,0.0,976.5,6.0,100,1,1725.0
2026-04-29T18:00,54.6,214.2,617.0,15.8,23.1,164.0,157,85,367.0,,33.8,27,33.2,0.0,0.0,976.3,8.2,82,0,780.0
2026-04-29T19:00,54.6,181.1,1021.0,24.7,23.6,130.0,162,76,325.0,,32.9,29,32.2,0.0,0.0,976.8,9.4,78,0,565.0
2026-04-29T20:00,57.4,210.0,1244.0,30.3,23.2,103.0,159,84,299.0,,31.9,31,31.4,0.0,0.0,977.1,8.3,88,0,315.0
2026-04-29T21:00,61.7,284.1,1112.0,29.4,21.0,91.0,149,104,311.0,,31.1,33,31.3,0.0,0.0,977.5,5.0,92,0,280.0
2026-04-29T22:00,59.1,274.7,799.0,25.3,17.8,86.0,148,101,339.0,,30.2,36,30.6,0.0,0.0,977.7,4.6,121,0,180.0
2026-04-29T23:00,51.1,223.5,546.0,22.1,15.4,81.0,147,88,338.0,,29.6,41,30.3,0.0,0.0,977.4,5.8,99,0,170.0
2026-04-30T00:00,45.2,179.3,450.0,21.4,14.2,73.0,144,76,273.0,,28.5,48,30.1,0.0,0.0,977.4,3.6,123,0,110.0
2026-04-30T01:00,41.4,133.2,414.0,21.6,13.8,65.0,141,64,179.0,,28.2,46,29.5,0.0,0.0,977.1,3.8,163,0,90.0
2026-04-30T02:00,40.3,101.7,396.0,22.3,13.8,58.0,138,55,119.0,,27.8,50,29.5,0.0,0.0,977.1,3.5,145,0,75.0
2026-04-30T03:00,43.4,101.7,378.0,24.0,14.3,49.0,135,56,123.0,,27.3,51,29.0,0.0,0.0,977.6,3.2,142,0,90.0
2026-04-30T04:00,48.1,129.5,377.0,26.2,15.3,40.0,133,63,162.0,,26.9,51,28.3,0.0,0.0,978.3,3.6,189,0,100.0
2026-04-30T05:00,56.7,150.9,405.0,38.6,20.5,39.0,131,68,181.0,,26.4,58,28.4,0.0,0.0,978.0,4.2,185,0,105.0
2026-04-30T06:00,54.9,142.5,498.0,36.9,23.2,53.0,132,66,279.0,,27.6,51,28.9,0.0,0.0,978.9,6.6,171,0,125.0
2026-04-30T07:00,62.6,204.9,619.0,34.3,26.9,74.0,134,83,418.0,,29.2,47,30.5,0.0,0.0,979.9,6.7,172,0,220.0
2026-04-30T08:00,74.5,360.4,669.0,29.9,28.6,97.0,136,124,558.0,,32.0,40,33.3,0.0,0.0,980.1,6.7,166,0,435.0
2026-04-30T09:00,81.7,501.1,575.0,22.2,26.7,124.0,140,162,705.0,,34.2,32,34.6,0.0,0.0,980.4,9.2,174,1,890.0
2026-04-30T10:00,84.3,560.7,410.0,12.8,23.0,154.0,143,178,853.0,,35.5,28,36.1,0.0,0.0,980.2,8.5,176,0,1505.0
2026-04-30T11:00,78.7,551.3,299.0,5.9,19.6,174.0,148,175,938.0,,35.9,19,36.1,0.0,0.0,980.4,6.1,135,2,3240.0
2026-04-30T12:00,71.0,512.2,297.0,3.4,17.1,179.0,150,165,926.0,,37.7,17,37.2,0.0,0.0,980.1,9.1,212,2,3720.0
2026-04-30T13:00,67.5,491.7,350.0,3.5,15.0,176.0,152,159,851.0,,37.2,17,36.7,0.0,0.0,979.5,6.3,143,2,3595.0
2026-04-30T14:00,61.0,438.7,414.0,4.8,13.9,170.0,157,145,754.0,,35.2,26,35.2,0.5,0.5,978.8,11.4,93,53,1600.0
2026-04-30T15:00,54.9,375.3,489.0,7.4,14.2,164.0,161,128,618.0,,34.4,27,33.4,0.4,0.4,978.6,12.6,91,51,1335.0
2026-04-30T16:00,55.6,364.1,576.0,11.2,15.5,155.0,164,125,459.0,,34.5,23,33.1,0.0,0.0,978.4,10.4,126,1,1055.0
2026-04-30T17:00,79.6,468.5,636.0,15.3,31.1,199.0,167,153,769.0,,31.4,41,31.6,0.0,0.0,976.7,13.8,84,2,495.0
2026-04-30T18:00,80.3,423.8,649.0,20.2,31.0,176.0,172,141,673.0,,30.0,45,30.2,0.0,0.0,977.9,15.1,68,0,725.0
2026-04-30T19:00,79.4,370.7,636.0,26.9,30.7,144.0,176,127,542.0,,29.2,47,29.3,0.0,0.0,979.3,15.1,68,0,745.0
2026-04-30T20:00,73.3,306.4,617.0,30.3,29.8,120.0,180,110,457.0,,28.5,51,29.2,0.0,0.0,979.6,12.5,74,0,630.0
2026-04-30T21:00,71.7,330.6,600.0,27.5,27.6,114.0,182,116,456.0,,28.2,53,29.5,0.0,0.0,980.3,10.3,94,0,555.0
2026-04-30T22:00,72.2,356.7,578.0,21.6,24.8,116.0,183,123,500.0,,27.8,55,29.2,0.0,0.0,980.4,9.9,112,0,405.0
2026-04-30T23:00,71.2,357.6,552.0,16.8,22.4,118.0,185,123,556.0,,25.4,61,26.7,0.0,0.0,980.4,8.7,146,0,305.0
2026-05-01T00:00,73.3,380.0,519.0,14.8,21.1,115.0,187,129,624.0,,24.6,63,25.3,0.0,0.0,980.3,12.0,161,0,365.0
2026-05-01T01:00,79.2,438.7,482.0,14.0,20.3,112.0,192,145,704.0,,24.2,63,24.7,0.0,0.0,980.0,12.3,170,0,355.0
2026-05-01T02:00,83.8,476.8,457.0,13.3,19.6,108.0,198,155,759.0,,23.8,64,24.4,0.0,0.0,979.4,11.6,172,0,355.0
2026-05-01T03:00,85.4,488.0,445.0,12.5,18.5,103.0,216,158,768.0,,23.4,66,24.3,0.0,0.0,979.3,9.9,155,0,330.0
2026-05-01T04:00,83.8,472.2,444.0,11.9,17.5,99.0,239,154,752.0,,23.1,69,24.5,0.0,0.0,979.4,7.6,133,0,310.0
2026-05-01T05:00,116.6,635.2,462.0,25.3,23.5,71.0,260,197,994.0,,23.3,71,24.6,0.0,0.0,979.5,10.1,115,0,365.0
2026-05-01T06:00,105.2,517.8,520.0,22.9,23.2,80.0,289,166,895.0,,23.5,71,25.1,0.0,0.0,980.5,8.0,108,0,350.0
2026-05-01T07:00,90.8,453.6,598.0,19.4,22.8,95.0,310,149,761.0,,24.5,68,26.3,0.0,0.0,981.4,8.0,96,0,410.0
2026-05-01T08:00,79.6,427.5,637.0,16.0,23.1,114.0,323,142,674.0,,26.1,64,27.9,0.0,0.0,981.7,9.3,108,0,535.0
2026-05-01T09:00,74.7,436.8,602.0,12.7,24.8,143.0,326,144,680.0,,28.1,57,29.8,0.0,0.0,981.8,10.2,108,0,645.0
2026-05-01T10:00,74.0,448.9,529.0,9.4,27.3,177.0,323,148,733.0,,30.0,51,32.6,0.0,0.0,981.9,9.7,109,0,945.0
2026-05-01T11:00,76.6,471.2,472.0,7.0,28.8,204.0,317,154,774.0,,31.5,45,34.7,0.0,0.0,981.3,9.2,110,0,1040.0
2026-05-01T12:00,78.0,486.2,451.0,5.7,28.4,219.0,313,158,784.0,,33.4,39,36.9,0.0,0.0,980.9,8.1,102,0,1225.0
2026-05-01T13:00,78.7,482.4,446.0,5.2,27.2,228.0,311,157,781.0,,34.6,36,38.1,0.0,0.0,980.0,6.6,99,0,1775.0
2026-05-01T14:00,78.2,462.9,447.0,5.5,26.4,233.0,311,153,762.0,,35.6,32,38.7,0.0,0.0,978.9,3.8,85,0,2160.0
2026-05-01T15:00,78.0,443.3,453.0,6.4,26.8,237.0,312,157,721.0,,36.1,29,37.8,0.0,0.0,977.6,2.4,42,0,2335.0
2026-05-01T16:00,77.1,419.1,466.0,8.1,27.8,238.0,316,158,663.0,,36.6,25,36.8,0.0,0.0,976.8,5.1,328,0,2550.0
2026-05-01T17:00,65.0,295.2,480.0,9.4,21.2,221.0,318,141,452.0,,33.7,33,33.9,0.0,0.0,977.1,9.8,113,0,1290.0
2026-05-01T18:00,67.1,253.3,495.0,16.8,23.1,194.0,309,114,413.0,,33.0,34,33.2,0.0,0.0,977.3,9.2,106,1,855.0
2026-05-01T19:00,70.5,224.4,512.0,26.8,25.7,157.0,301,88,362.0,,32.3,35,33.0,0.0,0.0,978.1,6.4,101,3,500.0
2026-05-01T20:00,71.7,244.9,529.0,33.0,27.0,129.0,292,93,339.0,,31.6,37,32.2,0.0,0.0,977.7,8.3,104,0,410.0
2026-05-01T21:00,71.7,272.9,549.0,31.9,25.9,120.0,288,101,370.0,,30.5,41,31.4,0.0,0.0,978.9,7.3,99,0,315.0
2026-05-01T22:00,70.5,290.6,569.0,27.0,23.7,121.0,285,105,430.0,,29.5,44,30.6,0.0,0.0,979.2,6.6,99,0,270.0
2026-05-01T23:00,71.5,319.4,575.0,22.5,21.7,121.0,281,113,482.0,,29.0,48,30.1,0.0,0.0,978.9,8.9,114,0,260.0
2026-05-02T00:00,73.1,346.5,554.0,19.7,20.5,119.0,279,120,516.0,,28.5,49,29.5,0.0,0.0,978.5,8.9,114,0,240.0
2026-05-02T01:00,74.3,360.4,519.0,17.3,19.7,116.0,277,124,542.0,,28.0,51,29.3,0.0,0.0,978.2,7.5,130,0,220.0
2026-05-02T02:00,74.3,361.4,492.0,15.8,19.3,113.0,272,124,555.0,,27.4,53,28.9,0.0,0.0,978.0,7.0,134,0,190.0
2026-05-02T03:00,72.6,352.0,475.0,15.3,19.5,107.0,265,122,546.0,,27.1,54,28.5,0.0,0.0,977.8,6.9,131,0,155.0
2026-05-02T04:00,71.7,340.9,467.0,15.6,20.2,100.0,257,119,524.0,,26.9,52,28.1,0.0,0.0,977.4,6.5,134,0,145.0
2026-05-02T05:00,71.5,316.6,488.0,16.9,24.6,100.0,249,112,472.0,,26.3,62,28.2,0.0,0.0,977.8,8.6,157,0,240.0
2026-05-02T06:00,72.6,299.0,575.0,19.0,26.6,105.0,230,108,471.0,,27.0,60,29.6,0.0,0.0,978.7,3.5,152,1,220.0
2026-05-02T07:00,72.4,304.5,691.0,21.6,29.4,114.0,217,109,473.0,,28.5,55,31.2,0.0,0.0,979.6,3.0,142,0,245.0
2026-05-02T08:00,75.0,333.4,746.0,22.1,31.9,130.0,208,117,501.0,,30.6,49,33.1,0.0,0.0,979.7,5.1,138,0,435.0
2026-05-02T09:00,78.7,386.5,680.0,18.3,33.9,162.0,203,131,589.0,,33.0,40,34.6,0.0,0.0,979.8,7.4,139,0,905.0
2026-05-02T10:00,83.6,441.4,553.0,12.3,35.5,202.0,200,146,704.0,,34.7,35,37.2,0.0,0.0,979.9,5.5,128,0,1380.0
2026-05-02T11:00,86.8,476.8,458.0,7.6,35.8,232.0,200,155,769.0,,35.7,31,38.3,0.0,0.0,979.7,7.2,109,0,2190.0
2026-05-02T12:00,89.4,489.9,431.0,5.6,33.8,245.0,200,165,740.0,,36.1,30,37.8,0.0,0.0,979.5,11.0,89,1,2560.0
2026-05-02T13:00,84.1,434.9,436.0,4.9,30.4,248.0,200,168,663.0,,34.7,38,37.2,1.5,1.5,978.8,10.6,88,61,1750.0
2026-05-02T14:00,76.6,376.3,459.0,5.1,27.6,245.0,199,165,594.0,,33.5,38,35.1,0.8,0.8,977.7,7.5,156,53,1350.0
2026-05-02T15:00,72.9,347.4,511.0,5.3,25.7,239.0,197,159,560.0,,34.9,32,36.0,0.0,0.0,976.3,6.1,192,0,1940.0
2026-05-02T16:00,71.2,334.3,581.0,6.4,24.4,227.0,204,147,536.0,,35.4,30,36.1,0.0,0.0,975.5,6.5,204,1,2235.0
2026-05-02T17:00,99.0,627.7,627.0,13.0,22.5,207.0,210,195,1057.0,,34.1,31,33.5,0.0,0.0,974.7,14.5,120,2,685.0
2026-05-02T18:00,96.9,530.9,621.0,18.9,24.2,185.0,213,170,965.0,,34.0,31,33.7,0.0,0.0,974.9,11.4,101,0,460.0
2026-05-02T19:00,96.9,449.8,591.0,26.9,26.4,154.0,217,148,841.0,,32.8,33,32.3,0.0,0.0,975.0,13.7,120,0,395.0
2026-05-02T20:00,100.6,486.2,571.0,31.7,27.4,130.0,231,158,763.0,,32.1,36,32.3,0.0,0.0,975.9,10.2,107,0,435.0
2026-05-02T21:00,102.0,519.7,585.0,30.5,26.1,120.0,245,167,783.0,,31.3,38,32.0,0.0,0.0,977.4,6.7,88,0,400.0
2026-05-02T22:00,102.9,547.6,611.0,26.1,23.7,116.0,260,174,850.0,,30.5,39,31.0,0.0,0.0,977.8,8.0,96,0,305.0
2026-05-02T23:00,102.7,556.9,614.0,22.1,21.7,114.0,275,177,890.0,,30.9,41,31.4,0.0,0.0,977.4,10.4,163,3,445.0
2026-05-03T00:00,102.2,555.1,571.0,19.7,20.9,111.0,289,176,867.0,,30.0,42,30.6,0.0,0.0,977.0,9.0,160,0,290.0
2026-05-03T01:00,100.6,540.2,507.0,17.6,20.6,108.0,302,172,817.0,,28.6,46,29.8,0.0,0.0,976.8,5.2,166,0,165.0
2026-05-03T02:00,96.4,491.7,461.0,16.2,20.6,106.0,311,159,772.0,,28.0,47,28.5,0.0,0.0,976.8,9.3,172,0,205.0
2026-05-03T03:00,92.7,451.7,444.0,15.6,20.7,101.0,318,148,741.0,,27.4,46,27.7,0.0,0.0,976.5,8.9,162,0,180.0
2026-05-03T04:00,90.8,446.1,445.0,15.6,21.0,97.0,323,147,714.0,,26.4,49,27.4,0.0,0.0,976.3,4.3,132,0,95.0
2026-05-03T05:00,123.9,717.1,472.0,11.7,20.1,125.0,328,219,1148.0,,25.8,55,26.4,0.0,0.0,976.9,9.8,118,0,195.0
2026-05-03T06:00,117.1,625.8,553.0,13.5,22.6,126.0,349,195,1092.0,,25.8,56,26.7,0.0,0.0,977.6,9.2,118,0,220.0
2026-05-03T07:00,110.4,607.2,659.0,15.8,26.0,130.0,366,190,1017.0,,27.0,54,27.8,0.0,0.0,978.0,11.5,124,0,305.0
2026-05-03T08:00,107.1,607.2,713.0,16.5,28.6,140.0,382,190,974.0,,29.4,50,30.6,0.0,0.0,978.8,10.9,128,0,425.0
2026-05-03T09:00,108.0,637.0,664.0,13.9,29.7,165.0,396,198,991.0,,32.0,43,33.2,0.0,0.0,979.4,10.7,131,0,655.0
2026-05-03T10:00,107.3,651.9,562.0,9.7,30.0,197.0,407,202,1040.0,,34.1,38,36.2,0.0,0.0,979.8,7.7,126,0,905.0
2026-05-03T11:00,105.9,661.2,482.0,6.5,29.2,220.0,416,204,1096.0,,34.8,32,36.2,0.0,0.0,980.4,11.8,70,1,1485.0
2026-05-03T12:00,105.0,685.5,450.0,5.2,26.8,225.0,424,211,1168.0,,34.6,31,35.2,0.0,0.0,981.0,14.2,66,3,1955.0
2026-05-03T13:00,104.3,715.3,439.0,5.0,23.3,220.0,432,219,1247.0,,32.5,37,32.3,0.0,0.0,980.9,15.1,78,3,1310.0
2026-05-03T14:00,103.8,743.2,440.0,5.4,20.6,212.0,444,226,1275.0,,33.3,39,34.3,0.0,0.0,979.9,15.9,100,1,1255.0
2026-05-03T15:00,104.5,771.1,457.0,6.6,19.4,203.0,459,234,1236.0,,34.5,33,34.5,0.0,0.0,979.0,15.3,108,2,1445.0
2026-05-03T16:00,99.2,717.1,486.0,8.6,19.0,190.0,477,219,1147.0,,33.4,36,33.3,0.0,0.0,978.0,15.8,111,0,1180.0
2026-05-03T17:00,100.6,786.0,509.0,11.5,20.0,185.0,493,238,1364.0,,33.2,39,33.5,0.0,0.0,977.6,15.7,107,0,1065.0
2026-05-03T18:00,99.9,750.6,520.0,13.4,19.3,171.0,499,228,1050.0,,32.5,44,33.7,0.0,0.0,977.8,13.8,99,0,940.0
2026-05-03T19:00,88.7,601.6,526.0,16.0,18.4,152.0,508,188,626.0,,32.1,45,33.3,0.0,0.0,978.0,14.0,83,0,1050.0
2026-05-03T20:00,61.0,252.4,527.0,17.7,17.7,137.0,515,95,372.0,,31.2,47,32.3,0.0,0.0,978.7,14.8,91,1,630.0
2026-05-03T21:00,61.0,264.5,525.0,17.7,17.4,132.0,505,99,467.0,,30.3,50,31.3,0.0,0.0,979.3,14.9,105,3,595.0
2026-05-03T22:00,68.0,380.9,518.0,16.8,17.4,131.0,494,130,734.0,,29.4,53,30.6,0.0,0.0,979.8,13.9,109,2,540.0
2026-05-03T23:00,88.7,558.8,502.0,15.7,17.5,130.0,487,177,917.0,,28.9,54,30.2,0.0,0.0,980.9,12.8,273,3,495.0
2026-05-04T00:00,101.3,638.9,467.0,14.6,17.6,126.0,487,198,873.0,,26.4,60,26.4,0.0,0.0,981.9,20.2,321,3,625.0
2026-05-04T01:00,96.4,562.5,423.0,13.3,17.8,122.0,491,178,746.0,,24.1,73,25.0,0.0,0.0,982.1,16.2,339,3,365.0
2026-05-04T02:00,85.7,455.4,390.0,12.4,18.1,118.0,492,149,715.0,,23.0,77,25.0,0.7,0.7,982.2,8.6,11,53,180.0
2026-05-04T03:00,81.5,461.9,362.0,11.9,18.7,113.0,490,151,912.0,,22.6,78,23.7,0.6,0.6,980.4,13.5,95,53,140.0
2026-05-04T04:00,103.1,674.3,345.0,11.8,19.4,109.0,491,208,1204.0,,22.8,72,24.1,1.0,1.0,980.3,9.2,84,55,115.0
2026-05-04T05:00,44.8,285.0,376.0,12.7,14.8,111.0,500,104,456.0,,21.8,89,24.5,1.6,1.6,982.7,7.2,93,61,270.0
2026-05-04T06:00,31.9,129.5,515.0,14.7,14.2,111.0,482,63,353.0,,21.1,95,22.8,1.0,1.0,982.2,15.4,76,55,325.0
2026-05-04T07:00,28.8,102.7,703.0,17.3,13.5,112.0,462,55,214.0,,21.0,88,21.4,0.5,0.5,979.9,19.6,87,53,330.0
2026-05-04T08:00,28.1,99.7,799.0,18.0,13.1,117.0,441,57,137.0,,22.2,77,23.6,0.1,0.1,981.6,10.4,233,51,195.0
2026-05-04T09:00,52.3,369.7,715.0,15.0,13.3,130.0,419,127,192.0,,24.5,63,26.0,0.0,0.0,983.0,6.7,82,3,375.0
2026-05-04T10:00,46.7,271.9,539.0,10.1,14.0,147.0,408,101,309.0,,26.2,57,27.4,0.0,0.0,984.0,12.0,57,0,640.0
2026-05-04T11:00,45.3,238.0,396.0,6.9,14.9,161.0,391,91,371.0,,26.9,59,29.1,0.0,0.0,984.1,15.0,100,0,925.0
2026-05-04T12:00,42.6,214.2,331.0,7.0,16.3,168.0,369,88,286.0,,28.0,54,30.3,0.0,0.0,983.8,15.1,102,0,1135.0
2026-05-04T13:00,38.4,155.1,299.0,8.8,18.1,171.0,344,91,146.0,,29.1,45,30.4,0.0,0.0,983.2,15.4,101,0,1205.0
2026-05-04T14:00,30.7,89.6,289.0,10.8,19.2,171.0,315,91,114.0,,29.8,40,31.1,0.0,0.0,982.6,11.2,116,2,1470.0
2026-05-04T15:00,43.7,251.5,302.0,12.7,19.3,167.0,278,95,327.0,,29.6,42,29.9,0.0,0.0,982.0,9.7,108,1,1560.0
2026-05-04T16:00,55.1,370.7,337.0,14.9,18.7,160.0,247,127,648.0,,29.6,43,30.3,0.0,0.0,981.6,8.4,127,1,1515.0
2026-05-04T17:00,35.0,125.7,380.0,17.8,28.9,167.0,227,87,175.0,,28.6,49,29.2,0.0,0.0,980.2,11.9,95,0,845.0
2026-05-04T18:00,42.4,209.5,432.0,17.8,24.5,156.0,196,84,136.0,,27.8,55,29.4,0.0,0.0,980.7,8.7,94,0,755.0
2026-05-04T19:00,41.6,164.8,492.0,17.9,18.4,139.0,184,72,83.0,,26.6,62,28.6,0.0,0.0,981.8,8.6,92,0,315.0
2026-05-04T20:00,29.7,58.2,540.0,18.8,14.4,124.0,175,62,54.0,,26.1,62,27.7,0.0,0.0,981.9,10.2,122,0,325.0
2026-05-04T21:00,29.3,44.6,571.0,21.5,14.6,111.0,171,51,74.0,,25.4,66,27.3,0.0,0.0,982.8,8.6,82,0,225.0
2026-05-04T22:00,34.9,88.9,589.0,25.1,16.8,100.0,167,52,117.0,,24.9,70,27.0,0.0,0.0,983.6,8.3,72,0,205.0
2026-05-04T23:00,43.0,119.2,591.0,27.1,18.3,90.0,160,60,145.0,,24.7,75,27.4,0.0,0.0,984.0,7.4,72,3,230.0
2026-05-05T00:00,46.2,130.9,564.0,26.3,17.6,83.0,151,63,135.0,,24.0,79,26.8,0.0,0.0,983.8,7.5,163,3,190.0
2026-05-05T01:00,44.0,109.9,520.0,23.9,16.2,79.0,141,57,110.0,,23.8,79,26.7,0.0,0.0,983.8,6.2,165,3,180.0
2026-05-05T02:00,41.8,95.5,490.0,21.9,15.1,75.0,131,55,102.0,,23.6,84,27.7,0.0,0.0,983.2,0.6,18,3,25.0
2026-05-05T03:00,39.1,85.7,485.0,20.6,14.4,71.0,124,54,130.0,,23.5,82,26.8,0.0,0.0,982.9,4.1,49,3,80.0
2026-05-05T04:00,41.7,144.8,494.0,19.6,14.0,67.0,117,67,174.0,,22.7,85,25.3,0.0,0.0,983.2,9.0,78,2,175.0
2026-05-05T05:00,37.8,61.0,521.0,19.4,15.9,74.0,111,53,43.0,,22.6,84,24.7,0.0,0.0,983.9,11.0,67,0,235.0
2026-05-05T06:00,38.5,53.1,589.0,21.6,17.5,81.0,110,53,47.0,,22.9,83,25.3,0.0,0.0,984.3,9.2,79,0,280.0
2026-05-05T07:00,41.1,62.2,675.0,24.5,19.6,92.0,111,55,54.0,,24.2,79,27.3,0.0,0.0,985.4,5.3,98,0,315.0
2026-05-05T08:00,41.2,74.7,711.0,24.8,21.6,109.0,112,55,64.0,,25.9,73,29.1,0.0,0.0,986.3,6.2,57,2,570.0
2026-05-05T09:00,39.3,101.5,650.0,20.3,23.3,136.0,114,68,80.0,,27.1,66,30.1,0.0,0.0,987.0,6.0,83,3,610.0
2026-05-05T10:00,40.0,140.6,540.0,13.3,24.8,168.0,112,88,101.0,,27.9,62,31.0,0.0,0.0,987.2,4.6,101,1,780.0
2026-05-05T11:00,32.5,94.1,453.0,7.9,25.3,193.0,111,113,119.0,,29.4,50,32.6,0.0,0.0,987.4,4.4,128,1,1385.0
2026-05-05T12:00,32.7,100.1,415.0,5.6,24.0,205.0,110,125,134.0,,27.4,57,29.7,0.4,0.4,987.3,14.2,112,51,615.0
2026-05-05T13:00,34.9,114.1,401.0,4.9,21.7,209.0,109,129,147.0,,27.5,55,29.8,0.0,0.0,986.9,6.7,121,1,550.0
2026-05-05T14:00,35.7,117.1,407.0,5.6,20.4,209.0,120,129,159.0,,29.5,47,32.0,0.0,0.0,985.8,2.9,79,1,1345.0
2026-05-05T15:00,37.1,123.9,439.0,7.5,21.0,207.0,147,127,171.0,,27.8,55,29.7,0.9,0.9,985.5,6.3,85,53,545.0
2026-05-05T16:00,38.5,127.6,490.0,10.7,22.6,201.0,166,121,181.0,,27.6,57,29.5,0.0,0.0,984.9,7.6,117,1,705.0
2026-05-05T17:00,34.1,78.5,537.0,17.6,28.7,192.0,181,112,86.0,,30.5,34,31.0,0.0,0.0,983.4,2.3,225,1,1690.0
2026-05-05T18:00,35.7,80.1,567.0,23.2,29.8,170.0,190,90,81.0,,29.2,46,31.0,0.0,0.0,983.7,3.1,13,0,1750.0
2026-05-05T19:00,42.8,81.0,592.0,30.9,31.3,139.0,190,70,74.0,,27.2,49,27.5,0.0,0.0,984.4,10.5,31,0,485.0
2026-05-05T20:00,47.3,81.0,631.0,37.2,32.1,113.0,182,58,65.0,,26.0,58,27.8,0.0,0.0,984.6,5.0,71,0,180.0
2026-05-05T21:00,50.9,76.6,696.0,40.3,31.5,96.0,167,60,54.0,,25.2,63,27.1,0.0,0.0,985.1,5.6,69,0,245.0
2026-05-05T22:00,54.0,75.0,775.0,41.8,30.2,84.0,149,62,41.0,,24.5,71,27.3,0.0,0.0,985.2,3.6,81,0,145.0
2026-05-05T23:00,56.1,72.9,845.0,43.2,28.8,73.0,122,63,32.0,,24.0,76,27.4,0.0,0.0,984.6,1.0,202,0,20.0
2026-05-06T00:00,58.8,73.3,897.0,44.0,27.2,64.0,114,64,27.0,,23.7,79,27.2,0.0,0.0,984.0,1.0,239,0,20.0
2026-05-06T01:00,61.7,75.4,939.0,44.7,25.6,56.0,115,66,26.0,,23.4,79,26.9,0.0,0.0,983.6,0.9,270,0,25.0
2026-05-06T02:00,64.5,78.0,980.0,47.6,25.1,48.0,117,67,26.0,,23.0,80,26.3,0.0,0.0,983.4,2.2,312,0,60.0
2026-05-06T03:00,68.7,84.1,1026.0,56.7,26.1,32.0,119,69,28.0,,22.5,80,25.3,0.0,0.0,983.7,3.4,354,0,100.0
2026-05-06T04:00,74.3,91.7,1070.0,68.0,28.1,16.0,122,72,31.0,,21.9,83,24.7,0.0,0.0,983.6,3.2,3,0,90.0
2026-05-06T05:00,75.0,82.0,1094.0,63.5,28.5,24.0,126,73,13.0,,22.0,84,25.2,0.0,0.0,983.6,2.0,190,0,40.0
2026-05-06T06:00,74.3,82.0,1109.0,53.3,35.3,58.0,130,72,24.0,,23.2,78,26.1,0.0,0.0,984.6,3.1,239,0,60.0
2026-05-06T07:00,68.5,82.7,1104.0,39.0,44.4,105.0,133,69,43.0,,24.8,70,27.9,0.0,0.0,985.3,1.4,270,0,135.0
2026-05-06T08:00,62.2,104.1,1035.0,26.6,48.7,145.0,136,73,81.0,,27.0,58,29.8,0.0,0.0,985.6,1.0,301,0,385.0
2026-05-06T09:00,55.8,152.3,846.0,17.9,44.0,170.0,138,90,160.0,,29.1,47,31.0,0.0,0.0,985.5,2.3,328,0,940.0
2026-05-06T10:00,56.1,257.0,592.0,11.0,34.6,188.0,140,108,258.0,,30.9,36,32.8,0.0,0.0,985.3,3.7,346,0,1450.0
2026-05-06T11:00,46.3,213.7,398.0,6.2,26.6,200.0,142,120,324.0,,31.8,32,33.7,0.0,0.0,985.1,4.8,22,0,2025.0
2026-05-06T12:00,37.7,170.9,319.0,3.9,22.4,206.0,143,126,324.0,,32.9,28,34.4,0.0,0.0,984.5,5.4,21,1,2260.0
2026-05-06T13:00,36.9,166.2,299.0,3.8,19.6,205.0,144,125,292.0,,33.7,26,35.0,0.0,0.0,983.3,5.2,16,0,2530.0
2026-05-06T14:00,38.6,182.5,297.0,4.4,17.7,202.0,144,122,283.0,,34.3,23,34.9,0.0,0.0,982.1,5.4,2,0,2715.0
2026-05-06T15:00,40.2,208.2,305.0,4.9,16.3,197.0,164,117,326.0,,34.7,22,34.3,0.0,0.0,981.1,5.2,326,1,2820.0
2026-05-06T16:00,44.2,248.7,330.0,6.3,15.8,189.0,179,109,392.0,,34.5,22,33.3,0.0,0.0,980.5,7.5,287,1,2885.0
2026-05-06T17:00,44.2,285.9,352.0,9.8,14.4,183.0,186,104,475.0,,34.1,21,32.2,0.0,0.0,980.1,9.8,265,1,2740.0
2026-05-06T18:00,53.1,283.1,356.0,28.7,19.2,151.0,188,103,462.0,,33.5,22,31.8,0.0,0.0,980.2,8.8,255,0,2650.0
2026-05-06T19:00,72.9,310.1,358.0,54.2,25.7,108.0,182,111,443.0,,31.9,26,31.7,0.0,0.0,980.6,1.3,56,0,255.0
2026-05-06T20:00,76.1,299.0,382.0,68.8,29.3,78.0,167,108,431.0,,30.4,30,29.3,0.0,0.0,981.2,9.0,93,0,270.0
2026-05-06T21:00,70.8,327.8,458.0,62.0,27.3,73.0,151,115,438.0,,28.6,38,28.1,0.0,0.0,981.7,8.8,125,1,200.0
2026-05-06T22:00,67.8,338.1,556.0,44.2,22.5,81.0,152,118,452.0,,27.7,39,27.2,0.0,0.0,981.8,8.1,118,0,165.0
2026-05-06T23:00,63.1,292.4,611.0,29.5,18.5,89.0,152,106,442.0,,27.2,46,27.1,0.0,0.0,981.4,10.9,73,0,285.0
2026-05-07T00:00,59.5,272.9,585.0,23.1,16.5,91.0,152,101,373.0,,26.8,46,27.0,0.0,0.0,981.1,8.1,84,1,270.0
2026-05-07T01:00,53.0,214.2,515.0,19.7,15.3,93.0,152,85,281.0,,26.0,49,26.0,0.0,0.0,981.1,9.2,84,1,240.0
2026-05-07T02:00,46.9,176.5,449.0,17.2,14.7,96.0,152,75,247.0,,25.4,49,25.3,0.1,0.1,981.0,9.4,91,51,190.0
2026-05-07T03:00,56.0,314.8,393.0,14.8,14.6,101.0,152,112,325.0,,24.5,52,24.1,0.0,0.0,981.7,12.1,123,1,255.0
2026-05-07T04:00,56.9,331.6,342.0,13.4,15.1,107.0,151,116,460.0,,23.0,60,22.8,0.0,0.0,981.9,12.6,121,1,220.0
2026-05-07T05:00,93.4,597.9,323.0,12.1,13.4,124.0,151,187,962.0,,23.7,60,24.1,0.0,0.0,981.8,9.4,144,1,295.0
2026-05-07T06:00,83.1,434.0,371.0,14.6,14.6,128.0,151,144,887.0,,24.3,58,24.5,0.0,0.0,982.4,11.2,138,1,410.0
2026-05-07T07:00,87.5,461.0,451.0,17.9,16.1,135.0,153,151,793.0,,25.2,57,25.6,0.0,0.0,983.2,11.6,126,0,430.0
2026-05-07T08:00,83.8,489.9,491.0,18.9,17.1,144.0,161,159,786.0,,26.9,54,27.4,0.0,0.0,983.9,13.3,122,0,655.0
2026-05-07T09:00,85.4,592.3,444.0,15.3,16.9,158.0,169,186,951.0,,28.1,49,27.9,0.0,0.0,984.7,16.0,105,0,910.0
2026-05-07T10:00,106.6,791.6,357.0,9.5,16.1,175.0,178,239,1203.0,,29.9,43,29.7,0.0,0.0,984.4,19.2,126,0,1090.0
2026-05-07T11:00,107.6,823.3,296.0,5.3,15.6,187.0,189,248,1400.0,,30.1,43,31.1,0.0,0.0,985.2,17.4,124,3,1555.0
2026-05-07T12:00,102.0,797.2,284.0,4.4,15.9,191.0,206,241,1482.0,,29.6,45,30.1,0.0,0.0,985.1,17.9,122,3,1490.0
2026-05-07T13:00,102.9,821.4,299.0,5.2,16.5,190.0,243,247,1508.0,,29.1,46,28.6,0.0,0.0,984.8,18.3,104,3,1345.0
2026-05-07T14:00,107.6,877.3,338.0,6.4,17.2,188.0,282,262,1509.0,,29.9,42,29.7,0.0,0.0,984.4,13.5,115,3,1355.0
2026-05-07T15:00,116.6,961.1,423.0,7.7,18.0,187.0,320,284,1512.0,,29.9,41,29.6,0.0,0.0,983.4,14.7,104,0,1325.0
2026-05-07T16:00,116.6,953.7,533.0,9.4,18.8,185.0,359,282,1490.0,,29.9,41,29.5,0.0,0.0,983.2,14.3,124,0,1290.0
2026-05-07T17:00,105.5,855.0,603.0,11.6,19.9,181.0,396,256,1463.0,,30.5,36,29.4,0.0,0.0,982.5,15.1,115,0,1260.0
2026-05-07T18:00,94.5,687.3,597.0,13.9,19.9,166.0,421,211,1241.0,,29.5,39,29.0,0.0,0.0,983.0,12.0,106,0,1110.0
2026-05-07T19:00,78.7,530.9,551.0,16.9,20.0,146.0,438,170,933.0,,27.7,46,27.5,0.0,0.0,983.5,12.6,88,0,555.0
2026-05-07T20:00,70.1,430.3,512.0,18.8,20.2,131.0,447,143,695.0,,26.5,53,26.8,0.0,0.0,984.1,12.3,93,0,515.0
2026-05-07T21:00,65.7,381.8,498.0,18.4,20.8,126.0,452,130,598.0,,25.7,60,26.5,0.0,0.0,984.5,12.1,95,0,465.0
2026-05-07T22:00,63.6,357.6,491.0,16.8,21.4,126.0,454,123,570.0,,25.1,63,26.2,0.0,0.0,984.3,11.0,104,0,405.0
2026-05-07T23:00,63.8,350.2,479.0,15.5,21.5,125.0,455,121,548.0,,24.8,68,26.3,0.0,0.0,984.1,11.3,110,0,385.0
2026-05-08T00:00,64.5,346.5,452.0,15.0,20.5,119.0,458,120,509.0,,24.0,73,25.9,0.0,0.0,983.7,9.2,118,0,320.0
2026-05-08T01:00,64.3,329.7,421.0,14.8,18.9,112.0,461,116,475.0,,23.5,76,25.5,0.0,0.0,983.0,8.9,117,0,265.0
2026-05-08T02:00,62.2,299.0,401.0,14.7,17.4,105.0,466,108,451.0,,23.0,79,25.1,0.0,0.0,982.9,9.2,106,0,250.0
2026-05-08T03:00,60.3,292.4,397.0,14.5,15.8,99.0,471,106,434.0,,22.5,84,24.8,0.0,0.0,982.9,9.0,106,0,260.0
2026-05-08T04:00,58.1,292.4,406.0,14.4,14.2,94.0,470,106,427.0,,22.1,86,24.6,0.0,0.0,983.3,8.5,102,1,250.0
2026-05-08T05:00,61.9,297.1,428.0,16.1,18.9,93.0,468,107,445.0,,22.2,87,24.4,0.0,0.0,983.9,10.5,121,0,295.0
2026-05-08T06:00,65.7,326.9,485.0,17.4,22.3,100.0,456,115,472.0,,22.7,84,25.1,0.0,0.0,984.3,9.7,105,0,345.0
2026-05-08T07:00,68.5,325.0,556.0,19.0,27.0,110.0,451,115,513.0,,24.2,76,26.4,0.0,0.0,985.0,9.8,120,0,430.0
2026-05-08T08:00,71.0,367.9,583.0,18.9,29.9,126.0,445,126,570.0,,26.4,64,28.2,0.0,0.0,985.4,11.0,124,0,600.0
2026-05-08T09:00,73.3,427.5,522.0,15.3,29.5,151.0,440,142,659.0,,28.7,54,29.9,0.0,0.0,985.8,12.3,120,0,845.0
2026-05-08T10:00,76.1,482.4,416.0,10.0,27.4,182.0,433,157,765.0,,30.6,45,32.1,0.0,0.0,985.8,13.3,117,0,1180.0
2026-05-08T11:00,75.9,508.5,336.0,5.9,25.1,204.0,421,164,846.0,,32.0,38,33.3,0.0,0.0,985.2,14.5,120,0,1450.0
2026-05-08T12:00,75.0,523.4,312.0,4.3,22.8,212.0,407,168,888.0,,33.2,34,34.6,0.0,0.0,984.8,13.6,114,0,1675.0
2026-05-08T13:00,74.0,529.0,314.0,4.0,20.4,211.0,395,169,906.0,,34.0,31,35.3,0.0,0.0,984.2,12.6,114,0,1880.0
2026-05-08T14:00,73.8,530.9,328.0,4.6,18.7,207.0,380,170,901.0,,34.4,30,35.5,0.0,0.0,983.4,10.7,110,1,2050.0
2026-05-08T15:00,71.9,517.8,351.0,6.1,18.5,202.0,362,166,873.0,,34.3,30,34.4,0.0,0.0,982.7,9.9,92,1,2135.0
2026-05-08T16:00,68.0,482.4,384.0,8.6,19.0,194.0,339,157,821.0,,31.1,40,31.5,0.4,0.4,983.7,11.3,42,51,560.0
2026-05-08T17:00,68.2,478.7,419.0,10.8,20.8,191.0,314,156,807.0,,32.7,32,32.4,0.0,0.0,982.3,10.4,92,1,1790.0
2026-05-08T18:00,64.5,361.4,451.0,16.4,21.1,168.0,294,124,694.0,,31.7,34,31.3,0.0,0.0,982.5,11.7,79,1,1295.0
2026-05-08T19:00,62.9,287.8,483.0,24.1,21.5,136.0,274,105,538.0,,30.6,38,30.8,0.0,0.0,983.2,9.7,79,0,630.0
2026-05-08T20:00,60.5,273.8,518.0,29.2,21.7,112.0,260,101,412.0,,29.7,41,30.1,0.0,0.0,983.5,8.7,83,0,350.0
2026-05-08T21:00,57.5,236.1,565.0,29.5,21.7,103.0,251,91,346.0,,28.7,45,29.4,0.0,0.0,983.9,8.5,85,0,275.0
2026-05-08T22:00,55.5,205.8,613.0,27.3,21.5,101.0,242,83,312.0,,28.0,48,28.9,0.0,0.0,984.1,7.8,83,0,220.0
2026-05-08T23:00,55.1,207.7,636.0,24.8,21.2,100.0,233,83,294.0,,27.5,52,28.9,0.0,0.0,983.7,7.1,100,0,160.0
2026-05-09T00:00,55.1,221.2,609.0,22.2,20.8,99.0,224,87,295.0,,27.3,53,28.8,0.0,0.0,983.2,6.5,92,0,155.0
2026-05-09T01:00,55.3,226.8,556.0,19.3,20.2,100.0,217,88,313.0,,26.6,57,28.1,0.0,0.0,983.0,7.5,98,0,175.0
2026-05-09T02:00,55.6,228.6,518.0,17.3,19.5,99.0,211,89,331.0,,25.9,59,27.3,0.0,0.0,983.1,8.0,99,0,190.0
2026-05-09T03:00,56.2,233.3,504.0,16.7,18.2,93.0,207,90,343.0,,25.3,61,26.8,0.0,0.0,983.3,7.8,97,0,190.0
2026-05-09T04:00,56.9,244.0,504.0,17.0,16.8,85.0,203,93,355.0,,24.8,63,26.3,0.0,0.0,983.7,7.2,108,0,195.0
2026-05-09T05:00,58.8,170.4,531.0,24.6,18.5,67.0,200,73,212.0,,24.8,68,26.9,0.0,0.0,984.0,7.2,102,0,205.0
2026-05-09T06:00,60.1,200.2,623.0,24.3,20.6,79.0,197,81,255.0,,25.3,65,27.4,0.0,0.0,984.6,6.5,95,0,210.0
2026-05-09T07:00,59.0,217.9,742.0,23.7,23.4,96.0,195,86,315.0,,26.6,59,28.6,0.0,0.0,985.3,6.7,92,0,265.0
2026-05-09T08:00,58.4,249.6,790.0,21.7,25.5,118.0,193,95,369.0,,28.7,52,30.4,0.0,0.0,985.8,7.4,94,0,440.0
2026-05-09T09:00,57.4,265.4,698.0,16.9,26.1,150.0,190,99,411.0,,30.8,45,32.2,0.0,0.0,986.1,8.4,105,0,940.0
2026-05-09T10:00,52.2,263.6,536.0,10.7,25.9,187.0,187,107,446.0,,32.6,38,34.3,0.0,0.0,985.8,8.7,112,0,1760.0
2026-05-09T11:00,52.9,293.4,412.0,6.1,25.4,215.0,182,135,469.0,,33.5,34,35.5,0.0,0.0,985.3,9.2,107,0,2055.0
2026-05-09T12:00,54.7,308.3,373.0,4.4,24.4,226.0,178,146,477.0,,34.7,32,37.0,0.0,0.0,984.9,8.3,103,0,2200.0
2026-05-09T13:00,54.1,299.0,373.0,4.4,23.0,227.0,173,147,472.0,,35.3,30,37.5,0.0,0.0,984.2,7.1,97,0,2315.0
2026-05-09T14:00,53.7,284.1,382.0,5.0,22.0,226.0,168,146,453.0,,35.5,29,37.0,0.0,0.0,983.3,7.3,97,0,2455.0
2026-05-09T15:00,52.9,265.4,389.0,5.8,21.9,226.0,168,146,411.0,,35.5,28,36.1,0.0,0.0,982.6,6.7,82,1,2505.0
2026-05-09T16:00,51.2,241.2,405.0,7.3,22.3,222.0,189,142,356.0,,35.3,28,35.4,0.0,0.0,982.2,7.5,66,3,2625.0
2026-05-09T17:00,55.5,284.1,428.0,10.0,20.8,201.0,202,121,449.0,,34.5,30,34.7,0.0,0.0,981.7,8.9,82,0,2205.0
2026-05-09T18:00,53.2,235.2,461.0,13.8,21.2,179.0,206,99,421.0,,33.4,33,33.4,0.0,0.0,982.2,11.9,75,0,1605.0
2026-05-09T19:00,56.2,237.0,501.0,19.1,21.7,149.0,205,91,382.0,,32.2,37,32.6,0.0,0.0,982.7,9.9,61,0,710.0
2026-05-09T20:00,58.0,235.2,538.0,23.3,22.1,125.0,201,91,346.0,,31.0,43,32.0,0.0,0.0,983.0,9.0,70,0,420.0
2026-05-09T21:00,58.9,221.7,575.0,25.3,22.5,113.0,185,87,315.0,,30.0,48,31.3,0.0,0.0,983.6,9.4,91,0,310.0
2026-05-09T22:00,60.1,205.4,608.0,26.2,22.9,107.0,167,83,287.0,,29.2,50,30.9,0.0,0.0,983.7,6.8,107,0,225.0
2026-05-09T23:00,61.0,200.7,619.0,26.3,22.8,102.0,150,82,270.0,,28.8,54,30.9,0.0,0.0,983.7,7.3,130,0,220.0
2026-05-10T00:00,61.7,202.1,587.0,25.3,21.9,96.0,150,82,265.0,,28.3,56,30.7,0.0,0.0,983.3,5.5,117,0,205.0
2026-05-10T01:00,63.8,208.2,532.0,23.5,20.5,91.0,151,84,271.0,,27.7,58,30.1,0.0,0.0,982.8,5.6,130,0,145.0
2026-05-10T02:00,66.1,217.5,493.0,22.0,19.7,87.0,151,86,291.0,,27.2,59,29.5,0.0,0.0,982.5,5.6,140,0,140.0
2026-05-10T03:00,68.9,238.4,480.0,21.3,19.6,80.0,151,92,335.0,,26.9,59,29.0,0.0,0.0,982.8,6.1,133,0,135.0
2026-05-10T04:00,72.6,273.8,481.0,21.1,20.0,74.0,152,101,392.0,,26.5,59,28.3,0.0,0.0,983.2,6.9,127,0,145.0
2026-05-10T05:00,73.6,262.6,506.0,23.5,20.1,70.0,152,98,362.0,,26.3,63,28.3,0.0,0.0,983.6,7.7,139,0,235.0
2026-05-10T06:00,76.1,278.5,583.0,23.5,22.9,84.0,153,102,369.0,,26.9,60,29.0,0.0,0.0,984.7,6.9,118,0,255.0
2026-05-10T07:00,75.9,279.4,682.0,23.3,26.7,105.0,153,103,380.0,,28.1,55,30.1,0.0,0.0,985.4,6.9,123,0,295.0
2026-05-10T08:00,72.9,277.5,722.0,21.5,29.0,130.0,153,102,397.0,,30.2,49,32.3,0.0,0.0,985.9,5.8,126,0,560.0
2026-05-10T09:00,65.9,279.4,643.0,16.6,28.6,161.0,154,103,425.0,,32.4,40,33.7,0.0,0.0,986.3,8.1,133,0,1395.0
2026-05-10T10:00,61.9,296.2,503.0,10.2,26.7,196.0,154,116,460.0,,33.8,35,35.3,0.0,0.0,985.7,10.1,125,0,1745.0
2026-05-10T11:00,62.9,312.0,399.0,5.5,25.0,222.0,154,142,489.0,,34.8,34,36.7,0.0,0.0,985.1,11.7,117,1,2230.0
2026-05-10T12:00,64.3,326.9,372.0,4.0,23.8,234.0,155,154,513.0,,35.8,31,38.1,0.0,0.0,984.5,9.3,118,2,2490.0
2026-05-10T13:00,65.7,329.7,379.0,4.1,22.7,237.0,155,157,530.0,,36.7,28,38.9,0.0,0.0,983.7,6.4,126,2,2680.0
2026-05-10T14:00,68.0,334.3,392.0,5.1,22.1,237.0,156,157,527.0,,37.2,26,38.7,0.0,0.0,982.4,6.6,145,2,2860.0
2026-05-10T15:00,68.5,320.4,399.0,6.5,22.4,236.0,180,156,489.0,,37.3,24,37.2,0.0,0.0,981.4,8.3,138,2,2870.0
2026-05-10T16:00,68.0,295.2,411.0,8.8,23.2,232.0,200,152,431.0,,36.9,26,37.2,0.0,0.0,980.8,6.7,128,2,2900.0
2026-05-10T17:00,65.4,258.0,431.0,11.7,23.9,220.0,207,140,380.0,,35.4,29,35.5,0.0,0.0,980.5,9.6,98,1,2170.0
2026-05-10T18:00,63.1,219.3,463.0,16.2,24.5,194.0,211,114,346.0,,34.1,32,34.0,0.0,0.0,980.9,12.2,82,1,1360.0
2026-05-10T19:00,65.0,204.9,503.0,21.3,25.1,161.0,211,83,320.0,,32.5,37,32.8,0.0,0.0,981.4,11.6,66,1,775.0
2026-05-10T20:00,67.3,221.2,540.0,24.8,25.2,135.0,207,87,302.0,,31.6,39,32.5,0.0,0.0,981.9,8.3,85,0,355.0
2026-05-10T21:00,68.5,235.2,578.0,25.2,24.5,124.0,200,91,296.0,,30.8,41,31.8,0.0,0.0,982.6,7.9,103,0,340.0
2026-05-10T22:00,68.7,233.3,614.0,24.0,23.2,120.0,183,90,298.0,,30.0,43,30.9,0.0,0.0,982.7,8.5,95,0,315.0
2026-05-10T23:00,68.0,221.2,627.0,22.5,22.2,118.0,164,87,298.0,,29.9,46,31.2,0.0,0.0,982.8,8.5,102,0,250.0
2026-05-11T00:00,66.6,207.7,597.0,21.1,21.5,115.0,159,83,285.0,,29.8,47,31.2,0.0,0.0,982.8,8.7,107,0,265.0
2026-05-11T01:00,65.9,199.3,544.0,19.5,21.0,113.0,159,81,269.0,,29.3,49,30.8,0.0,0.0,982.6,7.8,98,3,265.0
2026-05-11T02:00,66.8,205.8,505.0,18.2,21.0,111.0,159,83,269.0,,28.7,51,30.1,0.0,0.0,982.4,8.4,110,3,245.0
2026-05-11T03:00,68.2,221.2,493.0,17.3,21.9,107.0,159,87,299.0,,28.2,52,29.6,0.0,0.0,982.6,8.0,108,3,225.0
2026-05-11T04:00,70.3,244.0,495.0,16.8,23.3,103.0,159,93,346.0,,27.8,53,29.3,0.0,0.0,983.2,7.2,108,3,205.0
2026-05-11T05:00,53.1,100.8,513.0,24.4,19.2,77.0,159,62,92.0,,27.3,57,29.0,0.0,0.0,983.8,8.8,123,0,295.0
2026-05-11T06:00,59.8,183.9,567.0,24.3,20.1,89.0,158,77,156.0,,27.8,56,29.5,0.0,0.0,984.5,8.3,106,0,305.0
2026-05-11T07:00,60.5,194.6,637.0,23.9,21.4,107.0,158,80,245.0,,29.0,52,30.6,0.0,0.0,984.9,9.2,111,0,375.0
2026-05-11T08:00,61.7,230.0,663.0,22.2,23.0,130.0,157,89,327.0,,30.9,47,32.3,0.0,0.0,985.3,10.0,120,0,615.0
2026-05-11T09:00,63.1,266.4,600.0,18.0,25.3,163.0,157,99,390.0,,33.1,40,34.9,0.0,0.0,985.9,6.8,125,3,1175.0
2026-05-11T10:00,64.5,285.9,493.0,12.5,27.9,202.0,157,122,445.0,,34.7,35,36.6,0.0,0.0,985.7,7.3,138,3,1820.0
2026-05-11T11:00,67.8,317.6,416.0,8.3,29.6,233.0,157,153,491.0,,34.4,34,37.0,0.0,0.0,985.3,4.2,170,3,1975.0
2026-05-11T12:00,72.2,351.1,400.0,6.3,29.8,252.0,157,172,533.0,,35.2,33,36.3,0.0,0.0,984.0,7.6,128,3,1675.0
2026-05-11T13:00,75.9,368.8,413.0,5.6,29.2,264.0,157,184,565.0,,36.1,31,37.5,0.0,0.0,983.0,7.4,133,1,1970.0
2026-05-11T14:00,77.3,364.1,433.0,5.7,28.4,269.0,167,189,572.0,,37.0,29,39.1,0.0,0.0,981.9,7.4,141,0,1980.0
2026-05-11T15:00,77.3,349.2,455.0,6.3,27.4,267.0,196,187,537.0,,37.4,28,39.1,0.0,0.0,981.1,4.6,149,0,2310.0
2026-05-11T16:00,74.0,319.4,482.0,7.7,26.3,257.0,209,177,477.0,,37.7,27,39.4,0.0,0.0,980.8,1.1,162,2,2655.0
2026-05-11T17:00,66.6,228.2,506.0,12.0,31.5,269.0,217,189,323.0,,36.7,30,38.4,0.0,0.0,980.8,3.8,335,2,2405.0
2026-05-11T18:00,71.0,201.2,520.0,20.6,32.6,231.0,225,151,275.0,,36.3,31,38.0,0.0,0.0,980.4,2.4,347,2,2105.0
2026-05-11T19:00,78.7,171.8,529.0,32.4,33.9,179.0,227,99,210.0,,35.1,33,36.7,0.0,0.0,980.8,3.7,35,1,485.0
2026-05-11T20:00,77.8,164.8,543.0,40.2,34.1,137.0,223,74,172.0,,33.9,37,35.4,0.0,0.0,981.1,7.0,80,0,460.0
2026-05-11T21:00,76.4,183.9,571.0,40.5,32.2,115.0,215,77,183.0,,32.6,42,34.3,0.0,0.0,981.5,7.2,102,0,270.0
2026-05-11T22:00,77.5,198.8,603.0,36.8,29.1,103.0,205,81,221.0,,31.6,45,33.6,0.0,0.0,981.6,6.8,108,0,210.0
2026-05-11T23:00,78.0,210.0,614.0,32.7,26.1,95.0,186,84,258.0,,30.9,49,32.8,0.0,0.0,980.8,9.9,123,0,275.0
2026-05-12T00:00,77.1,226.8,584.0,29.0,23.3,90.0,160,88,288.0,,30.3,51,32.3,0.0,0.0,980.4,8.9,115,2,285.0
2026-05-12T01:00,77.3,242.1,534.0,24.8,20.5,89.0,160,93,317.0,,29.9,51,31.8,0.0,0.0,980.4,8.5,117,3,280.0
2026-05-12T02:00,78.0,253.3,496.0,21.7,18.6,89.0,161,96,341.0,,29.5,51,31.3,0.0,0.0,980.2,8.5,122,2,240.0
2026-05-12T03:00,78.2,257.0,482.0,20.2,17.7,86.0,161,97,351.0,,29.1,52,31.0,0.0,0.0,980.4,7.5,130,3,210.0
2026-05-12T04:00,78.5,261.7,480.0,19.8,17.6,83.0,161,98,356.0,,28.8,53,30.6,0.0,0.0,980.6,7.7,143,3,205.0
2026-05-12T05:00,77.5,316.6,494.0,16.9,16.2,91.0,162,112,462.0,,28.1,61,30.6,0.0,0.0,981.0,8.7,120,3,330.0
2026-05-12T06:00,82.2,357.6,541.0,18.5,19.2,100.0,162,123,536.0,,28.5,59,30.9,0.0,0.0,981.5,9.0,120,2,385.0
2026-05-12T07:00,85.2,401.4,603.0,20.5,23.3,113.0,163,135,642.0,,29.7,54,31.5,0.0,0.0,981.7,11.0,128,3,440.0
2026-05-12T08:00,89.9,476.8,631.0,20.5,26.2,132.0,164,155,756.0,,31.6,46,33.1,0.0,0.0,982.1,11.8,140,0,610.0
2026-05-12T09:00,96.4,553.2,593.0,16.7,27.1,164.0,165,176,891.0,,31.3,50,32.5,1.0,1.0,983.9,17.3,31,55,635.0
2026-05-12T10:00,103.8,638.9,521.0,10.8,26.9,203.0,170,198,1035.0,,27.9,68,30.3,5.5,5.5,982.8,15.3,128,63,270.0
2026-05-12T11:00,105.0,668.7,464.0,6.5,25.8,229.0,177,206,1123.0,,37.1,30,38.5,0.0,0.0,981.7,15.7,132,0,1720.0
2026-05-12T12:00,102.7,672.4,433.0,4.7,23.0,231.0,184,207,1126.0,,38.1,28,39.7,0.0,0.0,980.8,14.8,138,0,2090.0
2026-05-12T13:00,96.4,640.7,415.0,4.3,19.5,221.0,191,199,1073.0,,38.6,27,40.3,0.0,0.0,979.8,13.1,143,0,2185.0
2026-05-12T14:00,87.8,583.0,425.0,5.6,18.2,210.0,197,183,992.0,,38.8,26,40.4,0.0,0.0,978.9,11.2,136,2,2760.0
2026-05-12T15:00,72.4,380.0,473.0,8.5,21.2,205.0,203,129,878.0,,38.0,27,38.6,0.0,0.0,978.5,8.9,144,2,2535.0
2026-05-12T16:00,67.3,324.1,549.0,13.0,26.4,199.0,205,119,735.0,,36.9,30,37.8,0.3,0.3,978.4,8.7,76,51,2650.0
2026-05-12T17:00,74.7,381.8,627.0,19.8,31.0,185.0,206,130,607.0,,35.6,34,36.0,0.2,0.2,977.3,14.2,116,51,1045.0
2026-05-12T18:00,82.7,407.0,711.0,31.4,34.3,155.0,215,137,508.0,,34.2,38,35.1,0.0,0.0,977.5,13.2,104,2,850.0
2026-05-12T19:00,87.5,336.2,797.0,45.1,37.0,117.0,227,118,424.0,,33.0,43,34.8,0.0,0.0,977.9,9.6,81,1,525.0
2026-05-12T20:00,88.5,269.2,856.0,53.8,37.8,88.0,237,100,353.0,,32.0,49,34.5,0.0,0.0,978.6,8.3,85,3,365.0
2026-05-12T21:00,87.3,237.0,873.0,53.7,35.5,75.0,243,91,292.0,,31.1,53,33.8,0.0,0.0,979.1,8.9,65,3,320.0
2026-05-12T22:00,83.4,205.4,862.0,48.6,31.3,71.0,246,83,244.0,,30.4,55,33.3,0.0,0.0,979.3,7.3,70,0,250.0
2026-05-12T23:00,77.5,192.3,835.0,42.3,27.4,72.0,246,79,222.0,,30.0,57,32.9,0.0,0.0,979.5,8.4,109,0,225.0
2026-05-13T00:00,72.2,197.0,783.0,35.0,24.5,78.0,245,81,237.0,,29.2,59,31.9,0.0,0.0,978.7,8.3,91,0,205.0
2026-05-13T01:00,70.1,212.8,714.0,26.6,22.0,89.0,244,85,279.0,,28.2,61,30.7,0.0,0.0,978.2,8.7,103,0,235.0
2026-05-13T02:00,71.2,238.4,665.0,20.2,20.1,96.0,242,92,325.0,,27.5,63,30.0,0.0,0.0,978.0,8.6,121,0,230.0
2026-05-13T03:00,74.3,274.7,643.0,17.3,18.7,95.0,241,101,381.0,,27.0,64,29.6,0.0,0.0,978.4,7.8,127,0,245.0
2026-05-13T04:00,77.3,303.6,640.0,16.5,18.0,90.0,242,109,443.0,,26.8,65,29.5,0.0,0.0,978.8,6.5,84,0,215.0
2026-05-13T05:00,93.8,299.9,672.0,24.3,24.8,68.0,245,108,397.0,,26.7,69,29.3,0.0,0.0,979.0,10.1,114,0,315.0
2026-05-13T06:00,91.7,292.4,783.0,25.8,29.6,78.0,244,106,408.0,,26.8,70,29.9,0.0,0.0,979.5,7.8,116,0,305.0
2026-05-13T07:00,91.7,277.5,929.0,27.7,36.1,94.0,240,102,426.0,,28.2,65,31.4,0.0,0.0,980.2,8.5,102,0,320.0
2026-05-13T08:00,96.2,333.4,991.0,27.3,40.6,118.0,232,117,461.0,,30.4,58,33.4,0.0,0.0,980.8,9.1,82,0,395.0
2026-05-13T09:00,102.2,380.9,888.0,22.3,41.6,157.0,224,130,530.0,,32.7,49,35.4,0.0,0.0,981.1,9.6,86,0,485.0
2026-05-13T10:00,105.9,416.3,701.0,15.1,40.5,204.0,214,139,616.0,,35.1,41,38.5,0.0,0.0,980.7,8.5,114,0,765.0
2026-05-13T11:00,111.3,455.4,550.0,9.5,38.7,237.0,200,157,679.0,,36.1,33,38.5,0.0,0.0,980.7,11.3,136,1,955.0
2026-05-13T12:00,115.9,486.2,478.0,7.2,35.9,247.0,196,167,707.0,,36.7,32,39.7,0.0,0.0,979.7,7.5,117,0,1185.0
2026-05-13T13:00,116.2,493.6,443.0,6.6,32.2,245.0,192,165,712.0,,37.7,29,41.0,0.0,0.0,978.6,6.2,116,0,1395.0
2026-05-13T14:00,112.2,458.2,432.0,7.2,29.3,237.0,189,157,688.0,,38.3,27,41.0,0.0,0.0,977.0,5.3,128,0,1815.0
2026-05-13T15:00,100.6,373.5,450.0,8.8,27.5,227.0,186,147,618.0,,38.7,25,40.8,0.0,0.0,976.3,3.0,155,1,2310.0
2026-05-13T16:00,96.6,354.8,493.0,11.5,26.5,213.0,202,133,520.0,,39.1,23,39.4,0.0,0.0,976.3,6.9,275,3,3835.0
2026-05-13T17:00,75.0,275.7,540.0,17.1,26.9,176.0,208,102,398.0,,37.8,31,39.4,0.3,0.3,974.4,7.9,135,51,1180.0
2026-05-13T18:00,85.0,230.0,581.0,33.3,31.4,144.0,209,89,349.0,,36.4,35,38.7,0.0,0.0,975.1,5.4,143,0,755.0
2026-05-13T19:00,94.3,229.6,626.0,56.0,37.7,99.0,205,89,283.0,,35.4,39,38.3,0.0,0.0,975.7,3.9,156,1,230.0
2026-05-13T20:00,100.1,224.0,686.0,75.3,43.2,61.0,191,88,239.0,,34.7,46,39.0,0.0,0.0,976.9,2.0,153,2,155.0
2026-05-13T21:00,106.2,226.3,783.0,87.6,47.2,39.0,178,88,237.0,,34.0,47,38.3,0.0,0.0,977.6,0.6,146,2,190.0
2026-05-13T22:00,118.5,252.4,896.0,96.5,50.4,24.0,177,95,258.0,,33.5,49,38.0,0.0,0.0,977.5,0.5,45,3,175.0
2026-05-13T23:00,129.5,275.7,971.0,102.5,52.3,13.0,178,102,279.0,,29.0,58,31.0,0.0,0.0,978.4,11.7,36,2,450.0
2026-05-14T00:00,136.4,292.4,970.0,105.2,52.1,6.0,180,106,297.0,,28.1,59,30.5,0.0,0.0,977.2,7.9,47,1,280.0
2026-05-14T01:00,140.6,306.4,930.0,105.0,50.6,3.0,182,110,316.0,,27.8,56,30.2,0.0,0.0,976.4,4.4,58,2,210.0
2026-05-14T02:00,144.4,315.7,911.0,103.8,49.4,2.0,184,112,327.0,,27.6,61,31.0,0.0,0.0,976.1,1.1,171,2,55.0
2026-05-14T03:00,147.1,319.4,949.0,103.1,49.3,0.0,186,113,325.0,,27.5,58,30.1,0.0,0.0,976.0,3.2,214,3,60.0
2026-05-14T04:00,148.1,315.7,1007.0,101.4,49.5,0.0,187,112,315.0,,27.2,57,29.0,0.0,0.0,976.4,7.4,209,3,100.0
2026-05-14T05:00,109.0,306.4,1036.0,35.1,35.1,58.0,190,110,376.0,,25.9,68,28.1,0.0,0.0,976.6,10.3,202,3,150.0
2026-05-14T06:00,129.0,374.4,1017.0,34.8,37.7,69.0,190,128,487.0,,26.3,64,28.7,0.0,0.0,977.9,6.2,224,2,210.0
2026-05-14T07:00,142.5,428.4,969.0,34.1,41.3,87.0,191,142,638.0,,28.2,53,30.2,0.0,0.0,978.3,5.5,221,0,240.0
2026-05-14T08:00,155.5,534.6,895.0,31.6,43.9,114.0,193,171,734.0,,31.0,43,32.6,0.0,0.0,978.8,5.5,218,0,360.0
2026-05-14T09:00,149.9,506.6,775.0,25.8,44.6,157.0,196,163,724.0,,33.8,34,34.9,0.0,0.0,979.3,6.2,224,0,680.0
2026-05-14T10:00,137.8,462.9,629.0,18.3,44.2,210.0,199,151,660.0,,36.0,28,38.0,0.0,0.0,979.9,4.7,230,0,1070.0
2026-05-14T11:00,131.8,442.4,519.0,12.3,43.4,252.0,200,172,604.0,,37.6,24,40.0,0.0,0.0,979.8,3.0,163,1,1610.0
2026-05-14T12:00,130.9,435.9,479.0,9.1,42.2,277.0,199,197,582.0,,38.7,22,41.6,0.0,0.0,979.2,2.2,138,2,2215.0
2026-05-14T13:00,127.6,423.8,475.0,7.5,40.7,291.0,198,211,567.0,,39.3,21,41.3,0.0,0.0,978.4,2.9,191,2,3225.0
2026-05-14T14:00,121.1,398.6,471.0,7.4,39.3,296.0,198,216,544.0,,39.0,20,39.4,0.2,0.2,977.4,6.4,212,51,2815.0
2026-05-14T15:00,114.1,370.7,438.0,8.8,38.1,291.0,203,211,505.0,,39.4,18,39.1,0.0,0.0,976.6,7.7,323,1,2970.0
2026-05-14T16:00,109.0,348.3,403.0,11.7,37.2,276.0,216,196,458.0,,39.1,18,38.0,0.0,0.0,975.8,8.7,326,0,2650.0
2026-05-14T17:00,99.7,295.2,415.0,18.7,39.2,245.0,227,165,389.0,,38.5,24,38.6,0.0,0.0,974.7,9.0,100,0,2295.0
2026-05-14T18:00,102.9,258.9,515.0,23.4,39.6,214.0,233,134,360.0,,37.2,27,37.6,0.0,0.0,975.2,9.0,96,0,1275.0
2026-05-14T19:00,101.7,262.6,660.0,30.3,40.2,172.0,233,98,318.0,,35.6,33,36.7,0.0,0.0,975.9,8.8,95,0,690.0
2026-05-14T20:00,92.9,231.9,771.0,37.6,41.0,134.0,228,90,272.0,,34.7,37,36.3,0.0,0.0,976.4,7.9,73,2,500.0
2026-05-14T21:00,81.0,159.7,826.0,47.0,42.2,106.0,218,76,213.0,,34.1,38,35.9,0.0,0.0,977.1,5.9,79,3,335.0
2026-05-14T22:00,83.4,133.6,848.0,56.9,43.6,84.0,206,77,150.0,,33.4,41,35.9,0.0,0.0,977.6,3.7,119,3,165.0
2026-05-14T23:00,95.5,158.3,819.0,61.1,44.5,71.0,199,82,123.0,,32.6,45,33.8,0.0,0.0,978.3,15.4,238,3,945.0
2026-05-15T00:00,94.5,182.5,703.0,54.5,44.7,72.0,198,82,162.0,,31.4,39,31.3,0.0,0.0,978.1,13.9,283,3,640.0
2026-05-15T01:00,98.3,235.2,536.0,42.1,44.4,83.0,196,91,238.0,,30.0,49,31.1,0.0,0.0,978.5,12.5,323,3,555.0
2026-05-15T02:00,101.7,258.0,417.0,33.3,43.6,88.0,195,97,298.0,,29.8,50,31.1,0.0,0.0,978.3,12.3,329,2,635.0
2026-05-15T03:00,106.2,263.6,388.0,32.3,41.6,79.0,194,98,321.0,,29.1,48,29.9,0.0,0.0,977.6,10.8,349,3,450.0
2026-05-15T04:00,108.5,267.3,405.0,34.8,39.0,65.0,193,99,328.0,,28.6,49,29.7,0.0,0.0,977.4,8.2,351,0,415.0
2026-05-15T05:00,55.8,139.2,440.0,21.8,17.5,92.0,191,65,158.0,,29.4,45,30.6,0.0,0.0,976.8,6.5,96,3,290.0
2026-05-15T06:00,59.8,136.0,501.0,22.7,19.7,95.0,190,65,270.0,,29.5,45,30.6,0.0,0.0,977.9,7.2,243,0,190.0
2026-05-15T07:00,72.9,195.6,578.0,23.7,22.9,100.0,188,80,423.0,,31.0,40,32.1,0.0,0.0,978.7,6.2,232,0,260.0
2026-05-15T08:00,99.0,372.5,614.0,23.3,26.1,113.0,186,127,534.0,,33.0,33,34.0,0.0,0.0,979.3,3.7,203,0,490.0
2026-05-15T09:00,108.0,437.7,573.0,20.3,30.0,143.0,184,145,561.0,,35.1,26,35.6,0.0,0.0,980.0,3.3,216,0,1250.0
2026-05-15T10:00,104.3,404.2,489.0,15.8,33.9,182.0,183,136,545.0,,36.7,23,37.5,0.0,0.0,980.3,5.1,228,0,1885.0
2026-05-15T11:00,99.9,366.9,413.0,11.8,34.9,209.0,182,129,522.0,,38.1,21,38.9,0.0,0.0,980.3,9.0,215,0,2700.0
2026-05-15T12:00,93.8,341.8,354.0,8.6,30.7,215.0,181,135,490.0,,39.1,18,39.4,0.0,0.0,979.7,10.9,253,1,3510.0
2026-05-15T13:00,87.3,324.1,303.0,5.9,23.5,209.0,180,129,452.0,,39.4,17,38.3,0.0,0.0,978.8,13.3,279,0,3625.0
2026-05-15T14:00,80.3,308.3,273.0,4.9,17.7,197.0,179,117,450.0,,40.0,16,38.8,0.0,0.0,977.6,14.3,298,0,3680.0
2026-05-15T15:00,89.2,410.7,274.0,5.8,14.4,178.0,177,138,522.0,,39.9,15,37.6,0.0,0.0,977.0,16.0,306,1,3610.0
2026-05-15T16:00,95.2,480.6,297.0,8.5,12.4,154.0,177,156,632.0,,39.0,16,36.1,0.0,0.0,976.4,16.8,308,0,3190.0
2026-05-15T17:00,102.2,609.1,331.0,11.4,11.1,128.0,176,190,1017.0,,38.6,18,36.5,0.0,0.0,976.2,13.2,325,0,2490.0
2026-05-15T18:00,109.2,579.3,372.0,21.3,14.1,107.0,176,182,979.0,,37.4,19,35.9,0.0,0.0,976.4,10.9,348,0,2300.0
2026-05-15T19:00,117.8,547.6,425.0,34.8,18.2,78.0,176,174,928.0,,36.1,23,35.5,0.0,0.0,976.9,7.8,26,0,1210.0
2026-05-15T20:00,126.7,575.6,489.0,44.4,21.1,56.0,180,181,888.0,,34.8,29,35.1,0.0,0.0,977.5,6.3,51,0,430.0
2026-05-15T21:00,132.7,607.2,571.0,46.1,21.4,47.0,187,190,881.0,,33.7,34,35.2,0.0,0.0,978.1,2.8,35,0,215.0
2026-05-15T22:00,136.0,612.8,665.0,43.8,20.5,44.0,196,191,886.0,,33.3,33,34.2,0.0,0.0,978.5,4.7,16,0,320.0
2026-05-15T23:00,134.1,577.4,749.0,42.1,19.6,42.0,218,182,869.0,,32.6,39,34.5,0.0,0.0,978.3,3.8,3,0,330.0
2026-05-16T00:00,130.4,527.1,821.0,42.6,19.0,37.0,242,169,808.0,,31.5,44,33.9,0.0,0.0,978.0,2.9,338,0,215.0
2026-05-16T01:00,128.5,486.2,883.0,43.6,18.4,33.0,263,158,724.0,,31.0,44,33.1,0.0,0.0,977.9,3.2,313,0,200.0
2026-05-16T02:00,127.1,459.1,922.0,44.8,18.4,29.0,278,150,646.0,,30.3,43,31.9,0.0,0.0,977.9,4.0,306,0,235.0
2026-05-16T03:00,122.0,417.2,933.0,46.7,19.3,24.0,290,139,588.0,,29.6,43,30.9,0.0,0.0,978.1,3.9,292,0,170.0
2026-05-16T04:00,118.0,381.8,920.0,48.6,20.7,20.0,299,130,536.0,,29.1,43,30.1,0.0,0.0,978.5,5.0,305,0,195.0
2026-05-16T05:00,165.3,745.1,881.0,26.6,15.0,61.0,305,227,1124.0,,29.0,47,30.9,0.0,0.0,978.7,2.7,337,0,130.0
2026-05-16T06:00,171.8,705.9,804.0,26.2,16.9,71.0,337,216,1056.0,,29.7,44,31.4,0.0,0.0,979.3,2.6,348,0,180.0
2026-05-16T07:00,170.0,618.4,701.0,25.4,19.6,86.0,366,193,957.0,,30.9,40,32.3,0.0,0.0,979.9,3.8,352,0,315.0
2026-05-16T08:00,153.2,584.9,604.0,23.3,21.7,106.0,388,184,843.0,,32.6,36,33.9,0.0,0.0,980.4,4.4,333,0,510.0
2026-05-16T09:00,123.9,416.3,522.0,18.7,23.3,136.0,399,139,686.0,,34.6,31,35.5,0.0,0.0,980.9,5.5,306,0,740.0
2026-05-16T10:00,101.5,312.9,447.0,12.7,24.5,171.0,398,111,514.0,,36.5,27,37.8,0.0,0.0,980.8,7.2,298,0,1140.0
2026-05-16T11:00,91.5,310.1,383.0,8.0,23.9,192.0,394,112,429.0,,39.2,20,40.5,0.0,0.0,980.6,7.7,288,0,3600.0
2026-05-16T12:00,87.3,357.6,331.0,5.3,20.1,187.0,391,123,495.0,,40.3,16,40.1,0.0,0.0,980.0,12.0,305,0,3895.0
2026-05-16T13:00,83.6,417.2,290.0,3.9,14.6,168.0,391,139,648.0,,40.3,15,39.1,0.0,0.0,979.4,14.7,306,0,3740.0
2026-05-16T14:00,83.1,480.6,268.0,3.7,10.4,150.0,396,156,800.0,,40.4,15,39.2,0.0,0.0,978.7,14.5,304,0,3720.0
2026-05-16T15:00,86.8,555.1,273.0,4.7,8.7,138.0,404,176,921.0,,40.0,16,37.7,0.0,0.0,978.0,16.5,306,0,3605.0
2026-05-16T16:00,94.8,618.4,297.0,7.1,8.3,127.0,410,193,1041.0,,39.4,16,36.7,0.0,0.0,977.5,16.6,311,0,3275.0
2026-05-16T17:00,108.7,761.8,321.0,10.0,8.4,118.0,416,231,1313.0,,39.7,15,36.6,0.0,0.0,977.1,17.1,318,1,3415.0
2026-05-16T18:00,132.2,851.2,330.0,15.2,10.4,105.0,422,255,1436.0,,38.6,17,35.8,0.0,0.0,977.6,16.6,323,0,3005.0
2026-05-16T19:00,156.5,957.4,339.0,22.5,13.2,88.0,434,283,1603.0,,37.3,19,35.1,0.0,0.0,978.2,14.7,327,0,1655.0
2026-05-16T20:00,178.3,1035.6,372.0,28.0,15.4,74.0,451,304,1702.0,,36.7,20,35.1,0.0,0.0,978.7,11.3,327,0,1415.0
2026-05-16T21:00,193.2,1061.7,462.0,30.4,16.4,67.0,470,311,1684.0,,35.7,22,34.6,0.0,0.0,979.3,8.3,330,0,795.0
2026-05-16T22:00,199.3,1024.5,576.0,31.1,16.7,64.0,489,301,1599.0,,34.4,25,33.8,0.0,0.0,979.3,6.4,315,0,435.0
2026-05-16T23:00,197.9,951.8,639.0,30.9,16.7,62.0,506,282,1485.0,,34.1,28,34.2,0.0,0.0,979.0,5.3,315,0,430.0
2026-05-17T00:00,191.4,866.1,600.0,29.6,16.2,61.0,522,259,1338.0,,32.8,31,33.3,0.0,0.0,978.4,4.2,306,0,245.0
2026-05-17T01:00,182.1,774.9,509.0,27.3,15.2,62.0,536,235,1164.0,,32.1,32,32.4,0.0,0.0,978.0,4.4,291,0,175.0
2026-05-17T02:00,172.3,691.0,441.0,25.8,14.5,62.0,548,212,1014.0,,31.4,33,31.7,0.0,0.0,978.2,4.5,304,0,180.0
2026-05-17T03:00,164.8,631.4,429.0,26.1,14.1,58.0,557,196,911.0,,30.7,35,31.1,0.0,0.0,978.3,4.5,293,0,165.0
2026-05-17T04:00,159.3,586.7,440.0,27.0,13.8,53.0,566,184,833.0,,29.9,37,30.3,0.0,0.0,978.6,4.9,287,0,155.0
2026-05-17T05:00,170.4,705.9,455.0,19.6,13.7,71.0,575,216,1044.0,,30.1,38,30.7,0.0,0.0,978.7,5.0,289,0,170.0
2026-05-17T06:00,174.6,711.5,478.0,19.0,15.4,78.0,573,218,1047.0,,30.4,38,30.7,0.0,0.0,979.5,6.9,298,0,230.0
2026-05-17T07:00,174.6,679.9,505.0,18.1,17.6,89.0,573,209,1045.0,,31.6,36,32.1,0.0,0.0,980.3,6.5,294,0,345.0
2026-05-17T08:00,164.4,672.4,507.0,16.2,18.9,104.0,576,207,1001.0,,33.5,33,34.0,0.0,0.0,980.8,7.3,300,0,505.0
2026-05-17T09:00,132.2,525.3,462.0,12.4,18.6,128.0,580,168,861.0,,35.9,28,36.2,0.0,0.0,981.0,7.6,297,0,1205.0
2026-05-17T10:00,91.5,369.7,391.0,7.7,17.3,155.0,584,127,678.0,,37.8,24,38.3,0.0,0.0,980.8,10.8,291,0,2050.0
2026-05-17T11:00,79.2,369.7,332.0,4.1,15.5,171.0,587,127,581.0,,40.1,21,40.7,0.0,0.0,980.1,13.5,280,0,2865.0
2026-05-17T12:00,84.5,491.7,298.0,2.5,12.9,167.0,589,159,622.0,,40.8,20,40.9,0.0,0.0,979.7,18.0,290,1,3485.0
2026-05-17T13:00,89.6,590.5,275.0,2.2,9.9,151.0,595,185,747.0,,41.0,20,40.9,0.0,0.0,978.9,18.5,298,0,3545.0
2026-05-17T14:00,82.9,540.2,261.0,2.5,7.9,137.0,602,172,925.0,,41.2,20,40.7,0.0,0.0,977.9,18.2,291,0,3720.0
2026-05-17T15:00,98.0,666.8,255.0,3.4,7.5,130.0,604,206,1195.0,,41.3,20,40.0,0.1,0.1,977.0,19.3,295,51,3795.0
2026-05-17T16:00,135.5,957.4,257.0,4.9,8.1,124.0,609,283,1518.0,,40.6,19,38.5,0.0,0.0,976.4,20.0,301,1,3430.0
2026-05-17T17:00,129.5,782.3,264.0,7.6,9.0,116.0,623,237,1321.0,,40.9,16,37.9,0.0,0.0,976.1,21.5,307,0,3455.0
2026-05-17T18:00,177.9,1061.7,277.0,11.0,11.0,107.0,624,311,1604.0,,40.1,17,37.5,0.0,0.0,976.1,18.3,305,0,3215.0
2026-05-17T19:00,214.2,1248.0,295.0,15.6,13.8,95.0,633,361,1991.0,,39.3,19,37.5,0.0,0.0,976.1,13.9,314,0,2885.0
2026-05-17T20:00,244.0,1367.2,314.0,19.2,15.8,85.0,645,393,2250.0,,38.2,21,37.1,0.0,0.0,976.5,12.4,332,0,1465.0
2026-05-17T21:00,262.6,1411.9,333.0,20.8,16.4,79.0,659,405,2277.0,,37.2,22,36.1,0.0,0.0,976.8,11.1,331,0,1000.0
2026-05-17T22:00,270.1,1382.1,352.0,21.4,16.3,75.0,673,397,2176.0,,36.1,23,35.3,0.0,0.0,977.1,8.5,325,0,675.0
2026-05-17T23:00,268.2,1292.7,367.0,21.5,16.0,72.0,688,373,2033.0,,35.7,24,35.1,0.0,0.0,976.8,8.2,331,0,640.0
2026-05-18T00:00,260.8,1173.5,375.0,21.0,15.5,70.0,702,341,1857.0,,34.3,25,33.8,0.0,0.0,976.0,6.7,329,0,455.0
2026-05-18T01:00,250.5,1084.1,379.0,20.0,14.7,69.0,715,317,1638.0,,33.2,27,33.0,0.0,0.0,975.4,5.0,308,0,305.0
2026-05-18T02:00,237.0,964.9,379.0,19.4,14.2,68.0,728,285,1436.0,,32.2,29,32.0,0.0,0.0,975.3,5.4,274,0,205.0
2026-05-18T03:00,222.6,864.3,364.0,19.8,14.1,64.0,739,258,1266.0,,31.1,32,30.9,0.0,0.0,975.3,6.3,263,0,160.0
2026-05-18T04:00,209.1,774.9,346.0,20.6,14.2,60.0,749,235,1112.0,,30.2,35,30.0,0.0,0.0,975.7,6.7,261,0,150.0
2026-05-18T05:00,197.0,717.1,364.0,18.8,14.5,67.0,757,219,1016.0,,30.0,40,30.5,0.0,0.0,975.9,7.6,275,0,210.0
2026-05-18T06:00,188.6,687.3,467.0,19.4,16.3,73.0,757,211,986.0,,30.1,41,30.9,0.0,0.0,976.6,7.1,277,0,220.0
2026-05-18T07:00,175.6,610.9,606.0,20.0,18.8,82.0,756,191,941.0,,31.5,40,32.6,0.0,0.0,977.6,6.9,277,0,310.0
2026-05-18T08:00,155.1,599.8,679.0,19.1,20.5,97.0,754,188,877.0,,33.6,37,34.7,0.0,0.0,978.4,8.0,278,0,500.0
2026-05-18T09:00,120.6,480.6,621.0,15.2,20.9,125.0,751,156,757.0,,35.8,33,37.0,0.0,0.0,978.7,8.4,281,0,915.0
2026-05-18T10:00,97.8,399.5,496.0,9.8,20.6,158.0,749,135,618.0,,37.9,27,39.4,0.0,0.0,979.1,9.9,285,0,1470.0
2026-05-18T11:00,83.1,366.0,392.0,5.6,19.6,181.0,750,126,564.0,,40.1,23,41.7,0.0,0.0,978.6,12.1,280,0,2535.0
2026-05-18T12:00,77.8,393.9,343.0,3.7,17.5,184.0,750,133,658.0,,41.2,21,42.6,0.0,0.0,978.1,13.2,292,0,2860.0
2026-05-18T13:00,81.5,478.7,315.0,3.0,14.8,177.0,746,156,838.0,,41.8,21,42.9,0.0,0.0,977.2,15.1,299,0,3085.0
2026-05-18T14:00,90.1,590.5,294.0,3.5,12.7,166.0,741,185,1015.0,,42.3,20,42.7,0.0,0.0,976.4,16.5,303,0,3190.0
2026-05-18T15:00,101.5,717.1,274.0,5.0,11.7,155.0,743,219,1170.0,,42.5,20,41.8,0.0,0.0,975.9,17.2,302,1,3145.0
2026-05-18T16:00,112.9,774.9,261.0,7.7,11.5,142.0,745,235,1324.0,,42.8,17,40.7,0.0,0.0,975.3,18.6,303,1,3790.0
2026-05-18T17:00,135.5,935.0,255.0,11.8,11.2,121.0,738,277,1631.0,,43.3,14,40.8,0.0,0.0,974.8,17.5,307,0,3545.0
2026-05-18T18:00,162.1,1031.9,252.0,17.8,13.1,105.0,744,303,1707.0,,42.4,15,40.3,0.0,0.0,974.8,13.5,297,0,3540.0
2026-05-18T19:00,181.1,1087.8,256.0,26.1,15.7,83.0,743,318,1806.0,,40.8,17,39.3,0.0,0.0,975.0,11.3,283,0,975.0
2026-05-18T20:00,195.1,1102.7,279.0,31.5,17.1,66.0,736,322,1831.0,,39.3,18,37.8,0.0,0.0,975.5,10.9,287,0,485.0
2026-05-18T21:00,199.8,1061.7,347.0,31.5,16.3,59.0,725,311,1722.0,,38.2,18,36.8,0.0,0.0,975.9,9.3,292,0,345.0
2026-05-18T22:00,194.2,972.3,434.0,28.7,14.2,57.0,710,287,1540.0,,38.0,18,36.4,0.0,0.0,975.9,10.0,309,0,350.0
2026-05-18T23:00,182.1,868.0,476.0,26.1,12.5,55.0,693,259,1370.0,,37.8,19,36.7,0.0,0.0,975.6,8.6,306,0,395.0
2026-05-19T00:00,170.0,776.7,430.0,24.5,11.5,53.0,676,235,1240.0,,35.2,23,34.4,0.0,0.0,975.5,7.4,264,0,240.0
2026-05-19T01:00,161.1,713.4,339.0,23.1,10.8,51.0,659,218,1121.0,,33.8,26,33.4,0.0,0.0,975.2,5.7,279,0,155.0
2026-05-19T02:00,156.5,672.4,267.0,22.4,10.4,48.0,644,207,1021.0,,32.8,28,32.4,0.0,0.0,975.4,6.0,267,0,125.0
2026-05-19T03:00,153.7,633.3,233.0,23.3,10.6,42.0,632,197,928.0,,31.8,29,31.1,0.0,0.0,975.8,8.3,250,0,140.0
2026-05-19T04:00,149.5,620.3,217.0,24.8,11.1,36.0,622,193,853.0,,31.1,30,30.5,0.0,0.0,976.2,7.2,257,0,115.0
2026-05-19T05:00,169.0,609.1,226.0,36.2,18.2,28.0,615,190,862.0,,31.6,30,31.2,0.0,0.0,976.5,6.6,259,0,105.0
2026-05-19T06:00,147.6,508.5,284.0,34.3,18.3,37.0,611,164,744.0,,31.8,29,31.2,0.0,0.0,977.5,8.1,265,0,135.0
2026-05-19T07:00,132.2,405.1,368.0,31.4,18.5,51.0,604,136,586.0,,33.5,27,32.9,0.0,0.0,978.6,8.1,264,0,215.0
2026-05-19T08:00,112.5,368.8,411.0,27.3,18.5,71.0,595,126,508.0,,35.8,23,34.8,0.0,0.0,979.4,9.6,283,0,320.0
2026-05-19T09:00,92.4,356.7,373.0,20.8,18.6,103.0,585,123,586.0,,38.6,19,37.4,0.0,0.0,979.9,10.5,299,0,995.0
2026-05-19T10:00,87.3,406.1,294.0,13.0,18.6,141.0,580,136,743.0,,41.0,13,39.3,0.0,0.0,980.1,13.9,310,0,1725.0
2026-05-19T11:00,95.5,525.3,233.0,7.1,17.7,166.0,580,168,868.0,,43.3,11,41.5,0.0,0.0,979.7,16.1,307,0,3865.0
2026-05-19T12:00,103.4,625.8,212.0,4.2,15.0,168.0,587,195,925.0,,44.0,10,42.5,0.0,0.0,979.1,15.6,301,0,4185.0
2026-05-19T13:00,97.6,627.7,209.0,3.1,11.3,157.0,597,195,951.0,,44.4,9,43.0,0.0,0.0,978.3,14.0,294,0,4325.0
2026-05-19T14:00,81.0,543.9,215.0,3.6,8.6,145.0,603,173,945.0,,44.4,10,42.6,0.0,0.0,977.4,14.2,288,0,4420.0
2026-05-19T15:00,72.2,495.5,213.0,4.9,7.3,139.0,601,160,893.0,,44.1,11,41.5,0.0,0.0,976.9,15.2,284,0,4330.0
2026-05-19T16:00,70.5,452.6,219.0,7.7,7.0,132.0,592,149,810.0,,43.3,11,40.1,0.0,0.0,976.4,15.5,279,0,4065.0
2026-05-19T17:00,53.9,377.2,274.0,12.6,7.0,117.0,578,129,659.0,,43.3,11,40.0,0.0,0.0,975.9,15.3,274,0,4060.0
2026-05-19T18:00,63.1,400.5,414.0,21.7,9.8,99.0,555,135,636.0,,42.0,12,39.6,0.0,0.0,975.9,11.1,279,0,3500.0
2026-05-19T19:00,69.4,391.2,602.0,34.3,13.7,74.0,529,132,605.0,,40.3,15,39.0,0.0,0.0,976.3,5.6,310,0,485.0
2026-05-19T20:00,73.6,366.0,771.0,44.0,16.5,54.0,500,126,587.0,,39.1,16,37.9,0.0,0.0,976.7,5.9,310,0,430.0
2026-05-19T21:00,77.1,349.2,929.0,48.4,17.3,42.0,469,121,588.0,,38.4,16,36.7,0.0,0.0,977.1,8.0,286,0,380.0
2026-05-19T22:00,82.7,356.7,1066.0,49.8,17.0,35.0,439,123,601.0,,38.3,15,36.0,0.0,0.0,977.2,10.4,280,0,370.0
2026-05-19T23:00,89.2,404.2,1088.0,48.7,16.0,31.0,414,136,626.0,,36.4,19,34.8,0.0,0.0,977.6,9.7,239,0,235.0
2026-05-20T00:00,95.7,459.1,900.0,43.8,14.1,32.0,393,150,674.0,,35.1,22,33.9,0.0,0.0,977.1,8.1,269,0,235.0
2026-05-20T01:00,100.4,493.6,596.0,36.4,11.7,36.0,376,160,734.0,,33.9,23,32.9,0.0,0.0,976.6,6.6,279,0,215.0
2026-05-20T02:00,99.7,489.9,361.0,30.2,9.8,40.0,365,159,769.0,,33.1,24,32.0,0.0,0.0,976.4,6.7,278,0,220.0
2026-05-20T03:00,95.7,472.2,266.0,26.8,9.0,41.0,356,154,757.0,,32.6,23,31.0,0.0,0.0,976.4,8.8,281,0,225.0
2026-05-20T04:00,92.7,454.5,239.0,24.6,8.9,42.0,347,149,720.0,,32.1,23,30.4,0.0,0.0,976.7,8.7,284,0,230.0
2026-05-20T05:00,72.2,373.5,250.0,19.4,8.9,52.0,339,128,594.0,,32.4,24,30.7,0.0,0.0,977.1,9.9,275,0,220.0
2026-05-20T06:00,78.5,403.3,320.0,19.9,10.2,57.0,326,136,594.0,,32.2,26,30.8,0.0,0.0,977.8,9.4,277,0,240.0
2026-05-20T07:00,80.1,362.3,429.0,20.5,12.0,66.0,321,125,597.0,,33.5,26,32.4,0.0,0.0,978.3,9.4,294,0,360.0
2026-05-20T08:00,79.9,389.3,484.0,19.6,13.4,80.0,319,132,614.0,,35.6,25,34.8,0.0,0.0,978.7,10.2,293,0,410.0
2026-05-20T09:00,78.9,410.7,430.0,15.9,14.2,105.0,320,138,668.0,,37.9,24,37.6,0.0,0.0,978.9,10.6,294,0,650.0
2026-05-20T10:00,82.7,439.6,323.0,10.7,14.6,135.0,322,145,737.0,,40.1,22,40.6,0.0,0.0,978.7,11.6,298,0,1085.0
2026-05-20T11:00,85.2,467.5,240.0,6.7,14.3,156.0,324,153,770.0,,42.2,18,43.0,0.0,0.0,978.2,11.4,291,1,3810.0
2026-05-20T12:00,79.6,452.6,213.0,4.5,12.6,160.0,321,149,733.0,,42.7,16,42.7,0.0,0.0,977.8,10.6,274,1,3670.0
2026-05-20T13:00,68.7,403.3,210.0,3.5,10.2,154.0,312,136,659.0,,43.3,14,43.2,0.0,0.0,976.8,9.5,261,1,3860.0
2026-05-20T14:00,60.8,354.8,215.0,4.0,8.4,147.0,300,123,598.0,,43.6,14,43.1,0.0,0.0,976.0,10.9,263,0,4020.0
2026-05-20T15:00,63.1,400.5,217.0,5.8,7.4,141.0,289,135,574.0,,43.4,14,42.2,0.0,0.0,975.2,11.0,267,0,3845.0
2026-05-20T16:00,61.9,368.8,228.0,9.2,6.9,133.0,284,126,563.0,,43.0,14,41.3,0.0,0.0,974.5,10.1,282,0,3765.0
2026-05-20T17:00,38.6,218.9,267.0,12.4,8.2,122.0,279,86,368.0,,43.2,13,42.0,0.0,0.0,974.0,6.5,256,0,3780.0
2026-05-20T18:00,46.0,204.9,361.0,28.9,12.6,98.0,269,83,327.0,,41.7,15,40.0,0.0,0.0,974.2,10.5,233,0,1420.0
2026-05-20T19:00,56.9,197.9,483.0,51.6,18.7,65.0,258,81,273.0,,40.1,18,39.2,0.0,0.0,974.5,8.0,239,0,490.0
2026-05-20T20:00,64.3,187.2,570.0,67.7,23.1,39.0,246,78,246.0,,38.9,20,38.6,0.0,0.0,975.2,5.9,252,0,295.0
2026-05-20T21:00,66.1,183.9,600.0,71.9,24.4,27.0,235,77,255.0,,38.1,20,37.2,0.0,0.0,975.8,8.2,232,0,430.0
2026-05-20T22:00,67.1,201.6,594.0,69.5,23.9,22.0,226,82,293.0,,36.0,23,35.5,0.0,0.0,976.2,6.4,205,0,285.0
2026-05-20T23:00,71.0,258.9,554.0,63.6,22.3,22.0,216,97,375.0,,35.8,22,34.6,0.0,0.0,976.2,9.1,240,0,415.0
2026-05-21T00:00,79.6,363.2,457.0,53.3,18.9,27.0,208,125,537.0,,34.8,23,33.5,0.0,0.0,975.9,9.4,250,0,390.0
2026-05-21T01:00,90.3,476.8,325.0,39.4,14.4,37.0,202,155,745.0,,34.0,24,32.5,0.0,0.0,975.5,10.8,259,0,400.0
2026-05-21T02:00,98.0,556.9,227.0,27.8,10.8,45.0,201,177,911.0,,33.7,25,32.0,0.0,0.0,975.4,13.6,265,0,470.0
2026-05-21T03:00,105.7,601.6,194.0,20.4,9.1,50.0,205,188,997.0,,33.5,27,32.0,0.0,0.0,975.7,14.1,268,0,505.0
2026-05-21T04:00,115.5,644.5,196.0,15.3,8.4,54.0,213,200,1041.0,,33.2,29,32.2,0.0,0.0,976.3,12.8,271,0,545.0
2026-05-21T05:00,143.0,780.4,208.0,10.1,8.0,68.0,224,236,1265.0,,33.8,32,33.2,0.0,0.0,976.6,15.3,268,0,710.0
2026-05-21T06:00,156.0,849.4,231.0,11.0,8.9,69.0,248,255,1371.0,,33.8,34,33.4,0.0,0.0,977.2,15.0,265,0,745.0
2026-05-21T07:00,173.2,929.5,265.0,12.2,10.1,72.0,275,276,1524.0,,34.6,33,34.6,0.0,0.0,977.8,14.0,263,0,810.0
2026-05-21T08:00,198.8,1046.8,283.0,12.2,10.9,79.0,307,307,1696.0,,36.3,27,35.1,0.0,0.0,978.5,18.7,277,0,965.0
2026-05-21T09:00,213.7,1180.9,269.0,10.1,11.0,96.0,342,343,1925.0,,37.8,25,36.4,0.0,0.0,978.7,18.8,275,0,1050.0
2026-05-21T10:00,223.5,1281.5,240.0,6.8,10.7,117.0,382,370,2172.0,,39.3,22,38.7,0.0,0.0,978.6,18.2,279,0,1235.0
2026-05-21T11:00,224.0,1359.7,219.0,4.4,10.2,133.0,421,391,2294.0,,40.7,19,40.3,0.0,0.0,978.9,18.3,280,1,1710.0
2026-05-21T12:00,211.4,1337.4,215.0,3.2,9.5,138.0,458,385,2204.0,,41.5,18,41.2,0.0,0.0,978.5,18.1,287,1,3395.0
2026-05-21T13:00,190.9,1236.8,220.0,2.8,8.6,138.0,495,358,1987.0,,42.2,17,42.0,0.0,0.0,977.6,16.7,288,0,3545.0
2026-05-21T14:00,156.5,1020.7,228.0,3.6,8.1,135.0,529,300,1761.0,,42.6,16,42.1,0.0,0.0,976.8,15.3,286,1,3475.0
2026-05-21T15:00,132.2,853.1,223.0,5.8,7.9,131.0,557,255,1546.0,,42.5,16,41.4,0.0,0.0,976.3,13.9,284,0,3535.0
2026-05-21T16:00,121.5,726.4,221.0,9.1,8.1,123.0,576,222,1320.0,,42.3,16,40.7,0.0,0.0,976.0,12.9,289,0,3645.0
2026-05-21T17:00,107.8,650.1,268.0,14.2,9.2,113.0,591,201,1103.0,,42.8,14,40.7,0.0,0.0,975.3,12.4,272,0,3710.0
2026-05-21T18:00,108.5,638.9,424.0,19.0,10.8,99.0,609,198,1044.0,,41.4,15,39.4,0.0,0.0,975.6,11.9,259,0,3335.0
2026-05-21T19:00,109.0,597.9,628.0,25.5,12.9,79.0,627,187,960.0,,39.7,16,38.0,0.0,0.0,976.2,9.1,255,0,430.0
2026-05-21T20:00,102.9,542.0,742.0,29.6,14.2,65.0,644,173,882.0,,38.1,17,36.6,0.0,0.0,976.6,7.9,240,0,260.0
2026-05-21T21:00,95.2,489.9,683.0,29.1,14.1,62.0,658,159,807.0,,37.0,20,35.4,0.0,0.0,977.3,10.5,239,0,370.0
2026-05-21T22:00,89.2,453.6,534.0,26.1,13.2,64.0,671,149,738.0,,36.6,19,34.7,0.0,0.0,977.7,11.2,244,0,340.0
2026-05-21T23:00,87.1,445.2,403.0,23.0,12.1,66.0,682,147,716.0,,36.4,19,34.5,0.0,0.0,977.8,10.9,251,0,410.0
2026-05-22T00:00,90.6,478.7,327.0,20.2,10.7,66.0,689,156,779.0,,35.6,18,33.2,0.0,0.0,978.1,11.9,264,0,470.0
2026-05-22T01:00,99.2,538.3,270.0,17.4,9.0,67.0,694,172,888.0,,34.3,19,32.0,0.0,0.0,978.1,10.8,259,0,400.0
2026-05-22T02:00,111.3,601.6,233.0,15.6,8.0,66.0,697,188,971.0,,33.4,19,31.0,0.0,0.0,978.2,10.3,264,0,340.0
2026-05-22T03:00,122.0,642.6,217.0,15.6,8.0,62.0,699,199,1001.0,,32.8,20,30.4,0.0,0.0,978.2,10.3,254,0,360.0
2026-05-22T04:00,127.6,648.2,222.0,16.7,8.6,58.0,700,201,1004.0,,32.3,22,30.5,0.0,0.0,978.9,8.1,267,0,355.0
2026-05-22T05:00,142.5,769.3,246.0,14.7,8.7,61.0,700,233,1233.0,,32.1,24,30.8,0.0,0.0,979.2,7.4,264,0,230.0
2026-05-22T06:00,144.8,739.5,306.0,16.2,10.3,60.0,700,225,1228.0,,32.0,27,30.8,0.0,0.0,979.7,8.9,262,0,225.0
2026-05-22T07:00,145.8,700.4,385.0,18.2,12.7,60.0,695,215,1221.0,,33.2,27,32.2,0.0,0.0,980.4,9.5,259,0,325.0
2026-05-22T08:00,150.9,760.0,432.0,18.6,14.9,71.0,686,231,1205.0,,35.0,24,33.8,0.0,0.0,981.1,11.0,265,0,410.0
2026-05-22T09:00,156.0,799.1,415.0,16.1,17.3,102.0,674,241,1171.0,,36.8,23,36.0,0.0,0.0,981.3,10.4,268,0,560.0
2026-05-22T10:00,152.7,754.4,365.0,12.0,19.6,144.0,658,229,1130.0,,38.6,22,39.0,0.0,0.0,981.6,10.3,273,0,840.0
2026-05-22T11:00,143.4,696.6,325.0,8.6,20.4,174.0,636,214,1105.0,,40.8,18,41.4,0.0,0.0,981.4,10.7,275,0,2840.0
2026-05-22T12:00,126.7,603.5,311.0,6.2,18.6,182.0,608,189,1116.0,,41.6,16,42.0,0.0,0.0,981.0,11.4,281,0,3110.0
2026-05-22T13:00,122.9,629.6,307.0,4.4,15.4,179.0,578,196,1145.0,,41.9,15,42.1,0.0,0.0,980.1,11.6,282,0,3300.0
2026-05-22T14:00,127.1,700.4,302.0,4.0,12.9,172.0,552,215,1159.0,,42.0,15,41.6,0.0,0.0,979.3,11.6,283,0,3450.0
2026-05-22T15:00,129.0,743.2,287.0,5.5,11.9,163.0,539,226,1141.0,,42.0,14,40.5,0.0,0.0,978.6,12.2,294,1,3465.0
2026-05-22T16:00,129.0,711.5,272.0,8.4,11.6,149.0,535,218,1108.0,,41.5,15,39.5,0.0,0.0,978.3,13.0,295,0,3530.0
2026-05-22T17:00,97.3,545.8,278.0,13.1,14.8,148.0,534,174,907.0,,42.0,12,39.5,0.0,0.0,977.8,11.8,320,0,4075.0
2026-05-22T18:00,99.9,540.2,326.0,16.7,15.8,129.0,530,172,917.0,,41.0,13,38.1,0.0,0.0,977.8,14.3,346,1,4075.0
2026-05-22T19:00,104.1,538.3,396.0,21.7,17.1,103.0,525,172,929.0,,39.2,18,37.5,0.0,0.0,978.4,12.6,17,0,1660.0
2026-05-22T20:00,112.5,577.4,449.0,25.1,18.0,83.0,523,182,930.0,,37.7,22,37.2,0.0,0.0,979.1,8.1,21,0,1320.0
2026-05-22T21:00,123.4,624.0,471.0,25.5,18.1,75.0,524,194,914.0,,36.9,22,36.3,0.0,0.0,979.7,7.9,356,0,1075.0
2026-05-22T22:00,128.1,603.5,477.0,24.3,17.7,74.0,530,189,886.0,,36.5,21,35.2,0.0,0.0,979.9,8.9,346,0,780.0
2026-05-22T23:00,126.7,553.2,465.0,22.8,17.1,74.0,536,176,848.0,,36.1,22,35.4,0.0,0.0,979.7,7.1,344,0,645.0
2026-05-23T00:00,122.9,516.0,423.0,20.9,16.2,75.0,541,166,796.0,,34.8,24,34.4,0.0,0.0,979.3,5.5,343,0,395.0
2026-05-23T01:00,118.3,486.2,364.0,18.7,15.1,78.0,542,158,735.0,,33.9,26,33.8,0.0,0.0,979.2,4.1,331,0,255.0
2026-05-23T02:00,113.4,459.1,328.0,18.0,14.6,78.0,540,150,680.0,,33.4,27,33.2,0.0,0.0,979.2,4.8,323,0,245.0
2026-05-23T03:00,109.2,432.1,333.0,20.5,15.1,71.0,534,143,627.0,,32.4,30,32.5,0.0,0.0,979.5,4.0,300,0,175.0
2026-05-23T04:00,106.6,407.9,361.0,24.5,16.2,61.0,525,137,579.0,,31.7,31,31.9,0.0,0.0,979.7,4.0,273,0,105.0
2026-05-23T05:00,153.7,545.8,395.0,28.7,14.8,45.0,515,174,767.0,,31.6,35,32.2,0.0,0.0,979.8,5.2,258,0,100.0
2026-05-23T06:00,152.3,501.1,448.0,27.8,16.3,55.0,506,162,760.0,,31.7,36,32.2,0.0,0.0,980.3,7.1,279,0,145.0
2026-05-23T07:00,148.5,484.3,507.0,26.4,18.3,69.0,496,157,744.0,,33.2,34,33.8,0.0,0.0,980.8,7.2,283,0,250.0
2026-05-23T08:00,134.1,486.2,521.0,23.4,19.3,88.0,487,158,696.0,,35.7,29,36.2,0.0,0.0,981.3,8.1,294,0,475.0
2026-05-23T09:00,107.6,405.1,445.0,17.5,18.4,117.0,476,136,562.0,,38.0,24,38.0,0.0,0.0,981.6,9.0,290,0,1355.0
2026-05-23T10:00,87.1,379.0,323.0,10.0,16.5,150.0,459,129,395.0,,39.6,20,39.7,0.0,0.0,981.6,11.5,292,0,3425.0
2026-05-23T11:00,58.9,224.9,235.0,4.5,14.4,171.0,444,91,329.0,,41.0,16,39.7,0.0,0.0,981.1,16.1,298,1,3820.0
2026-05-23T12:00,70.8,391.2,217.0,2.5,12.2,170.0,424,132,448.0,,40.7,15,38.8,0.0,0.0,981.0,18.1,320,1,3670.0
2026-05-23T13:00,75.2,443.3,233.0,2.4,10.0,157.0,415,146,667.0,,39.8,18,38.7,0.0,0.0,980.6,14.5,338,1,3260.0
2026-05-23T14:00,80.1,508.5,248.0,3.3,8.4,144.0,407,164,867.0,,40.4,17,39.5,0.0,0.0,979.8,13.7,325,0,3290.0
2026-05-23T15:00,87.3,581.1,247.0,4.8,7.8,136.0,399,183,1007.0,,41.3,13,39.0,0.0,0.0,978.7,13.5,303,0,3740.0
2026-05-23T16:00,97.1,650.1,247.0,7.2,7.9,127.0,391,201,1127.0,,41.2,12,37.6,0.0,0.0,978.1,17.2,308,0,4015.0
2026-05-23T17:00,107.8,730.2,262.0,11.8,8.1,117.0,388,223,1260.0,,40.7,16,38.7,0.0,0.0,977.5,13.7,308,0,3775.0
2026-05-23T18:00,127.1,836.3,307.0,18.5,10.2,102.0,397,251,1377.0,,39.8,15,37.5,0.0,0.0,977.7,12.3,282,0,2835.0
2026-05-23T19:00,149.5,912.7,367.0,27.6,13.2,82.0,410,271,1537.0,,38.0,19,36.4,0.0,0.0,977.6,12.0,248,0,630.0
2026-05-23T20:00,171.8,994.7,417.0,34.4,15.4,65.0,426,293,1646.0,,37.3,18,35.4,0.0,0.0,978.1,10.4,262,0,425.0
2026-05-23T21:00,190.5,1039.4,446.0,36.6,16.2,57.0,443,305,1664.0,,36.1,19,34.3,0.0,0.0,978.6,9.3,278,0,360.0
2026-05-23T22:00,200.2,1035.6,465.0,36.3,16.3,52.0,460,304,1630.0,,34.9,20,33.4,0.0,0.0,978.7,8.2,279,0,415.0
2026-05-23T23:00,203.5,994.7,477.0,35.4,16.0,49.0,479,293,1567.0,,34.7,23,33.8,0.0,0.0,978.4,7.5,285,0,425.0
2026-05-24T00:00,203.0,940.6,487.0,34.2,15.3,46.0,497,279,1465.0,,33.4,25,32.8,0.0,0.0,977.8,5.1,318,0,340.0
2026-05-24T01:00,201.2,853.1,492.0,32.2,14.3,44.0,515,255,1333.0,,33.0,24,32.3,0.0,0.0,977.4,4.1,315,0,320.0
2026-05-24T02:00,203.0,828.9,482.0,30.2,13.4,43.0,530,249,1229.0,,31.9,25,31.1,0.0,0.0,977.3,5.1,253,0,80.0
2026-05-24T03:00,206.3,823.3,442.0,28.1,12.6,43.0,545,248,1186.0,,30.8,29,29.9,0.0,0.0,977.7,6.9,263,0,105.0
2026-05-24T04:00,209.1,817.7,389.0,25.9,11.9,44.0,562,246,1170.0,,30.0,31,29.0,0.0,0.0,978.3,8.2,261,0,130.0
2026-05-24T05:00,181.1,713.4,363.0,22.6,12.1,53.0,579,218,1044.0,,30.2,33,29.6,0.0,0.0,978.6,8.8,259,0,155.0
2026-05-24T06:00,176.0,668.7,402.0,21.8,13.9,62.0,586,206,1022.0,,30.1,34,29.7,0.0,0.0,979.5,8.3,271,0,185.0
2026-05-24T07:00,170.4,601.6,469.0,20.4,16.3,76.0,593,188,989.0,,31.7,33,31.6,0.0,0.0,980.3,7.7,258,0,240.0
2026-05-24T08:00,159.7,638.9,495.0,18.1,17.9,94.0,598,198,947.0,,34.0,29,33.6,0.0,0.0,980.7,10.1,267,0,425.0
2026-05-24T09:00,133.6,579.3,434.0,13.8,18.3,123.0,604,182,879.0,,36.8,25,36.4,0.0,0.0,980.9,10.8,281,0,1050.0
2026-05-24T10:00,111.5,512.2,332.0,8.6,18.0,157.0,611,165,803.0,,39.1,19,38.5,0.0,0.0,981.1,13.8,291,0,1655.0
2026-05-24T11:00,95.9,480.6,253.0,4.6,16.9,179.0,617,156,771.0,,41.3,17,41.2,0.0,0.0,980.5,14.0,292,0,3130.0
2026-05-24T12:00,85.0,475.9,224.0,2.9,14.5,181.0,627,155,824.0,,42.2,14,41.3,0.0,0.0,980.0,16.5,299,1,3760.0
2026-05-24T13:00,82.9,516.0,217.0,2.5,11.3,171.0,631,166,922.0,,41.9,15,40.1,0.0,0.0,979.6,16.8,291,1,3535.0
2026-05-24T14:00,85.0,573.7,216.0,3.0,8.9,159.0,634,181,992.0,,41.9,15,40.3,0.0,0.0,978.9,16.6,289,0,3930.0
2026-05-24T15:00,86.8,601.6,207.0,3.3,7.5,149.0,637,188,1005.0,,42.0,15,39.9,0.0,0.0,978.6,16.6,296,0,3695.0
2026-05-24T16:00,88.5,590.5,204.0,4.5,6.9,137.0,637,185,990.0,,41.7,15,39.4,0.0,0.0,977.8,14.6,305,0,3800.0
2026-05-24T17:00,75.7,508.5,232.0,10.4,9.5,128.0,635,164,882.0,,42.3,12,40.3,0.0,0.0,976.9,8.1,294,0,3740.0
2026-05-24T18:00,79.6,475.9,328.0,20.7,14.0,110.0,626,155,833.0,,41.2,15,40.3,0.0,0.0,976.6,4.3,285,0,2615.0
2026-05-24T19:00,90.1,463.8,454.0,34.9,20.3,85.0,611,152,768.0,,39.7,17,39.5,0.0,0.0,977.0,1.3,315,0,35.0
2026-05-24T20:00,98.5,469.4,526.0,46.1,25.6,64.0,592,153,743.0,,38.3,17,37.3,0.0,0.0,977.0,4.0,159,0,65.0
2026-05-24T21:00,107.1,519.7,495.0,51.8,29.1,52.0,570,167,792.0,,37.2,20,36.8,0.0,0.0,977.6,3.8,169,1,95.0
2026-05-24T22:00,116.2,575.6,409.0,54.5,31.5,44.0,548,181,882.0,,36.2,20,35.4,0.0,0.0,978.2,4.9,180,0,550.0
2026-05-24T23:00,124.8,610.9,328.0,54.8,32.2,39.0,529,191,967.0,,35.9,22,35.1,0.0,0.0,977.9,6.6,151,0,115.0
2026-05-25T00:00,132.7,637.0,269.0,52.2,30.5,37.0,513,198,1041.0,,34.2,25,33.7,0.0,0.0,977.1,5.2,211,0,400.0
2026-05-25T01:00,141.1,672.4,215.0,47.3,27.1,39.0,501,207,1110.0,,34.8,19,32.1,0.0,0.0,976.4,13.6,258,0,650.0
2026-05-25T02:00,144.8,722.7,179.0,41.9,23.5,40.0,493,221,1146.0,,34.8,19,31.8,0.0,0.0,976.3,16.5,256,0,660.0
2026-05-25T03:00,145.3,719.0,164.0,36.3,19.6,40.0,489,220,1126.0,,33.9,21,31.3,0.0,0.0,976.9,14.3,276,0,675.0
2026-05-25T04:00,144.4,700.4,167.0,30.2,15.4,40.0,484,215,1073.0,,32.8,22,30.3,0.0,0.0,977.3,13.7,275,0,615.0
2026-05-25T05:00,150.9,754.4,187.0,22.4,13.2,51.0,479,229,1193.0,,33.3,24,31.3,0.0,0.0,977.6,13.0,268,0,685.0
2026-05-25T06:00,151.3,732.0,242.0,20.7,12.8,55.0,481,223,1174.0,,33.3,24,31.5,0.0,0.0,978.1,12.3,273,0,705.0
2026-05-25T07:00,153.2,709.7,314.0,18.2,12.3,61.0,484,217,1148.0,,34.2,25,33.1,0.0,0.0,978.7,9.9,260,0,700.0
2026-05-25T08:00,155.1,724.6,353.0,15.4,12.2,73.0,488,221,1134.0,,36.0,23,34.5,0.0,0.0,979.1,13.2,265,0,835.0
2026-05-25T09:00,148.5,704.1,324.0,11.9,12.8,94.0,492,216,1143.0,,37.8,22,36.3,0.0,0.0,979.4,15.3,271,0,990.0
2026-05-25T10:00,144.8,696.6,262.0,8.0,13.7,121.0,497,214,1165.0,,39.3,21,38.8,0.0,0.0,979.3,16.2,280,0,1295.0
2026-05-25T11:00,146.2,735.7,215.0,5.1,14.2,142.0,505,224,1185.0,,41.6,18,42.3,0.0,0.0,978.8,12.0,282,0,2210.0
2026-05-25T12:00,145.3,765.5,202.0,3.7,14.1,154.0,515,232,1207.0,,42.5,16,43.6,0.0,0.0,978.2,10.0,279,0,2960.0
2026-05-25T13:00,139.7,752.5,205.0,3.4,13.7,161.0,527,229,1227.0,,42.8,16,43.0,0.0,0.0,977.3,11.6,266,1,3895.0
2026-05-25T14:00,135.5,739.5,214.0,4.2,13.1,161.0,537,225,1222.0,,43.0,13,41.4,0.0,0.0,976.5,14.2,279,1,4235.0
2026-05-25T15:00,134.1,743.2,218.0,5.5,11.7,152.0,544,226,1177.0,,42.9,13,40.4,0.0,0.0,975.9,14.2,271,2,4100.0
2026-05-25T16:00,129.0,665.0,229.0,8.0,10.1,136.0,550,205,1107.0,,42.1,15,40.4,0.0,0.0,975.3,12.2,283,1,3730.0
2026-05-25T17:00,97.3,521.5,270.0,12.6,9.0,112.0,553,167,862.0,,41.5,13,39.2,0.0,0.0,975.3,12.1,310,0,1920.0
2026-05-25T18:00,93.4,434.9,370.0,22.1,11.9,95.0,554,144,826.0,,40.8,14,38.8,0.0,0.0,975.1,10.0,322,0,1350.0
2026-05-25T19:00,104.5,468.5,500.0,35.0,15.8,72.0,552,153,780.0,,39.4,16,38.5,0.0,0.0,975.6,4.5,331,0,270.0
2026-05-25T20:00,115.3,499.2,601.0,42.9,18.3,56.0,552,161,768.0,,38.6,17,37.5,0.0,0.0,976.2,5.9,270,0,205.0
2026-05-25T21:00,116.6,489.9,650.0,41.1,18.0,55.0,554,159,819.0,,37.2,21,37.1,0.0,0.0,976.7,3.6,288,0,130.0
2026-05-25T22:00,116.6,523.4,671.0,34.2,16.3,61.0,552,168,904.0,,36.6,21,36.0,0.0,0.0,977.3,5.3,308,0,355.0
2026-05-25T23:00,123.4,616.5,673.0,27.8,14.7,66.0,550,192,982.0,,37.2,19,35.8,0.0,0.0,977.5,8.6,345,0,690.0
2026-05-26T00:00,136.9,705.9,653.0,23.1,13.7,70.0,550,216,1055.0,,35.6,20,34.5,0.0,0.0,977.5,5.4,354,0,490.0
2026-05-26T01:00,150.4,748.8,614.0,18.9,12.8,73.0,553,228,1122.0,,34.4,22,33.7,0.0,0.0,977.3,4.2,313,0,280.0
2026-05-26T02:00,156.5,730.2,578.0,17.0,12.4,72.0,556,223,1135.0,,33.7,23,32.7,0.0,0.0,977.5,5.4,312,0,275.0
2026-05-26T03:00,155.5,670.6,540.0,19.3,12.7,62.0,557,207,1052.0,,32.7,24,31.8,0.0,0.0,977.3,4.9,324,0,165.0
2026-05-26T04:00,153.7,622.1,505.0,24.0,13.5,49.0,555,194,915.0,,32.0,24,31.0,0.0,0.0,977.5,5.1,315,0,160.0
2026-05-26T05:00,234.7,987.2,505.0,20.0,12.6,72.0,551,291,1473.0,,32.3,24,31.0,0.0,0.0,977.9,7.4,296,0,200.0
2026-05-26T06:00,231.9,905.2,588.0,21.6,15.0,81.0,561,269,1341.0,,31.8,26,30.4,0.0,0.0,978.9,9.4,277,0,210.0
2026-05-26T07:00,218.9,758.1,707.0,23.6,18.2,93.0,568,230,1151.0,,32.8,26,32.0,0.0,0.0,979.5,6.7,279,0,235.0
2026-05-26T08:00,190.0,674.3,747.0,23.2,19.9,110.0,570,208,962.0,,35.2,22,34.3,0.0,0.0,980.0,7.2,276,0,390.0
2026-05-26T09:00,146.7,510.4,630.0,18.1,18.8,135.0,568,164,770.0,,37.2,20,36.2,0.0,0.0,980.8,9.6,276,0,795.0
2026-05-26T10:00,99.0,362.3,434.0,10.7,16.2,164.0,560,125,578.0,,39.2,18,38.8,0.0,0.0,981.0,10.5,292,0,2295.0
2026-05-26T11:00,65.0,289.6,285.0,5.1,13.6,183.0,546,105,450.0,,41.8,10,40.1,0.0,0.0,980.4,13.4,301,0,3970.0
2026-05-26T12:00,56.6,307.3,237.0,3.1,11.3,185.0,528,110,421.0,,42.2,10,40.4,0.0,0.0,980.1,14.9,312,0,3965.0
2026-05-26T13:00,53.0,301.7,237.0,2.9,9.1,176.0,509,108,456.0,,42.4,11,40.2,0.0,0.0,979.2,17.3,298,0,4215.0
2026-05-26T14:00,51.2,305.5,245.0,3.6,7.6,167.0,490,109,516.0,,42.6,10,39.7,0.0,0.0,978.4,18.0,289,0,4235.0
2026-05-26T15:00,50.5,309.2,249.0,4.6,7.0,160.0,472,110,596.0,,42.2,11,38.7,0.0,0.0,977.8,19.5,284,0,3980.0
2026-05-26T16:00,63.3,422.8,262.0,6.6,7.1,152.0,454,141,700.0,,41.7,11,38.1,0.0,0.0,977.6,15.9,297,0,3525.0
2026-05-26T17:00,123.9,879.2,284.0,12.6,8.5,134.0,444,262,1535.0,,42.0,9,38.4,0.0,0.0,977.0,13.4,306,0,3620.0
2026-05-26T18:00,146.2,983.5,319.0,18.9,11.5,119.0,458,290,1654.0,,41.1,10,38.1,0.0,0.0,976.8,10.7,330,0,1805.0
2026-05-26T19:00,175.1,1069.2,363.0,27.5,15.6,98.0,481,313,1814.0,,39.5,11,37.0,0.0,0.0,977.4,7.3,303,0,615.0
2026-05-26T20:00,201.2,1147.4,404.0,33.2,18.5,82.0,506,334,1901.0,,38.4,13,36.4,0.0,0.0,977.7,5.4,304,0,325.0
2026-05-26T21:00,216.1,1195.8,443.0,32.5,18.9,78.0,533,347,1852.0,,37.8,14,35.8,0.0,0.0,978.4,6.8,338,0,585.0
2026-05-26T22:00,211.9,1125.0,479.0,28.9,18.1,79.0,563,328,1729.0,,37.0,15,35.0,0.0,0.0,978.6,6.6,344,0,465.0
2026-05-26T23:00,198.8,1005.8,500.0,27.1,17.4,77.0,588,296,1606.0,,36.1,18,34.9,0.0,0.0,978.5,4.6,318,0,390.0
2026-05-27T00:00,188.1,892.2,487.0,29.7,17.2,69.0,604,266,1507.0,,34.9,19,33.8,0.0,0.0,978.1,4.0,302,0,210.0
2026-05-27T01:00,184.9,823.3,460.0,34.0,17.1,59.0,612,248,1409.0,,34.4,21,33.6,0.0,0.0,977.4,2.6,309,0,160.0
2026-05-27T02:00,192.8,856.8,465.0,37.4,17.1,50.0,615,256,1310.0,,33.5,21,32.5,0.0,0.0,977.3,3.4,295,0,125.0
2026-05-27T03:00,198.8,834.5,536.0,38.7,17.1,43.0,620,251,1201.0,,32.4,22,31.0,0.0,0.0,977.3,5.0,296,0,115.0
2026-05-27T04:00,196.5,746.9,640.0,39.0,17.1,37.0,627,227,1093.0,,31.5,23,30.0,0.0,0.0,977.5,5.6,292,0,115.0
2026-05-27T05:00,189.1,737.6,718.0,27.3,14.7,57.0,632,225,1074.0,,31.4,25,30.4,0.0,0.0,977.6,4.9,274,0,80.0
2026-05-27T06:00,183.5,648.2,762.0,28.8,16.6,67.0,622,201,987.0,,31.7,25,30.6,0.0,0.0,978.4,6.4,286,0,120.0
2026-05-27T07:00,177.0,564.4,782.0,30.6,19.1,82.0,611,179,863.0,,33.3,24,32.3,0.0,0.0,979.2,6.1,268,0,195.0
2026-05-27T08:00,163.4,536.4,747.0,29.6,20.6,102.0,603,171,739.0,,35.6,20,34.4,0.0,0.0,980.2,7.2,282,0,360.0
2026-05-27T09:00,123.9,413.5,614.0,23.0,20.2,134.0,597,138,598.0,,38.0,17,36.4,0.0,0.0,980.4,8.6,292,0,1235.0
2026-05-27T10:00,88.0,308.3,427.0,13.5,18.7,172.0,593,110,458.0,,39.6,14,38.5,0.0,0.0,980.5,10.2,300,0,1910.0
2026-05-27T11:00,66.4,269.2,289.0,6.4,17.0,198.0,591,118,405.0,,41.6,12,40.8,0.0,0.0,979.7,10.7,290,0,2385.0
2026-05-27T12:00,58.1,289.6,248.0,3.7,15.0,203.0,590,123,494.0,,42.4,11,41.6,0.0,0.0,979.3,12.6,296,0,2990.0
2026-05-27T13:00,63.3,374.4,257.0,3.4,12.8,197.0,589,128,671.0,,42.8,12,41.6,0.0,0.0,978.7,14.9,297,0,3325.0
2026-05-27T14:00,74.7,499.2,273.0,4.3,11.2,187.0,592,161,862.0,,42.9,12,41.3,0.0,0.0,978.0,15.9,296,0,3390.0
2026-05-27T15:00,89.6,644.5,276.0,5.8,10.2,177.0,601,200,1070.0,,42.7,13,40.5,0.0,0.0,977.5,16.2,294,0,3260.0
2026-05-27T16:00,104.3,745.1,287.0,8.5,9.8,164.0,614,227,1292.0,,42.5,13,39.6,0.0,0.0,977.1,16.3,295,0,3070.0
2026-05-27T17:00,167.2,1143.7,324.0,12.0,9.9,145.0,628,333,1991.0,,43.4,10,39.4,0.0,0.0,976.2,19.1,302,0,3555.0
2026-05-27T18:00,186.3,1188.4,393.0,17.4,12.0,130.0,639,345,2017.0,,42.3,11,39.1,0.0,0.0,976.6,15.2,300,0,2730.0
2026-05-27T19:00,201.6,1236.8,488.0,24.9,15.0,109.0,647,358,2053.0,,40.8,13,38.4,0.0,0.0,977.0,11.4,295,0,775.0
2026-05-27T20:00,211.4,1236.8,611.0,32.1,17.7,91.0,654,358,2070.0,,39.7,15,38.0,0.0,0.0,977.2,7.9,325,0,375.0
2026-05-27T21:00,216.5,1221.9,800.0,38.0,20.0,79.0,658,354,2069.0,,38.3,17,37.4,0.0,0.0,977.5,4.9,343,0,225.0
2026-05-27T22:00,221.7,1207.0,1018.0,43.6,22.1,69.0,659,350,2050.0,,37.9,19,37.5,0.0,0.0,977.6,3.1,298,0,110.0
2026-05-27T23:00,227.7,1221.9,1151.0,48.3,23.3,59.0,663,354,1988.0,,37.4,19,36.8,0.0,0.0,977.6,4.1,52,0,265.0
2026-05-28T00:00,228.2,1203.3,1142.0,52.5,23.0,48.0,672,349,1872.0,,35.7,21,35.0,0.0,0.0,977.0,4.5,90,0,185.0
2026-05-28T01:00,221.2,1091.5,1049.0,56.0,21.9,37.0,685,319,1712.0,,34.5,26,34.5,0.0,0.0,976.7,3.4,137,0,95.0
2026-05-28T02:00,207.7,976.0,931.0,57.5,21.4,29.0,696,288,1520.0,,33.4,28,33.5,0.0,0.0,976.8,3.9,164,0,120.0
2026-05-28T03:00,190.0,868.0,772.0,56.4,21.9,23.0,701,259,1260.0,,32.2,31,32.6,0.0,0.0,976.8,3.3,144,0,70.0
2026-05-28T04:00,175.6,732.0,588.0,53.4,23.1,21.0,702,223,968.0,,31.5,36,32.0,0.0,0.0,977.0,6.9,76,0,100.0
2026-05-28T05:00,187.2,784.2,488.0,34.4,25.6,52.0,702,237,1173.0,,30.1,45,31.2,0.0,0.0,977.4,7.9,102,0,185.0
2026-05-28T06:00,164.4,635.2,559.0,31.6,26.8,70.0,704,197,1132.0,,29.7,45,30.6,0.0,0.0,978.2,9.5,105,0,255.0
2026-05-28T07:00,146.7,610.9,715.0,27.5,28.5,96.0,703,191,1083.0,,30.6,42,31.4,0.0,0.0,979.3,8.7,103,0,310.0
2026-05-28T08:00,149.0,709.7,801.0,23.1,29.9,127.0,705,217,1107.0,,32.5,40,33.7,0.0,0.0,980.0,9.5,105,0,415.0
2026-05-28T09:00,165.3,838.2,733.0,17.9,31.0,166.0,712,252,1270.0,,34.6,40,36.4,0.0,0.0,980.2,11.3,103,0,600.0
2026-05-28T10:00,184.4,953.7,595.0,12.4,31.9,210.0,730,282,1505.0,,36.7,37,39.8,0.0,0.0,980.3,10.0,113,0,1000.0
2026-05-28T11:00,198.4,1046.8,489.0,8.3,32.1,243.0,757,307,1695.0,,38.5,32,41.9,0.0,0.0,979.8,10.8,111,0,1020.0
2026-05-28T12:00,204.4,1106.4,456.0,6.3,31.3,260.0,789,323,1800.0,,39.7,30,43.5,0.0,0.0,979.6,9.4,103,0,1325.0
2026-05-28T13:00,204.9,1132.5,455.0,5.8,29.9,266.0,823,330,1859.0,,40.4,30,44.1,0.0,0.0,978.6,10.6,100,1,1530.0
2026-05-28T14:00,201.6,1128.8,463.0,6.7,28.7,263.0,855,329,1870.0,,40.1,28,42.3,0.0,0.0,977.5,11.4,86,2,1495.0
2026-05-28T15:00,198.4,1113.9,480.0,9.5,27.9,249.0,881,325,1855.0,,37.9,29,39.1,0.0,0.0,977.4,8.1,87,2,580.0
2026-05-28T16:00,195.6,1091.5,505.0,13.6,27.3,227.0,901,319,1791.0,,37.7,35,39.5,0.3,0.3,977.0,12.9,110,51,650.0
2026-05-28T17:00,156.5,730.2,517.0,23.9,35.8,204.0,915,223,1149.0,,38.0,34,39.9,0.0,0.0,976.2,11.0,118,3,775.0
2026-05-28T18:00,143.9,616.5,496.0,26.7,35.7,179.0,898,192,984.0,,34.4,42,35.9,0.3,0.3,977.4,13.9,199,51,550.0
2026-05-28T19:00,136.4,532.7,461.0,30.6,35.6,144.0,874,170,756.0,,29.1,67,32.0,1.0,1.0,979.0,14.6,201,55,210.0
2026-05-28T20:00,128.5,430.3,450.0,34.1,35.1,114.0,845,143,592.0,,31.0,59,34.9,0.9,0.9,978.3,7.1,234,53,85.0
2026-05-28T21:00,138.8,564.4,494.0,37.5,34.3,93.0,811,179,549.0,,32.2,50,36.0,0.7,0.7,978.0,2.4,261,53,35.0
2026-05-28T22:00,129.9,493.6,562.0,40.5,33.1,76.0,784,160,569.0,,31.1,58,35.5,0.0,0.0,977.2,3.6,70,1,35.0
2026-05-28T23:00,126.7,436.8,590.0,40.5,31.6,68.0,754,144,604.0,,28.7,49,28.3,0.0,0.0,978.0,18.6,194,0,285.0
2026-05-29T00:00,107.1,341.8,537.0,35.1,29.4,72.0,721,119,646.0,,28.1,52,30.4,0.0,0.0,977.9,1.7,319,2,35.0
2026-05-29T01:00,110.8,461.0,446.0,26.8,26.8,85.0,685,151,703.0,,28.3,51,29.7,0.0,0.0,978.3,6.8,32,2,170.0
2026-05-29T02:00,113.2,499.2,379.0,20.0,24.5,95.0,659,161,752.0,,27.8,60,30.5,0.0,0.0,978.4,5.9,63,0,205.0
2026-05-29T03:00,109.7,530.9,365.0,16.7,22.8,98.0,639,170,766.0,,26.8,71,30.3,0.0,0.0,978.3,5.8,86,0,170.0
2026-05-29T04:00,99.7,529.0,376.0,14.9,21.4,100.0,625,169,771.0,,26.5,73,29.6,0.0,0.0,979.3,9.2,118,0,335.0
2026-05-29T05:00,145.8,780.4,394.0,14.7,20.2,111.0,617,236,1230.0,,26.0,69,28.1,0.0,0.0,979.1,11.6,109,0,490.0
2026-05-29T06:00,141.6,748.8,422.0,16.0,22.1,111.0,616,228,1279.0,,26.1,69,28.0,0.0,0.0,980.3,13.5,106,0,520.0
2026-05-29T07:00,142.5,763.7,456.0,17.6,24.7,112.0,621,232,1340.0,,27.0,67,28.7,0.0,0.0,981.2,15.5,126,0,640.0
2026-05-29T08:00,156.0,847.5,474.0,18.0,27.1,121.0,628,254,1345.0,,28.1,66,30.4,0.0,0.0,981.4,14.4,121,0,615.0
2026-05-29T09:00,157.4,840.1,460.0,15.9,29.3,146.0,633,252,1241.0,,29.7,63,32.5,0.0,0.0,981.6,13.7,120,0,680.0
2026-05-29T10:00,138.8,711.5,428.0,12.5,31.3,180.0,633,218,1082.0,,31.3,58,35.3,0.0,0.0,981.6,12.2,121,0,815.0
2026-05-29T11:00,123.4,605.4,398.0,9.6,32.0,207.0,623,189,953.0,,33.5,50,37.2,0.0,0.0,981.1,15.3,129,0,1030.0
2026-05-29T12:00,115.9,562.5,367.0,7.6,30.4,222.0,605,178,890.0,,32.7,50,36.7,0.1,0.1,981.1,12.4,137,51,730.0
2026-05-29T13:00,112.0,549.5,337.0,6.1,27.6,231.0,582,175,858.0,,30.9,54,33.4,0.4,0.4,980.7,10.5,143,51,490.0
2026-05-29T14:00,106.9,530.9,333.0,6.2,25.7,231.0,558,170,843.0,,32.8,51,36.5,0.0,0.0,980.4,8.9,137,3,1045.0
2026-05-29T15:00,102.0,527.1,378.0,8.9,25.8,220.0,533,169,858.0,,31.7,53,34.7,0.2,0.2,980.0,8.9,118,51,610.0
2026-05-29T16:00,107.6,564.4,448.0,13.1,26.9,201.0,509,179,890.0,,32.0,52,34.9,0.3,0.3,979.4,9.3,118,51,550.0
2026-05-29T17:00,190.0,1244.2,504.0,13.1,22.3,171.0,487,360,2107.0,,33.8,43,35.2,0.0,0.0,978.7,15.4,175,2,1195.0
2026-05-29T18:00,170.0,983.5,525.0,15.4,21.0,156.0,508,290,1628.0,,33.2,45,35.5,0.0,0.0,979.2,8.3,156,2,920.0
2026-05-29T19:00,130.4,625.8,531.0,18.5,19.2,136.0,523,195,972.0,,32.6,47,35.1,0.0,0.0,979.5,8.1,162,2,800.0
2026-05-29T20:00,97.8,366.9,538.0,20.4,17.6,120.0,527,126,521.0,,32.3,48,34.8,0.0,0.0,980.1,8.1,129,0,605.0
2026-05-29T21:00,82.7,265.4,558.0,19.8,16.1,114.0,525,99,482.0,,31.8,48,34.2,0.0,0.0,980.9,7.7,126,0,555.0
2026-05-29T22:00,101.7,489.9,579.0,17.9,14.8,112.0,512,159,648.0,,31.3,47,33.1,0.0,0.0,981.5,9.9,128,0,455.0
2026-05-29T23:00,99.0,499.2,584.0,16.7,14.2,109.0,512,161,771.0,,29.3,51,30.0,0.0,0.0,980.9,15.5,138,2,705.0
2026-05-30T00:00,102.2,534.6,560.0,16.8,14.9,103.0,515,171,756.0,,27.8,58,29.0,0.0,0.0,981.0,13.6,131,1,625.0
2026-05-30T01:00,97.6,495.5,520.0,17.5,16.5,97.0,523,160,700.0,,26.9,61,28.3,0.0,0.0,980.7,12.0,134,1,545.0
2026-05-30T02:00,86.4,419.1,481.0,18.3,17.8,91.0,524,140,639.0,,26.3,62,27.6,0.0,0.0,980.4,12.2,142,3,495.0
2026-05-30T03:00,78.5,364.1,438.0,19.0,18.3,85.0,521,125,578.0,,25.9,64,27.8,0.0,0.0,980.7,8.9,156,2,410.0
2026-05-30T04:00,76.1,341.8,395.0,19.8,18.7,80.0,514,119,513.0,,25.3,68,27.6,0.0,0.0,981.2,6.9,152,0,360.0
2026-05-30T05:00,124.3,575.6,385.0,19.4,17.7,75.0,506,181,864.0,,24.7,76,27.1,0.0,0.0,980.4,10.3,140,1,370.0
2026-05-30T06:00,107.3,469.4,442.0,19.8,20.2,81.0,497,153,760.0,,24.8,76,27.5,0.0,0.0,981.7,8.7,143,1,370.0
2026-05-30T07:00,88.7,399.5,531.0,20.2,23.7,91.0,486,135,619.0,,25.9,71,28.4,0.0,0.0,982.7,9.8,133,0,480.0
2026-05-30T08:00,75.4,354.8,578.0,19.2,25.8,106.0,471,123,540.0,,27.9,59,29.8,0.0,0.0,983.3,10.4,126,0,730.0
2026-05-30T09:00,75.0,391.2,537.0,15.4,25.4,131.0,450,132,584.0,,30.0,49,31.1,0.0,0.0,983.1,12.6,134,0,790.0
2026-05-30T10:00,80.1,439.6,455.0,10.1,23.6,161.0,431,145,689.0,,31.6,46,35.0,0.0,0.0,983.7,5.8,99,0,1315.0
2026-05-30T11:00,84.5,474.0,395.0,6.2,21.8,184.0,420,154,763.0,,33.0,46,36.5,0.0,0.0,982.2,11.9,122,0,1380.0
2026-05-30T12:00,87.5,502.9,381.0,4.7,20.3,194.0,415,162,769.0,,34.4,42,38.1,0.0,0.0,982.0,11.4,121,0,1540.0
2026-05-30T13:00,86.6,502.9,390.0,4.4,18.7,197.0,412,162,743.0,,35.5,37,38.5,0.0,0.0,981.5,10.5,141,0,1870.0
2026-05-30T14:00,79.6,434.9,412.0,5.1,18.0,198.0,410,144,702.0,,34.5,35,36.9,0.1,0.1,981.3,5.4,184,51,1840.0
2026-05-30T15:00,76.1,396.7,439.0,6.2,18.4,199.0,406,134,645.0,,34.0,37,35.8,0.3,0.3,981.3,4.9,6,51,2025.0
2026-05-30T16:00,73.1,366.0,479.0,8.2,19.6,197.0,401,126,573.0,,24.7,79,27.3,2.7,2.7,983.5,11.2,55,63,285.0
2026-05-30T17:00,86.4,393.0,549.0,18.8,16.0,142.0,390,133,597.0,,24.0,89,27.8,1.4,1.4,981.4,8.5,72,61,240.0
2026-05-30T18:00,68.0,267.3,691.0,21.3,17.8,133.0,346,99,500.0,,25.7,80,30.0,0.2,0.2,980.8,4.4,201,51,190.0
2026-05-30T19:00,54.4,169.5,863.0,24.6,20.3,121.0,309,73,369.0,,26.0,78,30.5,0.0,0.0,981.0,2.4,107,3,190.0
2026-05-30T20:00,57.2,210.5,961.0,26.8,22.0,111.0,283,84,295.0,,26.2,78,30.0,0.0,0.0,981.8,7.7,115,3,290.0
2026-05-30T21:00,56.8,229.1,921.0,26.9,22.2,104.0,274,89,335.0,,25.8,82,29.6,0.0,0.0,981.9,9.6,113,2,300.0
2026-05-30T22:00,60.3,262.6,807.0,25.9,21.7,98.0,271,98,432.0,,25.2,86,28.8,0.0,0.0,982.2,11.7,113,0,355.0
2026-05-30T23:00,69.6,334.3,708.0,24.6,21.0,94.0,258,117,509.0,,24.7,68,26.0,0.0,0.0,981.8,12.7,113,2,360.0
2026-05-31T00:00,81.5,414.4,656.0,23.2,20.3,92.0,248,139,544.0,,24.1,70,25.7,0.0,0.0,981.4,9.6,124,2,320.0
2026-05-31T01:00,86.4,417.2,618.0,21.5,19.4,91.0,241,139,558.0,,23.9,72,26.1,0.0,0.0,981.9,6.3,129,1,300.0
2026-05-31T02:00,85.2,368.8,585.0,20.5,19.0,90.0,236,126,543.0,,23.6,73,25.7,0.0,0.0,981.7,6.5,118,1,255.0
2026-05-31T03:00,79.9,309.2,554.0,20.9,19.0,85.0,233,110,472.0,,23.5,73,25.6,0.0,0.0,981.7,6.8,122,1,250.0
2026-05-31T04:00,71.7,270.1,529.0,21.9,19.4,80.0,230,100,372.0,,23.3,75,25.4,0.0,0.0,981.8,6.6,119,0,225.0
2026-05-31T05:00,89.9,335.3,506.0,23.4,19.2,71.0,226,117,466.0,,23.9,78,26.0,0.0,0.0,982.5,11.3,141,0,420.0
2026-05-31T06:00,88.7,313.9,490.0,22.7,22.1,78.0,211,112,460.0,,24.4,77,26.8,0.0,0.0,983.0,10.0,139,0,480.0
2026-05-31T07:00,80.3,310.1,477.0,21.5,26.1,90.0,202,111,451.0,,25.6,72,28.0,0.0,0.0,983.7,10.5,147,0,530.0
2026-05-31T08:00,72.9,304.5,456.0,19.5,29.0,105.0,199,109,442.0,,27.3,66,29.7,0.0,0.0,984.4,10.4,157,0,705.0
2026-05-31T09:00,68.0,315.7,417.0,16.1,29.9,128.0,198,112,434.0,,29.1,59,31.5,0.0,0.0,984.5,10.0,159,0,1135.0
2026-05-31T10:00,68.7,343.7,370.0,11.8,29.8,155.0,196,120,426.0,,30.6,51,33.6,0.0,0.0,984.4,8.8,157,0,1410.0
2026-05-31T11:00,59.5,271.9,338.0,8.4,28.8,177.0,194,101,412.0,,32.2,43,35.3,0.0,0.0,984.9,8.3,153,1,2030.0
2026-05-31T12:00,60.3,267.3,332.0,6.3,26.6,189.0,190,109,389.0,,32.5,43,36.3,0.0,0.0,984.4,5.9,133,2,2125.0
2026-05-31T13:00,58.9,251.5,341.0,5.1,23.6,196.0,185,116,360.0,,32.7,42,36.1,0.0,0.0,983.9,5.6,112,2,2180.0
2026-05-31T14:00,55.8,229.1,356.0,4.8,21.4,198.0,180,118,335.0,,33.0,41,36.3,0.0,0.0,983.1,4.7,97,1,2200.0
2026-05-31T15:00,53.0,215.1,376.0,5.5,20.5,196.0,176,116,318.0,,33.1,41,35.4,0.1,0.1,982.2,5.5,79,51,2145.0
2026-05-31T16:00,52.9,216.5,401.0,7.3,20.4,189.0,172,109,304.0,,31.1,46,32.1,0.6,0.6,982.0,12.9,50,53,1010.0
2026-05-31T17:00,50.3,238.4,425.0,11.7,14.4,145.0,169,92,363.0,,26.1,80,29.7,0.1,0.1,981.9,10.6,114,51,340.0
2026-05-31T18:00,59.4,308.3,445.0,14.2,16.2,135.0,168,110,375.0,,27.3,68,29.9,0.0,0.0,982.1,11.9,70,1,535.0
2026-05-31T19:00,58.8,284.1,463.0,17.8,18.7,121.0,166,104,390.0,,26.8,68,29.9,0.0,0.0,982.5,6.4,79,1,505.0
2026-05-31T20:00,59.4,263.6,480.0,21.6,20.9,107.0,169,98,392.0,,26.7,70,30.3,0.0,0.0,983.3,4.4,99,0,390.0
2026-05-31T21:00,61.0,235.2,500.0,25.6,22.5,96.0,170,91,372.0,,26.4,72,30.2,0.0,0.0,983.7,3.6,72,0,330.0
2026-05-31T22:00,66.8,233.3,518.0,29.8,23.9,85.0,170,90,339.0,,25.9,75,29.9,0.0,0.0,983.5,3.0,65,0,230.0
2026-05-31T23:00,73.1,230.0,527.0,33.0,24.4,74.0,169,89,300.0,,26.5,73,30.7,0.0,0.0,983.2,2.4,99,1,185.0
2026-06-01T00:00,76.8,218.9,517.0,34.8,23.7,63.0,167,86,254.0,,26.1,73,29.9,0.0,0.0,982.7,3.1,140,1,240.0
2026-06-01T01:00,75.2,186.3,497.0,35.8,22.2,52.0,163,78,202.0,,25.7,76,29.8,0.0,0.0,982.5,2.3,148,1,210.0
2026-06-01T02:00,71.0,155.1,485.0,35.9,21.0,44.0,159,71,159.0,,25.4,76,29.3,0.0,0.0,982.5,2.7,110,1,190.0
2026-06-01T03:00,67.3,136.0,489.0,35.3,20.2,39.0,158,69,129.0,,25.0,78,28.9,0.0,0.0,982.4,2.9,97,1,180.0
2026-06-01T04:00,63.8,125.7,501.0,33.9,19.7,37.0,158,67,108.0,,24.6,82,28.4,0.0,0.0,982.7,4.8,77,0,170.0
2026-06-01T05:00,76.8,213.3,515.0,35.8,25.6,54.0,158,85,257.0,,24.7,86,28.9,0.0,0.0,982.8,5.2,131,1,180.0
2026-06-01T06:00,74.7,185.3,536.0,32.8,28.8,68.0,157,77,264.0,,25.2,83,29.6,0.0,0.0,983.2,3.8,98,0,230.0
2026-06-01T07:00,68.9,200.2,559.0,28.5,33.0,88.0,157,81,274.0,,26.5,76,30.6,0.0,0.0,984.2,4.9,88,1,320.0
2026-06-01T08:00,61.2,204.9,564.0,24.1,35.9,110.0,157,83,276.0,,25.2,75,27.2,0.4,0.4,985.0,13.1,92,51,410.0
2026-06-01T09:00,56.8,223.1,538.0,19.7,36.3,135.0,156,87,266.0,,27.5,66,30.6,0.0,0.0,984.8,6.8,122,1,305.0
2026-06-01T10:00,53.0,182.5,494.0,15.2,35.2,162.0,156,82,249.0,,30.0,56,33.6,0.0,0.0,984.9,7.2,84,0,725.0
2026-06-01T11:00,52.5,173.2,453.0,11.5,33.2,183.0,155,103,231.0,,32.0,43,34.6,0.0,0.0,984.6,10.2,126,2,1415.0
2026-06-01T12:00,52.4,174.2,418.0,8.7,29.6,195.0,155,115,216.0,,31.2,46,34.2,0.6,0.6,984.4,7.8,112,53,1430.0
2026-06-01T13:00,50.1,153.7,386.0,6.7,25.0,201.0,155,121,200.0,,32.4,42,34.9,0.1,0.1,983.6,6.9,97,51,1670.0
2026-06-01T14:00,47.6,143.4,371.0,5.9,21.9,204.0,155,124,183.0,,32.7,41,34.7,0.0,0.0,982.5,6.5,93,1,1625.0
2026-06-01T15:00,43.5,125.7,378.0,6.0,21.1,206.0,154,126,165.0,,33.0,40,34.9,0.0,0.0,981.7,5.8,92,3,1810.0
2026-06-01T16:00,42.0,120.1,402.0,7.3,21.7,205.0,160,125,145.0,,33.1,39,34.9,0.0,0.0,981.1,5.3,78,1,1985.0
2026-06-01T17:00,59.0,257.0,438.0,11.3,18.0,164.0,175,97,386.0,,32.4,42,33.7,0.0,0.0,980.5,10.2,80,1,1810.0
2026-06-01T18:00,52.2,177.4,487.0,19.3,20.5,141.0,180,75,301.0,,31.0,49,33.0,0.0,0.0,981.0,8.9,84,1,1040.0
2026-06-01T19:00,53.1,129.9,549.0,30.2,23.9,108.0,176,63,186.0,,29.7,57,32.8,0.0,0.0,981.7,5.6,88,0,260.0
2026-06-01T20:00,54.0,109.0,620.0,38.2,26.2,82.0,165,62,104.0,,28.8,62,32.2,0.0,0.0,982.3,5.7,81,0,200.0
2026-06-01T21:00,57.5,137.4,716.0,40.4,26.5,70.0,154,65,93.0,,28.3,63,31.7,0.0,0.0,982.8,4.9,96,0,155.0
2026-06-01T22:00,59.0,148.5,821.0,39.5,25.7,64.0,153,68,116.0,,27.8,66,31.5,0.0,0.0,983.1,3.9,103,0,95.0
2026-06-01T23:00,57.7,125.7,879.0,38.3,24.7,60.0,153,64,130.0,,28.0,65,31.3,0.0,0.0,982.7,6.6,111,0,195.0
2026-06-02T00:00,56.8,110.8,853.0,37.2,23.6,56.0,153,63,113.0,,27.3,66,30.4,0.0,0.0,982.3,6.7,84,0,175.0
2026-06-02T01:00,56.9,103.4,779.0,35.7,22.4,53.0,152,63,88.0,,26.6,69,29.6,0.0,0.0,982.4,7.0,77,0,220.0
2026-06-02T02:00,57.4,95.7,711.0,34.5,21.5,50.0,152,64,71.0,,25.1,77,27.7,0.5,0.5,983.0,10.8,181,53,345.0
2026-06-02T03:00,59.4,103.8,668.0,34.1,20.9,45.0,151,65,71.0,,24.6,80,28.2,0.1,0.1,982.6,4.9,114,51,115.0
2026-06-02T04:00,60.8,113.6,632.0,34.0,20.7,40.0,151,65,81.0,,24.4,80,27.8,0.0,0.0,982.5,5.5,81,0,105.0
2026-06-02T05:00,74.3,177.0,600.0,35.6,23.3,39.0,151,75,195.0,,26.3,74,29.9,0.0,0.0,983.3,6.1,212,3,360.0
2026-06-02T06:00,69.6,142.5,576.0,33.2,26.7,56.0,151,70,191.0,,26.0,73,29.2,0.0,0.0,983.7,7.2,183,3,320.0
2026-06-02T07:00,68.9,155.5,556.0,29.6,31.2,80.0,151,69,186.0,,27.2,66,30.7,0.0,0.0,983.7,3.4,106,2,275.0
2026-06-02T08:00,63.3,160.7,527.0,25.3,33.6,105.0,151,71,184.0,,29.6,54,32.2,0.0,0.0,984.1,6.1,95,0,775.0
2026-06-02T09:00,64.3,195.6,475.0,19.4,32.0,134.0,151,80,188.0,,31.4,47,33.6,0.0,0.0,984.1,7.6,85,0,1160.0
2026-06-02T10:00,61.7,189.5,413.0,12.8,28.3,164.0,151,84,196.0,,33.3,40,35.8,0.0,0.0,983.9,7.9,91,0,1805.0
2026-06-02T11:00,56.5,164.8,368.0,7.9,24.7,185.0,151,105,207.0,,34.5,33,36.4,0.1,0.1,983.8,9.3,100,51,2205.0
2026-06-02T12:00,55.9,182.1,350.0,6.0,21.9,190.0,151,110,224.0,,35.3,30,37.2,0.0,0.0,982.8,7.6,102,1,2340.0
2026-06-02T13:00,51.1,164.4,349.0,6.0,19.2,187.0,151,107,245.0,,36.2,28,38.0,0.1,0.1,982.1,7.1,117,51,2550.0
2026-06-02T14:00,52.5,184.4,357.0,6.6,17.5,182.0,152,102,258.0,,36.3,28,37.7,0.1,0.1,981.0,7.6,128,51,2750.0
2026-06-02T15:00,49.7,163.0,375.0,6.7,17.0,181.0,152,101,260.0,,36.5,28,37.6,0.0,0.0,980.1,7.3,134,1,2670.0
2026-06-02T16:00,52.5,174.2,403.0,7.5,17.5,180.0,152,100,255.0,,35.9,29,36.7,0.0,0.0,979.6,6.0,139,1,2550.0
2026-06-02T17:00,42.5,131.3,434.0,11.8,18.9,171.0,161,91,172.0,,32.5,46,35.2,0.0,0.0,979.7,5.8,175,1,1315.0
2026-06-02T18:00,47.1,126.2,466.0,24.0,22.7,147.0,167,74,162.0,,32.4,47,35.2,0.1,0.1,979.4,5.8,182,51,1275.0
2026-06-02T19:00,57.6,131.8,501.0,41.0,28.0,113.0,164,64,148.0,,31.9,49,35.1,0.0,0.0,980.0,3.5,168,0,1160.0
2026-06-02T20:00,69.4,141.1,537.0,54.7,32.7,85.0,153,70,137.0,,31.6,52,35.0,0.0,0.0,980.3,4.2,155,0,950.0
2026-06-02T21:00,77.3,144.8,576.0,62.2,36.5,68.0,152,74,131.0,,31.2,54,34.7,0.0,0.0,980.8,4.6,141,0,480.0
2026-06-02T22:00,81.0,142.0,615.0,66.3,39.8,56.0,153,76,127.0,,30.8,55,34.4,0.0,0.0,981.2,3.7,119,0,350.0
2026-06-02T23:00,82.0,147.6,646.0,67.6,41.6,47.0,153,76,125.0,,31.0,53,34.6,0.0,0.0,980.3,3.3,144,0,175.0
2026-06-03T00:00,79.9,141.6,666.0,64.8,40.9,41.0,154,75,126.0,,30.5,59,34.9,0.0,0.0,980.4,2.2,171,0,85.0
2026-06-03T01:00,78.7,143.4,678.0,59.2,38.6,38.0,155,74,128.0,,30.4,59,34.9,0.0,0.0,980.4,1.1,180,0,40.0
2026-06-03T02:00,77.5,145.8,684.0,55.3,37.0,35.0,155,74,130.0,,30.1,60,34.5,0.0,0.0,980.0,1.8,143,0,55.0
2026-06-03T03:00,77.5,144.8,681.0,55.9,35.8,26.0,156,74,130.0,,29.9,60,34.3,0.0,0.0,979.9,0.9,127,0,70.0
2026-06-03T04:00,79.4,146.2,672.0,58.3,35.3,17.0,157,75,129.0,,29.5,60,33.7,0.0,0.0,980.0,1.4,130,0,95.0
2026-06-03T05:00,88.5,140.2,665.0,64.7,33.8,12.0,157,79,96.0,,29.1,65,33.5,0.0,0.0,980.3,1.9,112,0,120.0
2026-06-03T06:00,89.6,134.1,673.0,56.1,40.0,39.0,158,80,114.0,,29.7,59,33.3,0.0,0.0,980.3,4.0,93,0,150.0
2026-06-03T07:00,83.4,149.5,683.0,43.9,48.2,76.0,158,77,139.0,,31.0,54,34.4,0.0,0.0,980.6,4.4,102,0,305.0
2026-06-03T08:00,69.6,152.7,667.0,32.6,51.6,112.0,159,70,158.0,,32.7,47,35.9,0.0,0.0,980.6,4.5,104,0,1270.0
2026-06-03T09:00,56.6,139.7,599.0,23.1,45.8,142.0,159,71,168.0,,34.3,40,37.1,0.0,0.0,980.6,3.1,87,0,1825.0
2026-06-03T10:00,51.0,123.4,505.0,14.5,35.2,169.0,158,89,173.0,,35.6,35,38.6,0.0,0.0,980.3,4.2,72,0,1990.0
2026-06-03T11:00,53.0,140.6,435.0,8.3,26.8,192.0,158,112,173.0,,35.4,33,38.2,0.0,0.0,980.0,6.4,80,1,2120.0
2026-06-03T12:00,53.0,139.2,412.0,5.4,23.4,209.0,158,129,168.0,,36.6,32,39.7,0.1,0.1,979.6,7.5,60,51,2300.0
2026-06-03T13:00,53.0,134.1,413.0,4.9,22.2,220.0,158,140,159.0,,37.3,31,40.5,0.1,0.1,978.7,6.8,55,51,2500.0
2026-06-03T14:00,52.7,127.6,420.0,5.6,21.6,226.0,158,146,150.0,,37.9,29,40.3,0.0,0.0,977.5,6.6,49,1,2685.0
2026-06-03T15:00,52.3,119.7,425.0,6.6,21.0,226.0,158,146,145.0,,38.4,26,39.7,0.0,0.0,976.6,6.7,31,1,2730.0
2026-06-03T16:00,51.5,118.3,436.0,8.9,21.0,220.0,176,140,140.0,,37.8,27,38.7,0.0,0.0,975.8,6.5,360,0,2595.0
2026-06-03T17:00,44.1,103.6,452.0,13.1,20.2,199.0,193,119,119.0,,38.5,26,39.1,0.0,0.0,975.1,9.0,64,1,2720.0
2026-06-03T18:00,46.9,106.9,471.0,18.8,21.1,179.0,201,99,134.0,,36.0,33,37.1,0.1,0.1,975.7,9.9,92,51,850.0
2026-06-03T19:00,54.6,139.7,495.0,27.0,22.5,150.0,202,75,153.0,,35.1,37,36.4,0.4,0.4,976.1,11.1,115,51,975.0
2026-06-03T20:00,59.6,144.4,533.0,35.7,25.1,123.0,197,67,165.0,,34.7,38,36.7,0.0,0.0,976.5,7.0,103,0,775.0
2026-06-03T21:00,67.3,157.4,607.0,45.7,30.0,101.0,184,70,162.0,,34.1,41,36.6,0.0,0.0,977.1,5.4,98,0,450.0
2026-06-03T22:00,74.7,156.9,695.0,56.1,36.0,81.0,165,72,150.0,,33.2,45,36.2,0.0,0.0,977.3,4.6,135,0,290.0
2026-06-03T23:00,79.2,152.3,742.0,62.6,40.1,66.0,157,75,141.0,,33.4,46,36.1,0.0,0.0,977.2,8.4,171,0,330.0
2026-06-04T00:00,79.4,143.9,711.0,62.3,40.8,58.0,157,75,137.0,,32.2,50,35.4,0.0,0.0,977.1,5.6,165,0,230.0
2026-06-04T01:00,78.2,143.0,638.0,58.0,39.6,54.0,157,74,135.0,,31.1,55,34.9,0.0,0.0,976.6,4.2,162,0,170.0
2026-06-04T02:00,75.4,145.3,580.0,53.7,38.0,52.0,157,73,134.0,,30.4,57,34.1,0.0,0.0,976.4,4.0,185,0,135.0
2026-06-04T03:00,77.5,154.1,549.0,50.8,35.9,47.0,157,74,134.0,,29.8,57,33.2,0.0,0.0,976.3,4.3,180,0,125.0
2026-06-04T04:00,78.2,154.1,532.0,47.9,33.4,43.0,157,74,135.0,,29.3,58,32.6,0.0,0.0,976.4,4.3,178,0,110.0
2026-06-04T05:00,92.7,221.2,545.0,45.5,36.4,53.0,157,87,244.0,,30.7,51,32.4,0.0,0.0,976.9,13.0,215,0,420.0
2026-06-04T06:00,87.1,185.8,624.0,41.0,35.4,66.0,157,79,322.0,,30.9,49,33.9,0.0,0.0,976.7,2.4,81,1,210.0
2026-06-04T07:00,78.9,150.9,734.0,34.5,34.1,86.0,157,74,428.0,,28.4,59,30.5,0.1,0.1,978.3,10.5,59,51,230.0
2026-06-04T08:00,89.6,342.7,782.0,27.9,33.3,112.0,157,119,497.0,,31.0,50,33.4,0.0,0.0,977.8,7.5,143,1,205.0
2026-06-04T09:00,87.8,344.6,709.0,21.4,34.2,151.0,158,120,491.0,,33.8,42,35.9,0.0,0.0,978.4,8.7,104,1,670.0
2026-06-04T10:00,86.8,339.9,574.0,14.8,35.6,196.0,159,119,449.0,,34.5,42,37.2,0.0,0.0,978.3,10.2,113,0,700.0
2026-06-04T11:00,80.3,292.4,471.0,9.7,35.4,229.0,160,149,420.0,,38.3,25,40.4,0.0,0.0,977.6,6.7,128,1,1760.0
2026-06-04T12:00,76.6,275.7,434.0,6.9,31.9,240.0,160,160,426.0,,39.5,22,41.7,0.2,0.2,976.7,3.9,133,51,3160.0
2026-06-04T13:00,75.0,293.4,428.0,5.6,26.7,238.0,161,158,445.0,,39.0,22,38.6,0.0,0.0,976.6,11.8,239,1,3150.0
2026-06-04T14:00,74.7,305.5,438.0,5.4,22.6,233.0,162,153,462.0,,39.1,23,39.7,0.1,0.1,975.8,10.1,260,51,2905.0
2026-06-04T15:00,75.7,312.9,444.0,5.8,20.4,228.0,174,148,478.0,,38.5,25,38.8,0.0,0.0,975.5,10.7,338,0,2770.0
2026-06-04T16:00,79.4,339.0,467.0,7.4,19.3,220.0,197,140,492.0,,37.5,30,38.3,0.0,0.0,975.2,11.3,18,1,2115.0
2026-06-04T17:00,67.5,267.3,553.0,11.8,15.5,174.0,206,99,398.0,,34.4,34,35.4,0.0,0.0,974.8,7.6,98,2,540.0
2026-06-04T18:00,74.7,250.5,752.0,26.1,19.2,141.0,207,95,414.0,,34.4,32,34.5,0.0,0.0,975.4,11.3,226,2,515.0
2026-06-04T19:00,85.7,250.5,1015.0,45.4,24.1,97.0,204,95,431.0,,29.9,50,30.9,0.1,0.1,976.5,14.8,260,51,290.0
2026-06-04T20:00,98.5,305.5,1237.0,56.0,26.7,70.0,188,109,407.0,,30.0,53,32.3,0.1,0.1,976.7,8.3,275,51,330.0
2026-06-04T21:00,83.6,259.8,1374.0,49.3,24.7,78.0,168,97,287.0,,29.9,54,32.2,0.0,0.0,977.7,8.1,273,3,380.0
2026-06-04T22:00,68.5,161.1,1470.0,34.1,20.4,102.0,168,71,126.0,,29.7,54,32.1,0.0,0.0,977.8,7.1,255,3,265.0
2026-06-04T23:00,55.4,78.5,1555.0,22.8,17.6,118.0,168,63,45.0,,28.1,55,29.1,0.0,0.0,978.4,13.4,332,3,570.0
2026-06-05T00:00,56.0,99.4,1671.0,20.8,17.8,113.0,167,63,124.0,,26.2,68,29.5,0.8,0.8,978.6,2.4,283,53,150.0
2026-06-05T01:00,72.2,195.1,1776.0,22.8,19.4,100.0,166,80,283.0,,25.4,85,30.2,1.2,1.2,977.1,2.6,106,55,60.0
2026-06-05T02:00,92.2,302.7,1779.0,25.4,21.2,86.0,166,109,409.0,,26.0,77,29.4,0.0,0.0,976.6,9.0,136,3,170.0
2026-06-05T03:00,107.6,369.7,1601.0,28.0,22.7,73.0,167,127,452.0,,26.3,74,30.1,0.0,0.0,975.8,4.9,152,3,120.0
2026-06-05T04:00,113.6,373.5,1322.0,31.3,24.4,59.0,168,128,461.0,,26.7,69,30.0,0.0,0.0,976.6,5.6,263,3,185.0
2026-06-05T05:00,92.2,302.7,1085.0,24.8,32.6,100.0,169,109,407.0,,25.1,85,28.3,0.0,0.0,977.5,13.9,268,3,460.0
2026-06-05T06:00,95.2,312.9,951.0,26.7,30.9,93.0,169,111,410.0,,26.4,72,30.3,0.0,0.0,978.3,2.4,347,3,355.0
2026-06-05T07:00,94.1,321.3,861.0,29.2,28.5,85.0,169,114,416.0,,27.0,67,30.8,0.0,0.0,978.6,1.8,24,3,295.0
2026-06-05T08:00,93.1,315.7,775.0,29.3,26.8,84.0,169,112,431.0,,28.4,59,31.8,0.0,0.0,979.3,1.6,186,3,510.0
2026-06-05T09:00,98.3,353.0,677.0,25.1,26.7,98.0,169,122,468.0,,29.5,53,32.1,0.0,0.0,980.3,4.8,15,3,905.0
2026-06-05T10:00,96.2,367.9,585.0,18.7,27.2,120.0,170,126,513.0,,31.2,47,33.6,0.0,0.0,980.1,4.9,354,3,930.0
2026-06-05T11:00,93.6,366.9,513.0,13.1,26.4,138.0,170,126,532.0,,32.2,42,33.8,0.0,0.0,980.0,8.0,326,3,820.0
2026-06-05T12:00,87.3,339.9,468.0,9.3,22.7,148.0,170,119,500.0,,32.9,41,34.3,0.0,0.0,980.1,9.0,348,3,1380.0
2026-06-05T13:00,75.2,279.4,445.0,6.5,17.6,155.0,171,103,442.0,,34.0,41,36.4,0.0,0.0,979.2,9.5,358,3,1510.0
2026-06-05T14:00,70.8,272.9,440.0,5.0,13.9,158.0,171,101,397.0,,33.8,43,36.9,0.0,0.0,978.6,8.3,20,2,1340.0
2026-06-05T15:00,68.5,267.3,460.0,4.0,12.5,158.0,171,99,381.0,,33.4,45,35.9,0.0,0.0,978.0,8.3,24,0,1435.0
2026-06-05T16:00,66.4,253.3,500.0,4.4,12.4,154.0,170,96,378.0,,33.7,45,36.5,0.1,0.1,977.3,6.8,27,51,1460.0
2026-06-05T17:00,62.9,232.8,535.0,10.7,17.8,153.0,170,90,331.0,,34.7,42,37.8,0.0,0.0,976.7,3.5,51,0,1485.0
2026-06-05T18:00,65.0,209.5,549.0,21.8,20.8,129.0,170,84,306.0,,34.2,43,37.4,0.0,0.0,976.7,3.6,30,0,1435.0
2026-06-05T19:00,72.9,216.1,559.0,37.2,25.0,97.0,170,86,271.0,,33.5,47,37.0,0.0,0.0,977.2,4.0,360,0,1225.0
2026-06-05T20:00,79.2,202.6,597.0,49.0,28.4,70.0,169,82,237.0,,32.8,51,36.8,0.0,0.0,977.6,3.1,13,0,660.0
2026-06-05T21:00,80.1,180.2,691.0,53.8,30.1,56.0,169,76,206.0,,32.2,54,36.7,0.0,0.0,978.1,2.4,54,0,455.0
2026-06-05T22:00,79.9,171.4,812.0,55.1,31.0,49.0,169,75,176.0,,31.8,56,36.1,0.0,0.0,978.4,3.6,90,0,345.0
2026-06-05T23:00,79.2,161.6,904.0,54.9,31.5,44.0,169,75,156.0,,31.7,52,35.2,0.0,0.0,978.2,4.0,153,0,220.0
2026-06-06T00:00,77.8,162.5,952.0,53.1,31.4,42.0,170,74,152.0,,30.5,59,34.6,0.0,0.0,977.9,3.5,125,0,130.0
2026-06-06T01:00,78.0,168.1,971.0,49.9,30.9,42.0,170,74,159.0,,29.8,65,34.4,0.0,0.0,977.7,4.6,132,0,125.0
2026-06-06T02:00,79.9,168.6,948.0,47.8,30.9,42.0,170,75,166.0,,29.2,69,34.1,0.0,0.0,977.5,4.2,149,0,115.0
2026-06-06T03:00,82.0,170.9,851.0,48.7,31.6,36.0,170,76,158.0,,28.8,71,33.7,0.0,0.0,977.9,3.6,160,0,95.0
2026-06-06T04:00,84.1,175.6,712.0,50.6,32.8,29.0,169,77,151.0,,28.5,71,33.1,0.0,0.0,978.0,4.5,164,0,95.0
2026-06-06T05:00,131.8,306.4,613.0,79.8,46.0,13.0,168,110,329.0,,29.0,66,33.3,0.0,0.0,978.0,4.4,212,0,115.0
2026-06-06T06:00,131.8,285.9,605.0,68.1,49.9,43.0,170,104,363.0,,29.6,62,33.7,0.0,0.0,978.6,4.0,212,0,135.0
2026-06-06T07:00,118.5,314.8,637.0,51.7,54.9,86.0,171,112,410.0,,31.4,54,35.2,0.0,0.0,979.5,2.8,230,0,230.0
2026-06-06T08:00,112.5,346.5,639.0,36.6,55.1,124.0,171,120,450.0,,33.5,46,37.2,0.0,0.0,979.9,2.2,256,0,675.0
2026-06-06T09:00,99.0,346.5,573.0,24.5,46.2,154.0,172,120,478.0,,35.4,40,38.6,0.0,0.0,980.1,3.3,279,0,1615.0
2026-06-06T10:00,87.5,350.2,478.0,13.8,32.6,179.0,172,121,498.0,,37.0,35,40.8,0.0,0.0,980.0,3.4,302,0,1975.0
2026-06-06T11:00,79.6,335.3,399.0,6.2,21.9,195.0,172,117,502.0,,38.6,30,42.0,0.0,0.0,979.8,6.3,285,1,3140.0
2026-06-06T12:00,72.9,299.9,353.0,3.1,17.3,199.0,171,119,478.0,,39.4,27,42.1,0.0,0.0,979.1,6.8,310,1,3020.0
2026-06-06T13:00,67.3,274.7,324.0,3.1,15.5,194.0,171,114,437.0,,40.3,23,42.5,0.0,0.0,978.1,6.6,325,1,3185.0
2026-06-06T14:00,64.3,268.2,309.0,4.1,14.4,186.0,171,106,405.0,,40.1,23,41.0,0.0,0.0,977.6,8.1,305,1,3130.0
2026-06-06T15:00,64.7,290.6,307.0,4.5,12.9,177.0,171,105,389.0,,39.9,24,40.7,0.0,0.0,977.0,8.9,308,0,2995.0
2026-06-06T16:00,61.5,265.4,318.0,6.0,12.1,164.0,170,99,381.0,,39.2,25,39.2,0.0,0.0,976.8,12.1,290,1,2935.0
2026-06-06T17:00,53.0,210.0,344.0,9.9,14.4,165.0,170,85,311.0,,35.3,37,36.5,0.0,0.0,975.9,12.5,152,1,305.0
2026-06-06T18:00,59.0,204.4,385.0,23.5,16.9,137.0,170,83,299.0,,34.8,38,36.6,0.0,0.0,976.6,8.6,170,2,775.0
2026-06-06T19:00,69.4,214.7,441.0,42.5,20.5,98.0,170,85,283.0,,34.5,34,35.9,0.0,0.0,977.0,5.1,207,0,205.0
2026-06-06T20:00,81.3,222.1,509.0,58.9,23.7,65.0,170,87,277.0,,34.2,36,35.9,0.0,0.0,977.6,4.8,209,0,200.0
2026-06-06T21:00,91.5,234.2,608.0,70.6,26.2,43.0,170,90,289.0,,33.9,37,35.4,0.0,0.0,978.0,6.0,217,0,165.0
2026-06-06T22:00,97.6,248.7,720.0,79.6,28.4,26.0,170,94,311.0,,33.8,37,35.1,0.0,0.0,978.3,7.2,251,0,265.0
2026-06-06T23:00,99.9,269.2,787.0,84.4,29.6,15.0,171,100,330.0,,32.7,40,33.7,0.0,0.0,978.7,11.7,253,0,515.0
2026-06-07T00:00,100.8,294.3,780.0,82.6,29.1,12.0,171,106,346.0,,31.1,45,32.3,0.0,0.0,978.6,10.9,253,0,405.0
2026-06-07T01:00,102.0,304.5,729.0,76.4,27.7,14.0,172,109,360.0,,30.1,50,31.7,0.0,0.0,978.4,10.3,258,0,365.0
2026-06-07T02:00,100.8,286.8,668.0,71.2,27.0,17.0,173,104,360.0,,29.6,51,31.3,0.0,0.0,978.3,9.8,262,0,340.0
2026-06-07T03:00,98.3,266.4,598.0,69.9,27.5,13.0,173,99,336.0,,29.1,52,30.8,0.0,0.0,978.3,8.7,263,0,280.0
2026-06-07T04:00,97.8,253.3,517.0,69.5,28.6,8.0,174,96,298.0,,28.9,51,30.6,0.0,0.0,978.7,7.7,273,0,240.0
2026-06-07T05:00,145.8,648.2,457.0,20.0,10.0,44.0,174,201,979.0,,29.1,55,31.4,0.0,0.0,978.7,6.9,277,0,195.0
2026-06-07T06:00,146.2,646.3,436.0,18.7,11.1,49.0,175,200,996.0,,29.2,56,31.9,0.0,0.0,979.4,5.6,272,0,215.0
2026-06-07T07:00,144.8,629.6,435.0,16.8,12.6,58.0,177,196,1014.0,,30.5,51,33.1,0.0,0.0,980.0,6.1,275,0,290.0
2026-06-07T08:00,135.5,638.9,428.0,14.5,13.8,71.0,183,198,987.0,,32.8,43,35.0,0.0,0.0,980.3,6.8,292,0,485.0
2026-06-07T09:00,117.6,547.6,404.0,11.3,14.7,95.0,189,174,872.0,,31.7,44,31.6,0.1,0.1,981.4,20.5,322,51,700.0
2026-06-07T10:00,104.1,482.4,373.0,7.6,15.3,124.0,193,157,711.0,,32.1,44,34.2,0.1,0.1,980.1,5.9,40,51,285.0
2026-06-07T11:00,90.3,385.6,339.0,4.8,15.4,145.0,196,131,584.0,,38.2,29,40.3,0.0,0.0,980.3,5.4,304,0,2145.0
2026-06-07T12:00,84.3,377.2,297.0,3.4,14.5,152.0,197,129,522.0,,38.8,28,42.4,0.1,0.1,979.4,5.5,311,51,2800.0
2026-06-07T13:00,76.8,327.8,251.0,2.9,13.1,150.0,199,115,494.0,,39.8,26,43.1,0.0,0.0,978.4,5.5,302,0,3090.0
2026-06-07T14:00,73.6,318.5,220.0,3.1,12.0,146.0,200,113,487.0,,40.4,22,42.1,0.0,0.0,977.4,7.5,281,0,3185.0
2026-06-07T15:00,79.2,398.6,199.0,3.6,11.2,141.0,203,134,511.0,,40.4,21,40.3,0.0,0.0,976.6,11.4,275,1,3115.0
2026-06-07T16:00,78.2,403.3,193.0,4.9,10.8,132.0,209,136,555.0,,39.4,23,38.9,0.0,0.0,976.2,14.1,280,1,2650.0
2026-06-07T17:00,67.3,326.0,230.0,7.3,11.7,127.0,217,115,517.0,,34.8,45,36.0,0.0,0.0,976.0,20.9,267,3,555.0
2026-06-07T18:00,70.3,290.6,348.0,14.8,13.7,109.0,224,105,484.0,,34.6,45,38.1,0.1,0.1,975.6,5.8,97,51,155.0
2026-06-07T19:00,76.4,295.2,509.0,25.4,16.6,83.0,229,107,437.0,,32.4,53,35.5,0.0,0.0,976.0,11.2,118,0,190.0
2026-06-07T20:00,82.9,282.2,626.0,35.6,20.5,61.0,234,103,391.0,,32.3,51,35.5,0.0,0.0,976.3,7.6,184,0,115.0
2026-06-07T21:00,88.5,272.9,653.0,45.5,26.6,45.0,238,101,347.0,,32.3,50,35.7,0.0,0.0,976.8,5.3,208,0,100.0
2026-06-07T22:00,90.3,253.3,636.0,55.0,33.6,33.0,240,96,305.0,,31.9,52,35.6,0.0,0.0,977.1,4.3,165,0,95.0
2026-06-07T23:00,89.4,231.9,627.0,60.6,38.0,24.0,240,90,278.0,,32.8,46,34.8,0.0,0.0,976.6,11.6,246,0,480.0
2026-06-08T00:00,85.2,231.0,657.0,59.5,37.8,22.0,238,90,281.0,,32.5,43,33.9,0.0,0.0,976.5,11.2,258,0,400.0
2026-06-08T01:00,82.2,237.5,695.0,54.5,35.1,23.0,234,91,299.0,,31.6,44,32.9,0.0,0.0,976.3,9.7,259,0,295.0
2026-06-08T02:00,79.9,235.6,703.0,50.2,32.2,24.0,230,91,304.0,,30.9,45,32.3,0.0,0.0,976.2,9.3,262,0,260.0
2026-06-08T03:00,76.8,218.9,655.0,48.9,29.9,20.0,227,86,272.0,,30.4,46,31.7,0.0,0.0,976.1,9.1,260,0,210.0
2026-06-08T04:00,73.8,195.1,577.0,48.4,27.4,14.0,225,80,226.0,,29.9,47,31.3,0.0,0.0,976.2,9.1,262,0,205.0
2026-06-08T05:00,112.0,488.0,512.0,15.4,10.4,55.0,221,158,739.0,,30.5,52,32.7,0.0,0.0,976.7,9.7,268,0,280.0
2026-06-08T06:00,108.0,488.0,484.0,15.7,11.2,60.0,212,158,764.0,,30.7,53,33.2,0.0,0.0,977.1,9.2,269,0,325.0
2026-06-08T07:00,104.5,444.2,469.0,15.9,12.3,67.0,202,146,799.0,,32.1,49,34.6,0.0,0.0,977.6,9.5,271,0,470.0
2026-06-08T08:00,107.1,525.3,441.0,15.1,13.3,81.0,197,168,827.0,,34.2,42,36.3,0.0,0.0,978.0,10.7,277,0,625.0
2026-06-08T09:00,110.1,575.6,379.0,12.2,14.5,107.0,195,181,838.0,,36.2,38,38.2,0.0,0.0,978.1,11.3,280,0,960.0
2026-06-08T10:00,109.4,570.0,303.0,8.2,15.6,140.0,195,180,841.0,,38.1,32,40.5,0.0,0.0,977.8,12.0,289,0,1320.0
2026-06-08T11:00,102.7,527.1,247.0,5.2,15.8,163.0,197,169,852.0,,40.0,25,42.0,0.0,0.0,977.7,10.8,280,0,3655.0
2026-06-08T12:00,95.7,508.5,223.0,3.6,14.2,168.0,200,164,877.0,,41.1,20,42.1,0.0,0.0,977.0,12.1,282,2,3820.0
2026-06-08T13:00,87.3,504.8,219.0,3.0,11.7,164.0,207,163,909.0,,41.4,17,40.6,0.0,0.0,976.1,13.9,287,1,3465.0
2026-06-08T14:00,87.5,551.3,225.0,3.6,9.9,158.0,218,175,941.0,,41.7,14,40.2,0.0,0.0,975.1,12.5,290,0,3350.0
2026-06-08T15:00,92.7,616.5,238.0,5.2,9.2,153.0,232,192,961.0,,42.1,14,40.4,0.0,0.0,974.8,14.2,297,0,3630.0
2026-06-08T16:00,100.8,653.8,263.0,8.2,9.2,147.0,245,202,980.0,,41.7,14,39.2,0.0,0.0,974.2,14.5,305,0,3205.0
2026-06-08T17:00,83.8,551.3,301.0,12.9,10.1,132.0,260,175,949.0,,41.7,16,39.3,0.0,0.0,973.6,17.6,292,0,3480.0
2026-06-08T18:00,102.7,637.0,360.0,24.7,13.7,113.0,273,198,983.0,,41.3,14,38.8,0.0,0.0,973.5,14.7,288,0,3440.0
2026-06-08T19:00,115.7,651.9,434.0,41.0,18.7,87.0,294,202,1033.0,,40.2,17,38.1,0.0,0.0,973.7,14.1,280,0,1630.0
2026-06-08T20:00,127.6,670.6,505.0,53.5,22.5,65.0,313,207,1084.0,,38.8,20,37.9,0.0,0.0,974.3,8.8,317,0,540.0
2026-06-08T21:00,138.3,707.8,574.0,57.7,23.8,54.0,333,217,1140.0,,37.2,26,38.1,0.0,0.0,974.8,3.6,333,0,240.0
2026-06-08T22:00,147.1,745.1,640.0,58.0,23.8,48.0,356,227,1199.0,,36.4,29,38.0,0.0,0.0,975.1,1.8,264,0,105.0
2026-06-08T23:00,154.6,776.7,686.0,59.7,24.0,41.0,382,235,1235.0,,35.4,30,36.3,0.0,0.0,974.9,6.2,248,0,105.0
2026-06-09T00:00,159.7,814.0,703.0,65.6,24.8,31.0,408,245,1240.0,,33.9,33,34.8,0.0,0.0,974.7,5.9,250,0,90.0
2026-06-09T01:00,163.0,800.9,700.0,72.7,25.8,21.0,432,242,1222.0,,32.9,35,33.8,0.0,0.0,974.2,6.0,233,0,80.0
2026-06-09T02:00,162.5,763.7,681.0,77.5,26.8,13.0,456,232,1188.0,,32.5,35,33.4,0.0,0.0,974.1,4.6,244,0,70.0
2026-06-09T03:00,157.4,705.9,643.0,79.1,28.2,7.0,478,216,1132.0,,32.1,34,32.9,0.0,0.0,974.2,4.5,256,1,75.0
2026-06-09T04:00,151.3,663.1,589.0,78.4,29.6,4.0,498,205,1058.0,,31.6,34,31.6,0.0,0.0,974.7,8.5,241,0,160.0
2026-06-09T05:00,103.8,431.2,535.0,40.7,18.2,37.0,518,143,643.0,,31.7,42,32.7,0.0,0.0,974.4,10.2,240,0,285.0
2026-06-09T06:00,99.2,401.4,486.0,35.4,17.5,47.0,515,135,666.0,,32.1,45,34.0,0.0,0.0,974.9,8.6,254,0,360.0
2026-06-09T07:00,98.7,398.6,438.0,27.9,16.4,62.0,512,134,701.0,,33.6,47,36.2,0.0,0.0,975.5,10.7,263,0,475.0
2026-06-09T08:00,100.4,480.6,393.0,20.9,15.6,81.0,510,156,755.0,,35.5,43,38.3,0.0,0.0,975.7,11.0,271,0,555.0
2026-06-09T09:00,109.2,562.5,350.0,15.2,15.4,110.0,508,178,853.0,,37.5,38,40.1,0.0,0.0,975.8,10.3,276,0,835.0
2026-06-09T10:00,113.2,599.8,309.0,10.0,15.5,143.0,507,188,970.0,,39.4,31,42.3,0.0,0.0,975.9,9.9,285,0,1690.0
2026-06-09T11:00,113.9,625.8,280.0,6.2,15.0,166.0,509,195,1034.0,,41.9,20,43.4,0.0,0.0,975.4,9.2,290,0,3860.0
2026-06-09T12:00,106.9,618.4,265.0,4.1,13.4,173.0,513,193,991.0,,42.5,17,42.8,0.0,0.0,975.2,13.1,303,1,3550.0
2026-06-09T13:00,94.8,577.4,262.0,3.4,11.2,169.0,517,182,895.0,,42.6,15,41.7,0.0,0.0,974.5,14.7,301,0,3505.0
2026-06-09T14:00,84.3,497.3,264.0,4.0,9.7,164.0,520,161,843.0,,43.0,14,41.9,0.0,0.0,973.9,15.4,302,0,3595.0
2026-06-09T15:00,77.8,422.8,263.0,5.3,9.1,160.0,518,141,882.0,,42.9,14,40.8,0.0,0.0,973.4,17.3,301,0,3540.0
2026-06-09T16:00,82.0,436.8,268.0,7.8,9.1,153.0,510,144,965.0,,42.3,14,39.8,0.0,0.0,973.0,16.9,294,0,3425.0
2026-06-09T17:00,61.0,291.5,305.0,13.2,10.4,147.0,501,106,468.0,,42.1,16,39.8,0.0,0.0,972.4,16.9,279,0,3475.0
2026-06-09T18:00,67.5,305.5,375.0,19.0,12.2,127.0,490,109,516.0,,40.8,17,38.2,0.0,0.0,973.0,18.7,272,0,2755.0
2026-06-09T19:00,79.4,346.5,476.0,27.1,14.6,100.0,476,120,580.0,,38.8,22,37.6,0.0,0.0,973.7,15.1,271,0,1105.0
2026-06-09T20:00,91.3,400.5,626.0,34.3,16.6,76.0,463,135,620.0,,38.3,23,38.1,0.0,0.0,974.1,8.3,271,0,395.0
2026-06-09T21:00,93.1,358.6,916.0,39.6,17.6,59.0,452,124,611.0,,37.2,26,38.1,0.0,0.0,974.1,2.8,235,0,100.0
2026-06-09T22:00,96.9,353.9,1255.0,43.9,18.1,46.0,438,122,578.0,,36.5,27,37.2,0.0,0.0,974.3,4.0,207,0,90.0
2026-06-09T23:00,101.7,380.0,1394.0,46.7,18.2,36.0,421,129,552.0,,36.8,25,36.9,0.0,0.0,975.1,6.8,270,0,420.0
2026-06-10T00:00,100.6,361.4,1148.0,48.4,18.0,27.0,405,124,526.0,,35.3,28,35.2,0.0,0.0,974.7,9.7,255,1,240.0
2026-06-10T01:00,98.3,347.4,702.0,48.5,17.3,22.0,383,121,506.0,,34.4,28,34.4,0.0,0.0,974.3,6.2,237,1,100.0
2026-06-10T02:00,98.0,374.4,359.0,45.6,16.1,21.0,359,128,546.0,,33.7,29,33.8,0.0,0.0,974.0,6.7,246,1,105.0
2026-06-10T03:00,100.8,460.1,250.0,36.8,13.5,28.0,339,151,714.0,,33.2,30,33.5,0.0,0.0,973.6,5.1,228,0,80.0
2026-06-10T04:00,114.3,609.1,244.0,24.8,10.3,40.0,326,190,942.0,,32.7,31,32.6,0.0,0.0,974.2,8.2,238,0,160.0
2026-06-10T05:00,84.8,390.2,259.0,35.1,20.2,36.0,323,132,606.0,,32.1,36,32.4,0.0,0.0,974.6,9.0,235,1,225.0
2026-06-10T06:00,95.0,504.8,281.0,30.3,18.8,45.0,321,163,722.0,,31.3,45,32.9,0.0,0.0,975.4,8.4,203,0,490.0
2026-06-10T07:00,104.5,499.2,324.0,23.5,16.8,60.0,326,161,892.0,,33.0,47,35.9,0.0,0.0,975.9,7.3,230,0,815.0
2026-06-10T08:00,121.1,668.7,341.0,17.4,15.3,78.0,331,206,1089.0,,35.4,46,38.5,0.0,0.0,976.1,11.4,263,0,1155.0
2026-06-10T09:00,131.3,739.5,304.0,12.7,15.1,106.0,341,225,1331.0,,37.1,40,39.5,0.0,0.0,976.2,14.1,266,0,1365.0
2026-06-10T10:00,149.0,886.6,242.0,8.7,15.4,138.0,351,264,1599.0,,38.8,35,41.9,0.0,0.0,976.2,13.2,276,0,1640.0
2026-06-10T11:00,169.0,1069.2,198.0,5.8,15.1,159.0,365,313,1811.0,,40.7,25,42.4,0.0,0.0,976.0,14.4,279,0,2590.0
2026-06-10T12:00,178.8,1173.5,189.0,4.0,13.4,162.0,389,341,1956.0,,41.4,23,43.3,0.0,0.0,975.4,12.3,278,0,2680.0
2026-06-10T13:00,178.8,1210.7,196.0,3.2,11.2,155.0,414,351,2045.0,,42.1,21,43.5,0.0,0.0,974.4,11.6,277,0,2750.0
2026-06-10T14:00,169.0,1166.0,212.0,4.0,9.5,146.0,440,339,2026.0,,42.6,19,43.2,0.0,0.0,973.4,12.3,282,1,2840.0
2026-06-10T15:00,152.3,1020.7,204.0,5.7,8.6,140.0,468,300,1833.0,,42.3,18,41.6,0.4,0.4,973.1,14.8,269,51,3320.0
2026-06-10T16:00,147.1,936.9,203.0,8.9,8.2,132.0,493,278,1533.0,,41.2,21,40.6,0.0,0.0,973.0,14.6,250,1,2665.0
2026-06-10T17:00,151.3,922.0,294.0,15.4,9.3,123.0,514,274,1572.0,,43.6,18,42.7,0.0,0.0,971.9,14.8,264,1,4015.0
2026-06-10T18:00,145.3,843.8,561.0,24.4,11.7,105.0,540,253,1370.0,,42.9,16,41.4,0.0,0.0,972.1,13.0,273,0,3575.0
2026-06-10T19:00,143.4,733.9,920.0,36.7,15.2,81.0,563,224,1093.0,,41.4,19,41.5,0.0,0.0,972.5,5.8,263,1,3295.0
2026-06-10T20:00,134.1,577.4,1202.0,45.2,18.9,65.0,579,182,889.0,,40.0,21,40.4,0.0,0.0,972.6,4.6,193,0,390.0
2026-06-10T21:00,125.7,448.9,1348.0,46.5,23.1,66.0,586,148,835.0,,39.6,20,39.6,0.0,0.0,973.1,5.3,192,0,375.0
2026-06-10T22:00,135.0,486.2,1417.0,44.1,27.4,75.0,590,158,855.0,,38.7,21,38.9,0.0,0.0,973.7,4.0,210,0,245.0
2026-06-10T23:00,152.3,590.5,1415.0,41.1,29.8,81.0,595,185,872.0,,37.4,24,38.1,0.0,0.0,974.0,2.9,356,0,245.0
2026-06-11T00:00,161.1,650.1,1324.0,38.2,28.8,78.0,604,201,864.0,,36.6,30,38.6,0.0,0.0,973.9,0.6,214,1,255.0
2026-06-11T01:00,163.4,644.5,1162.0,34.8,26.0,72.0,616,200,854.0,,36.6,26,36.9,0.0,0.0,973.4,6.4,216,0,195.0
2026-06-11T02:00,155.5,577.4,992.0,32.2,23.7,65.0,629,182,834.0,,35.8,29,36.7,0.0,0.0,973.4,4.5,247,1,510.0
2026-06-11T03:00,142.5,480.6,812.0,31.3,22.7,57.0,637,156,784.0,,35.1,34,36.9,0.0,0.0,973.2,4.1,257,0,600.0
2026-06-11T04:00,137.8,440.5,624.0,31.3,22.3,49.0,638,145,724.0,,34.6,39,37.2,0.0,0.0,973.4,3.2,267,0,665.0
2026-06-11T05:00,118.7,398.6,501.0,29.8,21.4,52.0,631,134,548.0,,31.7,47,33.6,0.0,0.0,973.4,10.7,147,1,255.0
2026-06-11T06:00,136.4,525.3,501.0,28.2,23.4,62.0,631,168,717.0,,30.5,49,32.0,0.1,0.1,974.8,11.9,122,51,340.0
2026-06-11T07:00,152.3,618.4,566.0,25.8,26.2,78.0,632,193,957.0,,29.5,56,31.4,0.1,0.1,975.7,13.0,146,51,295.0
2026-06-11T08:00,174.6,776.7,592.0,22.6,28.1,100.0,637,235,1186.0,,31.0,54,33.1,0.0,0.0,976.0,13.9,137,0,400.0
2026-06-11T09:00,197.0,940.6,525.0,17.8,28.3,134.0,642,279,1383.0,,32.7,53,35.5,0.0,0.0,976.7,13.4,131,0,570.0
2026-06-11T10:00,209.1,1043.1,420.0,12.1,27.7,174.0,650,306,1571.0,,34.7,47,38.3,0.0,0.0,976.6,13.8,140,0,740.0
2026-06-11T11:00,208.6,1076.6,337.0,7.9,26.6,204.0,656,315,1732.0,,33.7,50,37.4,0.0,0.0,977.6,17.4,113,0,890.0
2026-06-11T12:00,209.1,1121.3,300.0,5.8,25.1,218.0,657,327,1878.0,,34.3,50,38.7,0.0,0.0,977.1,16.1,124,0,960.0
2026-06-11T13:00,212.3,1180.9,285.0,5.2,23.2,221.0,655,343,1998.0,,35.5,48,40.1,0.0,0.0,976.1,15.3,136,0,1115.0
2026-06-11T14:00,214.2,1229.3,285.0,6.0,21.7,217.0,653,356,2045.0,,36.4,45,40.9,0.0,0.0,975.3,13.8,143,0,1205.0
2026-06-11T15:00,214.2,1259.1,300.0,8.8,20.9,203.0,656,364,2001.0,,36.8,45,40.9,0.0,0.0,974.9,12.7,144,0,1160.0
2026-06-11T16:00,204.4,1147.4,330.0,12.9,20.6,182.0,666,334,1885.0,,36.8,45,40.7,0.0,0.0,974.5,10.1,141,0,1190.0
2026-06-11T17:00,330.6,1989.3,371.0,14.2,19.8,158.0,675,558,3340.0,,36.5,42,38.6,0.0,0.0,973.6,16.6,119,1,1030.0
2026-06-11T18:00,285.0,1587.0,435.0,15.8,19.7,145.0,719,451,2562.0,,35.3,45,37.6,0.0,0.0,973.9,15.9,117,0,860.0
2026-06-11T19:00,217.5,1069.2,510.0,17.9,19.5,128.0,750,313,1495.0,,34.1,49,36.4,0.0,0.0,974.4,16.6,103,0,750.0
2026-06-11T20:00,140.6,517.8,554.0,18.9,19.1,115.0,764,166,738.0,,32.7,52,35.1,0.0,0.0,975.1,15.9,102,0,655.0
2026-06-11T21:00,90.1,243.1,544.0,17.9,18.5,113.0,762,93,623.0,,32.0,54,34.4,0.0,0.0,976.7,15.8,88,2,785.0
2026-06-11T22:00,67.8,152.3,504.0,15.8,17.8,116.0,753,69,818.0,,31.1,58,33.1,0.0,0.0,977.5,19.8,92,0,910.0
2026-06-11T23:00,120.6,601.6,461.0,14.1,17.0,117.0,739,188,933.0,,27.4,75,30.7,0.0,0.0,978.4,13.6,35,3,450.0
2026-06-12T00:00,132.2,665.0,422.0,13.3,16.1,112.0,740,205,798.0,,26.6,78,29.1,0.0,0.0,979.2,18.8,49,3,665.0
2026-06-12T01:00,125.7,637.0,380.0,12.9,15.1,105.0,740,198,583.0,,26.0,83,28.9,0.0,0.0,978.6,17.0,53,3,650.0
2026-06-12T02:00,78.2,288.7,348.0,12.7,14.3,100.0,740,105,406.0,,25.9,81,29.0,0.1,0.1,978.5,13.4,59,51,560.0
2026-06-12T03:00,46.8,109.9,324.0,12.5,13.6,98.0,728,58,306.0,,24.6,89,27.3,2.7,2.7,979.0,17.1,93,63,470.0
2026-06-12T04:00,51.7,181.6,309.0,12.5,13.1,98.0,712,76,244.0,,24.2,92,26.7,1.5,1.5,978.2,19.6,104,61,600.0
2026-06-12T05:00,95.7,464.7,322.0,14.8,13.4,85.0,702,152,709.0,,23.6,93,27.7,0.0,0.0,979.7,7.3,351,3,680.0
2026-06-12T06:00,85.2,340.9,392.0,15.1,14.5,92.0,704,119,508.0,,23.3,93,25.6,2.4,2.4,980.4,18.3,97,61,575.0
2026-06-12T07:00,61.0,161.1,490.0,15.5,16.1,102.0,697,71,235.0,,24.1,88,26.7,0.4,0.4,981.1,15.6,102,51,610.0
2026-06-12T08:00,38.5,74.5,543.0,14.8,17.0,114.0,678,54,68.0,,25.7,79,28.0,0.0,0.0,981.4,16.6,111,0,640.0
2026-06-12T09:00,28.8,52.9,506.0,12.1,16.7,130.0,648,65,98.0,,27.4,73,29.9,0.0,0.0,981.6,16.0,111,0,800.0
2026-06-12T10:00,46.6,150.4,423.0,8.4,15.9,149.0,611,75,233.0,,29.0,66,32.3,0.0,0.0,981.5,16.0,114,0,905.0
2026-06-12T11:00,53.4,248.7,359.0,5.7,15.3,163.0,574,94,380.0,,30.4,60,34.3,0.0,0.0,981.8,15.4,120,0,1050.0
2026-06-12T12:00,70.3,304.5,331.0,4.7,15.1,168.0,540,109,525.0,,31.3,57,35.2,0.0,0.0,981.7,15.9,112,0,1230.0
2026-06-12T13:00,83.8,489.9,322.0,4.8,15.2,169.0,506,159,681.0,,31.7,55,36.0,0.0,0.0,981.2,13.6,119,0,1310.0
2026-06-12T14:00,86.1,491.7,339.0,6.0,16.1,168.0,477,159,795.0,,32.2,54,36.1,0.0,0.0,980.6,12.1,128,0,1410.0
2026-06-12T15:00,85.7,480.6,404.0,7.8,18.3,169.0,446,156,852.0,,32.2,54,35.4,0.0,0.0,979.9,10.1,129,0,1380.0
2026-06-12T16:00,87.3,488.0,496.0,10.7,21.3,169.0,414,158,866.0,,32.6,53,36.3,0.0,0.0,979.6,6.7,126,1,1530.0
2026-06-12T17:00,118.7,791.6,560.0,12.8,14.8,134.0,383,239,1327.0,,29.6,65,34.0,0.0,0.0,979.4,4.2,265,1,100.0
2026-06-12T18:00,114.6,588.6,564.0,23.1,18.2,112.0,320,185,1124.0,,25.5,87,29.2,0.8,0.8,979.9,12.3,55,53,135.0
2026-06-12T19:00,109.2,462.9,540.0,37.0,22.7,83.0,264,151,847.0,,26.1,86,31.4,0.2,0.2,979.3,3.2,322,51,85.0
2026-06-12T20:00,102.2,440.5,528.0,45.2,25.5,63.0,228,145,660.0,,26.6,82,30.9,0.0,0.0,980.1,8.8,75,0,135.0
2026-06-12T21:00,92.7,425.6,550.0,41.9,24.8,63.0,223,141,665.0,,26.8,78,30.9,0.0,0.0,980.8,7.9,106,0,160.0
2026-06-12T22:00,93.1,457.3,585.0,32.9,22.3,73.0,234,150,760.0,,26.8,77,30.7,0.0,0.0,980.9,8.4,100,0,165.0
2026-06-12T23:00,103.6,517.8,610.0,25.8,20.3,80.0,252,166,801.0,,26.2,78,29.8,0.0,0.0,981.8,8.8,175,3,175.0
2026-06-13T00:00,109.0,506.6,615.0,23.9,19.7,79.0,247,163,717.0,,25.9,80,30.2,0.0,0.0,981.5,4.5,203,3,100.0
2026-06-13T01:00,104.5,423.8,610.0,23.9,19.7,74.0,238,141,580.0,,25.8,82,30.1,0.0,0.0,980.5,5.4,130,3,85.0
2026-06-13T02:00,94.3,334.3,601.0,24.4,19.8,70.0,225,117,461.0,,25.4,84,29.6,0.5,0.5,979.5,6.9,120,53,90.0
2026-06-13T03:00,84.3,284.1,582.0,25.1,19.7,65.0,228,104,383.0,,25.3,85,29.9,0.2,0.2,979.4,4.0,240,51,75.0
2026-06-13T04:00,76.8,245.9,559.0,26.3,19.7,59.0,238,94,323.0,,25.2,86,29.9,0.0,0.0,980.7,4.0,3,3,75.0
2026-06-13T05:00,74.3,137.8,561.0,23.1,28.8,63.0,242,72,115.0,,25.0,83,28.5,0.0,0.0,981.3,8.3,276,3,295.0
2026-06-13T06:00,70.3,166.7,616.0,23.9,30.4,70.0,223,72,242.0,,24.8,84,28.7,0.0,0.0,981.7,6.7,261,1,265.0
2026-06-13T07:00,72.2,229.1,696.0,25.0,32.7,82.0,212,89,420.0,,25.8,80,29.9,0.0,0.0,982.2,5.3,237,3,290.0
2026-06-13T08:00,88.5,391.2,743.0,24.5,34.8,100.0,216,132,581.0,,26.5,75,30.9,0.0,0.0,982.2,1.8,217,3,265.0
2026-06-13T09:00,110.6,553.2,727.0,21.4,36.9,129.0,235,176,717.0,,27.3,70,31.3,0.0,0.0,982.0,3.7,79,2,295.0
2026-06-13T10:00,124.3,609.1,677.0,16.8,38.8,165.0,265,190,835.0,,28.6,64,32.0,0.0,0.0,982.0,6.3,77,2,510.0
2026-06-13T11:00,127.6,584.9,629.0,12.8,39.1,195.0,292,184,887.0,,30.5,55,34.6,0.0,0.0,982.1,3.0,76,3,520.0
2026-06-13T12:00,125.7,534.6,586.0,9.8,36.8,217.0,311,171,831.0,,31.0,55,34.8,0.0,0.0,981.8,3.6,357,0,680.0
2026-06-13T13:00,120.1,474.0,545.0,7.5,32.9,233.0,323,154,709.0,,32.3,51,38.4,0.0,0.0,981.4,2.5,8,0,1200.0
2026-06-13T14:00,112.2,421.9,523.0,6.5,29.3,240.0,322,160,600.0,,32.7,49,37.8,0.0,0.0,980.9,3.1,31,0,1165.0
2026-06-13T15:00,102.9,380.0,516.0,5.3,26.0,236.0,318,156,535.0,,33.0,47,37.3,0.0,0.0,980.3,2.0,5,0,1390.0
2026-06-13T16:00,95.2,339.0,529.0,5.5,23.1,223.0,313,143,483.0,,32.9,47,36.5,0.0,0.0,979.4,1.7,18,0,1385.0
2026-06-13T17:00,101.7,375.3,598.0,14.7,31.2,219.0,305,139,530.0,,33.7,43,37.0,0.0,0.0,979.3,2.1,149,0,55.0
2026-06-13T18:00,104.5,315.7,760.0,31.6,33.4,182.0,281,112,494.0,,32.4,54,36.4,0.0,0.0,978.9,5.4,92,0,80.0
2026-06-13T19:00,112.9,317.6,979.0,55.3,36.5,129.0,265,113,444.0,,30.3,66,35.3,0.0,0.0,978.9,4.0,93,0,90.0
2026-06-13T20:00,130.4,346.5,1174.0,75.7,39.1,84.0,256,120,412.0,,29.7,70,35.2,0.0,0.0,979.1,2.5,172,0,40.0
2026-06-13T21:00,145.8,366.9,1330.0,89.8,41.1,54.0,251,126,415.0,,29.3,73,35.2,0.0,0.0,979.5,0.5,135,0,15.0
2026-06-13T22:00,151.8,378.1,1463.0,100.6,42.7,32.0,247,129,436.0,,28.4,78,34.3,0.0,0.0,979.5,2.3,113,0,30.0
2026-06-13T23:00,158.3,394.9,1546.0,106.9,43.2,16.0,243,133,449.0,,28.6,72,33.3,0.0,0.0,979.2,4.6,225,0,60.0
2026-06-14T00:00,161.1,396.7,1565.0,106.9,42.0,8.0,235,134,448.0,,27.8,72,32.1,0.0,0.0,978.9,4.7,220,0,60.0
2026-06-14T01:00,156.9,382.8,1535.0,102.4,39.7,6.0,229,130,439.0,,27.2,71,31.1,0.0,0.0,978.6,5.2,209,0,60.0
2026-06-14T02:00,153.7,375.3,1469.0,97.5,37.5,5.0,226,128,419.0,,26.7,71,30.2,0.0,0.0,978.4,5.9,218,1,90.0
2026-06-14T03:00,151.3,362.3,1348.0,94.9,35.6,0.0,229,125,373.0,,26.3,73,29.8,0.0,0.0,978.5,5.5,229,0,85.0
2026-06-14T04:00,146.7,333.4,1192.0,91.9,33.9,0.0,233,117,316.0,,26.0,75,29.6,0.0,0.0,978.7,5.3,246,0,75.0
2026-06-14T05:00,127.1,353.0,1078.0,28.7,13.8,49.0,239,122,430.0,,26.8,82,32.0,0.0,0.0,979.0,3.3,279,2,45.0
2026-06-14T06:00,125.7,328.8,1065.0,25.5,16.3,62.0,251,116,451.0,,27.5,78,32.5,0.0,0.0,979.4,3.7,349,0,45.0
2026-06-14T07:00,109.7,337.1,1094.0,21.0,19.8,81.0,261,118,484.0,,28.6,76,34.2,0.0,0.0,979.8,2.7,28,0,140.0
2026-06-14T08:00,95.0,369.7,1069.0,16.8,22.8,103.0,267,127,531.0,,30.0,71,36.2,0.0,0.0,980.2,0.2,180,0,280.0
2026-06-14T09:00,100.8,427.5,933.0,13.4,25.5,134.0,266,142,616.0,,31.6,65,37.5,0.0,0.0,980.3,1.6,264,0,515.0
2026-06-14T10:00,116.2,516.0,743.0,10.2,27.6,168.0,259,166,716.0,,33.0,58,39.5,0.0,0.0,980.2,2.4,279,0,1020.0
2026-06-14T11:00,115.3,506.6,575.0,7.6,27.4,188.0,253,163,767.0,,34.8,45,40.4,0.0,0.0,979.7,2.7,266,0,1725.0
2026-06-14T12:00,91.0,405.1,448.0,5.4,22.7,184.0,248,136,721.0,,36.0,40,41.3,0.0,0.0,979.0,3.6,264,1,2030.0
2026-06-14T13:00,90.6,428.4,343.0,3.8,15.6,166.0,241,142,626.0,,36.8,36,41.1,0.0,0.0,978.1,6.5,270,0,2340.0
2026-06-14T14:00,84.8,367.9,284.0,3.2,10.4,149.0,238,126,561.0,,35.6,36,37.8,0.2,0.2,977.7,10.1,299,51,1450.0
2026-06-14T15:00,85.0,380.0,284.0,2.5,8.4,141.0,235,129,567.0,,35.3,36,37.1,0.0,0.0,977.0,8.6,296,2,570.0
2026-06-14T16:00,85.7,388.4,330.0,2.8,8.2,133.0,235,132,604.0,,34.7,40,36.5,0.1,0.1,976.9,10.8,298,51,1735.0
2026-06-14T17:00,78.9,362.3,406.0,8.8,12.0,131.0,238,125,564.0,,36.1,39,39.3,0.2,0.2,975.4,4.6,301,51,1660.0
2026-06-14T18:00,83.6,339.0,531.0,23.2,17.2,109.0,237,118,552.0,,35.1,44,38.8,0.0,0.0,975.5,4.9,336,0,50.0
2026-06-14T19:00,97.8,351.1,686.0,43.4,24.5,77.0,238,122,535.0,,33.2,56,38.7,0.0,0.0,975.9,1.0,149,0,15.0
2026-06-14T20:00,114.6,382.8,797.0,61.5,31.0,50.0,240,130,528.0,,32.1,62,37.7,0.0,0.0,976.5,3.0,65,0,50.0
2026-06-14T21:00,127.6,399.5,835.0,75.5,36.0,31.0,243,135,544.0,,30.5,70,36.1,0.0,0.0,977.1,4.6,103,0,75.0
2026-06-14T22:00,138.3,417.2,828.0,87.3,40.2,16.0,244,139,570.0,,29.8,74,35.8,0.0,0.0,977.7,3.4,137,0,50.0
2026-06-14T23:00,148.5,444.2,793.0,94.8,42.5,6.0,247,146,576.0,,30.0,70,34.7,0.0,0.0,977.8,8.9,204,2,195.0
2026-06-15T00:00,153.7,444.2,724.0,96.2,41.8,1.0,250,146,549.0,,29.5,51,31.1,0.0,0.0,977.7,10.1,243,3,310.0
2026-06-15T01:00,152.7,413.5,626.0,93.2,39.3,0.0,253,138,503.0,,29.1,52,30.5,0.0,0.0,977.5,10.3,247,3,420.0
2026-06-15T02:00,145.8,380.0,526.0,89.4,37.1,1.0,254,129,452.0,,28.6,54,30.4,0.0,0.0,977.4,9.0,250,3,335.0
2026-06-15T03:00,140.6,354.8,407.0,86.1,35.7,0.0,255,123,391.0,,28.1,56,30.1,0.0,0.0,977.2,7.8,265,3,240.0
2026-06-15T04:00,136.0,317.6,286.0,82.0,34.7,0.0,254,113,325.0,,27.8,58,29.9,0.0,0.0,977.7,7.4,267,0,195.0
2026-06-15T05:00,88.7,294.3,238.0,30.6,13.1,45.0,253,106,397.0,,27.5,62,30.1,0.0,0.0,978.2,7.1,291,2,165.0
2026-06-15T06:00,85.4,255.2,339.0,26.9,13.6,54.0,250,96,378.0,,28.0,63,31.0,0.0,0.0,978.8,5.9,288,3,150.0
2026-06-15T07:00,88.2,312.0,513.0,21.8,14.3,68.0,245,111,355.0,,29.2,60,32.4,0.0,0.0,979.7,7.2,283,1,310.0
2026-06-15T08:00,78.0,258.0,612.0,16.9,15.2,86.0,244,97,349.0,,30.8,54,33.7,0.0,0.0,980.1,8.1,287,1,545.0
2026-06-15T09:00,79.2,298.0,553.0,12.7,16.7,111.0,237,107,383.0,,32.6,46,35.1,0.0,0.0,980.2,8.4,313,0,795.0
2026-06-15T10:00,83.1,324.1,419.0,8.8,18.4,139.0,230,114,436.0,,34.3,43,37.7,0.0,0.0,980.5,7.9,313,0,1320.0
2026-06-15T11:00,83.4,321.3,309.0,6.0,19.2,160.0,218,114,466.0,,35.1,40,38.6,0.0,0.0,979.5,9.8,311,0,1575.0
2026-06-15T12:00,79.2,300.8,243.0,4.5,18.2,168.0,207,108,442.0,,35.7,38,39.5,0.0,0.0,979.1,10.6,313,0,1855.0
2026-06-15T13:00,75.4,272.9,202.0,4.0,16.2,169.0,201,101,396.0,,36.3,36,39.7,0.0,0.0,978.6,10.1,305,1,2225.0
2026-06-15T14:00,73.6,267.3,224.0,4.3,14.6,166.0,197,99,382.0,,34.6,39,36.0,0.0,0.0,978.7,18.8,297,3,1995.0
2026-06-15T15:00,73.8,276.6,341.0,4.7,13.7,161.0,195,102,440.0,,30.5,55,33.2,0.8,0.8,979.3,9.7,309,53,495.0
2026-06-15T16:00,78.9,333.4,522.0,5.9,13.1,152.0,193,117,531.0,,31.6,53,34.9,0.5,0.5,977.8,6.4,310,53,620.0
2026-06-15T17:00,136.0,871.7,710.0,10.6,11.0,108.0,192,260,1464.0,,29.4,62,33.1,0.0,0.0,977.3,5.9,259,3,340.0
2026-06-15T18:00,140.2,815.8,914.0,19.1,13.6,90.0,207,246,1347.0,,29.7,62,33.7,0.0,0.0,977.5,5.4,358,3,320.0
2026-06-15T19:00,145.8,760.0,1125.0,31.2,17.3,66.0,235,231,1187.0,,29.1,59,32.2,0.0,0.0,978.3,5.4,360,0,170.0
2026-06-15T20:00,152.7,704.1,1257.0,43.3,21.1,44.0,259,216,1085.0,,28.7,62,32.4,0.0,0.0,979.0,2.9,330,0,95.0
2026-06-15T21:00,161.6,737.6,1271.0,55.0,24.8,29.0,278,225,1095.0,,28.6,63,32.7,0.0,0.0,979.6,0.8,243,3,20.0
2026-06-15T22:00,174.2,802.8,1205.0,66.7,28.6,17.0,298,242,1162.0,,27.4,66,30.8,0.0,0.0,980.0,4.0,201,1,40.0
2026-06-15T23:00,183.9,806.5,1089.0,75.3,32.0,8.0,319,243,1218.0,,26.5,65,28.8,0.0,0.0,980.0,8.4,214,0,95.0
2026-06-16T00:00,192.3,827.0,897.0,79.3,34.8,3.0,338,249,1241.0,,26.1,67,28.9,0.0,0.0,979.5,5.6,230,0,65.0
2026-06-16T01:00,195.1,823.3,655.0,80.2,37.3,1.0,358,248,1253.0,,25.8,71,29.2,0.0,0.0,979.3,4.3,228,0,50.0
2026-06-16T02:00,197.4,841.9,465.0,79.8,39.2,0.0,379,253,1254.0,,25.5,75,29.2,0.0,0.0,978.8,3.3,216,0,35.0
2026-06-16T03:00,199.8,843.8,363.0,79.2,40.2,0.0,402,253,1249.0,,25.2,78,28.9,0.0,0.0,979.0,3.8,262,1,40.0
2026-06-16T04:00,200.7,847.5,313.0,77.4,40.8,0.0,423,254,1233.0,,25.4,76,29.0,0.0,0.0,979.2,4.5,284,1,50.0
2026-06-16T05:00,145.3,523.4,309.0,41.8,23.9,18.0,445,168,728.0,,25.7,74,29.8,0.1,0.1,978.7,1.3,286,51,20.0
2026-06-16T06:00,144.8,448.0,386.0,37.5,26.4,34.0,454,147,749.0,,26.4,71,30.3,0.0,0.0,979.8,1.9,343,1,15.0
2026-06-16T07:00,143.9,538.3,510.0,31.4,29.7,56.0,462,172,779.0,,27.8,66,29.5,0.0,0.0,981.7,17.5,253,3,530.0
2026-06-16T08:00,130.4,542.0,573.0,25.2,30.7,79.0,472,173,798.0,,28.1,65,31.5,0.0,0.0,981.5,6.5,267,3,190.0
2026-06-16T09:00,113.6,542.0,507.0,18.9,27.4,102.0,484,173,806.0,,29.6,58,32.1,0.0,0.0,982.2,10.5,257,3,400.0
2026-06-16T10:00,101.3,521.5,380.0,12.4,22.0,126.0,494,167,805.0,,29.8,55,32.1,0.0,0.0,982.6,9.4,266,3,405.0
2026-06-16T11:00,94.5,491.7,289.0,7.6,17.6,145.0,502,159,781.0,,26.6,75,30.4,0.0,0.0,982.7,10.7,258,3,195.0
2026-06-16T12:00,91.5,467.5,279.0,5.1,15.7,157.0,509,153,718.0,,27.7,65,30.7,0.5,0.5,982.0,7.2,284,53,230.0
2026-06-16T13:00,85.4,412.6,306.0,4.3,14.8,164.0,516,138,634.0,,29.4,53,32.1,0.0,0.0,981.3,3.8,197,3,280.0
2026-06-16T14:00,80.6,367.9,335.0,4.7,14.4,165.0,522,126,566.0,,29.2,54,31.7,0.0,0.0,980.2,5.2,229,3,220.0
2026-06-16T15:00,79.6,355.8,299.0,6.1,13.9,160.0,526,123,534.0,,31.0,51,33.8,0.0,0.0,980.0,5.8,265,0,240.0
2026-06-16T16:00,78.9,358.6,265.0,8.6,13.9,150.0,529,124,520.0,,32.3,44,34.8,0.0,0.0,979.3,4.5,310,0,365.0
2026-06-16T17:00,50.6,203.5,395.0,10.4,16.5,152.0,530,82,299.0,,32.0,50,34.8,0.0,0.0,979.3,8.1,271,3,625.0
2026-06-16T18:00,53.4,190.5,871.0,25.0,19.3,125.0,503,79,281.0,,31.1,55,34.1,0.0,0.0,979.6,9.5,279,3,630.0
2026-06-16T19:00,63.8,182.5,1511.0,45.7,23.5,87.0,477,77,257.0,,29.6,62,33.2,0.0,0.0,979.7,6.9,287,2,305.0
2026-06-16T20:00,78.0,202.6,1933.0,65.5,28.8,54.0,453,82,241.0,,28.6,69,33.0,0.0,0.0,979.6,4.1,283,1,135.0
2026-06-16T21:00,91.0,224.9,1918.0,84.0,36.7,31.0,432,88,238.0,,28.3,71,32.8,0.0,0.0,980.2,3.8,315,2,105.0
2026-06-16T22:00,104.8,239.3,1684.0,101.6,45.8,14.0,410,92,244.0,,28.0,72,32.7,0.0,0.0,980.7,3.6,307,2,80.0
2026-06-16T23:00,115.9,249.6,1506.0,113.0,51.7,2.0,383,95,255.0,,27.3,69,30.4,0.0,0.0,981.1,9.0,244,3,165.0
2026-06-17T00:00,120.6,253.3,1491.0,114.9,52.2,0.0,354,96,266.0,,26.6,70,29.9,0.0,0.0,980.6,6.2,263,3,135.0
2026-06-17T01:00,117.8,258.0,1530.0,110.6,49.6,0.0,325,97,283.0,,26.1,73,29.7,0.0,0.0,980.2,4.4,282,0,95.0
2026-06-17T02:00,114.3,283.1,1575.0,104.4,46.1,0.0,294,103,325.0,,25.5,75,28.7,0.0,0.0,980.3,6.1,251,0,145.0
2026-06-17T03:00,115.3,327.8,1643.0,97.3,41.8,0.0,261,115,402.0,,25.0,77,28.2,0.0,0.0,980.5,5.9,258,0,125.0
2026-06-17T04:00,120.1,380.9,1715.0,88.3,36.6,0.0,230,130,503.0,,24.7,77,27.8,0.0,0.0,980.6,7.1,277,0,140.0
2026-06-17T05:00,95.5,497.3,1691.0,39.9,24.0,38.0,203,161,772.0,,25.2,79,28.8,0.0,0.0,980.8,6.6,261,0,115.0
2026-06-17T06:00,94.8,441.4,1490.0,35.4,23.2,49.0,201,146,818.0,,25.8,76,29.5,0.0,0.0,981.5,5.8,286,0,145.0
2026-06-17T07:00,100.1,495.5,1192.0,28.9,22.1,65.0,201,160,883.0,,27.1,72,31.2,0.0,0.0,981.9,3.6,297,0,185.0
2026-06-17T08:00,107.6,594.2,934.0,23.0,21.8,83.0,199,186,947.0,,28.9,64,33.0,0.0,0.0,982.0,3.4,313,0,320.0
2026-06-17T09:00,112.2,657.5,763.0,18.2,23.4,105.0,201,203,1014.0,,30.7,56,34.6,0.0,0.0,981.9,2.6,309,0,660.0
2026-06-17T10:00,118.3,692.9,632.0,13.9,25.8,129.0,208,213,1080.0,,32.2,50,36.9,0.0,0.0,981.9,2.0,275,0,905.0
2026-06-17T11:00,120.6,689.2,536.0,10.4,26.8,150.0,218,212,1114.0,,33.9,41,38.4,0.0,0.0,981.8,2.5,278,0,1285.0
2026-06-17T12:00,121.5,670.6,484.0,7.7,25.2,166.0,230,207,1101.0,,35.3,36,39.8,0.0,0.0,981.2,2.8,281,0,1630.0
2026-06-17T13:00,118.3,644.5,468.0,5.9,22.3,178.0,242,200,1058.0,,36.4,32,40.4,0.0,0.0,980.4,3.8,275,0,2140.0
2026-06-17T14:00,114.3,620.3,453.0,5.5,19.7,182.0,256,193,999.0,,37.0,30,40.0,0.0,0.0,979.6,5.6,264,0,2410.0
2026-06-17T15:00,109.7,594.2,423.0,5.9,17.7,177.0,271,186,922.0,,37.3,29,38.6,0.0,0.0,978.8,8.5,270,0,2470.0
2026-06-17T16:00,103.8,560.7,396.0,7.7,16.1,165.0,285,178,830.0,,36.9,29,37.4,0.0,0.0,977.9,10.2,280,0,2320.0
2026-06-17T17:00,77.5,416.3,389.0,10.7,13.6,140.0,297,139,672.0,,36.1,36,37.5,0.0,0.0,977.4,11.6,289,0,1600.0
2026-06-17T18:00,79.9,385.6,394.0,22.0,15.6,117.0,309,131,636.0,,35.4,38,37.2,0.0,0.0,977.5,10.7,292,0,1360.0
2026-06-17T19:00,88.2,395.8,420.0,38.0,18.5,85.0,319,134,587.0,,34.5,41,36.9,0.0,0.0,977.6,6.8,287,0,895.0
2026-06-17T20:00,99.2,381.8,513.0,53.4,22.1,57.0,330,130,556.0,,33.8,45,37.1,0.0,0.0,978.2,4.3,292,0,335.0
2026-06-17T21:00,109.4,380.0,728.0,67.5,26.7,37.0,339,129,557.0,,33.3,51,37.7,0.0,0.0,978.8,2.8,288,0,80.0
2026-06-17T22:00,122.5,409.8,1010.0,80.9,31.9,21.0,347,137,576.0,,32.9,54,37.8,0.0,0.0,979.4,2.1,308,0,45.0
2026-06-17T23:00,133.6,439.6,1234.0,91.0,36.2,9.0,356,145,597.0,,32.4,52,36.1,0.0,0.0,979.9,5.4,278,0,220.0
2026-06-18T00:00,142.5,461.9,1374.0,96.0,38.9,3.0,366,151,618.0,,31.6,55,35.5,0.0,0.0,980.0,5.1,280,0,215.0
2026-06-18T01:00,150.4,480.6,1457.0,97.5,40.8,1.0,377,156,642.0,,31.2,56,34.9,0.0,0.0,979.7,5.6,274,0,195.0
2026-06-18T02:00,156.5,497.3,1438.0,97.8,42.3,1.0,389,161,660.0,,30.6,59,34.8,0.0,0.0,979.3,3.7,309,0,180.0
2026-06-18T03:00,161.1,508.5,1235.0,98.3,43.4,0.0,400,164,672.0,,30.3,61,34.9,0.0,0.0,979.4,2.1,20,0,155.0
2026-06-18T04:00,164.4,512.2,931.0,97.5,44.1,0.0,407,165,677.0,,29.8,64,34.6,0.0,0.0,979.1,1.3,106,0,45.0
2026-06-18T05:00,85.0,223.1,727.0,48.8,24.9,22.0,413,87,264.0,,29.5,69,34.6,0.0,0.0,979.1,3.0,287,0,105.0
2026-06-18T06:00,89.6,213.7,755.0,44.5,28.3,40.0,401,85,307.0,,30.1,63,34.6,0.0,0.0,979.3,4.2,280,0,115.0
2026-06-18T07:00,89.9,221.2,883.0,38.3,32.8,65.0,390,87,364.0,,31.6,57,36.0,0.0,0.0,980.0,4.2,280,0,225.0
2026-06-18T08:00,90.1,289.6,923.0,31.2,34.6,92.0,376,105,386.0,,33.7,48,37.6,0.0,0.0,980.4,3.9,292,0,935.0
2026-06-18T09:00,88.2,300.8,760.0,22.4,31.1,123.0,360,108,335.0,,35.6,39,38.2,0.0,0.0,980.7,5.8,309,0,1875.0
2026-06-18T10:00,72.6,217.9,509.0,12.7,24.9,155.0,341,86,249.0,,36.8,35,39.8,0.0,0.0,980.6,6.9,301,0,2170.0
2026-06-18T11:00,58.4,158.8,320.0,5.6,19.7,178.0,316,98,190.0,,38.0,31,41.0,0.0,0.0,980.7,8.3,286,0,2550.0
2026-06-18T12:00,62.2,204.4,261.0,3.0,16.8,185.0,287,105,187.0,,38.9,28,41.8,0.0,0.0,980.0,8.8,281,0,2685.0
2026-06-18T13:00,59.5,204.4,264.0,3.0,14.9,181.0,259,101,212.0,,39.4,26,41.4,0.0,0.0,979.4,12.1,282,1,2760.0
2026-06-18T14:00,56.1,182.1,278.0,4.0,13.5,175.0,233,95,245.0,,39.0,28,40.4,0.0,0.0,978.4,13.2,285,0,2615.0
2026-06-18T15:00,61.9,249.6,289.0,5.2,12.5,168.0,207,95,278.0,,38.6,29,39.7,0.0,0.0,977.7,13.1,282,0,2300.0
2026-06-18T16:00,60.3,231.4,310.0,7.3,12.0,158.0,195,90,319.0,,37.9,30,38.2,0.1,0.1,977.4,15.3,292,51,2240.0
2026-06-18T17:00,56.7,246.8,328.0,10.3,10.8,138.0,188,94,377.0,,38.6,25,38.5,0.0,0.0,976.2,12.5,293,0,2200.0
2026-06-18T18:00,64.5,291.5,335.0,16.8,12.3,121.0,185,106,441.0,,37.5,27,37.4,0.0,0.0,976.5,13.0,299,0,1745.0
2026-06-18T19:00,77.1,366.9,340.0,25.8,14.4,97.0,183,126,529.0,,36.1,30,36.1,0.0,0.0,977.4,12.6,296,0,885.0
2026-06-18T20:00,86.8,382.8,352.0,33.3,16.5,77.0,182,130,586.0,,35.3,32,35.9,0.0,0.0,978.0,11.0,295,2,690.0
2026-06-18T21:00,93.6,382.8,386.0,37.4,18.4,65.0,182,130,587.0,,34.9,34,35.8,0.0,0.0,978.7,9.5,295,3,620.0
2026-06-18T22:00,99.9,379.0,427.0,39.9,20.3,57.0,182,129,559.0,,33.9,38,34.9,0.0,0.0,979.4,11.8,293,3,510.0
2026-06-18T23:00,105.2,372.5,445.0,42.8,21.9,50.0,182,127,524.0,,32.4,42,33.7,0.0,0.0,979.2,10.1,280,3,530.0
2026-06-19T00:00,108.0,353.9,418.0,46.7,22.7,42.0,180,122,486.0,,31.7,44,32.9,0.0,0.0,979.3,10.6,288,3,485.0
2026-06-19T01:00,110.1,334.3,368.0,50.8,23.2,35.0,178,117,443.0,,31.4,44,33.0,0.0,0.0,979.1,8.3,297,3,455.0
2026-06-19T02:00,112.9,324.1,330.0,55.2,24.6,29.0,175,114,409.0,,31.1,45,32.3,0.0,0.0,978.7,10.9,287,1,575.0
2026-06-19T03:00,117.3,325.0,312.0,61.5,27.7,20.0,173,115,395.0,,30.3,47,31.3,0.0,0.0,979.1,11.5,292,2,535.0
2026-06-19T04:00,122.5,328.8,306.0,68.1,31.8,11.0,172,116,390.0,,29.6,49,31.2,0.0,0.0,979.0,7.6,295,2,375.0
2026-06-19T05:00,142.0,687.3,325.0,20.1,12.4,47.0,171,211,1061.0,,28.2,61,30.9,0.0,0.0,979.0,7.5,278,0,385.0
2026-06-19T06:00,154.1,722.7,393.0,20.5,14.5,50.0,174,221,1072.0,,28.2,60,30.6,0.0,0.0,979.6,8.6,260,0,365.0
2026-06-19T07:00,156.9,715.3,485.0,20.8,17.5,56.0,184,219,1083.0,,29.2,56,32.0,0.0,0.0,979.6,5.4,291,0,320.0
2026-06-19T08:00,152.7,694.8,539.0,19.8,20.0,71.0,194,213,1061.0,,31.2,49,34.4,0.0,0.0,979.8,1.9,304,1,415.0
2026-06-19T09:00,141.1,601.6,522.0,16.1,21.8,105.0,208,188,971.0,,33.0,45,36.2,0.0,0.0,980.0,2.9,277,1,645.0
2026-06-19T10:00,133.2,542.0,467.0,11.1,23.0,149.0,226,173,848.0,,34.9,40,38.3,0.0,0.0,980.2,4.4,277,0,1125.0
2026-06-19T11:00,126.2,514.1,414.0,7.1,23.0,181.0,245,165,763.0,,37.2,34,40.8,0.0,0.0,980.3,7.5,281,1,2135.0
2026-06-19T12:00,133.6,620.3,374.0,5.1,21.0,192.0,267,193,765.0,,37.8,32,40.8,0.0,0.0,979.9,11.1,278,0,2420.0
2026-06-19T13:00,129.9,597.9,336.0,4.2,17.7,191.0,291,187,804.0,,38.1,32,40.7,0.0,0.0,979.5,12.8,273,0,2485.0
2026-06-19T14:00,117.1,523.4,311.0,4.4,14.9,184.0,313,168,806.0,,38.1,32,40.4,0.0,0.0,979.0,13.3,271,0,2410.0
2026-06-19T15:00,102.0,443.3,307.0,5.4,13.1,172.0,331,146,714.0,,37.8,33,39.6,0.0,0.0,978.5,12.5,275,0,2220.0
2026-06-19T16:00,91.7,396.7,317.0,7.5,11.7,155.0,341,134,584.0,,37.5,34,39.1,0.0,0.0,977.7,11.5,284,0,2000.0
2026-06-19T17:00,118.7,657.5,326.0,9.8,10.2,133.0,349,203,1071.0,,37.8,28,38.1,0.0,0.0,977.7,12.6,275,1,2010.0
2026-06-19T18:00,136.0,791.6,327.0,12.8,10.7,119.0,371,239,1251.0,,36.9,31,37.3,0.0,0.0,977.8,13.5,293,0,1805.0
2026-06-19T19:00,155.5,925.7,329.0,17.2,11.4,99.0,397,275,1496.0,,36.1,33,36.8,0.0,0.0,978.2,12.7,303,0,1695.0
2026-06-19T20:00,169.0,1009.6,342.0,21.6,12.3,81.0,421,297,1661.0,,35.5,36,36.9,0.0,0.0,978.9,10.4,306,0,1690.0
2026-06-19T21:00,178.8,1028.2,381.0,26.3,13.7,68.0,447,302,1681.0,,34.9,38,36.8,0.0,0.0,979.9,8.0,312,0,1205.0
2026-06-19T22:00,184.4,1013.3,431.0,31.0,15.4,57.0,474,298,1622.0,,34.3,40,36.4,0.0,0.0,980.4,7.3,314,0,690.0
2026-06-19T23:00,182.5,961.1,464.0,34.0,16.5,50.0,500,284,1533.0,,33.4,44,35.7,0.0,0.0,980.3,8.5,276,0,610.0
2026-06-20T00:00,177.4,899.7,459.0,33.9,16.6,48.0,525,268,1424.0,,32.6,46,35.0,0.0,0.0,979.9,8.0,284,0,525.0
2026-06-20T01:00,170.0,819.6,437.0,32.0,16.2,49.0,547,247,1286.0,,32.2,46,34.5,0.0,0.0,979.5,8.0,286,1,460.0
2026-06-20T02:00,161.6,745.1,427.0,30.3,15.9,51.0,568,227,1142.0,,31.7,46,33.8,0.0,0.0,979.3,7.7,291,0,375.0
2026-06-20T03:00,153.2,661.2,446.0,29.8,16.0,49.0,585,204,993.0,,31.2,47,33.3,0.0,0.0,978.9,6.4,288,1,290.0
2026-06-20T04:00,145.3,575.6,476.0,29.5,16.3,48.0,599,181,838.0,,30.7,48,33.0,0.0,0.0,979.0,5.9,281,0,230.0
2026-06-20T05:00,152.3,583.0,499.0,21.1,15.3,71.0,609,183,836.0,,30.8,53,33.7,0.0,0.0,978.8,6.1,282,1,235.0
2026-06-20T06:00,149.5,536.4,513.0,20.3,16.8,85.0,605,171,787.0,,31.0,53,34.2,0.0,0.0,979.5,5.0,272,0,240.0
2026-06-20T07:00,144.8,527.1,518.0,19.1,18.8,104.0,597,169,718.0,,32.3,49,35.5,0.0,0.0,979.9,5.8,292,0,515.0
2026-06-20T08:00,122.9,457.3,497.0,16.9,19.6,123.0,590,150,653.0,,34.2,43,36.7,0.0,0.0,980.6,8.9,291,0,1515.0
2026-06-20T09:00,98.0,387.4,425.0,12.7,18.2,141.0,580,131,589.0,,35.3,40,36.7,0.1,0.1,980.9,14.9,287,51,1790.0
2026-06-20T10:00,93.6,461.0,325.0,7.6,15.6,159.0,571,151,529.0,,36.1,38,38.1,0.1,0.1,981.1,13.9,289,51,1960.0
2026-06-20T11:00,76.1,337.1,254.0,3.9,13.5,170.0,567,118,513.0,,36.3,39,39.3,0.0,0.0,980.6,14.3,288,0,2095.0
2026-06-20T12:00,89.9,501.1,237.0,2.6,12.4,170.0,560,162,569.0,,37.1,36,40.2,0.0,0.0,980.2,13.9,287,0,2205.0
2026-06-20T13:00,77.3,383.7,248.0,2.7,11.6,163.0,555,130,669.0,,37.6,34,40.7,0.0,0.0,979.5,13.2,287,0,2325.0
2026-06-20T14:00,84.5,465.7,262.0,3.6,11.1,154.0,546,152,762.0,,38.1,32,40.5,0.0,0.0,978.9,13.3,295,1,2405.0
2026-06-20T15:00,83.6,467.5,272.0,4.8,10.6,146.0,544,153,823.0,,38.1,31,39.6,0.0,0.0,978.2,12.8,296,1,2380.0
2026-06-20T16:00,87.8,491.7,285.0,6.7,10.2,137.0,545,159,878.0,,37.8,32,39.0,0.0,0.0,977.6,12.5,290,1,2310.0
2026-06-20T17:00,83.4,461.9,298.0,10.7,10.7,125.0,549,151,757.0,,33.8,46,37.8,0.0,0.0,978.1,0.6,108,3,305.0
2026-06-20T18:00,85.4,444.2,307.0,15.9,11.9,111.0,540,146,766.0,,34.5,42,37.1,0.3,0.3,977.5,7.4,225,51,210.0
2026-06-20T19:00,93.1,458.2,316.0,23.3,13.5,90.0,526,150,778.0,,34.8,41,37.6,0.0,0.0,977.7,5.9,239,0,190.0
2026-06-20T20:00,107.8,508.5,333.0,30.1,15.0,72.0,507,164,793.0,,35.0,40,37.4,0.0,0.0,978.0,7.0,271,0,320.0
2026-06-20T21:00,122.0,549.5,374.0,35.7,16.3,59.0,486,175,814.0,,34.9,38,36.8,0.0,0.0,978.8,7.3,263,0,280.0
2026-06-20T22:00,134.1,573.7,423.0,40.7,17.4,48.0,466,181,837.0,,34.1,41,35.9,0.0,0.0,979.3,9.9,249,0,360.0
2026-06-20T23:00,142.5,575.6,447.0,43.8,17.8,39.0,447,181,851.0,,33.4,43,35.1,0.0,0.0,979.1,11.3,248,0,380.0
2026-06-21T00:00,146.7,568.1,423.0,44.0,16.8,34.0,431,179,853.0,,32.8,42,34.2,0.0,0.0,978.8,10.0,262,0,405.0
2026-06-21T01:00,150.4,571.8,373.0,42.4,15.1,31.0,418,180,847.0,,32.1,43,33.7,0.0,0.0,978.5,8.2,262,0,325.0
2026-06-21T02:00,152.3,577.4,330.0,40.2,13.8,29.0,407,182,832.0,,31.4,45,33.2,0.0,0.0,978.3,7.8,262,3,245.0
2026-06-21T03:00,152.3,577.4,304.0,38.2,13.3,27.0,400,182,804.0,,31.0,47,33.0,0.0,0.0,978.1,7.6,266,1,230.0
2026-06-21T04:00,149.9,556.9,285.0,35.6,13.3,26.0,396,177,766.0,,30.7,48,32.8,0.0,0.0,978.1,7.2,264,0,235.0
2026-06-21T05:00,130.4,584.9,275.0,15.6,9.1,53.0,395,184,887.0,,30.1,51,32.2,0.0,0.0,978.5,8.1,274,3,395.0
2026-06-21T06:00,130.4,575.6,282.0,15.2,9.9,53.0,395,181,938.0,,30.6,51,33.2,0.0,0.0,979.1,5.9,297,2,380.0
2026-06-21T07:00,129.9,597.9,298.0,14.4,11.0,54.0,397,187,1010.0,,31.3,48,33.5,0.0,0.0,979.5,8.3,270,3,415.0
2026-06-21T08:00,132.7,685.5,301.0,13.0,12.0,63.0,401,211,1084.0,,31.7,47,33.7,0.0,0.0,979.6,9.6,287,3,490.0
2026-06-21T09:00,130.4,720.8,275.0,10.2,12.9,86.0,410,220,1162.0,,32.1,47,34.5,0.0,0.0,979.6,8.0,279,3,505.0
2026-06-21T10:00,129.0,741.3,235.0,6.8,13.6,116.0,424,226,1241.0,,34.4,43,36.9,0.0,0.0,979.6,8.4,280,0,915.0
2026-06-21T11:00,132.7,784.2,206.0,4.2,13.9,139.0,436,237,1295.0,,33.9,43,37.3,0.0,0.0,979.4,10.0,278,3,995.0
2026-06-21T12:00,118.3,666.8,201.0,3.0,13.4,151.0,454,206,1308.0,,35.0,39,37.0,0.0,0.0,979.0,8.8,282,3,1570.0
2026-06-21T13:00,120.6,724.6,208.0,2.7,12.4,156.0,461,221,1294.0,,36.4,34,38.1,0.0,0.0,978.0,8.6,271,2,1910.0
2026-06-21T14:00,120.6,756.2,213.0,3.1,11.5,156.0,475,230,1274.0,,37.3,31,38.4,0.0,0.0,977.2,10.4,270,1,2110.0
2026-06-21T15:00,116.9,758.1,211.0,3.8,10.7,150.0,488,230,1251.0,,38.1,29,39.3,0.0,0.0,976.4,10.7,275,0,2245.0
2026-06-21T16:00,114.6,719.0,207.0,5.2,10.0,139.0,500,220,1220.0,,38.1,29,38.9,0.0,0.0,976.2,10.5,278,0,2495.0
2026-06-21T17:00,82.0,495.5,207.0,10.3,10.3,120.0,509,160,831.0,,38.5,28,39.4,0.0,0.0,975.1,9.9,251,0,2445.0
2026-06-21T18:00,82.9,482.4,214.0,16.8,11.9,103.0,510,157,775.0,,37.6,29,38.1,0.0,0.0,975.3,11.8,264,0,2105.0
2026-06-21T19:00,85.7,452.6,225.0,25.7,14.0,79.0,512,149,703.0,,36.9,30,37.6,0.0,0.0,976.2,10.6,270,0,1700.0
2026-06-21T20:00,91.5,440.5,239.0,31.8,15.3,61.0,512,145,692.0,,35.9,33,36.6,0.0,0.0,977.0,12.2,261,0,710.0
2026-06-21T21:00,109.2,549.5,264.0,32.3,15.2,53.0,509,175,816.0,,35.1,33,35.4,0.0,0.0,977.8,13.0,273,0,845.0
2026-06-21T22:00,132.2,676.1,292.0,30.1,14.2,50.0,509,208,1001.0,,34.3,34,34.8,0.0,0.0,978.3,11.0,284,0,650.0
2026-06-21T23:00,143.9,702.2,303.0,28.1,13.3,48.0,513,215,1101.0,,33.3,36,34.3,0.0,0.0,978.1,8.1,288,3,505.0
2026-06-22T00:00,145.3,659.4,276.0,27.5,12.5,44.0,519,204,1039.0,,32.7,37,33.8,0.0,0.0,978.1,6.6,305,1,395.0
2026-06-22T01:00,139.2,590.5,231.0,27.2,11.7,41.0,522,185,893.0,,32.1,40,33.3,0.0,0.0,977.9,7.6,317,0,445.0
2026-06-22T02:00,128.5,508.5,209.0,27.3,11.2,38.0,523,164,744.0,,31.3,45,32.6,0.0,0.0,978.1,9.8,332,0,560.0
2026-06-22T03:00,115.7,426.5,229.0,28.4,11.1,32.0,520,142,611.0,,30.5,48,32.7,0.0,0.0,977.9,5.7,332,1,415.0
2026-06-22T04:00,103.4,353.0,272.0,29.8,11.2,26.0,514,122,476.0,,30.1,50,32.8,0.0,0.0,977.8,3.4,267,1,230.0
2026-06-22T05:00,128.1,622.1,314.0,20.5,11.3,45.0,505,194,960.0,,28.6,59,30.9,0.0,0.0,978.5,9.8,264,1,330.0
2026-06-22T06:00,121.5,556.9,357.0,20.0,12.7,49.0,507,177,992.0,,28.5,59,30.5,0.0,0.0,979.2,11.7,260,1,430.0
2026-06-22T07:00,122.0,566.2,399.0,19.2,14.6,56.0,506,179,1034.0,,29.7,52,31.4,0.0,0.0,979.7,10.4,262,3,455.0
2026-06-22T08:00,135.5,678.0,414.0,17.5,16.2,71.0,505,209,1058.0,,31.0,46,32.9,0.0,0.0,979.7,7.0,271,3,440.0
2026-06-22T09:00,144.4,711.5,381.0,14.0,17.4,103.0,505,218,1045.0,,31.3,44,32.8,0.0,0.0,980.0,8.3,286,3,500.0
2026-06-22T10:00,140.2,665.0,320.0,9.6,18.3,144.0,504,205,1013.0,,31.7,43,32.4,0.0,0.0,980.4,14.2,292,3,945.0
2026-06-22T11:00,131.3,633.3,271.0,6.2,18.1,171.0,501,197,991.0,,35.3,34,35.8,0.0,0.0,980.0,14.8,302,1,1385.0
2026-06-22T12:00,115.9,599.8,247.0,4.5,16.0,174.0,495,188,988.0,,36.6,32,38.8,0.0,0.0,979.0,11.5,320,3,1690.0
2026-06-22T13:00,102.4,568.1,235.0,3.7,12.9,165.0,492,179,994.0,,35.8,34,36.9,0.0,0.0,978.3,11.2,307,1,1760.0
2026-06-22T14:00,98.7,603.5,230.0,4.0,10.6,154.0,485,189,1009.0,,36.3,33,37.6,0.1,0.1,978.0,14.1,291,51,1995.0
2026-06-22T15:00,101.3,657.5,233.0,5.3,9.8,147.0,479,203,1022.0,,35.7,35,37.1,0.1,0.1,977.5,11.7,301,51,1740.0
2026-06-22T16:00,109.0,728.3,244.0,7.7,9.8,139.0,475,222,1044.0,,35.4,37,36.8,0.2,0.2,977.2,11.1,300,51,1870.0
2026-06-22T17:00,80.1,484.3,257.0,11.3,11.0,128.0,475,157,802.0,,36.7,29,36.6,0.0,0.0,976.5,13.8,303,1,2340.0
2026-06-22T18:00,79.9,437.7,270.0,15.9,12.7,115.0,475,145,737.0,,35.8,30,35.8,0.0,0.0,976.4,11.8,291,1,1785.0
2026-06-22T19:00,80.1,430.3,285.0,22.4,15.1,96.0,473,143,646.0,,35.0,32,35.5,0.0,0.0,976.7,9.7,268,3,1245.0
2026-06-22T20:00,72.6,359.5,305.0,27.8,16.8,80.0,472,124,563.0,,34.4,35,35.3,0.0,0.0,977.2,10.3,263,1,820.0
2026-06-22T21:00,65.2,312.9,338.0,31.1,17.3,69.0,469,111,503.0,,34.0,37,35.1,0.0,0.0,978.1,9.3,286,2,695.0
2026-06-22T22:00,61.7,287.8,377.0,33.2,17.3,60.0,459,105,451.0,,33.4,38,35.0,0.0,0.0,978.3,6.5,304,2,495.0
2026-06-22T23:00,59.6,265.4,402.0,34.7,16.9,53.0,443,99,402.0,,32.9,43,35.6,0.0,0.0,977.9,2.9,274,0,295.0
2026-06-23T00:00,57.4,236.6,404.0,35.4,16.2,46.0,424,91,352.0,,32.0,46,34.7,0.0,0.0,977.5,3.8,267,0,195.0
2026-06-23T01:00,56.0,211.9,392.0,35.4,15.3,41.0,407,85,304.0,,31.4,49,34.2,0.0,0.0,977.4,4.7,277,0,215.0
2026-06-23T02:00,55.4,192.8,373.0,35.1,14.5,37.0,389,79,267.0,,30.9,51,34.0,0.0,0.0,977.2,3.4,313,0,200.0
2026-06-23T03:00,52.9,175.1,338.0,34.9,13.7,33.0,372,75,241.0,,30.6,52,33.6,0.0,0.0,977.0,3.3,338,0,205.0
2026-06-23T04:00,52.7,169.0,296.0,34.4,13.1,30.0,359,73,226.0,,30.3,52,33.2,0.0,0.0,976.9,3.5,9,0,215.0
2026-06-23T05:00,73.8,210.5,282.0,52.8,20.4,17.0,350,84,263.0,,30.6,56,34.6,0.0,0.0,977.1,1.3,326,0,210.0
2026-06-23T06:00,75.7,210.9,329.0,45.4,22.3,39.0,328,84,283.0,,31.1,51,34.5,0.0,0.0,977.4,2.5,274,0,250.0
2026-06-23T07:00,79.4,230.5,404.0,35.0,24.9,71.0,310,89,310.0,,32.3,46,35.3,0.0,0.0,977.9,3.2,289,0,500.0
2026-06-23T08:00,78.0,251.5,439.0,25.4,26.0,102.0,292,95,336.0,,33.7,41,36.4,0.0,0.0,978.1,3.4,302,0,1110.0
2026-06-23T09:00,71.7,234.2,390.0,17.6,24.5,132.0,266,90,351.0,,35.3,37,37.4,0.0,0.0,977.9,5.7,281,0,1525.0
2026-06-23T10:00,68.2,260.8,301.0,10.7,21.6,162.0,238,98,364.0,,36.6,33,39.2,0.0,0.0,977.7,8.2,280,0,2420.0
2026-06-23T11:00,63.8,263.6,236.0,5.8,18.7,180.0,214,100,392.0,,38.7,28,40.8,0.0,0.0,977.2,11.7,279,1,2945.0
2026-06-23T12:00,64.3,292.4,224.0,3.5,15.9,180.0,197,106,457.0,,37.7,27,38.3,0.4,0.4,976.9,17.8,300,51,2395.0
2026-06-23T13:00,70.1,357.6,235.0,3.2,13.1,168.0,191,123,537.0,,36.8,30,38.0,0.4,0.4,976.5,10.0,291,51,1980.0
2026-06-23T14:00,69.6,363.2,250.0,3.7,11.0,155.0,186,125,585.0,,36.1,32,37.0,0.5,0.5,976.0,14.4,271,53,1900.0
2026-06-23T15:00,76.1,436.8,258.0,4.3,9.7,145.0,181,144,567.0,,36.2,34,37.6,0.1,0.1,975.5,9.8,277,51,1765.0
2026-06-23T16:00,75.7,433.1,269.0,5.9,9.0,135.0,177,143,517.0,,35.9,34,36.8,0.0,0.0,975.2,11.7,281,3,1860.0
2026-06-23T17:00,91.0,506.6,291.0,14.7,8.5,93.0,171,163,829.0,,32.6,44,34.4,0.0,0.0,975.2,10.4,222,3,385.0
2026-06-23T18:00,89.4,478.7,337.0,20.3,10.4,82.0,171,156,788.0,,33.4,41,35.7,0.0,0.0,974.9,5.2,239,2,400.0
2026-06-23T19:00,91.5,448.9,394.0,28.5,13.2,66.0,172,148,729.0,,32.9,43,35.2,0.0,0.0,975.2,6.1,238,1,285.0
2026-06-23T20:00,96.2,435.9,437.0,37.1,16.4,50.0,172,144,673.0,,32.6,45,35.0,0.0,0.0,975.9,6.1,242,0,280.0
2026-06-23T21:00,101.0,416.3,457.0,46.8,20.6,36.0,174,139,625.0,,32.1,48,35.2,0.0,0.0,976.4,4.2,258,0,210.0
2026-06-23T22:00,109.0,414.4,464.0,57.0,25.2,22.0,176,139,581.0,,31.4,53,35.1,0.0,0.0,976.9,3.2,214,0,135.0
2026-06-23T23:00,115.3,391.2,457.0,64.1,28.2,12.0,179,132,542.0,,31.2,54,34.5,0.0,0.0,976.5,5.7,229,1,225.0
2026-06-24T00:00,115.9,372.5,432.0,66.0,28.3,8.0,181,127,507.0,,30.5,56,34.1,0.0,0.0,976.5,3.7,256,0,140.0
2026-06-24T01:00,116.4,365.1,394.0,64.8,26.9,7.0,184,125,477.0,,30.1,57,33.9,0.0,0.0,976.4,2.7,238,1,110.0
2026-06-24T02:00,116.6,353.9,362.0,63.0,25.8,7.0,187,122,465.0,,29.6,59,33.1,0.0,0.0,976.3,4.4,218,1,105.0
2026-06-24T03:00,116.2,339.9,340.0,62.3,26.0,4.0,191,119,475.0,,29.2,59,32.8,0.0,0.0,976.1,3.6,229,0,85.0
2026-06-24T04:00,116.9,333.4,325.0,61.1,26.4,2.0,194,117,503.0,,28.9,62,32.8,0.0,0.0,976.1,2.3,252,0,50.0
2026-06-24T05:00,128.5,421.0,326.0,54.2,22.3,10.0,198,140,568.0,,29.1,62,32.6,0.0,0.0,976.6,6.7,200,1,115.0
2026-06-24T06:00,125.7,379.0,362.0,48.0,24.7,24.0,206,129,603.0,,29.0,61,32.0,0.0,0.0,977.2,8.3,200,0,230.0
2026-06-24T07:00,118.7,377.2,413.0,39.2,27.9,44.0,216,129,650.0,,30.2,56,33.1,0.0,0.0,977.7,8.2,202,0,325.0
2026-06-24T08:00,112.9,457.3,434.0,30.5,28.9,66.0,224,150,675.0,,32.9,43,34.8,0.0,0.0,978.0,8.8,219,0,610.0
2026-06-24T09:00,98.7,422.8,392.0,22.0,25.6,90.0,236,141,656.0,,34.7,37,36.1,0.0,0.0,978.2,9.3,245,1,1125.0
2026-06-24T10:00,88.2,374.4,320.0,13.6,20.2,116.0,248,128,615.0,,35.7,35,37.5,0.0,0.0,978.0,7.2,248,1,1470.0
2026-06-24T11:00,85.7,383.7,262.0,7.4,15.8,136.0,254,130,586.0,,36.5,33,38.5,0.0,0.0,978.3,9.8,235,3,2220.0
2026-06-24T12:00,87.5,418.2,236.0,4.5,13.7,147.0,262,140,584.0,,35.6,34,36.3,0.0,0.0,977.7,12.2,250,3,1935.0
2026-06-24T13:00,85.7,427.5,226.0,3.9,12.6,152.0,269,142,593.0,,35.7,33,36.7,0.0,0.0,977.0,9.4,252,0,1590.0
2026-06-24T14:00,77.8,380.0,225.0,4.2,12.0,153.0,273,129,600.0,,37.6,29,40.3,0.0,0.0,976.0,6.8,253,0,1985.0
2026-06-24T15:00,74.7,365.1,237.0,4.5,11.6,153.0,274,125,605.0,,38.0,28,39.9,0.0,0.0,975.5,6.6,261,0,2065.0
2026-06-24T16:00,77.1,395.8,259.0,5.9,11.6,149.0,270,134,609.0,,38.1,26,38.8,0.0,0.0,975.1,7.7,270,1,2430.0
2026-06-24T17:00,76.6,377.2,277.0,10.0,12.6,139.0,268,129,598.0,,28.6,68,30.3,0.2,0.2,975.4,21.3,79,51,275.0
2026-06-24T18:00,79.4,331.6,271.0,18.8,14.7,120.0,260,116,558.0,,29.4,55,31.6,0.4,0.4,975.0,9.4,197,51,90.0
2026-06-24T19:00,85.2,318.5,261.0,30.4,17.7,95.0,251,113,503.0,,31.4,50,33.6,0.0,0.0,975.6,10.8,267,0,205.0
2026-06-24T20:00,93.1,328.8,297.0,41.1,21.2,74.0,244,116,464.0,,32.1,46,34.9,0.0,0.0,976.1,3.9,233,1,100.0
2026-06-24T21:00,102.0,350.2,429.0,50.3,25.6,59.0,237,121,460.0,,32.2,49,35.8,0.0,0.0,976.9,2.8,255,1,80.0
2026-06-24T22:00,113.9,364.1,607.0,58.5,30.5,48.0,233,125,471.0,,32.4,48,35.8,0.0,0.0,977.8,3.0,287,2,90.0
2026-06-24T23:00,121.5,366.0,734.0,63.5,33.8,40.0,230,126,476.0,,32.8,46,35.7,0.0,0.0,977.7,5.5,316,0,195.0
2026-06-25T00:00,121.5,357.6,756.0,62.9,34.0,38.0,229,123,462.0,,32.0,50,35.5,0.0,0.0,977.6,3.6,330,0,230.0
2026-06-25T01:00,120.1,349.2,726.0,59.1,32.6,39.0,228,121,440.0,,31.8,51,35.4,0.0,0.0,977.2,2.9,22,0,200.0
2026-06-25T02:00,119.7,338.1,707.0,56.8,31.8,39.0,227,118,422.0,,31.7,53,35.8,0.0,0.0,977.0,1.2,63,0,130.0
2026-06-25T03:00,120.6,331.6,732.0,59.5,32.4,31.0,226,116,410.0,,31.5,56,36.1,0.0,0.0,976.9,0.4,153,0,15.0
2026-06-25T04:00,123.9,334.3,768.0,63.7,33.6,21.0,225,117,402.0,,31.0,58,35.8,0.0,0.0,977.4,0.2,180,0,10.0
2026-06-25T05:00,129.0,336.2,782.0,64.4,35.4,24.0,226,118,398.0,,30.4,57,33.7,0.0,0.0,977.4,7.1,120,1,155.0
2026-06-25T06:00,131.8,313.9,767.0,58.9,38.9,50.0,221,112,400.0,,30.5,58,34.5,0.0,0.0,978.1,3.8,188,1,90.0
2026-06-25T07:00,122.5,291.5,729.0,49.8,43.0,89.0,217,106,406.0,,30.3,59,33.4,0.3,0.3,979.2,9.6,218,51,285.0
2026-06-25T08:00,118.3,332.5,661.0,40.1,44.7,125.0,212,117,415.0,,30.2,58,33.0,0.2,0.2,980.2,10.9,38,51,290.0
2026-06-25T09:00,112.2,358.6,532.0,29.5,42.3,154.0,204,124,432.0,,32.2,52,35.5,0.0,0.0,980.0,6.9,203,1,280.0
2026-06-25T10:00,105.2,361.4,373.0,18.3,37.6,179.0,200,124,453.0,,34.4,42,37.5,0.2,0.2,980.1,4.4,207,51,750.0
2026-06-25T11:00,98.5,335.3,259.0,9.9,32.8,197.0,200,117,460.0,,36.9,33,40.0,0.0,0.0,979.6,6.6,225,0,2365.0
2026-06-25T12:00,93.4,312.9,231.0,6.0,28.3,206.0,199,126,444.0,,37.5,32,41.1,0.0,0.0,979.0,6.3,239,0,2350.0
2026-06-25T13:00,90.3,299.0,249.0,5.0,23.7,208.0,197,128,415.0,,38.5,31,42.4,0.0,0.0,978.2,6.3,252,0,2565.0
2026-06-25T14:00,85.4,284.1,274.0,5.2,19.8,202.0,194,122,389.0,,38.9,30,42.3,0.0,0.0,977.5,7.0,249,1,2645.0
2026-06-25T15:00,82.4,289.6,285.0,5.5,16.5,187.0,192,107,373.0,,39.0,30,41.6,0.0,0.0,976.8,7.2,251,1,2725.0
2026-06-25T16:00,78.0,285.9,302.0,7.0,13.9,164.0,190,104,360.0,,38.6,30,40.3,0.0,0.0,976.1,7.8,266,1,2640.0
2026-06-25T17:00,56.5,165.8,353.0,11.0,20.7,198.0,188,118,212.0,,37.4,35,40.4,0.0,0.0,975.8,3.2,106,0,1870.0
2026-06-25T18:00,58.8,152.3,464.0,22.2,22.4,168.0,185,88,191.0,,37.3,34,40.1,0.0,0.0,975.9,3.0,163,0,1905.0
2026-06-25T19:00,68.0,156.0,608.0,37.6,24.7,126.0,184,70,164.0,,37.2,34,40.0,0.0,0.0,976.5,2.7,200,0,2105.0
2026-06-25T20:00,75.4,156.0,729.0,48.7,26.5,92.0,184,73,153.0,,36.6,35,39.1,0.1,0.1,977.3,4.4,207,51,2105.0
2026-06-25T21:00,71.7,149.5,817.0,51.0,27.3,74.0,183,71,174.0,,35.6,41,38.8,0.0,0.0,978.1,4.8,200,0,460.0
2026-06-25T22:00,72.4,150.4,882.0,49.1,27.7,63.0,182,71,211.0,,34.8,45,38.7,0.0,0.0,978.7,2.7,203,0,350.0
2026-06-25T23:00,79.2,200.7,898.0,48.4,27.9,53.0,181,82,237.0,,33.5,45,36.5,0.0,0.0,979.1,6.0,286,2,610.0
2026-06-26T00:00,83.4,233.3,825.0,51.4,27.8,43.0,180,90,240.0,,33.0,46,36.1,0.0,0.0,978.9,4.9,352,1,320.0
2026-06-26T01:00,83.4,207.2,703.0,55.8,27.6,33.0,179,83,231.0,,32.9,48,36.8,0.0,0.0,978.5,1.5,225,0,210.0
2026-06-26T02:00,86.1,202.1,620.0,59.6,27.9,26.0,178,82,223.0,,32.4,50,36.1,0.0,0.0,978.3,2.7,228,0,155.0
2026-06-26T03:00,88.2,205.4,625.0,63.7,29.1,17.0,177,83,219.0,,32.1,52,35.9,0.0,0.0,978.0,3.1,230,0,80.0
2026-06-26T04:00,91.0,207.7,669.0,67.3,30.9,10.0,176,83,214.0,,31.3,54,34.7,0.0,0.0,978.7,6.4,220,0,165.0
2026-06-26T05:00,105.7,202.1,695.0,64.3,28.1,23.0,175,86,182.0,,29.8,67,34.3,0.0,0.0,978.6,5.8,244,1,135.0
2026-06-26T06:00,101.5,188.6,685.0,55.0,29.6,41.0,174,85,196.0,,30.3,65,35.0,0.0,0.0,979.4,4.6,239,2,155.0
2026-06-26T07:00,89.9,186.7,658.0,41.8,31.6,68.0,173,80,214.0,,31.8,59,36.4,0.1,0.1,979.8,4.9,260,51,230.0
2026-06-26T08:00,79.2,196.0,611.0,30.0,31.9,98.0,172,80,223.0,,34.0,50,38.1,0.0,0.0,980.3,5.2,264,1,530.0
2026-06-26T09:00,77.3,200.2,529.0,20.9,29.2,136.0,171,81,211.0,,35.9,42,39.6,0.0,0.0,980.4,4.5,270,0,940.0
2026-06-26T10:00,69.8,177.4,427.0,13.0,24.8,177.0,170,97,189.0,,37.6,38,42.0,0.0,0.0,980.4,4.3,255,0,1855.0
2026-06-26T11:00,62.2,155.5,348.0,7.4,21.0,206.0,169,126,175.0,,39.4,33,44.1,0.0,0.0,980.2,5.0,255,0,2845.0
2026-06-26T12:00,52.3,137.4,304.0,4.7,18.5,214.0,168,134,175.0,,39.9,31,44.7,0.0,0.0,979.6,4.1,270,1,2875.0
2026-06-26T13:00,51.3,152.3,284.0,4.2,16.5,209.0,167,129,183.0,,40.5,29,45.3,0.0,0.0,978.8,3.4,286,1,2955.0
2026-06-26T14:00,51.1,155.1,292.0,4.7,14.8,198.0,165,118,201.0,,40.7,29,44.7,0.0,0.0,978.0,2.4,287,3,3175.0
2026-06-26T15:00,48.9,156.9,336.0,5.3,13.1,183.0,164,103,240.0,,40.7,28,43.3,0.0,0.0,977.0,4.1,315,2,2985.0
2026-06-26T16:00,52.2,195.1,409.0,6.9,11.7,163.0,164,83,290.0,,37.6,35,40.1,0.4,0.4,977.1,7.4,131,51,1380.0
2026-06-26T17:00,51.7,156.5,496.0,12.7,14.3,161.0,174,81,203.0,,30.7,71,36.3,0.6,0.6,976.8,6.9,107,53,85.0
2026-06-26T18:00,57.2,151.8,604.0,19.1,16.3,143.0,178,72,202.0,,35.4,39,38.5,0.1,0.1,976.8,2.9,150,51,170.0
2026-06-26T19:00,65.7,155.1,727.0,28.2,19.1,118.0,173,69,201.0,,35.4,38,38.1,0.0,0.0,977.7,4.3,213,1,235.0
2026-06-26T20:00,65.7,170.9,830.0,36.6,21.4,95.0,162,74,204.0,,35.4,39,38.2,0.0,0.0,978.3,4.0,234,0,170.0
2026-06-26T21:00,69.6,183.9,908.0,43.9,23.2,77.0,162,77,214.0,,35.2,39,37.7,0.0,0.0,979.0,6.3,255,0,310.0
2026-06-26T22:00,77.1,189.5,967.0,50.5,24.5,60.0,162,79,228.0,,35.0,40,37.8,0.0,0.0,979.4,5.3,282,0,215.0
2026-06-26T23:00,82.9,204.9,989.0,54.1,24.6,48.0,162,83,236.0,,34.3,45,37.7,0.0,0.0,979.1,4.9,280,0,230.0
2026-06-27T00:00,85.2,214.7,959.0,52.8,22.7,41.0,162,85,233.0,,33.6,48,37.4,0.0,0.0,978.6,4.4,289,0,195.0
2026-06-27T01:00,81.7,210.5,891.0,48.4,19.6,38.0,162,84,224.0,,33.4,49,37.2,0.0,0.0,978.2,4.5,284,0,180.0
2026-06-27T02:00,73.8,188.6,814.0,44.1,17.0,36.0,162,78,221.0,,33.1,50,37.0,0.0,0.0,978.1,4.7,274,0,235.0
2026-06-27T03:00,68.5,174.2,720.0,40.9,15.1,31.0,162,74,222.0,,32.4,53,36.5,0.0,0.0,978.2,4.7,252,0,180.0
2026-06-27T04:00,66.8,175.6,616.0,37.7,13.7,27.0,161,75,229.0,,31.7,58,35.9,0.0,0.0,978.3,5.4,270,0,190.0
2026-06-27T05:00,73.1,273.8,548.0,24.3,12.1,57.0,161,101,390.0,,26.8,87,32.3,0.0,0.0,978.1,5.9,281,1,70.0
2026-06-27T06:00,86.8,337.1,557.0,23.5,13.5,65.0,160,118,498.0,,27.5,86,32.4,0.7,0.7,979.2,12.8,215,53,185.0
2026-06-27T07:00,105.0,434.0,602.0,22.3,15.4,77.0,159,144,643.0,,30.4,68,35.4,0.0,0.0,979.1,6.0,267,0,180.0
2026-06-27T08:00,116.9,484.3,610.0,20.1,17.1,96.0,160,157,719.0,,33.6,53,38.0,0.0,0.0,979.3,5.6,295,0,345.0
2026-06-27T09:00,117.3,446.1,533.0,16.0,18.4,131.0,161,147,659.0,,36.2,42,40.2,0.0,0.0,979.4,3.4,313,0,735.0
2026-06-27T10:00,110.6,380.0,418.0,11.0,19.4,173.0,162,129,530.0,,38.2,35,42.6,0.0,0.0,979.4,2.6,295,0,1970.0
2026-06-27T11:00,101.0,318.5,333.0,7.1,19.6,202.0,163,122,425.0,,39.6,32,44.7,0.0,0.0,979.2,2.3,321,0,2805.0
2026-06-27T12:00,93.4,286.8,309.0,5.1,18.4,209.0,164,129,383.0,,38.9,34,43.7,0.0,0.0,978.6,5.3,308,1,2745.0
2026-06-27T13:00,85.4,258.9,315.0,4.3,16.4,204.0,166,124,366.0,,39.4,33,44.0,0.0,0.0,977.7,5.0,314,2,2770.0
2026-06-27T14:00,83.6,263.6,322.0,4.4,14.6,194.0,167,114,353.0,,39.8,31,44.0,0.0,0.0,976.9,5.2,290,1,2770.0
2026-06-27T15:00,76.8,246.8,318.0,5.1,13.2,180.0,168,100,334.0,,40.1,30,43.2,0.0,0.0,976.0,6.3,273,0,2785.0
2026-06-27T16:00,72.4,234.2,315.0,6.8,12.1,162.0,168,90,319.0,,39.7,30,41.5,0.0,0.0,974.9,9.4,271,1,2785.0
2026-06-27T17:00,68.0,216.1,318.0,11.3,12.8,146.0,169,86,292.0,,37.2,37,40.2,0.0,0.0,974.7,6.4,280,1,445.0
2026-06-27T18:00,70.1,208.2,314.0,19.7,14.1,126.0,172,84,288.0,,38.5,33,41.3,0.1,0.1,974.6,4.4,212,51,360.0
2026-06-27T19:00,76.8,218.4,316.0,31.6,16.0,99.0,170,86,282.0,,37.7,35,40.5,0.2,0.2,975.1,5.6,272,51,625.0
2026-06-27T20:00,85.4,228.2,370.0,43.6,18.5,74.0,170,89,280.0,,37.0,37,40.4,0.0,0.0,975.6,3.5,235,1,390.0
2026-06-27T21:00,94.8,245.9,530.0,55.5,22.1,55.0,171,94,289.0,,36.3,40,39.6,0.0,0.0,976.3,5.2,180,0,205.0
2026-06-27T22:00,104.5,270.1,743.0,67.5,26.3,39.0,171,100,303.0,,35.5,44,39.2,0.0,0.0,976.7,6.3,180,0,190.0
2026-06-27T23:00,112.0,268.2,889.0,76.5,29.3,26.0,172,100,305.0,,34.8,50,39.3,0.0,0.0,976.0,6.6,125,1,130.0
2026-06-28T00:00,115.7,258.0,923.0,81.0,30.5,17.0,173,97,286.0,,34.6,53,39.7,0.6,0.6,976.2,4.3,228,53,165.0
2026-06-28T01:00,116.2,245.9,892.0,82.5,30.6,12.0,174,94,255.0,,33.6,55,38.4,0.0,0.0,976.0,5.8,248,1,175.0
2026-06-28T02:00,116.9,236.1,816.0,81.9,30.1,8.0,175,91,229.0,,32.0,59,36.1,0.3,0.3,975.7,9.1,207,51,115.0
2026-06-28T03:00,116.6,226.8,667.0,80.1,28.6,3.0,176,91,205.0,,32.0,54,35.5,0.0,0.0,975.5,7.7,208,0,120.0
2026-06-28T04:00,115.7,222.1,474.0,76.2,26.3,0.0,178,90,185.0,,31.8,55,35.9,0.0,0.0,975.8,4.2,220,0,90.0
2026-06-28T05:00,71.7,181.6,342.0,33.3,18.4,36.0,179,76,213.0,,29.5,72,33.9,0.0,0.0,975.2,11.0,228,1,135.0
2026-06-28T06:00,71.0,165.3,333.0,30.5,21.0,46.0,179,72,234.0,,31.1,66,35.5,0.1,0.1,975.3,10.9,220,51,225.0
2026-06-28T07:00,72.6,182.1,386.0,26.5,24.5,60.0,179,77,261.0,,33.6,51,37.1,0.0,0.0,975.9,9.7,236,0,330.0
2026-06-28T08:00,75.0,217.0,419.0,22.0,26.5,83.0,178,86,278.0,,35.1,46,38.3,0.0,0.0,976.6,10.4,238,0,575.0
2026-06-28T09:00,76.8,231.9,397.0,16.6,25.7,121.0,177,90,273.0,,36.7,43,40.6,0.0,0.0,977.0,6.9,256,0,860.0
2026-06-28T10:00,76.8,226.8,356.0,10.7,23.4,166.0,175,88,257.0,,38.6,38,43.4,0.0,0.0,977.0,4.9,272,0,2340.0
2026-06-28T11:00,71.2,196.0,322.0,6.3,21.1,199.0,174,119,241.0,,40.4,32,45.5,0.0,0.0,976.6,3.7,309,0,2545.0
2026-06-28T12:00,66.4,175.6,302.0,4.3,19.2,210.0,173,130,229.0,,41.5,29,46.2,0.0,0.0,975.7,5.6,297,0,2790.0
2026-06-28T13:00,65.4,182.1,290.0,3.8,17.2,209.0,173,129,217.0,,41.9,28,46.2,0.0,0.0,974.9,7.7,301,1,2920.0
2026-06-28T14:00,62.2,169.5,286.0,4.1,15.8,203.0,172,123,209.0,,41.9,29,45.7,0.0,0.0,974.0,8.9,310,1,2885.0
2026-06-28T15:00,63.8,187.2,294.0,4.8,15.0,195.0,171,115,205.0,,41.8,28,44.6,0.0,0.0,973.3,9.5,307,1,2795.0
2026-06-28T16:00,62.2,177.0,311.0,6.2,14.8,182.0,171,102,205.0,,41.0,29,42.7,0.0,0.0,972.7,12.4,312,1,2650.0
2026-06-28T17:00,62.6,168.1,334.0,8.9,15.2,167.0,174,87,212.0,,40.0,30,41.3,0.0,0.0,972.7,14.3,317,0,2485.0
2026-06-28T18:00,67.5,178.8,360.0,13.1,16.4,149.0,182,76,232.0,,38.8,33,40.6,0.0,0.0,973.1,13.5,318,0,2000.0
2026-06-28T19:00,81.3,235.2,392.0,18.6,18.3,128.0,179,91,260.0,,37.8,37,40.5,0.0,0.0,973.7,9.9,316,0,1285.0
2026-06-28T20:00,87.5,232.8,431.0,24.9,20.6,108.0,171,90,284.0,,37.4,38,40.4,0.0,0.0,974.3,7.5,314,0,1105.0
2026-06-28T21:00,97.6,254.3,481.0,32.7,23.6,90.0,171,96,298.0,,37.1,39,40.3,0.0,0.0,974.9,6.7,308,0,1185.0
2026-06-28T22:00,108.0,273.8,539.0,41.3,27.1,73.0,171,101,309.0,,36.6,41,40.3,0.0,0.0,975.3,5.2,299,0,870.0
2026-06-28T23:00,113.9,276.6,592.0,48.1,29.5,59.0,171,102,317.0,,35.5,50,40.9,0.0,0.0,975.1,2.5,184,0,50.0
2026-06-29T00:00,116.4,285.9,649.0,52.2,30.3,50.0,171,104,323.0,,35.3,49,40.2,0.0,0.0,974.6,3.3,189,0,70.0
2026-06-29T01:00,119.7,297.1,701.0,54.6,30.2,43.0,171,107,328.0,,34.5,53,39.7,0.0,0.0,974.2,3.3,151,0,65.0
2026-06-29T02:00,121.5,293.4,713.0,55.5,29.2,38.0,171,106,334.0,,33.7,55,38.6,0.0,0.0,974.1,6.5,175,0,145.0
2026-06-29T03:00,120.1,278.5,650.0,55.2,26.9,32.0,171,102,341.0,,33.0,58,38.0,0.0,0.0,974.1,5.2,209,0,125.0
2026-06-29T04:00,123.4,304.5,546.0,53.4,23.9,27.0,171,109,349.0,,32.5,57,37.1,0.0,0.0,974.4,4.7,189,0,125.0
2026-06-29T05:00,72.4,148.5,465.0,21.8,25.0,85.0,172,71,148.0,,32.5,57,36.6,0.0,0.0,974.2,8.6,258,0,215.0
2026-06-29T06:00,71.5,143.0,440.0,21.7,24.9,86.0,172,71,158.0,,32.1,58,35.8,0.2,0.2,974.5,10.5,241,51,280.0
2026-06-29T07:00,71.9,155.5,438.0,21.4,24.6,88.0,172,71,183.0,,33.4,51,36.7,0.0,0.0,974.7,10.3,230,0,365.0
2026-06-29T08:00,72.9,217.5,419.0,19.7,23.2,94.0,172,86,286.0,,35.6,44,38.4,0.0,0.0,975.3,11.7,243,0,800.0
2026-06-29T09:00,85.0,368.8,357.0,15.3,19.6,109.0,171,126,541.0,,37.2,38,39.3,0.0,0.0,975.8,13.7,274,1,1475.0
2026-06-29T10:00,107.3,579.3,278.0,9.4,15.0,129.0,172,182,874.0,,38.3,35,40.9,0.1,0.1,976.0,12.1,291,51,1540.0
2026-06-29T11:00,120.6,681.7,219.0,5.1,11.5,145.0,173,210,1125.0,,39.6,33,43.3,0.0,0.0,975.7,10.5,287,1,2230.0
2026-06-29T12:00,132.2,767.4,199.0,3.4,10.4,155.0,174,233,1224.0,,40.4,30,43.8,0.1,0.1,975.2,10.7,293,51,2505.0
2026-06-29T13:00,129.9,743.2,199.0,3.2,10.5,160.0,176,226,1242.0,,41.2,29,44.8,0.0,0.0,974.3,11.0,288,0,2810.0
2026-06-29T14:00,129.0,732.0,205.0,4.0,10.8,161.0,178,223,1222.0,,41.7,29,44.7,0.0,0.0,973.6,13.6,287,1,2875.0
2026-06-29T15:00,125.7,719.0,187.0,5.3,10.9,156.0,189,220,1160.0,,40.1,31,42.5,1.0,1.0,973.2,12.4,296,55,2445.0
2026-06-29T16:00,126.7,739.5,175.0,7.5,11.2,145.0,200,225,1061.0,,40.0,32,42.2,0.0,0.0,972.3,11.6,292,1,2510.0
2026-06-29T17:00,121.1,644.5,246.0,11.5,12.4,135.0,233,200,1055.0,,41.5,26,42.5,0.0,0.0,972.1,12.6,308,1,2980.0
2026-06-29T18:00,116.2,519.7,484.0,21.2,16.3,119.0,261,167,982.0,,40.6,26,41.7,0.0,0.0,971.9,10.2,319,1,2870.0
2026-06-29T19:00,123.9,525.3,806.0,34.7,21.9,97.0,282,168,880.0,,39.6,28,41.7,0.0,0.0,972.4,3.9,326,0,2555.0
2026-06-29T20:00,134.6,534.6,1040.0,45.4,27.2,78.0,299,171,798.0,,38.7,30,41.0,0.0,0.0,973.2,3.1,170,1,620.0
2026-06-29T21:00,145.3,540.2,1122.0,50.8,32.3,66.0,315,172,758.0,,37.5,35,40.1,0.0,0.0,973.8,7.3,163,0,365.0
2026-06-29T22:00,149.9,530.9,1116.0,53.4,37.2,57.0,330,170,738.0,,36.4,40,39.4,0.0,0.0,974.5,7.7,164,0,250.0
2026-06-29T23:00,144.8,508.5,1039.0,53.9,40.1,50.0,343,164,721.0,,35.9,45,39.8,0.0,0.0,974.2,6.5,177,0,175.0
2026-06-30T00:00,143.9,514.1,842.0,51.7,40.0,46.0,355,165,708.0,,34.2,50,38.2,0.1,0.1,974.0,6.7,117,51,150.0
2026-06-30T01:00,143.0,510.4,574.0,47.4,37.9,43.0,367,164,698.0,,28.9,78,33.4,1.2,1.2,973.7,14.3,109,55,140.0
2026-06-30T02:00,138.8,475.9,395.0,43.2,35.4,42.0,378,155,665.0,,30.3,67,34.8,0.3,0.3,972.5,9.1,188,51,125.0
2026-06-30T03:00,128.5,407.0,401.0,39.9,32.5,40.0,388,137,580.0,,31.0,66,35.6,0.0,0.0,972.9,10.0,203,0,125.0
2026-06-30T04:00,117.3,347.4,496.0,36.7,29.1,39.0,394,121,473.0,,31.7,60,36.3,0.0,0.0,973.5,6.5,208,1,110.0
2026-06-30T05:00,106.4,427.5,550.0,26.3,28.1,71.0,397,142,632.0,,31.7,70,37.8,0.0,0.0,973.4,6.0,173,3,145.0
2026-06-30T06:00,108.5,418.2,502.0,25.4,26.3,68.0,409,140,946.0,,33.5,52,37.3,0.0,0.0,974.0,8.5,232,3,940.0
2026-06-30T07:00,132.2,596.0,413.0,24.0,23.6,64.0,420,187,1387.0,,34.8,41,36.8,0.0,0.0,974.7,12.3,264,3,1120.0
2026-06-30T08:00,194.2,1087.8,336.0,22.3,20.8,62.0,439,318,1787.0,,34.7,43,36.7,0.0,0.0,975.5,13.4,276,3,1075.0
2026-06-30T09:00,244.9,1423.1,289.0,20.0,17.6,60.0,475,407,2141.0,,35.8,41,37.8,0.0,0.0,975.7,14.4,274,2,1210.0
2026-06-30T10:00,270.1,1542.3,255.0,17.4,14.3,60.0,519,439,2453.0,,36.8,39,38.9,0.0,0.0,976.1,14.4,286,3,1240.0
2026-06-30T11:00,276.6,1557.2,232.0,14.8,12.1,69.0,559,443,2562.0,,36.5,42,38.9,0.0,0.0,976.2,14.1,289,3,1280.0
2026-06-30T12:00,248.7,1423.1,222.0,11.8,11.5,97.0,595,407,2336.0,,38.0,37,40.6,0.0,0.0,976.1,11.6,307,3,1660.0
2026-06-30T13:00,204.9,1162.3,223.0,8.9,12.0,135.0,623,338,1907.0,,38.8,36,42.4,0.0,0.0,975.7,8.2,320,3,2050.0
2026-06-30T14:00,167.2,918.3,228.0,7.9,13.7,164.0,640,273,1510.0,,39.5,35,42.8,0.0,0.0,974.7,7.6,322,2,2670.0
2026-06-30T15:00,137.4,713.4,227.0,10.3,17.1,176.0,648,218,1213.0,,38.6,38,42.3,0.0,0.0,974.3,5.8,64,3,2330.0
2026-06-30T16:00,117.8,562.5,230.0,14.7,21.6,178.0,648,178,947.0,,34.0,61,39.4,2.2,2.2,974.4,10.4,79,61,595.0
2026-06-30T17:00,110.4,631.4,260.0,18.9,22.3,127.0,640,196,1039.0,,32.8,66,38.8,0.5,0.5,973.8,7.7,89,53,285.0
2026-06-30T18:00,76.1,340.9,343.0,22.9,24.4,114.0,640,119,862.0,,34.8,53,39.6,0.1,0.1,974.0,7.4,151,51,515.0
2026-06-30T19:00,63.8,281.3,454.0,28.3,27.4,96.0,632,103,619.0,,34.5,54,39.1,0.0,0.0,974.2,8.4,145,1,615.0
2026-06-30T20:00,65.0,295.2,539.0,32.2,29.3,81.0,622,107,454.0,,33.8,57,38.0,0.0,0.0,974.8,12.7,122,1,715.0
2026-06-30T21:00,70.1,333.4,579.0,33.2,29.5,71.0,612,117,447.0,,32.4,65,37.0,0.0,0.0,975.5,13.3,120,1,515.0
2026-06-30T22:00,74.0,362.3,594.0,32.7,28.7,64.0,604,125,518.0,,31.8,70,37.1,0.0,0.0,975.9,11.4,123,1,480.0
2026-06-30T23:00,75.0,362.3,589.0,31.7,27.4,58.0,597,125,565.0,,31.7,73,37.4,0.0,0.0,976.0,12.4,141,3,630.0
2026-07-01T00:00,72.6,333.4,557.0,30.5,25.7,54.0,591,117,549.0,,31.3,73,37.0,0.0,0.0,975.7,11.1,133,3,595.0
2026-07-01T01:00,70.5,301.7,505.0,28.8,23.5,51.0,583,108,509.0,,31.0,74,36.5,0.0,0.0,975.4,11.5,124,3,645.0
2026-07-01T02:00,74.3,308.3,465.0,27.1,21.5,50.0,574,110,460.0,,30.4,74,35.6,0.0,0.0,975.6,11.0,118,3,555.0
2026-07-01T03:00,78.5,315.7,445.0,25.3,19.7,51.0,567,112,399.0,,29.9,70,34.4,0.0,0.0,975.4,10.5,117,2,440.0
2026-07-01T04:00,69.6,247.7,436.0,23.5,18.1,53.0,564,94,329.0,,28.8,74,33.2,0.5,0.5,975.8,10.6,105,53,425.0
2026-07-01T05:00,40.2,72.6,446.0,21.5,19.0,61.0,559,54,61.0,,27.7,94,34.1,0.3,0.3,975.8,10.0,126,51,455.0
2026-07-01T06:00,38.3,80.8,488.0,23.6,20.2,59.0,545,53,70.0,,26.9,91,31.8,0.3,0.3,976.5,13.8,104,51,480.0
2026-07-01T07:00,38.6,76.4,548.0,26.4,22.0,57.0,531,53,85.0,,27.0,90,32.3,0.4,0.4,976.9,10.4,108,51,370.0
2026-07-01T08:00,43.9,104.1,590.0,28.0,23.8,60.0,509,57,116.0,,28.5,84,34.3,0.1,0.1,977.2,8.7,114,51,365.0
2026-07-01T09:00,48.7,163.0,603.0,27.4,25.6,71.0,468,71,179.0,,29.7,81,36.3,0.0,0.0,977.6,5.2,94,3,355.0
2026-07-01T10:00,58.8,224.4,599.0,25.6,27.4,88.0,415,88,257.0,,30.7,77,37.4,0.0,0.0,977.8,5.6,86,3,420.0
2026-07-01T11:00,62.6,224.0,576.0,23.4,28.7,103.0,351,88,313.0,,30.3,71,35.5,0.1,0.1,978.4,8.6,98,51,650.0
2026-07-01T12:00,57.9,175.1,517.0,20.4,29.2,115.0,278,75,323.0,,30.8,70,36.3,0.0,0.0,977.9,7.2,103,3,605.0
2026-07-01T13:00,61.0,187.2,440.0,17.0,29.2,126.0,204,78,311.0,,31.3,69,36.9,0.0,0.0,977.1,7.2,109,3,610.0
2026-07-01T14:00,67.1,225.4,397.0,14.8,29.3,136.0,181,88,306.0,,32.2,65,37.5,0.0,0.0,976.2,8.1,94,3,760.0
2026-07-01T15:00,74.5,257.0,415.0,14.2,29.6,146.0,167,97,327.0,,32.7,62,37.9,0.0,0.0,975.4,7.9,87,3,930.0
2026-07-01T16:00,78.9,264.5,467.0,14.8,30.0,154.0,158,99,356.0,,32.1,65,37.4,0.0,0.0,974.9,8.0,81,3,770.0
2026-07-01T17:00,59.8,209.5,527.0,22.9,31.2,105.0,157,84,290.0,,32.6,60,37.2,0.0,0.0,974.3,9.4,108,2,865.0
2026-07-01T18:00,59.1,196.5,591.0,27.8,31.5,93.0,156,80,267.0,,31.2,66,36.0,0.0,0.0,974.4,8.0,106,2,615.0
2026-07-01T19:00,60.3,179.3,662.0,34.6,31.9,76.0,155,76,236.0,,30.4,70,35.6,0.0,0.0,975.0,6.9,110,1,415.0
2026-07-01T20:00,64.5,176.5,725.0,40.0,32.3,62.0,155,75,216.0,,29.9,73,35.5,0.0,0.0,975.8,5.8,120,1,275.0
2026-07-01T21:00,67.3,180.2,780.0,42.8,33.1,54.0,155,76,220.0,,29.8,74,35.6,0.0,0.0,976.6,4.6,149,2,230.0
2026-07-01T22:00,69.2,189.5,827.0,44.2,34.0,48.0,155,79,234.0,,29.7,75,35.9,0.0,0.0,977.5,2.9,184,3,275.0
2026-07-01T23:00,70.1,193.7,844.0,44.0,33.9,45.0,155,80,239.0,,30.2,73,35.8,0.1,0.1,977.3,6.6,163,51,355.0
2026-07-02T00:00,68.0,194.2,813.0,41.2,31.9,45.0,155,80,225.0,,30.2,75,36.7,0.0,0.0,977.4,2.3,135,2,300.0
2026-07-02T01:00,72.6,197.9,753.0,36.7,29.0,47.0,154,81,202.0,,29.7,75,35.6,0.0,0.0,977.3,4.7,358,3,145.0
2026-07-02T02:00,67.8,158.8,697.0,33.4,26.7,48.0,155,70,175.0,,28.9,78,34.3,0.1,0.1,976.9,7.3,126,51,245.0
2026-07-02T03:00,61.5,122.9,641.0,32.7,25.5,46.0,154,66,141.0,,28.1,76,32.8,0.0,0.0,977.0,7.1,139,3,175.0
2026-07-02T04:00,58.9,107.3,589.0,33.2,25.0,43.0,154,64,102.0,,27.9,75,32.4,0.0,0.0,977.4,6.6,137,3,130.0
2026-07-02T05:00,61.0,129.9,583.0,33.0,25.8,46.0,154,66,130.0,,25.9,95,31.7,0.0,0.0,977.9,6.5,34,3,295.0
2026-07-02T06:00,59.1,132.7,666.0,33.0,31.0,55.0,154,65,134.0,,25.9,93,31.9,4.4,4.4,978.2,3.8,73,63,180.0
2026-07-02T07:00,60.1,132.2,795.0,32.8,37.9,68.0,155,65,140.0,,26.1,93,32.2,1.9,1.9,977.8,3.8,229,61,135.0
2026-07-02T08:00,60.8,137.4,883.0,31.2,41.5,83.0,155,65,141.0,,26.8,92,33.1,0.4,0.4,977.5,4.0,212,51,165.0
2026-07-02T09:00,58.9,134.1,886.0,27.0,38.7,99.0,156,64,135.0,,28.3,82,34.3,0.0,0.0,978.1,4.3,204,3,300.0
2026-07-02T10:00,54.1,124.8,848.0,21.4,32.5,116.0,156,62,125.0,,28.0,83,34.2,0.0,0.0,978.5,2.1,211,3,265.0
2026-07-02T11:00,50.5,112.2,809.0,16.5,27.2,134.0,156,67,114.0,,27.1,85,33.2,0.0,0.0,978.3,0.8,333,3,250.0
2026-07-02T12:00,45.3,102.7,781.0,12.6,24.2,155.0,156,78,103.0,,27.9,77,33.3,0.0,0.0,977.9,2.7,307,2,340.0
2026-07-02T13:00,39.9,89.6,751.0,9.3,22.0,177.0,155,97,91.0,,29.7,69,34.6,0.0,0.0,977.1,5.2,6,2,855.0
2026-07-02T14:00,37.3,79.9,723.0,7.6,20.6,192.0,155,112,83.0,,30.2,66,34.8,0.0,0.0,976.1,6.3,355,2,815.0
2026-07-02T15:00,37.3,85.9,650.0,7.7,20.0,199.0,154,119,82.0,,30.8,65,35.8,0.0,0.0,975.5,6.6,313,2,880.0
2026-07-02T16:00,35.6,74.5,579.0,9.5,20.1,200.0,153,120,85.0,,31.2,64,36.1,0.0,0.0,974.9,5.8,340,2,1160.0
2026-07-02T17:00,34.3,95.7,653.0,11.5,15.1,154.0,151,77,118.0,,31.5,64,36.8,0.0,0.0,974.6,4.0,58,1,1135.0
2026-07-02T18:00,33.6,89.4,1051.0,17.8,18.1,139.0,151,70,101.0,,31.4,65,37.1,0.0,0.0,974.7,3.3,68,2,475.0
2026-07-02T19:00,35.0,76.6,1594.0,26.5,22.3,119.0,153,59,79.0,,30.7,73,36.7,0.0,0.0,975.1,5.3,62,3,360.0
2026-07-02T20:00,37.1,71.2,1893.0,32.9,25.4,101.0,150,53,65.0,,30.0,78,36.3,0.0,0.0,975.8,5.6,73,3,390.0
2026-07-02T21:00,38.3,66.4,1715.0,35.1,26.6,90.0,144,53,68.0,,29.7,81,36.2,0.0,0.0,976.8,5.8,83,3,420.0
2026-07-02T22:00,39.5,73.3,1293.0,35.1,26.8,81.0,141,54,81.0,,29.3,83,35.9,0.0,0.0,977.5,6.2,83,3,400.0
2026-07-02T23:00,41.6,89.4,937.0,34.2,26.5,75.0,138,55,92.0,,29.2,82,35.4,0.0,0.0,977.9,7.4,91,3,380.0
2026-07-03T00:00,43.0,94.3,768.0,32.9,25.9,69.0,135,56,103.0,,28.9,84,35.5,0.0,0.0,977.6,5.4,90,3,350.0
2026-07-03T01:00,45.4,99.7,665.0,30.8,24.8,65.0,132,57,113.0,,28.6,86,35.0,0.0,0.0,977.4,6.4,80,2,365.0
2026-07-03T02:00,47.8,104.8,580.0,28.2,23.7,65.0,130,59,110.0,,28.2,87,34.5,0.0,0.0,976.9,6.9,84,1,355.0
2026-07-03T03:00,46.0,80.1,484.0,24.7,22.3,70.0,127,58,84.0,,27.9,88,34.2,0.0,0.0,976.8,6.3,88,1,320.0
2026-07-03T04:00,41.1,58.7,407.0,20.8,20.9,78.0,126,55,46.0,,27.8,88,33.9,0.0,0.0,976.7,6.5,90,1,305.0
2026-07-03T05:00,21.8,26.2,384.0,15.2,18.0,94.0,124,44,8.0,,27.0,91,33.1,0.0,0.0,977.0,6.3,66,3,170.0
2026-07-03T06:00,21.4,27.7,466.0,17.0,19.0,94.0,120,44,11.0,,27.6,87,33.6,0.0,0.0,977.4,5.8,76,3,210.0
2026-07-03T07:00,23.3,31.8,604.0,19.3,20.5,94.0,116,45,15.0,,28.8,81,35.1,0.0,0.0,978.0,3.6,81,3,240.0
2026-07-03T08:00,24.6,35.5,681.0,20.1,21.9,101.0,112,45,21.0,,30.5,73,36.5,0.0,0.0,977.9,4.3,85,3,395.0
2026-07-03T09:00,27.2,49.5,632.0,17.7,23.2,121.0,108,61,29.0,,32.4,62,37.7,0.0,0.0,977.9,6.0,99,2,1040.0
2026-07-03T10:00,29.3,56.5,523.0,13.8,24.3,148.0,105,74,40.0,,33.5,55,38.3,0.1,0.1,978.0,7.9,125,51,1240.0
2026-07-03T11:00,31.2,56.2,439.0,11.1,25.3,167.0,103,87,49.0,,34.5,49,40.0,0.1,0.1,977.6,5.8,160,51,1265.0
2026-07-03T12:00,32.4,56.8,411.0,11.1,25.9,170.0,101,90,56.0,,33.8,54,38.5,0.3,0.3,977.3,6.2,165,51,1225.0
2026-07-03T13:00,33.8,70.8,408.0,12.4,26.3,165.0,99,85,63.0,,33.9,55,39.0,0.0,0.0,976.6,4.8,155,3,1225.0
2026-07-03T14:00,34.9,70.8,419.0,13.7,26.5,160.0,99,80,71.0,,34.0,55,39.4,0.0,0.0,975.6,2.9,173,3,1300.0
2026-07-03T15:00,38.1,99.7,422.0,13.9,26.4,160.0,106,80,84.0,,34.3,54,39.9,0.0,0.0,975.1,2.4,193,3,1365.0
2026-07-03T16:00,40.6,104.8,440.0,14.1,26.1,160.0,120,80,98.0,,34.4,53,39.8,0.0,0.0,974.5,2.9,187,3,1410.0
2026-07-03T17:00,45.2,87.8,531.0,15.8,27.3,190.0,133,110,84.0,,33.8,57,39.1,0.0,0.0,974.0,5.6,180,3,1250.0
2026-07-03T18:00,50.1,90.6,776.0,26.5,29.2,160.0,147,80,77.0,,32.7,64,38.6,0.0,0.0,974.6,5.8,175,3,435.0
2026-07-03T19:00,57.0,94.1,1095.0,41.3,31.7,118.0,150,64,68.0,,31.6,71,37.7,0.0,0.0,975.3,6.5,172,3,270.0
2026-07-03T20:00,65.4,96.2,1307.0,52.1,33.4,84.0,139,68,60.0,,30.9,75,37.5,0.0,0.0,975.8,4.8,165,3,195.0
2026-07-03T21:00,66.4,95.2,1321.0,55.4,33.5,66.0,121,68,56.0,,30.5,77,37.3,0.0,0.0,976.5,4.4,150,3,155.0
2026-07-03T22:00,65.7,94.5,1228.0,54.8,32.7,56.0,110,68,54.0,,30.4,79,37.3,0.0,0.0,976.6,4.2,137,3,130.0
2026-07-03T23:00,63.1,90.1,1115.0,52.7,31.4,50.0,113,67,52.0,,30.7,75,37.1,0.0,0.0,976.1,5.1,135,3,110.0
2026-07-04T00:00,59.4,84.1,994.0,49.1,29.5,46.0,115,65,48.0,,30.5,74,36.9,0.0,0.0,976.1,3.9,103,3,110.0
2026-07-04T01:00,56.7,79.4,853.0,44.1,27.1,46.0,117,63,45.0,,30.2,74,36.4,0.0,0.0,976.0,4.0,90,3,105.0
2026-07-04T02:00,55.5,76.4,747.0,40.2,25.3,46.0,118,63,40.0,,30.0,74,36.0,0.0,0.0,975.9,4.3,95,3,130.0
2026-07-04T03:00,54.9,73.1,697.0,39.0,24.5,42.0,119,62,33.0,,29.9,75,36.1,0.0,0.0,975.7,3.4,108,3,105.0
2026-07-04T04:00,54.6,69.6,680.0,38.8,24.3,39.0,119,62,25.0,,29.9,76,36.5,0.0,0.0,975.6,2.4,103,3,60.0
2026-07-04T05:00,55.9,91.3,686.0,33.5,23.6,50.0,121,63,68.0,,29.2,82,36.0,0.0,0.0,975.8,3.9,124,3,95.0
2026-07-04T06:00,57.7,82.7,736.0,31.6,25.6,66.0,124,64,69.0,,29.6,81,36.5,0.0,0.0,976.2,3.8,115,3,165.0
2026-07-04T07:00,55.1,81.7,808.0,28.7,28.4,89.0,128,63,71.0,,30.7,77,37.7,0.0,0.0,976.7,2.8,108,3,280.0
2026-07-04T08:00,48.2,84.8,824.0,25.1,30.1,112.0,132,59,71.0,,31.2,71,37.3,0.2,0.2,976.4,4.9,126,51,590.0
2026-07-04T09:00,39.9,63.6,722.0,20.2,29.9,135.0,134,68,70.0,,32.2,66,38.4,0.4,0.4,976.2,4.3,158,51,820.0
2026-07-04T10:00,36.9,69.8,565.0,14.5,28.8,158.0,135,79,67.0,,33.4,62,39.6,0.0,0.0,976.4,4.1,151,3,1280.0
2026-07-04T11:00,34.5,66.6,464.0,10.4,27.5,176.0,136,96,63.0,,32.6,65,39.1,0.1,0.1,976.3,2.5,159,51,1090.0
2026-07-04T12:00,32.4,59.1,477.0,8.7,26.2,187.0,136,107,56.0,,34.1,57,40.1,0.3,0.3,976.1,2.4,207,51,1175.0
2026-07-04T13:00,33.6,55.1,546.0,8.5,24.8,193.0,136,113,48.0,,35.7,51,42.0,0.1,0.1,975.0,2.2,265,51,1445.0
2026-07-04T14:00,36.4,57.9,610.0,9.0,24.0,197.0,136,117,43.0,,36.4,49,42.1,0.0,0.0,974.1,3.9,294,3,1525.0
2026-07-04T15:00,39.2,61.0,639.0,9.6,24.3,202.0,137,122,45.0,,36.5,48,41.7,0.1,0.1,973.3,5.1,306,51,1545.0
2026-07-04T16:00,41.9,72.2,662.0,10.9,25.3,204.0,154,124,51.0,,36.5,49,41.7,0.1,0.1,972.7,5.2,326,51,1585.0
2026-07-04T17:00,58.2,89.2,708.0,25.2,31.7,155.0,169,78,61.0,,33.4,67,40.2,0.1,0.1,972.8,6.8,335,51,785.0
2026-07-04T18:00,60.8,90.3,787.0,31.9,33.0,135.0,172,68,55.0,,32.9,70,40.1,0.0,0.0,972.4,4.6,9,3,630.0
2026-07-04T19:00,66.6,89.4,888.0,41.0,34.8,107.0,169,68,46.0,,32.1,78,40.3,0.0,0.0,972.8,2.2,76,3,85.0
2026-07-04T20:00,73.1,95.5,1008.0,47.3,36.2,85.0,158,72,44.0,,31.7,79,39.7,0.0,0.0,973.3,4.3,85,3,130.0
2026-07-04T21:00,79.4,101.3,1186.0,48.1,37.0,75.0,141,75,55.0,,31.5,81,39.8,0.0,0.0,973.8,2.7,132,3,30.0
2026-07-04T22:00,83.6,130.9,1383.0,46.0,37.4,70.0,142,77,72.0,,31.0,82,38.6,0.0,0.0,974.6,6.2,120,3,235.0
2026-07-04T23:00,78.0,119.2,1477.0,43.3,37.5,67.0,144,74,82.0,,31.7,76,38.8,0.0,0.0,974.6,6.1,66,3,260.0
2026-07-05T00:00,73.3,105.2,1380.0,40.4,37.1,65.0,146,72,80.0,,30.8,81,38.5,0.0,0.0,974.0,3.5,35,3,125.0
2026-07-05T01:00,69.6,99.0,1179.0,36.9,36.4,64.0,147,70,71.0,,30.4,84,38.4,0.0,0.0,974.0,3.2,16,3,120.0
2026-07-05T02:00,67.8,99.0,1015.0,34.4,35.3,63.0,149,69,60.0,,30.2,85,37.9,0.0,0.0,973.9,4.5,34,2,165.0
2026-07-05T03:00,67.5,92.0,945.0,34.3,33.6,56.0,150,69,46.0,,29.7,86,36.9,0.0,0.0,974.0,6.1,120,3,220.0
2026-07-05T04:00,66.4,83.4,913.0,35.2,31.7,49.0,150,68,30.0,,29.0,88,35.9,0.5,0.5,974.2,6.9,123,53,255.0
2026-07-05T05:00,54.5,59.8,889.0,27.4,22.0,66.0,151,62,10.0,,28.8,91,36.0,0.1,0.1,974.3,6.6,101,51,165.0
2026-07-05T06:00,43.8,46.0,876.0,26.4,24.6,76.0,151,56,8.0,,29.4,87,36.9,0.0,0.0,974.7,3.8,87,2,165.0
2026-07-05T07:00,36.0,38.4,870.0,24.8,28.1,92.0,150,52,5.0,,30.8,80,38.4,0.0,0.0,975.4,3.8,93,3,200.0
2026-07-05T08:00,31.5,34.2,834.0,22.1,30.4,113.0,149,53,5.0,,32.8,70,39.8,0.0,0.0,975.5,4.7,99,3,490.0
2026-07-05T09:00,32.6,42.6,734.0,17.4,30.6,145.0,147,73,11.0,,34.4,59,40.5,0.0,0.0,975.4,4.7,118,2,1070.0
2026-07-05T10:00,33.6,43.1,603.0,11.7,29.6,184.0,146,104,21.0,,34.5,55,39.8,0.2,0.2,975.4,8.8,102,51,1275.0
2026-07-05T11:00,34.0,48.8,503.0,7.4,28.1,212.0,146,132,29.0,,31.5,75,38.5,2.5,2.5,975.8,6.5,30,63,395.0
2026-07-05T12:00,34.6,51.9,461.0,5.6,25.9,223.0,146,143,33.0,,33.9,64,42.4,0.0,0.0,975.1,1.7,13,3,950.0
2026-07-05T13:00,34.9,54.2,450.0,5.2,23.2,225.0,146,145,35.0,,33.4,63,39.5,0.2,0.2,974.5,8.4,83,51,880.0
2026-07-05T14:00,34.8,53.2,451.0,5.5,21.5,224.0,146,144,37.0,,32.1,71,38.4,0.2,0.2,973.7,8.5,89,51,450.0
2026-07-05T15:00,36.2,57.5,456.0,6.0,21.4,226.0,164,146,42.0,,32.9,69,40.1,0.0,0.0,973.0,2.7,82,3,525.0
2026-07-05T16:00,36.4,56.0,473.0,7.2,22.3,226.0,185,146,48.0,,33.4,66,40.7,0.0,0.0,972.6,1.2,63,3,710.0
2026-07-05T17:00,40.4,80.8,513.0,11.3,24.9,195.0,201,115,81.0,,31.5,72,37.9,0.0,0.0,972.2,5.3,82,2,510.0
2026-07-05T18:00,48.2,87.8,594.0,21.0,27.5,164.0,205,84,76.0,,31.2,74,38.2,0.0,0.0,972.7,3.3,61,3,475.0
2026-07-05T19:00,56.7,95.2,698.0,34.3,31.0,120.0,203,63,71.0,,30.9,77,37.4,0.0,0.0,973.6,7.4,89,3,370.0
2026-07-05T20:00,66.6,103.8,783.0,43.9,33.2,85.0,193,68,73.0,,30.6,80,37.2,0.0,0.0,974.4,8.8,116,3,360.0
2026-07-05T21:00,74.7,109.2,844.0,46.7,33.3,67.0,171,72,94.0,,30.3,82,37.3,0.0,0.0,975.1,6.3,114,3,325.0
2026-07-05T22:00,76.4,113.2,887.0,45.7,32.1,59.0,145,73,122.0,,30.0,84,37.4,0.0,0.0,975.5,4.0,100,3,270.0
2026-07-05T23:00,72.4,140.2,886.0,42.8,30.3,55.0,139,71,132.0,,30.0,82,37.2,0.0,0.0,974.8,3.9,114,3,195.0
2026-07-06T00:00,57.3,86.4,811.0,37.6,27.7,57.0,139,64,106.0,,30.1,80,36.5,0.0,0.0,975.0,7.3,115,3,295.0
2026-07-06T01:00,52.6,75.0,693.0,30.5,24.4,63.0,137,61,63.0,,30.1,77,36.3,0.0,0.0,975.2,6.5,113,3,380.0
2026-07-06T02:00,48.5,63.3,596.0,24.5,21.5,70.0,135,59,28.0,,29.9,77,35.8,0.0,0.0,974.9,7.3,123,3,385.0
2026-07-06T03:00,42.7,49.9,533.0,20.2,18.9,77.0,133,56,13.0,,29.7,77,35.9,0.0,0.0,974.4,5.1,129,3,285.0
2026-07-06T04:00,38.9,42.4,491.0,17.0,16.6,84.0,131,54,7.0,,29.6,78,36.4,0.0,0.0,975.0,1.6,174,3,175.0
2026-07-06T05:00,26.5,26.5,497.0,17.3,15.3,85.0,128,47,0.0,,26.8,95,33.3,0.0,0.0,974.4,5.9,88,3,75.0
2026-07-06T06:00,25.6,25.6,603.0,19.3,17.1,83.0,125,46,1.0,,27.7,94,34.8,0.0,0.0,975.0,5.1,58,3,150.0
2026-07-06T07:00,24.5,25.1,757.0,21.9,19.8,81.0,123,45,2.0,,28.7,89,36.2,0.0,0.0,975.1,3.1,59,3,200.0
2026-07-06T08:00,21.8,23.4,832.0,23.2,22.5,86.0,122,44,3.0,,30.3,82,37.7,0.0,0.0,976.0,3.5,81,3,325.0
2026-07-06T09:00,22.0,23.9,747.0,22.0,25.5,100.0,121,44,4.0,,31.7,76,39.0,0.0,0.0,976.3,4.4,111,3,595.0
2026-07-06T10:00,22.9,24.7,582.0,19.3,28.5,121.0,120,61,4.0,,33.0,67,39.7,0.1,0.1,976.4,5.7,131,51,925.0
2026-07-06T11:00,23.8,25.6,455.0,16.6,30.3,143.0,118,72,4.0,,34.1,55,39.8,0.0,0.0,976.1,7.3,144,0,1150.0
2026-07-06T12:00,25.4,27.0,409.0,13.6,29.8,168.0,117,88,4.0,,35.3,50,42.4,0.0,0.0,975.3,2.3,151,0,1435.0
2026-07-06T13:00,26.8,28.2,400.0,10.6,28.1,195.0,116,115,4.0,,36.1,48,43.7,0.0,0.0,974.8,0.4,297,1,1605.0
2026-07-06T14:00,29.4,31.3,413.0,9.0,27.2,215.0,116,135,4.0,,36.5,48,43.6,0.0,0.0,973.8,2.0,280,1,1775.0
2026-07-06T15:00,31.5,33.2,427.0,8.0,27.5,230.0,115,150,4.0,,36.7,48,43.0,0.0,0.0,973.2,2.6,286,1,1930.0
2026-07-06T16:00,33.1,34.6,463.0,8.5,28.6,239.0,134,159,3.0,,36.6,48,42.2,0.0,0.0,972.5,1.1,279,2,1855.0
2026-07-06T17:00,33.1,42.4,569.0,13.0,22.8,201.0,162,121,19.0,,34.5,59,40.4,0.0,0.0,972.2,7.0,119,0,520.0
2026-07-06T18:00,37.7,46.7,812.0,30.5,26.4,160.0,179,80,18.0,,33.6,68,40.8,0.4,0.4,972.7,4.5,143,51,150.0
2026-07-06T19:00,52.0,60.1,1124.0,54.6,31.4,104.0,185,61,16.0,,32.5,76,40.6,0.0,0.0,973.3,3.3,229,0,45.0
2026-07-06T20:00,61.7,69.4,1349.0,72.5,35.2,59.0,179,66,15.0,,32.1,80,40.7,0.0,0.0,973.7,2.0,5,0,30.0
2026-07-06T21:00,63.8,71.9,1429.0,78.3,36.8,39.0,161,69,15.0,,32.0,78,40.1,0.0,0.0,974.7,4.2,83,0,145.0
2026-07-06T22:00,66.1,74.7,1423.0,77.9,37.3,30.0,132,69,16.0,,31.7,76,39.1,0.0,0.0,975.1,4.2,102,0,155.0
2026-07-06T23:00,67.5,75.9,1349.0,76.1,36.8,25.0,109,69,16.0,,31.1,79,38.7,0.0,0.0,975.1,3.5,111,1,85.0
2026-07-07T00:00,67.1,74.7,1183.0,73.9,35.0,21.0,109,69,15.0,,31.0,80,38.7,0.0,0.0,975.0,3.1,90,2,70.0
2026-07-07T01:00,66.1,73.6,950.0,70.4,32.3,20.0,110,68,14.0,,30.9,81,38.8,0.0,0.0,974.6,2.3,94,3,65.0
2026-07-07T02:00,65.2,72.9,738.0,67.2,30.2,19.0,111,68,13.0,,30.6,82,38.2,0.0,0.0,974.3,4.0,120,3,140.0
2026-07-07T03:00,64.3,71.9,554.0,65.6,29.1,14.0,113,67,11.0,,30.2,84,37.8,0.0,0.0,973.6,3.7,125,0,160.0
2026-07-07T04:00,65.0,72.9,392.0,64.5,28.6,10.0,115,68,10.0,,29.8,85,37.3,0.0,0.0,974.1,4.0,175,1,145.0
2026-07-07T05:00,49.0,77.8,326.0,37.3,24.3,34.0,118,59,53.0,,27.5,96,34.3,0.0,0.0,974.3,7.9,16,3,120.0
2026-07-07T06:00,49.0,74.3,443.0,37.9,23.8,37.0,120,59,52.0,,27.6,95,34.7,1.2,1.2,974.6,5.6,360,55,130.0
2026-07-07T07:00,41.2,68.0,656.0,38.4,23.3,42.0,123,55,52.0,,28.2,95,35.8,0.1,0.1,975.1,5.0,178,51,155.0
2026-07-07T08:00,43.2,70.8,784.0,37.3,24.2,56.0,124,56,50.0,,29.8,88,37.5,0.0,0.0,975.7,5.2,245,3,295.0
2026-07-07T09:00,45.5,75.0,728.0,33.3,27.8,84.0,127,57,47.0,,31.6,76,38.5,0.0,0.0,975.6,7.5,250,3,495.0
2026-07-07T10:00,45.4,72.9,588.0,27.5,32.9,121.0,129,61,44.0,,32.8,68,39.7,0.0,0.0,975.5,7.3,224,3,765.0
2026-07-07T11:00,42.5,63.6,476.0,22.2,36.7,157.0,131,79,40.0,,31.0,81,39.8,0.0,0.0,975.3,4.9,287,3,440.0
2026-07-07T12:00,41.9,57.9,427.0,17.5,38.2,190.0,133,110,35.0,,32.5,70,40.2,0.0,0.0,975.0,1.4,203,3,840.0
2026-07-07T13:00,43.7,57.2,408.0,13.1,38.6,222.0,135,142,29.0,,30.9,72,37.3,0.6,0.6,974.6,5.7,307,53,425.0
2026-07-07T14:00,46.6,58.9,428.0,10.7,38.6,244.0,137,164,24.0,,31.9,69,38.7,0.2,0.2,973.5,1.5,346,51,455.0
2026-07-07T15:00,48.7,59.5,498.0,9.3,37.8,255.0,139,175,21.0,,32.5,64,38.2,0.0,0.0,972.8,6.2,73,3,925.0
2026-07-07T16:00,47.8,56.8,608.0,9.8,36.7,255.0,149,175,19.0,,30.4,78,36.4,0.0,0.0,972.3,9.8,96,3,425.0
2026-07-07T17:00,46.9,92.0,742.0,35.4,33.0,101.0,181,58,88.0,,26.5,94,32.5,0.0,0.0,972.2,7.6,89,3,210.0
2026-07-07T18:00,41.3,60.3,936.0,38.3,31.0,88.0,184,55,66.0,,26.7,96,33.7,3.1,3.1,972.1,2.0,80,63,170.0
2026-07-07T19:00,41.1,52.2,1155.0,42.6,28.3,70.0,179,55,35.0,,26.8,96,33.9,1.6,1.6,972.9,2.6,282,61,125.0
2026-07-07T20:00,43.5,49.5,1276.0,47.6,27.2,53.0,165,56,11.0,,27.0,96,33.9,1.0,1.0,973.8,4.3,92,55,155.0
2026-07-07T21:00,50.4,52.4,1229.0,55.0,29.5,39.0,141,60,1.0,,26.9,97,33.6,0.5,0.5,975.0,6.6,103,53,190.0
2026-07-07T22:00,58.4,58.6,1084.0,63.1,33.3,27.0,139,64,0.0,,27.0,96,34.1,0.1,0.1,975.2,2.8,130,51,155.0
2026-07-07T23:00,60.1,60.1,925.0,66.8,35.3,21.0,138,65,0.0,,27.0,95,33.8,0.0,0.0,974.4,4.0,95,3,155.0
2026-07-08T00:00,58.8,60.8,762.0,63.0,33.8,22.0,138,64,6.0,,26.9,95,34.1,0.0,0.0,974.3,1.6,96,3,130.0
2026-07-08T01:00,57.2,62.4,585.0,54.8,30.6,29.0,137,64,14.0,,27.0,94,34.2,0.0,0.0,973.7,1.4,310,3,80.0
2026-07-08T02:00,52.5,62.4,452.0,46.0,26.8,38.0,136,61,19.0,,26.9,96,32.9,0.0,0.0,973.8,9.6,323,3,270.0
2026-07-08T03:00,48.3,62.6,383.0,36.8,22.4,49.0,135,59,15.0,,26.8,94,33.3,0.0,0.0,973.8,4.6,9,3,150.0
2026-07-08T04:00,39.5,43.0,356.0,27.1,17.5,62.0,133,54,6.0,,26.7,93,32.4,0.0,0.0,973.9,8.2,26,3,305.0
2026-07-08T05:00,49.4,49.6,367.0,35.4,29.7,48.0,130,60,0.0,,26.1,97,32.2,0.5,0.5,973.6,7.1,30,53,400.0
2026-07-08T06:00,46.1,46.3,440.0,36.9,26.7,49.0,130,58,0.0,,26.3,97,32.1,1.5,1.5,973.6,9.5,33,61,425.0
2026-07-08T07:00,46.6,46.8,550.0,38.9,22.5,51.0,130,58,0.0,,26.6,97,32.5,0.9,0.9,973.9,9.7,59,53,440.0
2026-07-08T08:00,39.2,39.5,613.0,39.3,19.7,55.0,131,54,0.0,,27.1,94,32.8,0.2,0.2,974.3,10.8,69,51,385.0
2026-07-08T09:00,34.8,35.0,578.0,37.1,19.4,59.0,130,51,0.0,,27.8,89,33.7,0.1,0.1,974.5,9.3,63,51,470.0
2026-07-08T10:00,27.6,27.9,498.0,33.2,20.3,64.0,129,47,0.0,,28.7,83,34.3,0.0,0.0,974.7,10.1,70,3,555.0
2026-07-08T11:00,25.9,26.2,443.0,28.8,21.5,77.0,127,46,0.0,,27.3,92,33.3,0.1,0.1,974.7,8.3,89,51,410.0
2026-07-08T12:00,25.3,25.6,446.0,23.0,22.9,105.0,125,46,0.0,,27.7,88,33.6,1.2,1.2,974.3,8.1,61,55,480.0
2026-07-08T13:00,26.5,27.1,475.0,16.5,24.5,141.0,124,71,1.0,,29.1,79,34.7,0.1,0.1,973.6,7.7,57,51,665.0
2026-07-08T14:00,29.3,30.0,508.0,12.7,25.2,163.0,122,83,1.0,,29.3,78,34.8,0.1,0.1,973.0,8.3,41,51,600.0
2026-07-08T15:00,30.3,31.2,530.0,12.6,24.1,163.0,120,83,1.0,,29.0,80,34.8,0.1,0.1,972.3,7.8,13,51,545.0
2026-07-08T16:00,29.5,30.5,556.0,15.1,22.1,151.0,118,76,2.0,,29.1,80,34.9,0.3,0.3,971.9,7.9,4,51,535.0
2026-07-08T17:00,41.7,42.4,603.0,39.9,21.8,71.0,116,55,1.0,,27.1,91,33.0,0.1,0.1,972.3,8.0,44,51,355.0
2026-07-08T18:00,39.3,40.0,705.0,40.5,20.3,64.0,116,54,1.0,,26.5,96,32.5,2.1,2.1,972.0,8.1,360,61,220.0
2026-07-08T19:00,38.5,39.1,828.0,41.2,18.1,53.0,116,53,1.0,,26.3,95,32.1,0.7,0.7,972.3,8.4,25,53,215.0
2026-07-08T20:00,38.4,39.0,890.0,40.4,15.9,47.0,115,53,1.0,,26.5,94,32.2,0.2,0.2,973.2,8.8,33,51,350.0
2026-07-08T21:00,36.3,36.7,843.0,37.0,13.8,47.0,115,52,1.0,,26.6,95,32.3,0.6,0.6,973.7,10.3,27,53,420.0
2026-07-08T22:00,32.0,32.2,735.0,32.2,11.8,51.0,113,50,0.0,,26.7,96,32.5,1.0,1.0,973.7,10.2,32,55,540.0
2026-07-08T23:00,25.0,25.1,624.0,27.7,10.1,56.0,111,46,0.0,,26.2,94,31.8,2.0,2.0,973.4,8.6,16,61,390.0
2026-07-09T00:00,21.0,21.1,517.0,23.9,9.0,60.0,107,43,0.0,,26.0,96,31.6,1.9,1.9,973.0,9.0,357,61,335.0
2026-07-09T01:00,19.6,19.7,407.0,20.4,8.3,65.0,103,43,0.0,,25.9,95,31.3,1.8,1.8,972.3,9.9,2,61,350.0
2026-07-09T02:00,18.0,18.0,329.0,17.7,7.6,69.0,99,42,0.0,,25.8,96,31.2,1.8,1.8,972.1,9.4,352,61,365.0
2026-07-09T03:00,16.6,16.7,300.0,15.6,6.6,72.0,97,41,0.0,,25.8,95,31.0,1.7,1.7,971.9,9.9,335,61,450.0
2026-07-09T04:00,16.0,16.0,302.0,14.2,5.6,75.0,94,41,0.0,,25.7,96,30.9,8.0,8.0,972.2,10.2,321,65,395.0
2026-07-09T05:00,25.8,26.5,322.0,26.9,14.5,45.0,92,46,1.0,,25.4,96,30.2,18.1,18.1,972.7,11.4,355,65,525.0
2026-07-09T06:00,23.2,24.0,361.0,26.9,15.6,51.0,90,45,0.0,,25.2,97,30.1,10.1,10.1,972.2,11.1,333,65,350.0
2026-07-09T07:00,23.1,24.3,417.0,26.8,17.0,60.0,89,45,0.0,,25.0,98,29.0,7.3,7.3,972.5,16.5,349,63,430.0
2026-07-09T08:00,26.3,27.5,469.0,25.6,18.1,71.0,87,46,2.0,,25.6,93,29.1,12.1,12.1,973.5,18.9,2,65,620.0
2026-07-09T09:00,26.3,27.5,515.0,22.5,18.5,83.0,86,46,16.0,,25.3,94,29.1,15.1,15.1,973.9,15.8,352,65,595.0
2026-07-09T10:00,29.3,41.1,558.0,18.4,18.5,97.0,85,48,36.0,,25.4,94,29.8,9.0,9.0,974.4,13.2,331,65,560.0
2026-07-09T11:00,29.2,56.0,580.0,14.7,17.9,109.0,85,49,52.0,,25.2,94,30.1,8.1,8.1,975.6,8.8,20,65,375.0
2026-07-09T12:00,32.1,84.3,563.0,11.4,16.2,121.0,85,61,60.0,,25.4,94,30.8,3.5,3.5,975.4,6.9,327,63,325.0
2026-07-09T13:00,27.4,74.3,526.0,8.5,13.8,132.0,86,66,64.0,,26.4,92,32.0,1.2,1.2,974.8,7.5,320,55,565.0
2026-07-09T14:00,26.2,60.1,508.0,7.7,12.4,137.0,86,69,66.0,,27.9,83,32.6,0.1,0.1,974.2,11.5,335,51,740.0
2026-07-09T15:00,24.1,41.3,524.0,8.7,12.4,134.0,86,67,68.0,,28.6,78,33.1,0.0,0.0,974.4,12.4,341,3,735.0
2026-07-09T16:00,23.0,47.8,559.0,11.6,13.2,126.0,85,63,69.0,,28.9,77,33.8,0.0,0.0,973.7,10.4,326,3,705.0
2026-07-09T17:00,35.9,49.9,607.0,23.8,18.3,95.0,85,52,28.0,,29.2,75,33.6,0.0,0.0,973.5,12.9,335,3,780.0
2026-07-09T18:00,40.5,55.2,679.0,38.6,22.7,72.0,84,55,24.0,,28.3,80,33.2,0.0,0.0,973.7,10.6,341,3,605.0
2026-07-09T19:00,54.4,64.7,763.0,59.0,28.9,41.0,84,62,18.0,,27.3,86,32.6,0.0,0.0,974.5,8.5,348,3,435.0
2026-07-09T20:00,68.5,75.4,825.0,74.2,34.1,17.0,86,69,13.0,,26.8,89,32.5,0.0,0.0,974.8,6.4,328,3,380.0
2026-07-09T21:00,72.2,77.1,850.0,79.4,37.5,7.0,88,71,9.0,,26.5,91,32.2,0.0,0.0,975.6,5.8,358,3,305.0
2026-07-09T22:00,78.5,82.0,851.0,79.4,39.9,4.0,91,74,6.0,,26.1,92,32.0,0.0,0.0,975.4,4.7,310,3,180.0
2026-07-09T23:00,80.3,83.1,834.0,78.4,40.9,3.0,95,75,5.0,,27.1,95,33.7,0.0,0.0,975.5,6.4,350,3,250.0
2026-07-10T00:00,83.4,85.2,794.0,77.5,39.7,1.0,99,77,8.0,,26.5,97,32.9,0.0,0.0,975.2,6.2,345,3,220.0
2026-07-10T01:00,82.0,85.9,736.0,75.5,37.1,1.0,105,76,12.0,,26.3,97,32.7,0.0,0.0,974.6,5.6,303,3,190.0
2026-07-10T02:00,78.2,87.1,674.0,73.7,35.2,1.0,111,74,16.0,,26.0,97,32.1,0.0,0.0,974.3,6.3,325,3,230.0
2026-07-10T03:00,77.8,85.7,601.0,73.0,34.6,0.0,118,74,15.0,,25.7,96,31.4,0.0,0.0,974.1,6.8,307,3,235.0
2026-07-10T04:00,81.3,89.2,525.0,72.4,34.6,0.0,124,76,12.0,,25.5,96,31.0,0.0,0.0,974.7,7.1,294,3,235.0
2026-07-10T05:00,48.1,62.2,485.0,26.2,18.9,36.0,131,59,27.0,,26.9,97,33.5,0.0,0.0,974.5,6.3,263,2,180.0
2026-07-10T06:00,47.7,63.8,518.0,24.9,19.6,46.0,133,59,43.0,,27.2,94,33.7,0.3,0.3,974.7,6.2,291,51,275.0
2026-07-10T07:00,41.8,63.6,586.0,23.0,20.6,61.0,136,55,65.0,,27.8,90,34.1,0.1,0.1,975.7,7.4,356,51,450.0
2026-07-10T08:00,39.3,86.6,620.0,20.4,21.1,79.0,138,54,92.0,,28.4,86,34.7,0.2,0.2,976.0,6.6,299,51,460.0
2026-07-10T09:00,45.6,112.0,580.0,16.7,20.9,103.0,139,58,120.0,,30.1,79,36.0,0.0,0.0,976.3,9.9,318,2,915.0
2026-07-10T10:00,52.2,141.6,505.0,12.4,20.4,130.0,141,66,151.0,,30.0,78,35.6,0.0,0.0,976.6,11.5,350,3,810.0
2026-07-10T11:00,57.6,156.5,443.0,9.0,19.7,153.0,144,77,192.0,,31.1,73,37.8,0.0,0.0,976.3,9.7,320,2,965.0
2026-07-10T12:00,63.3,204.9,403.0,6.9,18.7,170.0,146,90,252.0,,32.1,68,39.3,0.0,0.0,976.2,10.0,322,1,1145.0
2026-07-10T13:00,69.8,242.1,376.0,5.8,17.5,183.0,150,103,321.0,,32.5,66,39.5,0.0,0.0,975.1,10.5,329,0,1170.0
2026-07-10T14:00,73.1,266.4,380.0,6.3,17.0,189.0,151,109,379.0,,32.8,63,39.2,0.0,0.0,974.7,10.7,327,0,1155.0
2026-07-10T15:00,77.1,292.4,377.0,7.7,17.4,189.0,153,109,429.0,,33.0,62,38.6,0.0,0.0,974.3,10.5,335,0,1165.0
2026-07-10T16:00,81.5,318.5,405.0,10.7,18.4,183.0,154,113,467.0,,32.8,62,38.0,0.0,0.0,973.7,8.7,339,0,995.0
2026-07-10T17:00,119.2,694.8,601.0,18.7,15.6,150.0,156,213,1140.0,,32.0,64,37.6,0.0,0.0,973.3,4.5,323,1,635.0
2026-07-10T18:00,122.9,612.8,1138.0,37.8,20.1,119.0,158,191,1016.0,,31.3,72,37.9,0.0,0.0,973.8,4.0,267,1,155.0
2026-07-10T19:00,128.1,556.9,1844.0,63.8,26.4,76.0,161,177,840.0,,30.1,78,36.6,0.0,0.0,974.3,4.6,261,1,95.0
2026-07-10T20:00,124.8,465.7,2335.0,81.0,30.8,44.0,163,152,668.0,,29.6,79,35.5,0.0,0.0,974.9,7.2,266,2,190.0
2026-07-10T21:00,105.9,332.5,2467.0,80.6,31.5,34.0,165,117,508.0,,29.1,81,35.0,0.0,0.0,975.5,8.1,274,3,325.0
2026-07-10T22:00,88.9,243.1,2384.0,71.3,30.5,35.0,166,93,351.0,,28.5,86,35.3,0.0,0.0,975.5,3.6,250,3,200.0
2026-07-10T23:00,82.9,203.5,2141.0,64.2,29.6,35.0,166,82,231.0,,28.3,87,35.0,0.0,0.0,975.4,4.8,283,3,160.0
2026-07-11T00:00,84.8,191.4,1643.0,63.4,29.6,30.0,166,79,166.0,,27.9,89,34.4,0.0,0.0,974.7,5.2,268,3,120.0
2026-07-11T01:00,80.8,161.1,985.0,64.7,29.8,25.0,166,75,138.0,,27.7,89,34.1,0.0,0.0,974.3,5.2,266,3,150.0
2026-07-11T02:00,73.6,139.7,501.0,66.1,30.3,20.0,166,72,124.0,,27.6,90,34.5,0.0,0.0,973.7,2.4,279,3,55.0
2026-07-11T03:00,72.9,133.2,345.0,68.2,31.3,11.0,166,71,118.0,,27.5,91,34.5,0.0,0.0,973.8,1.9,326,3,45.0
2026-07-11T04:00,79.6,151.8,362.0,70.5,32.7,2.0,166,75,126.0,,27.5,91,34.7,0.0,0.0,974.0,0.8,225,3,20.0
2026-07-11T05:00,98.5,238.0,426.0,55.3,26.9,19.0,166,91,267.0,,27.4,93,34.5,0.0,0.0,974.0,2.8,310,2,55.0
2026-07-11T06:00,96.2,233.3,542.0,49.3,27.6,33.0,167,90,314.0,,27.7,93,34.6,0.0,0.0,974.3,4.8,297,3,105.0
2026-07-11T07:00,100.1,261.7,703.0,40.7,28.4,54.0,169,98,388.0,,28.6,87,35.8,0.0,0.0,974.7,1.7,41,1,195.0
2026-07-11T08:00,111.5,373.5,767.0,31.9,27.6,76.0,170,128,508.0,,29.1,84,35.8,0.0,0.0,975.6,5.6,69,1,260.0
2026-07-11T09:00,125.7,508.5,630.0,22.7,23.5,100.0,173,164,697.0,,30.5,77,37.2,0.0,0.0,975.6,4.7,212,0,875.0
2026-07-11T10:00,137.4,612.8,396.0,13.2,17.8,125.0,175,191,932.0,,32.3,64,37.4,0.0,0.0,975.4,10.3,270,1,1090.0
2026-07-11T11:00,149.5,739.5,224.0,6.5,13.4,143.0,181,225,1165.0,,33.1,60,38.6,0.0,0.0,975.3,11.8,289,1,1200.0
2026-07-11T12:00,165.8,905.2,180.0,3.6,11.5,149.0,193,269,1426.0,,33.7,59,40.3,0.1,0.1,974.9,9.3,299,51,1230.0
2026-07-11T13:00,181.1,1050.5,199.0,3.4,11.0,147.0,221,308,1684.0,,34.1,58,41.1,0.1,0.1,974.1,8.1,299,51,1260.0
2026-07-11T14:00,184.9,1084.1,251.0,5.4,10.9,141.0,269,317,1797.0,,34.3,57,41.0,0.1,0.1,973.4,6.6,291,51,1305.0
2026-07-11T15:00,180.7,1043.1,255.0,9.1,10.9,133.0,316,306,1664.0,,34.2,57,39.8,0.0,0.0,972.8,5.8,275,1,1295.0
2026-07-11T16:00,168.6,925.7,292.0,15.1,11.4,122.0,355,275,1385.0,,34.2,57,39.5,0.0,0.0,972.2,6.4,243,1,1335.0
2026-07-11T17:00,141.6,661.2,576.0,16.5,15.8,127.0,387,204,1028.0,,34.1,61,40.5,0.0,0.0,972.1,4.9,242,1,1050.0
2026-07-11T18:00,150.4,506.6,1437.0,43.6,24.4,92.0,385,163,921.0,,32.7,71,39.9,0.0,0.0,972.3,4.6,211,0,165.0
2026-07-11T19:00,173.7,506.6,2545.0,80.7,36.3,45.0,379,163,772.0,,31.7,78,39.7,0.0,0.0,972.7,2.3,162,0,30.0
2026-07-11T20:00,197.4,530.9,3120.0,106.4,45.9,10.0,377,170,648.0,,31.5,79,39.8,0.0,0.0,973.4,1.0,149,1,15.0
2026-07-11T21:00,208.6,508.5,2665.0,109.7,51.3,1.0,380,164,578.0,,31.0,81,38.7,0.0,0.0,974.0,4.0,170,1,55.0
2026-07-11T22:00,206.8,482.4,1678.0,101.7,54.3,5.0,389,157,533.0,,30.7,77,37.3,0.0,0.0,974.1,6.2,187,0,165.0
2026-07-11T23:00,193.2,446.1,873.0,94.0,54.5,8.0,401,147,491.0,,31.0,76,37.7,0.0,0.0,973.8,5.4,214,1,130.0
2026-07-12T00:00,177.9,402.3,528.0,91.1,50.5,6.0,411,135,438.0,,29.9,79,36.1,0.0,0.0,972.8,7.8,226,0,135.0
2026-07-12T01:00,163.0,359.5,366.0,88.6,43.7,4.0,420,124,388.0,,29.5,80,35.7,0.0,0.0,972.3,6.6,237,0,135.0
2026-07-12T02:00,150.4,339.9,270.0,84.9,37.6,3.0,429,119,366.0,,29.1,80,35.1,0.0,0.0,971.9,6.0,249,0,115.0
2026-07-12T03:00,142.0,341.8,223.0,80.1,33.5,2.0,437,119,373.0,,28.9,79,34.5,0.0,0.0,971.3,6.5,240,0,135.0
2026-07-12T04:00,137.8,362.3,242.0,74.1,30.2,2.0,446,125,407.0,,28.7,78,34.3,0.0,0.0,971.3,5.9,243,3,120.0
2026-07-12T05:00,132.2,592.3,265.0,29.1,12.0,30.0,454,186,901.0,,29.4,74,34.1,0.0,0.0,971.1,10.9,243,0,435.0
2026-07-12T06:00,151.3,715.3,278.0,24.5,12.0,40.0,469,219,1042.0,,29.6,72,34.2,0.0,0.0,971.7,10.5,246,0,490.0
2026-07-12T07:00,170.0,741.3,295.0,18.1,12.0,54.0,489,226,1245.0,,30.5,70,35.2,0.0,0.0,972.2,10.5,253,0,570.0
2026-07-12T08:00,189.5,933.2,297.0,12.6,12.0,70.0,509,277,1468.0,,31.3,67,35.8,0.0,0.0,972.6,12.3,258,1,690.0
2026-07-12T09:00,195.6,1005.8,271.0,9.0,11.9,90.0,532,296,1736.0,,32.2,64,36.9,0.0,0.0,973.1,11.8,261,1,755.0
2026-07-12T10:00,212.8,1169.7,230.0,6.4,11.9,111.0,553,340,2024.0,,33.2,62,39.0,0.0,0.0,973.2,11.4,264,0,870.0
2026-07-12T11:00,230.0,1333.7,200.0,4.6,11.6,126.0,576,384,2205.0,,34.3,59,40.8,0.0,0.0,973.3,11.8,276,0,1085.0
2026-07-12T12:00,233.3,1397.0,187.0,3.4,11.0,130.0,601,401,2227.0,,34.6,57,41.0,0.1,0.1,973.4,10.7,286,51,1270.0
2026-07-12T13:00,220.3,1307.6,186.0,3.0,10.1,127.0,622,377,2144.0,,35.0,55,41.6,0.1,0.1,972.7,9.6,290,51,1295.0
2026-07-12T14:00,203.5,1192.1,201.0,4.1,9.8,122.0,632,346,1986.0,,35.0,55,41.3,0.1,0.1,972.3,8.8,290,51,1400.0
2026-07-12T15:00,185.8,1061.7,229.0,6.5,9.9,117.0,637,311,1726.0,,34.3,59,40.2,0.3,0.3,972.2,8.9,297,51,1045.0
2026-07-12T16:00,167.6,851.2,275.0,10.4,10.5,110.0,638,255,1392.0,,32.4,65,37.7,0.3,0.3,972.2,9.6,311,51,450.0
2026-07-12T17:00,185.3,810.3,357.0,16.6,15.2,117.0,635,244,1246.0,,34.6,58,40.7,0.6,0.6,971.6,5.4,276,53,1230.0
2026-07-12T18:00,187.7,687.3,530.0,33.8,20.4,93.0,641,211,1183.0,,33.6,68,40.9,0.0,0.0,971.6,3.8,289,1,165.0
2026-07-12T19:00,200.7,709.7,739.0,57.4,27.7,61.0,648,217,1095.0,,32.3,73,39.7,0.0,0.0,971.9,4.2,295,2,75.0
2026-07-12T20:00,213.3,732.0,838.0,74.0,33.6,36.0,657,223,1024.0,,31.9,75,39.5,0.0,0.0,972.6,2.7,270,3,40.0
2026-07-12T21:00,219.3,735.7,728.0,77.4,37.5,28.0,665,224,994.0,,31.5,77,39.1,0.0,0.0,973.4,2.4,228,2,35.0
2026-07-12T22:00,223.1,746.9,509.0,73.8,40.1,28.0,675,227,981.0,,31.1,78,38.5,0.0,0.0,973.9,3.4,245,1,40.0
2026-07-12T23:00,220.7,707.8,333.0,69.0,39.8,28.0,686,217,957.0,,31.5,72,37.6,0.0,0.0,973.5,8.4,254,2,220.0
2026-07-13T00:00,207.7,663.1,260.0,64.6,34.8,26.0,697,205,903.0,,30.5,72,35.4,0.1,0.1,973.1,11.3,245,51,545.0
2026-07-13T01:00,195.1,622.1,231.0,59.0,27.1,24.0,707,194,836.0,,30.5,64,33.8,0.0,0.0,973.0,13.7,275,0,800.0
2026-07-13T02:00,175.6,577.4,217.0,52.3,20.4,24.0,718,182,786.0,,29.6,67,33.5,0.0,0.0,973.0,9.8,283,0,510.0
2026-07-13T03:00,152.7,534.6,208.0,43.8,16.2,25.0,728,171,760.0,,28.9,70,33.2,0.0,0.0,972.8,7.7,270,0,325.0
2026-07-13T04:00,137.8,519.7,215.0,34.2,13.1,27.0,736,167,750.0,,28.4,72,32.7,0.0,0.0,973.1,7.9,274,1,315.0
2026-07-13T05:00,140.6,516.0,242.0,21.1,10.3,47.0,743,166,735.0,,29.0,73,33.2,0.0,0.0,973.1,11.6,262,0,435.0
2026-07-13T06:00,142.5,510.4,314.0,20.9,11.7,55.0,740,164,755.0,,29.1,72,33.2,0.0,0.0,973.3,11.5,262,2,450.0
2026-07-13T07:00,144.4,488.0,406.0,20.6,13.5,67.0,731,158,784.0,,30.0,70,34.5,0.0,0.0,973.8,10.4,268,1,540.0
2026-07-13T08:00,138.8,555.1,453.0,18.9,14.6,81.0,721,176,819.0,,31.2,67,36.2,0.0,0.0,974.6,9.5,268,1,670.0
2026-07-13T09:00,127.1,564.4,409.0,14.7,14.3,99.0,705,179,871.0,,32.4,63,37.1,0.0,0.0,974.7,11.0,275,1,820.0
2026-07-13T10:00,122.0,590.5,319.0,9.3,13.2,119.0,686,185,929.0,,33.4,60,39.1,0.0,0.0,974.8,10.8,281,1,1155.0
2026-07-13T11:00,117.3,599.8,252.0,5.4,12.4,134.0,662,188,955.0,,34.7,54,40.9,0.0,0.0,974.7,10.3,285,1,1275.0
2026-07-13T12:00,112.9,579.3,230.0,3.8,12.1,143.0,632,182,930.0,,35.2,51,41.6,0.0,0.0,974.8,7.7,286,1,1410.0
2026-07-13T13:00,104.5,519.7,230.0,3.8,11.9,146.0,598,167,873.0,,35.7,48,41.8,0.0,0.0,974.4,5.9,268,1,1570.0
2026-07-13T14:00,105.0,510.4,255.0,5.2,12.0,146.0,565,164,806.0,,35.8,48,41.5,0.0,0.0,973.9,6.9,264,1,1640.0
2026-07-13T15:00,103.8,489.9,265.0,6.8,11.9,142.0,536,159,729.0,,35.6,49,40.4,0.0,0.0,973.3,8.8,261,0,1585.0
2026-07-13T16:00,98.0,448.0,300.0,10.0,12.0,134.0,513,147,641.0,,35.4,50,39.8,0.0,0.0,973.1,8.5,265,2,1660.0
2026-07-13T17:00,104.3,444.2,475.0,21.8,13.1,110.0,496,146,674.0,,34.3,65,41.5,0.0,0.0,972.6,5.2,155,2,160.0
2026-07-13T18:00,111.1,393.0,975.0,41.5,18.7,84.0,481,133,655.0,,33.5,71,41.2,0.0,0.0,973.0,4.4,150,2,125.0
2026-07-13T19:00,124.3,417.2,1616.0,68.6,26.7,49.0,468,139,627.0,,32.6,74,40.4,0.0,0.0,973.4,3.8,197,3,80.0
2026-07-13T20:00,140.6,442.4,1962.0,89.1,34.0,21.0,456,146,592.0,,32.2,67,38.1,0.0,0.0,974.1,6.4,252,3,145.0
2026-07-13T21:00,158.3,455.4,1741.0,97.3,40.6,9.0,444,149,542.0,,31.8,63,36.9,0.0,0.0,974.5,6.1,273,3,110.0
2026-07-13T22:00,171.8,446.1,1226.0,98.8,46.5,4.0,432,147,485.0,,30.8,69,36.2,0.0,0.0,975.3,6.4,310,3,225.0
2026-07-13T23:00,157.4,386.5,801.0,96.5,48.8,3.0,420,131,443.0,,30.6,72,36.4,0.0,0.0,974.9,6.1,240,3,75.0
2026-07-14T00:00,132.2,327.8,622.0,90.3,45.2,3.0,406,115,410.0,,29.8,77,36.1,0.0,0.0,974.9,4.3,253,2,65.0
2026-07-14T01:00,123.9,333.4,534.0,80.1,38.0,7.0,391,117,393.0,,29.7,77,35.8,0.0,0.0,974.4,5.1,238,1,90.0
2026-07-14T02:00,122.0,345.5,451.0,69.0,31.1,11.0,375,120,434.0,,29.8,72,35.0,0.0,0.0,974.4,7.6,265,1,240.0
2026-07-14T03:00,121.1,383.7,311.0,56.6,25.5,16.0,363,130,576.0,,29.3,74,34.5,0.0,0.0,974.3,6.6,303,1,205.0
2026-07-14T04:00,131.8,493.6,177.0,43.3,20.2,21.0,356,160,776.0,,28.7,77,34.0,0.0,0.0,974.7,6.2,330,1,175.0
2026-07-14T05:00,68.0,164.8,153.0,24.7,12.1,42.0,354,72,185.0,,26.1,95,32.1,0.0,0.0,975.3,5.3,258,3,115.0
2026-07-14T06:00,63.1,148.5,360.0,24.5,13.4,48.0,336,68,186.0,,26.4,85,29.5,1.0,1.0,975.3,19.6,250,55,255.0
2026-07-14T07:00,63.3,152.3,677.0,23.9,15.3,57.0,317,69,195.0,,28.1,76,32.4,0.1,0.1,975.4,9.7,242,51,90.0
2026-07-14T08:00,71.2,207.2,852.0,22.0,16.5,71.0,299,83,262.0,,30.8,70,36.2,0.0,0.0,975.6,7.9,266,1,380.0
2026-07-14T09:00,86.6,307.3,731.0,17.4,16.6,97.0,279,110,432.0,,32.0,65,37.3,0.0,0.0,976.3,8.0,262,0,500.0
2026-07-14T10:00,104.5,427.5,468.0,11.5,16.1,128.0,263,142,660.0,,33.4,60,39.0,0.0,0.0,976.7,9.8,262,0,955.0
2026-07-14T11:00,121.1,555.1,269.0,7.0,15.4,150.0,254,176,854.0,,35.2,51,40.5,0.0,0.0,976.9,11.7,287,0,1480.0
2026-07-14T12:00,133.6,655.7,210.0,4.9,14.4,156.0,251,203,991.0,,35.6,48,41.3,0.0,0.0,976.7,9.6,296,0,1550.0
2026-07-14T13:00,140.2,704.1,214.0,4.2,13.2,152.0,256,216,1096.0,,36.0,46,41.7,0.0,0.0,976.3,8.6,293,0,1695.0
2026-07-14T14:00,142.5,720.8,259.0,5.2,12.4,145.0,267,220,1150.0,,36.2,45,41.6,0.0,0.0,975.7,7.7,291,0,1750.0
2026-07-14T15:00,138.8,689.2,353.0,7.8,12.0,136.0,279,212,1148.0,,36.2,45,40.7,0.0,0.0,975.1,8.3,290,1,1815.0
2026-07-14T16:00,140.6,691.0,487.0,12.1,11.9,124.0,291,212,1096.0,,35.8,45,39.2,0.0,0.0,974.9,9.9,292,1,1760.0
2026-07-14T17:00,125.7,465.7,617.0,17.8,15.4,124.0,305,152,671.0,,28.1,89,34.3,0.0,0.0,975.0,8.2,194,3,130.0
2026-07-14T18:00,111.8,327.8,742.0,26.2,16.8,103.0,306,115,544.0,,28.7,89,35.2,1.1,1.1,975.0,9.7,205,55,190.0
2026-07-14T19:00,101.7,260.8,863.0,37.7,18.7,74.0,303,98,367.0,,28.2,88,33.9,0.1,0.1,976.0,11.3,193,51,230.0
2026-07-14T20:00,94.8,212.8,931.0,45.5,20.1,51.0,294,85,226.0,,28.0,83,33.7,0.0,0.0,976.7,6.5,208,3,145.0
2026-07-14T21:00,81.3,163.0,918.0,46.0,20.3,41.0,280,76,155.0,,28.4,80,33.9,0.0,0.0,977.1,5.8,202,3,90.0
2026-07-14T22:00,70.5,129.9,853.0,42.8,19.9,39.0,263,70,119.0,,28.7,76,33.7,0.0,0.0,977.6,6.6,221,3,125.0
2026-07-14T23:00,68.9,121.5,771.0,39.4,19.6,38.0,244,69,98.0,,29.4,74,35.0,0.0,0.0,977.4,4.6,225,3,65.0
2026-07-15T00:00,66.6,122.5,673.0,36.9,19.6,39.0,228,68,90.0,,27.4,83,32.6,0.0,0.0,977.2,7.4,84,3,70.0
2026-07-15T01:00,61.9,118.3,559.0,34.3,19.7,43.0,216,66,98.0,,26.3,87,31.0,0.0,0.0,976.9,9.4,150,2,85.0
2026-07-15T02:00,58.8,115.5,463.0,32.0,19.5,45.0,203,64,107.0,,25.9,88,30.9,0.0,0.0,976.7,6.9,173,3,65.0
2026-07-15T03:00,58.4,121.1,377.0,30.1,18.9,43.0,196,64,113.0,,26.2,90,32.1,0.0,0.0,976.2,2.6,78,3,40.0
2026-07-15T04:00,58.9,127.1,309.0,28.6,18.1,40.0,191,64,122.0,,26.3,91,32.5,0.0,0.0,976.3,2.3,119,3,35.0
2026-07-15T05:00,51.5,76.6,321.0,40.3,19.4,20.0,183,61,47.0,,26.4,88,31.7,0.0,0.0,976.9,6.8,180,3,200.0
2026-07-15T06:00,53.6,99.0,505.0,39.8,19.7,26.0,181,62,62.0,,25.4,96,30.6,2.4,2.4,977.7,9.5,111,61,135.0
2026-07-15T07:00,61.2,115.9,769.0,38.6,20.1,35.0,180,66,89.0,,26.0,98,32.1,0.9,0.9,977.5,7.2,168,53,95.0
2026-07-15T08:00,68.7,149.9,900.0,35.0,19.8,51.0,179,69,155.0,,29.1,84,35.7,0.1,0.1,978.1,5.3,188,51,355.0
2026-07-15T09:00,82.0,220.7,759.0,26.4,18.3,82.0,178,87,284.0,,31.9,65,37.5,0.0,0.0,978.5,5.6,249,1,740.0
2026-07-15T10:00,97.3,321.3,485.0,15.3,16.2,121.0,176,114,451.0,,33.7,55,38.8,0.0,0.0,978.8,8.7,275,1,955.0
2026-07-15T11:00,110.6,424.7,279.0,7.1,14.5,148.0,176,141,614.0,,35.4,48,41.0,0.0,0.0,978.8,8.8,271,0,1605.0
2026-07-15T12:00,122.0,523.4,224.0,4.0,13.4,155.0,175,168,765.0,,36.0,44,41.1,0.0,0.0,978.5,8.5,276,1,1825.0
2026-07-15T13:00,129.9,599.8,236.0,3.7,12.7,150.0,175,188,911.0,,36.3,42,40.9,0.0,0.0,977.7,9.7,281,1,1880.0
2026-07-15T14:00,136.0,651.9,267.0,5.1,12.3,142.0,175,202,1026.0,,36.3,43,40.6,0.0,0.0,977.3,9.7,294,0,1875.0
2026-07-15T15:00,142.5,709.7,265.0,6.4,11.6,135.0,174,217,1098.0,,36.1,43,40.0,0.0,0.0,976.9,9.2,293,1,1790.0
2026-07-15T16:00,149.5,733.9,281.0,9.3,11.2,124.0,175,224,1139.0,,35.8,44,39.2,0.0,0.0,976.4,9.4,274,0,1615.0
2026-07-15T17:00,127.1,523.4,423.0,16.4,13.8,107.0,175,168,785.0,,34.0,52,37.9,0.0,0.0,976.0,8.8,178,1,380.0
2026-07-15T18:00,130.9,471.2,833.0,33.8,19.1,82.0,175,154,708.0,,32.8,57,37.2,0.0,0.0,976.4,8.1,176,0,200.0
2026-07-15T19:00,142.5,441.4,1368.0,57.7,26.5,48.0,175,146,600.0,,31.9,64,37.0,0.0,0.0,977.0,7.6,198,0,195.0
2026-07-15T20:00,153.2,415.4,1707.0,74.4,31.9,23.0,177,139,509.0,,31.6,65,36.6,0.0,0.0,977.6,8.3,237,0,200.0
2026-07-15T21:00,149.5,365.1,1693.0,77.4,33.8,15.0,179,125,457.0,,31.5,64,36.4,0.0,0.0,978.3,6.4,260,0,160.0
2026-07-15T22:00,138.3,353.0,1483.0,73.3,33.7,16.0,183,122,422.0,,31.2,64,36.2,0.0,0.0,978.8,4.9,262,1,130.0
2026-07-15T23:00,128.1,326.0,1232.0,68.5,32.7,17.0,188,115,382.0,,31.8,63,37.0,0.0,0.0,978.1,5.6,239,1,100.0
2026-07-16T00:00,116.4,284.1,949.0,64.9,30.8,16.0,192,104,323.0,,31.0,66,36.1,0.0,0.0,978.4,6.3,257,1,200.0
2026-07-16T01:00,106.9,244.0,623.0,60.5,27.9,16.0,195,93,260.0,,30.6,67,35.7,0.0,0.0,978.0,5.2,256,0,135.0
2026-07-16T02:00,98.5,210.9,380.0,56.3,25.1,16.0,198,84,214.0,,30.3,67,35.2,0.0,0.0,977.9,6.1,251,0,130.0
2026-07-16T03:00,90.1,182.1,276.0,52.7,22.5,13.0,200,80,181.0,,30.0,66,34.4,0.0,0.0,977.8,7.5,253,0,180.0
2026-07-16T04:00,84.8,172.3,254.0,49.2,19.9,9.0,203,77,165.0,,29.8,65,33.5,0.0,0.0,977.9,9.0,268,1,310.0
2026-07-16T05:00,115.9,379.0,268.0,30.1,13.5,30.0,206,129,510.0,,30.0,64,33.7,0.0,0.0,978.0,9.0,269,2,235.0
2026-07-16T06:00,118.5,371.6,331.0,29.1,14.8,43.0,224,127,499.0,,30.2,63,33.9,0.0,0.0,978.2,9.2,274,1,260.0
2026-07-16T07:00,121.1,345.5,430.0,27.4,16.5,62.0,240,120,490.0,,31.3,61,35.4,0.0,0.0,978.6,7.9,270,1,320.0
2026-07-16T08:00,116.9,383.7,481.0,24.3,17.5,82.0,254,130,521.0,,32.7,56,36.6,0.0,0.0,978.8,9.2,282,1,430.0
2026-07-16T09:00,102.9,372.5,431.0,18.4,17.0,106.0,268,127,628.0,,34.1,53,38.4,0.0,0.0,979.1,9.6,284,1,950.0
2026-07-16T10:00,105.7,451.7,332.0,11.1,15.6,132.0,277,148,776.0,,35.6,48,40.1,0.0,0.0,979.2,10.9,290,1,1690.0
2026-07-16T11:00,116.9,573.7,255.0,5.7,14.4,149.0,284,181,902.0,,36.9,42,41.2,0.0,0.0,979.2,12.6,303,1,1865.0
2026-07-16T12:00,127.6,685.5,228.0,3.7,13.6,153.0,293,211,986.0,,36.7,42,41.4,0.0,0.0,978.9,11.7,299,1,1890.0
2026-07-16T13:00,127.6,692.9,223.0,3.5,12.8,149.0,302,213,1047.0,,37.1,40,41.4,0.0,0.0,978.1,12.5,295,1,1930.0
2026-07-16T14:00,124.3,666.8,229.0,4.5,12.2,142.0,307,206,1083.0,,37.3,40,41.3,0.0,0.0,977.5,12.5,298,0,1960.0
2026-07-16T15:00,117.6,614.7,218.0,5.3,11.4,136.0,308,192,1076.0,,37.2,39,40.4,0.0,0.0,976.7,12.5,297,0,1980.0
2026-07-16T16:00,115.9,573.7,218.0,7.1,10.8,127.0,303,181,1042.0,,37.1,39,39.7,0.0,0.0,976.2,11.4,296,1,2050.0
2026-07-16T17:00,145.3,782.3,306.0,13.1,11.6,113.0,294,237,1272.0,,37.3,38,39.6,0.0,0.0,975.5,12.4,310,3,2055.0
2026-07-16T18:00,158.3,765.5,582.0,29.7,15.4,89.0,308,232,1305.0,,36.6,40,39.7,0.0,0.0,975.8,7.8,314,2,1475.0
2026-07-16T19:00,178.8,819.6,946.0,52.7,20.8,56.0,324,247,1352.0,,35.1,46,39.1,0.0,0.0,976.3,5.2,316,1,190.0
2026-07-16T20:00,200.7,907.1,1172.0,71.3,26.4,29.0,343,270,1400.0,,34.3,56,40.2,0.0,0.0,976.9,2.4,306,2,40.0
2026-07-16T21:00,221.7,979.8,1141.0,81.0,32.4,15.0,369,289,1444.0,,34.0,59,40.3,0.0,0.0,977.6,1.5,339,3,20.0
2026-07-16T22:00,237.5,1009.6,973.0,86.3,38.5,7.0,401,297,1488.0,,33.7,61,40.2,0.0,0.0,977.7,1.5,21,3,25.0
2026-07-16T23:00,247.7,1024.5,796.0,89.7,43.2,2.0,428,301,1532.0,,34.3,58,40.7,0.0,0.0,977.0,1.4,180,3,20.0
2026-07-17T00:00,255.2,1054.3,638.0,91.7,45.3,0.0,457,309,1592.0,,33.2,60,39.0,0.0,0.0,976.8,3.2,183,3,35.0
2026-07-17T01:00,261.7,1087.8,471.0,91.8,45.9,0.0,489,318,1653.0,,32.5,65,38.9,0.0,0.0,976.6,2.3,162,3,55.0
2026-07-17T02:00,267.3,1113.9,345.0,90.9,46.5,0.0,524,325,1663.0,,31.7,67,37.9,0.0,0.0,976.6,2.8,225,3,85.0
2026-07-17T03:00,271.0,1113.9,279.0,90.0,48.4,0.0,562,325,1595.0,,31.1,69,37.0,0.0,0.0,976.5,4.0,252,3,95.0
2026-07-17T04:00,267.3,1039.4,255.0,88.0,50.3,0.0,601,305,1477.0,,30.7,70,36.5,0.0,0.0,976.7,4.6,239,3,70.0
2026-07-17T05:00,162.1,489.9,264.0,69.6,32.9,1.0,637,159,641.0,,31.1,70,37.3,0.0,0.0,976.7,3.5,279,1,115.0
2026-07-17T06:00,145.3,407.0,334.0,58.9,29.8,20.0,642,137,587.0,,31.0,69,36.5,0.0,0.0,977.4,7.0,252,1,145.0
2026-07-17T07:00,126.2,358.6,437.0,44.0,25.5,48.0,643,124,518.0,,31.8,65,37.1,0.0,0.0,977.8,7.5,260,1,270.0
2026-07-17T08:00,110.4,367.9,488.0,30.5,21.5,76.0,644,126,504.0,,33.0,56,37.2,0.0,0.0,978.1,9.4,268,2,400.0
2026-07-17T09:00,110.6,436.8,430.0,20.2,18.3,104.0,643,144,593.0,,34.5,51,38.3,0.0,0.0,978.3,10.5,277,2,680.0
2026-07-17T10:00,119.7,534.6,319.0,11.4,15.5,133.0,646,171,737.0,,36.0,45,40.0,0.0,0.0,978.5,11.2,281,2,1555.0
2026-07-17T11:00,118.5,553.2,235.0,5.3,13.3,152.0,649,176,860.0,,36.6,41,40.8,0.0,0.0,978.7,11.8,301,3,1795.0
2026-07-17T12:00,116.4,556.9,210.0,2.9,11.9,155.0,648,177,932.0,,36.4,42,40.3,0.2,0.2,978.3,11.8,309,51,1790.0
2026-07-17T13:00,119.2,597.9,213.0,3.3,11.1,149.0,643,187,983.0,,36.9,41,41.0,0.1,0.1,977.6,11.6,305,51,1840.0
2026-07-17T14:00,123.4,638.9,224.0,4.7,10.6,141.0,639,198,1030.0,,37.2,40,41.2,0.0,0.0,976.8,10.9,304,3,1830.0
2026-07-17T15:00,129.9,696.6,211.0,6.2,10.2,134.0,638,214,1090.0,,37.4,39,40.3,0.0,0.0,975.9,11.8,295,3,1910.0
2026-07-17T16:00,133.6,711.5,208.0,8.8,10.2,126.0,641,218,1146.0,,37.0,39,39.4,0.0,0.0,975.5,12.1,295,3,1940.0
2026-07-17T17:00,165.8,920.1,295.0,15.1,10.4,101.0,647,273,1506.0,,37.0,38,39.4,0.0,0.0,975.5,11.3,301,3,2090.0
2026-07-17T18:00,168.6,858.7,576.0,24.7,12.9,84.0,653,257,1415.0,,35.8,45,39.7,0.0,0.0,975.9,6.3,307,3,1680.0
2026-07-17T19:00,176.0,830.7,949.0,38.2,16.6,61.0,657,250,1290.0,,34.7,55,40.4,0.0,0.0,976.2,2.8,320,3,225.0
2026-07-17T20:00,178.8,782.3,1186.0,51.3,20.4,40.0,657,237,1196.0,,34.4,57,40.8,0.0,0.0,976.8,1.0,248,2,30.0
2026-07-17T21:00,187.2,800.9,1170.0,63.6,24.6,25.0,652,242,1182.0,,33.9,61,40.7,0.0,0.0,977.6,1.3,188,3,35.0
2026-07-17T22:00,194.6,830.7,1018.0,75.4,28.9,12.0,644,250,1200.0,,33.0,64,39.5,0.0,0.0,977.7,2.9,187,3,65.0
2026-07-17T23:00,200.2,793.5,856.0,83.0,32.0,3.0,637,240,1169.0,,33.1,65,39.8,0.0,0.0,977.2,2.6,192,2,35.0
2026-07-18T00:00,197.9,722.7,714.0,84.2,33.1,0.0,627,221,1044.0,,31.9,68,37.8,0.0,0.0,977.1,6.1,214,2,135.0
2026-07-18T01:00,191.4,646.3,561.0,81.2,32.9,0.0,614,200,870.0,,31.4,66,37.2,0.0,0.0,976.9,3.1,242,2,90.0
2026-07-18T02:00,176.0,538.3,435.0,76.6,31.9,1.0,595,172,708.0,,31.2,65,36.8,0.0,0.0,976.7,3.1,273,3,80.0
2026-07-18T03:00,155.1,434.0,341.0,70.9,30.0,3.0,571,144,556.0,,31.3,61,36.0,0.0,0.0,976.4,4.5,270,3,110.0
2026-07-18T04:00,131.3,349.2,273.0,63.6,27.2,7.0,543,121,416.0,,31.2,59,35.0,0.0,0.0,976.5,8.0,252,3,215.0
2026-07-18T05:00,141.6,372.5,253.0,70.4,35.5,4.0,514,127,450.0,,31.1,65,35.4,0.0,0.0,976.3,11.0,276,3,530.0
2026-07-18T06:00,112.0,290.6,321.0,58.9,30.0,20.0,509,105,418.0,,31.0,61,34.5,0.0,0.0,976.7,11.1,282,1,585.0
2026-07-18T07:00,98.3,282.2,436.0,42.8,22.4,43.0,504,103,388.0,,31.8,57,35.2,0.0,0.0,977.1,10.7,279,3,670.0
2026-07-18T08:00,92.2,335.3,496.0,28.7,16.3,66.0,501,117,476.0,,32.1,58,36.1,0.0,0.0,977.4,9.7,273,3,765.0
2026-07-18T09:00,98.0,459.1,438.0,18.8,13.2,89.0,500,150,776.0,,33.1,56,37.0,0.0,0.0,977.6,11.5,278,3,895.0
2026-07-18T10:00,120.1,661.2,324.0,11.0,11.7,112.0,501,204,1193.0,,34.8,51,38.6,0.0,0.0,977.7,13.7,283,3,1110.0
2026-07-18T11:00,156.5,938.8,239.0,5.6,10.7,129.0,506,278,1560.0,,35.5,49,39.4,0.0,0.0,977.7,14.9,291,3,1180.0
2026-07-18T12:00,186.3,1158.6,219.0,3.2,10.2,136.0,522,337,1842.0,,35.6,49,39.6,0.0,0.0,977.2,13.7,295,3,1225.0
2026-07-18T13:00,200.7,1251.7,228.0,3.2,10.2,137.0,547,362,2072.0,,36.0,47,40.0,0.0,0.0,976.5,11.9,297,3,1310.0
2026-07-18T14:00,206.3,1292.7,247.0,4.6,10.3,134.0,574,373,2185.0,,36.0,47,39.8,0.0,0.0,976.1,9.8,294,3,1340.0
2026-07-18T15:00,206.3,1277.8,256.0,6.7,10.1,130.0,602,369,2113.0,,36.3,44,40.0,0.0,0.0,975.6,9.3,292,3,1640.0
2026-07-18T16:00,204.9,1214.4,275.0,10.2,10.0,122.0,626,352,1923.0,,35.7,46,39.5,0.0,0.0,975.2,7.9,281,3,1615.0
2026-07-18T17:00,147.6,789.8,343.0,22.4,17.2,83.0,647,239,1283.0,,36.3,42,40.1,0.0,0.0,975.1,5.8,306,3,1775.0
2026-07-18T18:00,148.5,672.4,522.0,39.8,20.9,62.0,641,207,1226.0,,35.5,49,40.5,0.0,0.0,975.8,3.8,245,3,270.0
2026-07-18T19:00,157.9,648.2,751.0,63.8,26.1,32.0,634,201,1142.0,,34.4,51,38.9,0.0,0.0,976.3,4.9,246,3,140.0
2026-07-18T20:00,170.9,694.8,887.0,81.2,30.4,10.0,626,213,1035.0,,34.1,52,38.7,0.0,0.0,976.4,4.4,249,3,105.0
2026-07-18T21:00,169.0,579.3,854.0,86.0,33.0,2.0,622,182,893.0,,33.9,52,38.6,0.0,0.0,976.8,4.4,218,3,55.0
2026-07-18T22:00,152.7,510.4,729.0,84.3,34.7,2.0,613,164,728.0,,33.2,57,38.3,0.0,0.0,977.4,4.1,178,3,80.0
2026-07-18T23:00,139.2,437.7,600.0,80.6,35.1,4.0,600,145,585.0,,33.6,52,37.8,0.0,0.0,977.2,6.6,202,3,160.0
2026-07-19T00:00,126.7,376.3,481.0,75.9,33.7,6.0,585,128,477.0,,32.0,65,37.6,0.0,0.0,977.0,4.9,188,2,110.0
2026-07-19T01:00,116.2,323.2,358.0,69.3,31.0,10.0,570,114,390.0,,31.2,70,37.1,0.0,0.0,976.6,5.7,191,3,95.0
2026-07-19T02:00,106.6,275.7,272.0,62.9,28.4,14.0,557,102,329.0,,30.7,71,36.5,0.0,0.0,976.4,5.6,186,3,125.0
2026-07-19T03:00,99.0,252.4,243.0,57.6,26.1,15.0,546,95,305.0,,30.4,70,35.7,0.0,0.0,976.5,6.9,194,3,190.0
2026-07-19T04:00,94.8,252.4,253.0,52.5,23.9,16.0,539,95,307.0,,30.1,70,35.1,0.0,0.0,976.5,6.7,214,3,205.0
2026-07-19T05:00,110.8,209.1,286.0,71.9,33.6,3.0,534,88,188.0,,29.8,81,37.0,0.0,0.0,976.2,2.8,108,3,15.0
2026-07-19T06:00,105.7,181.1,365.0,65.1,33.8,18.0,528,86,148.0,,30.4,80,37.3,0.0,0.0,977.0,5.3,204,3,40.0
2026-07-19T07:00,100.4,161.6,467.0,55.3,33.8,39.0,523,84,99.0,,31.6,71,37.7,0.0,0.0,976.9,6.8,238,3,275.0
2026-07-19T08:00,81.5,146.2,513.0,44.5,32.2,64.0,518,76,120.0,,32.5,62,37.4,0.0,0.0,977.6,8.1,269,3,500.0
2026-07-19T09:00,70.5,176.5,447.0,31.9,27.7,96.0,510,75,262.0,,33.0,58,37.7,0.0,0.0,978.1,7.5,278,3,550.0
2026-07-19T10:00,75.7,285.9,324.0,18.4,21.6,131.0,498,104,472.0,,34.1,54,38.6,0.0,0.0,978.2,8.0,284,3,750.0
2026-07-19T11:00,90.1,429.3,231.0,8.4,16.7,155.0,483,142,669.0,,35.6,47,39.6,0.0,0.0,978.2,11.1,304,3,1550.0
2026-07-19T12:00,97.6,499.2,201.0,4.1,13.9,160.0,462,161,838.0,,36.0,46,40.2,0.0,0.0,978.0,11.2,308,3,1670.0
2026-07-19T13:00,111.8,603.5,201.0,3.3,12.1,154.0,434,189,994.0,,35.0,51,39.4,0.4,0.4,977.5,8.1,294,51,1535.0
2026-07-19T14:00,118.7,666.8,212.0,4.3,11.2,144.0,407,206,1093.0,,35.2,51,40.2,0.0,0.0,976.8,4.9,231,3,1490.0
2026-07-19T15:00,126.7,717.1,221.0,5.9,10.8,133.0,376,219,1097.0,,34.9,55,40.6,0.0,0.0,976.2,4.3,204,3,550.0
2026-07-19T16:00,131.3,752.5,241.0,9.1,11.2,118.0,347,229,1046.0,,33.6,60,39.3,1.8,1.8,976.4,5.4,48,61,920.0
2026-07-19T17:00,127.1,536.4,293.0,22.2,26.1,114.0,323,171,807.0,,36.6,43,41.2,0.1,0.1,975.5,1.6,354,51,1800.0
2026-07-19T18:00,121.5,445.2,412.0,27.0,28.8,101.0,310,147,686.0,,34.2,57,39.0,0.2,0.2,976.3,10.4,100,51,655.0
2026-07-19T19:00,116.2,374.4,561.0,33.7,32.6,84.0,298,128,518.0,,31.6,79,38.3,0.1,0.1,976.4,11.2,122,51,325.0
2026-07-19T20:00,108.7,305.5,655.0,38.7,35.4,69.0,281,109,380.0,,31.2,81,38.4,0.0,0.0,977.3,9.7,155,3,425.0
2026-07-19T21:00,103.6,268.2,648.0,40.6,36.6,59.0,258,100,298.0,,31.2,81,38.6,0.1,0.1,978.4,6.5,157,51,710.0
2026-07-19T22:00,98.3,238.4,586.0,40.8,36.8,52.0,240,92,247.0,,30.7,84,38.2,0.5,0.5,978.6,6.4,122,53,515.0
2026-07-19T23:00,91.5,210.0,513.0,40.4,36.4,47.0,223,84,225.0,,31.6,78,38.6,0.5,0.5,978.4,8.7,137,53,590.0
2026-07-20T00:00,89.6,210.0,433.0,39.7,35.4,43.0,210,84,249.0,,30.3,84,37.5,0.0,0.0,977.6,7.5,120,3,395.0
2026-07-20T01:00,90.8,241.2,344.0,38.4,33.7,40.0,200,92,302.0,,28.8,89,35.5,0.1,0.1,977.2,8.5,128,51,250.0
2026-07-20T02:00,92.4,269.2,279.0,36.7,31.3,39.0,198,100,341.0,,28.1,90,34.5,0.0,0.0,976.9,7.6,117,3,270.0
2026-07-20T03:00,95.2,291.5,249.0,34.1,27.3,39.0,198,106,348.0,,28.4,90,35.6,0.0,0.0,977.1,4.2,220,3,430.0
2026-07-20T04:00,92.9,275.7,244.0,31.2,22.5,39.0,199,102,341.0,,26.8,94,32.7,4.8,4.8,977.1,9.4,225,63,265.0
2026-07-20T05:00,32.9,71.7,273.0,19.4,12.3,57.0,199,50,73.0,,28.5,84,34.2,1.1,1.1,976.9,8.5,207,55,350.0
2026-07-20T06:00,31.3,58.0,358.0,24.0,14.7,54.0,197,49,58.0,,28.6,85,34.6,0.2,0.2,976.8,8.0,218,51,285.0
2026-07-20T07:00,30.6,54.5,477.0,30.1,17.8,50.0,194,49,40.0,,28.2,87,34.5,0.6,0.6,977.3,6.7,251,53,410.0
2026-07-20T08:00,33.5,53.8,567.0,32.8,19.7,50.0,192,51,36.0,,27.7,92,35.1,4.2,4.2,978.0,1.8,135,63,140.0
2026-07-20T09:00,34.7,62.2,608.0,28.8,18.9,59.0,190,51,53.0,,28.7,90,35.7,0.9,0.9,978.6,6.7,185,53,365.0
2026-07-20T10:00,36.8,90.8,620.0,21.3,16.7,72.0,188,52,85.0,,29.5,86,37.4,0.9,0.9,979.0,0.6,18,53,485.0
2026-07-20T11:00,39.5,110.6,601.0,15.6,15.1,83.0,183,57,135.0,,31.7,71,38.3,0.4,0.4,978.7,4.5,194,51,750.0
2026-07-20T12:00,42.3,126.2,526.0,13.3,14.5,88.0,177,62,219.0,,30.8,76,37.5,1.2,1.2,978.5,6.6,111,55,545.0
2026-07-20T13:00,51.9,199.3,419.0,12.8,14.4,91.0,170,81,321.0,,28.9,86,35.2,7.2,7.2,978.2,11.5,139,63,405.0
2026-07-20T14:00,61.0,265.4,354.0,13.8,15.4,92.0,168,99,397.0,,29.1,85,35.5,0.7,0.7,977.3,7.6,152,53,360.0
2026-07-20T15:00,67.5,297.1,340.0,16.0,17.8,94.0,166,107,435.0,,30.2,81,37.4,0.1,0.1,976.7,4.2,200,51,440.0
2026-07-20T16:00,73.6,320.4,368.0,19.7,21.2,94.0,165,113,447.0,,30.5,79,37.6,0.0,0.0,976.7,4.4,201,3,480.0
2026-07-20T17:00,35.4,75.2,480.0,33.5,21.7,86.0,163,52,73.0,,29.9,78,36.2,0.0,0.0,977.7,5.5,218,3,490.0
2026-07-20T18:00,41.2,76.1,764.0,47.4,26.8,64.0,160,55,64.0,,27.5,92,34.3,4.3,4.3,978.0,4.0,30,63,85.0
2026-07-20T19:00,54.4,83.6,1133.0,66.3,33.7,35.0,158,63,50.0,,27.4,93,34.5,3.4,3.4,977.6,2.7,180,63,145.0
2026-07-20T20:00,63.6,86.4,1368.0,78.4,38.3,15.0,156,69,39.0,,27.4,95,34.5,1.1,1.1,978.3,4.6,222,55,180.0
2026-07-20T21:00,62.4,82.2,1364.0,77.7,38.4,14.0,155,69,32.0,,27.4,95,34.6,0.6,0.6,978.9,3.4,254,53,155.0
2026-07-20T22:00,59.5,77.8,1225.0,70.1,36.1,22.0,153,65,27.0,,27.3,94,34.4,0.1,0.1,979.4,3.3,241,51,155.0
2026-07-20T23:00,51.1,64.0,1047.0,61.7,33.5,31.0,152,61,22.0,,26.5,96,33.5,0.0,0.0,979.3,1.6,270,3,45.0
2026-07-21T00:00,42.3,51.3,824.0,53.7,31.1,38.0,151,56,17.0,,26.7,95,33.4,0.2,0.2,978.7,3.6,70,51,105.0
2026-07-21T01:00,34.9,41.4,561.0,44.8,28.5,46.0,148,51,12.0,,26.5,95,32.5,0.6,0.6,978.2,7.8,82,53,230.0
2026-07-21T02:00,31.4,36.2,367.0,37.6,26.4,51.0,143,49,8.0,,26.3,95,32.2,0.2,0.2,978.2,7.6,83,51,250.0
2026-07-21T03:00,30.6,33.9,289.0,33.4,25.2,51.0,136,49,5.0,,26.3,93,31.9,0.2,0.2,977.8,7.6,97,51,320.0
2026-07-21T04:00,27.8,29.3,280.0,30.8,24.5,48.0,130,47,3.0,,26.1,93,31.8,0.3,0.3,977.9,6.0,107,51,275.0
2026-07-21T05:00,18.7,20.7,311.0,25.4,19.3,49.0,123,42,3.0,,26.3,93,32.3,0.4,0.4,977.6,5.1,27,51,230.0
2026-07-21T06:00,20.3,21.3,407.0,25.0,21.3,54.0,121,43,2.0,,25.7,95,31.3,3.8,3.8,978.4,6.5,51,63,205.0
2026-07-21T07:00,21.2,21.9,543.0,24.4,24.0,62.0,120,44,2.0,,25.9,95,31.2,1.0,1.0,978.4,9.1,72,55,395.0
2026-07-21T08:00,22.3,22.8,620.0,22.9,25.3,71.0,119,44,1.0,,26.4,92,31.7,0.4,0.4,978.8,9.2,84,51,435.0
2026-07-21T09:00,15.5,16.1,577.0,19.7,23.7,83.0,118,40,1.0,,27.0,88,32.4,0.1,0.1,978.7,8.5,86,51,475.0
2026-07-21T10:00,13.0,13.5,474.0,15.5,20.8,96.0,116,38,1.0,,28.0,84,33.4,0.2,0.2,978.8,8.6,101,51,625.0
2026-07-21T11:00,12.0,12.4,394.0,12.6,18.6,107.0,113,47,1.0,,26.7,95,32.2,0.1,0.1,978.5,11.9,94,51,605.0
2026-07-21T12:00,11.7,12.0,362.0,11.8,18.2,115.0,111,55,1.0,,27.7,94,34.4,0.9,0.9,978.0,7.9,89,53,700.0
2026-07-21T13:00,12.1,12.4,353.0,12.1,18.6,121.0,107,61,0.0,,29.5,86,36.4,0.5,0.5,977.4,7.2,109,53,900.0
2026-07-21T14:00,13.6,13.8,366.0,12.9,19.2,126.0,103,63,0.0,,29.1,85,35.6,0.4,0.4,976.6,8.0,104,51,530.0
2026-07-21T15:00,13.5,13.7,406.0,13.5,19.7,132.0,99,66,0.0,,27.5,92,33.5,4.3,4.3,976.4,9.3,106,63,335.0
2026-07-21T16:00,15.1,15.3,468.0,14.6,20.3,136.0,95,68,0.0,,28.4,87,34.9,0.6,0.6,975.8,6.0,111,53,390.0
2026-07-21T17:00,30.2,31.3,542.0,21.8,20.1,115.0,90,55,2.0,,29.9,74,35.4,0.1,0.1,975.5,7.2,78,51,530.0
2026-07-21T18:00,36.4,37.1,648.0,26.4,20.5,101.0,89,52,2.0,,28.9,82,34.9,0.1,0.1,976.0,6.9,127,51,535.0
2026-07-21T19:00,39.9,40.4,765.0,32.6,21.0,82.0,89,54,1.0,,28.4,86,35.0,0.1,0.1,976.8,4.6,99,51,330.0
2026-07-21T20:00,35.2,35.4,822.0,36.0,21.1,68.0,88,52,1.0,,28.2,87,34.3,0.0,0.0,977.5,7.7,99,3,340.0
2026-07-21T21:00,32.7,32.8,769.0,33.9,20.4,66.0,86,50,1.0,,28.0,87,34.1,0.0,0.0,978.0,7.6,98,3,360.0
2026-07-21T22:00,32.2,32.4,655.0,29.0,19.2,70.0,83,50,0.0,,27.7,88,33.2,0.1,0.1,978.6,10.3,105,51,440.0
2026-07-21T23:00,31.3,31.4,558.0,24.6,18.2,73.0,81,49,0.0,,26.7,95,32.2,0.1,0.1,978.3,12.2,117,51,350.0
2026-07-22T00:00,30.3,30.3,506.0,22.0,17.5,73.0,80,49,0.0,,26.5,94,31.9,0.1,0.1,977.9,10.9,117,51,360.0
2026-07-22T01:00,30.0,30.2,472.0,20.0,16.9,73.0,79,49,0.0,,26.4,94,31.9,0.0,0.0,977.3,9.4,110,2,370.0
2026-07-22T02:00,29.3,29.3,443.0,18.5,16.6,72.0,78,48,0.0,,26.3,95,32.1,0.0,0.0,976.8,8.7,103,3,405.0
2026-07-22T03:00,29.5,29.6,410.0,17.5,16.8,69.0,78,48,0.0,,25.8,96,30.9,1.0,1.0,977.1,11.2,100,55,390.0
2026-07-22T04:00,29.6,29.8,384.0,17.0,17.3,65.0,78,48,0.0,,25.8,95,30.7,0.4,0.4,977.6,11.2,95,51,460.0
2026-07-22T05:00,36.1,36.4,386.0,22.9,20.7,53.0,78,52,1.0,,25.8,95,30.8,0.6,0.6,977.2,11.6,98,53,455.0
2026-07-22T06:00,35.2,35.6,446.0,22.6,20.1,58.0,80,52,0.0,,25.9,95,30.7,0.7,0.7,977.6,13.3,99,53,565.0
2026-07-22T07:00,35.3,35.7,534.0,22.0,19.4,66.0,81,52,0.0,,26.7,89,30.9,0.2,0.2,977.8,15.7,107,51,665.0
2026-07-22T08:00,36.7,37.1,584.0,20.3,18.9,81.0,82,52,1.0,,27.1,84,30.8,0.7,0.7,978.3,16.5,110,53,710.0
2026-07-22T09:00,37.4,38.1,558.0,16.4,19.0,109.0,83,53,38.0,,28.7,77,32.9,0.4,0.4,978.4,14.3,118,51,775.0
2026-07-22T10:00,33.8,34.5,495.0,11.5,19.5,143.0,85,72,88.0,,29.9,74,34.4,0.7,0.7,978.3,13.4,125,53,875.0
2026-07-22T11:00,41.2,104.8,442.0,7.8,19.8,170.0,86,90,123.0,,30.6,67,35.3,0.2,0.2,978.1,15.0,124,51,965.0
2026-07-22T12:00,42.3,125.3,413.0,5.8,19.7,184.0,89,104,130.0,,31.3,66,36.8,0.2,0.2,977.8,14.4,121,51,1115.0
2026-07-22T13:00,37.4,85.9,394.0,5.1,19.4,190.0,91,110,122.0,,31.7,67,38.0,0.0,0.0,976.9,11.9,110,3,1240.0
2026-07-22T14:00,39.5,95.5,396.0,7.0,19.4,187.0,93,107,108.0,,31.8,67,37.9,0.1,0.1,975.9,11.4,106,51,1195.0
2026-07-22T15:00,40.3,98.7,413.0,13.0,19.8,171.0,107,91,88.0,,31.6,69,37.1,0.1,0.1,975.4,10.7,104,51,1045.0
2026-07-22T16:00,35.3,71.9,451.0,21.7,20.6,146.0,129,73,63.0,,31.5,68,36.8,0.1,0.1,974.6,8.8,101,51,945.0
2026-07-22T17:00,14.7,16.4,539.0,14.7,18.3,145.0,143,73,3.0,,28.4,88,35.0,0.1,0.1,975.2,5.7,46,51,265.0
2026-07-22T18:00,17.3,18.2,742.0,24.3,20.7,121.0,151,61,2.0,,28.9,86,36.0,0.0,0.0,975.7,3.6,45,3,250.0
2026-07-22T19:00,23.9,24.3,994.0,37.3,23.9,88.0,146,47,1.0,,28.6,89,35.8,0.0,0.0,976.0,4.6,64,3,210.0
2026-07-22T20:00,25.4,25.6,1128.0,45.1,25.8,65.0,129,51,0.0,,28.8,89,35.6,0.0,0.0,976.7,7.0,64,3,295.0
2026-07-22T21:00,23.3,23.7,1040.0,42.9,25.3,62.0,103,50,0.0,,28.9,87,35.3,0.0,0.0,977.0,9.2,83,3,495.0
2026-07-22T22:00,21.0,21.2,833.0,35.6,23.6,68.0,93,46,0.0,,28.6,84,34.3,0.1,0.1,977.3,9.2,97,51,595.0
2026-07-22T23:00,17.6,17.9,651.0,29.1,22.0,73.0,92,42,0.0,,28.2,84,33.7,0.0,0.0,977.1,10.1,101,2,565.0
2026-07-23T00:00,14.9,15.1,543.0,25.2,20.9,73.0,91,40,34.0,,28.2,84,33.4,0.0,0.0,976.7,11.1,99,2,645.0
2026-07-23T01:00,21.2,73.1,459.0,22.1,20.0,71.0,90,47,82.0,,27.9,84,33.0,0.0,0.0,976.2,11.3,98,1,660.0
2026-07-23T02:00,24.9,88.7,397.0,20.0,19.4,68.0,89,52,124.0,,27.7,85,32.6,0.0,0.0,975.8,11.8,103,0,645.0
2026-07-23T03:00,28.7,98.5,352.0,19.3,19.2,63.0,89,54,162.0,,27.4,85,32.4,0.0,0.0,975.6,10.6,104,0,610.0
2026-07-23T04:00,34.2,127.1,328.0,19.7,19.3,58.0,89,62,195.0,,27.2,86,32.1,0.0,0.0,975.8,10.5,103,0,605.0
2026-07-23T05:00,30.7,75.9,339.0,21.4,19.2,55.0,89,49,87.0,,26.6,93,32.1,0.0,0.0,976.0,9.6,107,3,510.0
2026-07-23T06:00,33.5,88.2,418.0,20.4,20.3,63.0,89,52,71.0,,26.1,95,31.7,1.5,1.5,976.2,8.7,96,61,345.0
2026-07-23T07:00,38.6,116.6,533.0,18.9,21.7,76.0,89,59,48.0,,26.6,93,31.7,0.4,0.4,976.4,12.4,103,51,525.0
2026-07-23T08:00,28.3,43.4,595.0,16.8,22.3,92.0,89,48,29.0,,27.6,85,32.4,0.2,0.2,976.7,12.1,100,51,580.0
2026-07-23T09:00,23.1,26.5,551.0,13.3,21.2,116.0,88,56,13.0,,28.4,83,33.8,0.3,0.3,976.5,9.8,96,51,645.0
2026-07-23T10:00,21.5,22.1,455.0,9.2,19.2,144.0,87,72,0.0,,30.3,74,35.9,0.1,0.1,976.3,12.8,107,51,1015.0
2026-07-23T11:00,20.5,20.7,382.0,6.4,17.6,164.0,86,84,0.0,,31.0,68,36.5,0.0,0.0,976.4,14.5,104,1,1100.0
2026-07-23T12:00,20.4,20.7,356.0,5.6,16.5,170.0,85,90,26.0,,31.5,65,36.8,0.1,0.1,975.8,15.0,106,51,1105.0
2026-07-23T13:00,33.3,128.1,354.0,6.2,15.7,168.0,83,88,65.0,,31.9,65,37.5,0.2,0.2,975.0,13.8,104,51,1125.0
2026-07-23T14:00,28.2,74.7,381.0,7.6,15.7,163.0,83,83,90.0,,32.2,64,37.8,0.1,0.1,974.2,13.3,99,51,1140.0
2026-07-23T15:00,28.9,79.2,447.0,10.0,17.1,157.0,99,79,88.0,,29.7,76,34.7,1.3,1.3,974.2,15.0,107,61,585.0
2026-07-23T16:00,31.0,73.8,541.0,13.3,19.3,148.0,116,74,71.0,,30.2,76,36.5,0.6,0.6,973.4,4.7,97,53,580.0
2026-07-23T17:00,22.5,22.6,637.0,16.5,15.5,132.0,128,66,0.0,,31.3,70,36.6,0.2,0.2,973.7,10.7,110,51,1030.0
2026-07-23T18:00,27.6,27.7,748.0,21.0,17.4,119.0,132,59,0.0,,30.2,75,35.8,0.2,0.2,974.3,8.6,113,51,690.0
2026-07-23T19:00,28.8,28.9,861.0,27.0,20.0,100.0,126,48,0.0,,29.8,76,35.4,0.0,0.0,974.5,7.8,109,1,560.0
2026-07-23T20:00,28.8,28.8,908.0,30.6,21.8,87.0,113,48,0.0,,28.6,82,34.1,0.3,0.3,975.4,8.5,136,51,480.0
2026-07-23T21:00,29.5,29.5,841.0,29.3,22.0,84.0,95,48,0.0,,26.2,94,31.7,3.5,3.5,976.5,9.1,65,63,255.0
2026-07-23T22:00,30.0,30.2,708.0,25.5,21.3,86.0,83,49,0.0,,26.5,94,31.8,0.8,0.8,976.2,11.6,105,53,435.0
2026-07-23T23:00,30.0,30.0,582.0,22.4,20.6,87.0,84,49,0.0,,27.5,88,32.4,0.0,0.0,976.3,13.1,108,3,640.0
2026-07-24T00:00,30.5,30.6,480.0,21.1,20.1,83.0,85,49,0.0,,27.1,88,32.3,0.0,0.0,976.0,10.8,101,2,590.0
2026-07-24T01:00,31.7,31.8,385.0,20.4,19.6,78.0,86,50,0.0,,26.9,89,32.0,0.0,0.0,975.9,10.9,103,1,685.0
2026-07-24T02:00,33.5,33.6,318.0,19.9,19.2,74.0,87,51,0.0,,26.8,89,32.1,0.0,0.0,975.2,9.7,90,1,620.0
2026-07-24T03:00,35.0,35.2,287.0,19.4,18.9,71.0,88,51,0.0,,26.7,90,31.9,0.0,0.0,975.3,9.7,93,1,700.0
2026-07-24T04:00,35.6,35.6,284.0,19.0,18.8,68.0,88,52,0.0,,26.5,91,31.6,0.0,0.0,975.4,10.3,93,3,680.0
2026-07-24T05:00,37.7,37.7,306.0,18.0,20.5,73.0,88,53,0.0,,25.8,95,31.1,0.1,0.1,975.5,9.7,80,51,440.0
2026-07-24T06:00,37.7,37.7,377.0,17.8,20.3,77.0,89,53,0.0,,25.9,94,30.8,0.1,0.1,975.1,12.1,84,51,475.0
2026-07-24T07:00,34.3,34.5,473.0,17.4,20.1,83.0,89,51,0.0,,26.8,90,32.0,0.0,0.0,975.7,10.8,91,3,600.0
2026-07-24T08:00,31.5,31.5,525.0,16.3,19.8,94.0,89,49,0.0,,28.2,83,32.8,0.0,0.0,975.7,14.7,102,3,720.0
2026-07-24T09:00,26.4,26.4,488.0,13.6,19.5,113.0,89,53,0.0,,29.3,77,33.8,0.1,0.1,976.1,14.2,105,51,795.0
2026-07-24T10:00,24.1,24.2,407.0,10.2,19.2,136.0,89,68,0.0,,30.3,73,35.1,0.2,0.2,976.1,13.4,110,51,840.0
2026-07-24T11:00,22.9,22.9,345.0,7.9,18.9,152.0,89,76,0.0,,30.3,75,35.5,0.2,0.2,976.3,12.9,122,51,910.0
2026-07-24T12:00,21.4,21.4,320.0,7.4,18.5,153.0,90,77,0.0,,31.0,73,37.4,0.6,0.6,976.1,12.1,130,53,1165.0
2026-07-24T13:00,20.4,20.4,315.0,8.1,18.1,147.0,90,74,0.0,,29.5,79,35.1,1.3,1.3,975.1,12.6,158,61,550.0
2026-07-24T14:00,17.7,17.7,336.0,9.4,18.1,140.0,89,70,0.0,,28.7,83,34.8,4.8,4.8,974.9,6.8,122,63,470.0
2026-07-24T15:00,16.1,16.2,389.0,10.9,19.0,137.0,88,69,0.0,,29.7,80,36.0,0.8,0.8,973.9,7.1,97,53,545.0
2026-07-24T16:00,16.5,16.6,468.0,13.2,20.3,133.0,95,67,0.0,,30.6,74,36.5,0.1,0.1,973.2,7.6,117,51,660.0
2026-07-24T17:00,23.3,23.5,568.0,17.3,18.3,119.0,103,59,0.0,,30.0,82,36.9,0.2,0.2,972.9,6.2,73,51,365.0
2026-07-24T18:00,29.5,29.6,732.0,26.2,19.7,98.0,104,48,0.0,,30.0,83,36.8,0.0,0.0,973.4,7.7,81,3,495.0
2026-07-24T19:00,34.3,34.6,918.0,38.2,21.5,70.0,96,51,0.0,,29.6,84,36.3,0.0,0.0,974.4,7.9,111,3,460.0
2026-07-24T20:00,34.3,34.7,988.0,45.1,22.5,50.0,86,51,1.0,,29.4,84,35.7,0.0,0.0,975.4,9.6,95,2,460.0
2026-07-24T21:00,32.8,33.4,841.0,42.2,21.9,47.0,87,50,2.0,,29.0,84,34.8,0.0,0.0,976.3,10.8,95,3,410.0
2026-07-24T22:00,31.9,33.2,578.0,34.3,20.5,52.0,87,50,3.0,,28.6,85,34.3,0.0,0.0,976.7,10.5,98,2,450.0
2026-07-24T23:00,30.5,33.1,375.0,27.6,19.5,57.0,87,49,5.0,,28.3,86,33.6,0.0,0.0,976.5,12.4,104,1,555.0
2026-07-25T00:00,28.0,31.8,304.0,24.1,19.6,58.0,87,47,7.0,,28.1,85,33.2,0.0,0.0,976.5,12.4,112,0,535.0
2026-07-25T01:00,26.5,31.4,293.0,21.8,20.1,59.0,87,47,9.0,,28.0,83,32.9,0.0,0.0,976.6,11.9,115,1,530.0
2026-07-25T02:00,26.3,31.5,290.0,20.4,20.6,58.0,87,46,10.0,,27.6,84,32.5,0.1,0.1,976.6,11.0,109,51,510.0
2026-07-25T03:00,26.5,31.1,276.0,20.4,21.0,54.0,86,47,8.0,,27.5,87,32.7,0.1,0.1,976.4,10.5,117,51,540.0
2026-07-25T04:00,27.1,30.5,270.0,21.3,21.3,50.0,85,47,4.0,,27.4,87,32.6,0.1,0.1,976.4,10.5,117,51,515.0
2026-07-25T05:00,29.7,33.9,288.0,22.5,22.4,46.0,85,48,8.0,,27.4,89,33.0,0.1,0.1,976.3,9.4,122,51,500.0
2026-07-25T06:00,29.8,32.8,353.0,21.9,22.5,52.0,84,48,7.0,,27.5,89,33.3,0.0,0.0,977.6,7.7,129,0,435.0
2026-07-25T07:00,28.5,30.6,441.0,20.9,22.6,60.0,83,48,5.0,,28.2,87,34.3,0.0,0.0,977.9,7.4,122,1,525.0
2026-07-25T08:00,29.0,31.1,493.0,19.0,22.1,72.0,83,48,4.0,,28.8,81,34.0,0.1,0.1,978.2,11.8,115,51,665.0
2026-07-25T09:00,29.5,34.2,472.0,15.4,20.6,91.0,83,48,5.0,,29.7,75,34.7,0.1,0.1,978.5,10.5,115,51,745.0
2026-07-25T10:00,26.8,32.8,414.0,11.0,18.6,113.0,83,53,6.0,,30.4,73,35.5,0.3,0.3,978.8,10.6,114,51,960.0
2026-07-25T11:00,24.3,29.0,369.0,7.8,17.1,130.0,83,65,9.0,,31.5,66,36.3,0.3,0.3,978.5,12.5,123,51,1070.0
2026-07-25T12:00,25.8,29.6,350.0,6.4,16.5,140.0,83,70,14.0,,31.5,66,36.5,0.2,0.2,977.7,12.6,124,51,990.0
2026-07-25T13:00,32.2,66.1,344.0,6.3,16.3,144.0,84,72,21.0,,32.1,64,38.0,0.1,0.1,977.2,10.7,126,51,925.0
2026-07-25T14:00,26.4,39.3,361.0,7.7,16.4,143.0,85,72,24.0,,32.3,63,37.7,0.3,0.3,976.4,12.2,127,51,945.0
2026-07-25T15:00,25.1,33.4,413.0,10.7,16.5,135.0,85,68,21.0,,32.3,64,37.0,0.3,0.3,976.2,11.6,125,51,915.0
2026-07-25T16:00,24.9,32.1,488.0,15.2,16.8,120.0,86,60,15.0,,31.4,68,36.2,0.2,0.2,975.6,11.6,111,51,765.0
2026-07-25T17:00,38.3,41.8,565.0,23.0,12.4,97.0,87,53,6.0,,30.2,82,36.7,0.0,0.0,976.0,8.6,89,3,470.0
2026-07-25T18:00,44.2,46.1,648.0,29.1,13.7,80.0,88,57,5.0,,29.6,82,35.4,0.0,0.0,976.4,11.2,90,3,450.0
2026-07-25T19:00,51.8,52.7,733.0,37.3,15.6,58.0,89,61,3.0,,28.8,83,34.6,0.0,0.0,977.2,8.9,82,3,340.0
2026-07-25T20:00,50.3,50.9,781.0,42.5,17.3,42.0,90,60,1.0,,28.4,86,34.2,0.0,0.0,978.1,9.8,85,3,310.0
2026-07-25T21:00,45.1,45.4,772.0,42.0,18.7,40.0,92,57,0.0,,28.0,88,34.0,0.0,0.0,978.7,8.3,86,3,255.0
2026-07-25T22:00,46.8,47.0,727.0,38.4,19.9,45.0,93,58,0.0,,27.7,89,33.7,0.0,0.0,979.0,8.3,94,3,270.0
2026-07-25T23:00,48.1,48.3,670.0,34.6,20.6,50.0,94,59,0.0,,27.4,92,33.4,0.0,0.0,978.5,9.1,81,3,250.0
2026-07-26T00:00,48.5,48.7,597.0,31.2,20.3,53.0,95,59,0.0,,27.4,93,33.5,0.1,0.1,978.3,9.6,81,51,355.0
2026-07-26T01:00,47.0,47.1,511.0,27.7,19.5,55.0,97,58,0.0,,27.5,94,34.1,0.0,0.0,977.9,8.2,100,2,315.0
2026-07-26T02:00,45.4,45.6,446.0,25.2,18.9,56.0,98,57,0.0,,27.5,95,34.1,0.0,0.0,977.6,7.9,102,1,320.0
2026-07-26T03:00,44.7,44.9,415.0,24.9,18.8,52.0,100,57,1.0,,27.3,95,33.9,0.0,0.0,977.6,7.1,100,2,320.0
2026-07-26T04:00,44.9,46.3,405.0,25.7,19.0,47.0,102,57,3.0,,27.3,95,34.0,0.0,0.0,977.8,6.1,104,2,295.0
2026-07-26T05:00,26.0,26.8,408.0,23.0,17.2,56.0,104,46,1.0,,28.3,91,35.6,0.0,0.0,977.6,4.3,135,2,335.0
2026-07-26T06:00,27.8,28.6,432.0,22.2,19.6,64.0,103,47,2.0,,27.6,94,34.7,0.4,0.4,977.7,4.7,140,51,150.0
2026-07-26T07:00,26.9,27.9,470.0,21.0,23.0,76.0,103,47,3.0,,28.5,90,35.6,0.1,0.1,978.0,5.0,154,51,300.0
2026-07-26T08:00,28.9,31.4,487.0,19.1,26.1,94.0,103,48,5.0,,29.5,84,37.0,0.0,0.0,978.2,2.3,122,3,395.0
2026-07-26T09:00,32.1,36.4,463.0,16.0,28.7,124.0,103,62,9.0,,30.7,78,37.8,0.0,0.0,978.1,3.3,81,3,590.0
2026-07-26T10:00,34.7,41.6,418.0,12.2,30.9,160.0,103,80,15.0,,31.5,73,38.6,0.1,0.1,978.4,3.8,93,51,855.0
2026-07-26T11:00,36.7,46.4,382.0,9.2,32.1,189.0,104,109,19.0,,32.5,63,39.5,0.1,0.1,978.6,3.9,68,51,1015.0
2026-07-26T12:00,36.8,49.0,363.0,7.3,31.3,207.0,105,127,21.0,,32.9,63,40.0,0.2,0.2,978.4,3.7,113,51,985.0
2026-07-26T13:00,39.0,51.2,352.0,6.1,29.5,219.0,106,139,22.0,,33.5,62,41.2,0.2,0.2,977.9,4.3,132,51,1065.0
2026-07-26T14:00,39.3,51.3,354.0,6.1,28.4,224.0,108,144,23.0,,33.7,60,40.6,0.1,0.1,976.8,4.2,144,51,1065.0
2026-07-26T15:00,40.4,51.8,335.0,5.7,28.3,226.0,142,146,24.0,,33.7,59,39.9,0.1,0.1,976.1,3.3,144,51,1065.0
2026-07-26T16:00,40.2,54.1,329.0,6.5,28.8,221.0,168,141,25.0,,33.5,61,39.6,0.0,0.0,975.4,3.2,117,3,1010.0
2026-07-26T17:00,44.2,56.9,445.0,12.4,25.0,184.0,188,104,24.0,,33.7,60,39.8,0.0,0.0,975.0,3.9,77,3,1125.0
2026-07-26T18:00,51.0,61.0,831.0,33.2,30.9,148.0,197,74,22.0,,32.6,70,39.7,0.0,0.0,975.1,4.1,45,3,140.0
2026-07-26T19:00,70.1,78.7,1340.0,61.6,38.9,98.0,195,70,19.0,,31.7,77,39.3,0.0,0.0,975.5,3.1,54,3,55.0
2026-07-26T20:00,86.1,94.5,1633.0,81.2,44.5,59.0,181,78,16.0,,31.3,80,39.8,0.0,0.0,976.0,0.2,270,3,10.0
2026-07-26T21:00,91.3,99.0,1507.0,83.0,45.3,43.0,157,81,14.0,,31.1,83,39.8,0.0,0.0,976.6,0.3,315,1,15.0
2026-07-26T22:00,89.4,96.2,1165.0,76.1,43.7,38.0,123,80,13.0,,30.9,83,39.3,0.0,0.0,976.9,0.9,180,1,40.0
2026-07-26T23:00,85.2,91.5,885.0,70.5,42.2,33.0,128,78,12.0,,30.6,85,39.1,0.0,0.0,976.4,1.2,141,3,45.0
2026-07-27T00:00,86.4,92.9,764.0,70.7,41.7,25.0,132,78,12.0,,30.2,86,38.5,0.0,0.0,976.1,1.2,117,1,30.0
2026-07-27T01:00,89.6,95.9,703.0,72.4,41.4,17.0,136,80,12.0,,29.8,88,38.2,0.0,0.0,975.4,0.5,180,0,15.0
2026-07-27T02:00,91.0,97.8,690.0,72.6,40.5,12.0,140,80,12.0,,29.5,87,37.2,0.0,0.0,975.1,2.7,208,0,50.0
2026-07-27T03:00,92.2,98.7,743.0,70.5,38.3,8.0,145,81,11.0,,29.4,84,36.8,0.0,0.0,975.0,2.1,211,3,40.0
2026-07-27T04:00,90.8,96.9,843.0,67.1,35.7,5.0,150,80,9.0,,29.2,84,36.4,0.0,0.0,975.1,2.1,211,1,35.0
2026-07-27T05:00,82.7,86.6,914.0,58.3,33.4,22.0,151,76,7.0,,29.7,84,37.3,0.0,0.0,975.1,2.3,293,2,80.0
2026-07-27T06:00,84.1,87.8,933.0,54.3,38.7,38.0,153,77,9.0,,29.9,82,37.2,0.0,0.0,975.2,2.4,306,3,75.0
2026-07-27T07:00,79.2,84.8,923.0,48.4,45.8,62.0,155,75,13.0,,30.5,79,38.0,0.0,0.0,975.7,1.7,302,1,225.0
2026-07-27T08:00,65.2,73.6,875.0,41.4,49.8,93.0,156,68,16.0,,31.4,75,38.8,0.0,0.0,975.7,2.3,288,1,445.0
2026-07-27T09:00,55.9,72.2,760.0,32.1,47.9,136.0,157,68,20.0,,32.4,69,39.4,0.0,0.0,975.6,2.1,285,2,845.0
2026-07-27T10:00,50.3,66.4,606.0,21.7,42.9,187.0,158,107,24.0,,33.2,65,40.6,0.2,0.2,976.0,2.3,299,51,1085.0
2026-07-27T11:00,46.3,59.8,493.0,13.9,38.6,228.0,158,148,26.0,,34.3,55,41.4,0.1,0.1,975.4,1.4,270,51,1300.0
2026-07-27T12:00,47.5,60.3,448.0,10.6,36.3,256.0,159,176,26.0,,35.1,53,42.2,0.0,0.0,975.5,4.2,227,3,1505.0
2026-07-27T13:00,48.8,61.2,443.0,9.9,34.6,275.0,159,195,24.0,,35.2,54,42.2,0.0,0.0,974.8,4.4,232,3,1535.0
2026-07-27T14:00,50.6,62.6,475.0,10.4,33.2,283.0,159,203,24.0,,35.3,53,41.6,0.0,0.0,973.8,5.4,256,3,1550.0
2026-07-27T15:00,49.8,63.8,541.0,11.0,31.9,280.0,180,200,27.0,,34.2,55,39.6,0.0,0.0,973.2,4.5,268,3,1015.0
2026-07-27T16:00,47.7,63.3,644.0,12.7,31.0,267.0,206,187,30.0,,33.7,58,39.7,0.2,0.2,973.1,1.4,310,51,570.0
2026-07-27T17:00,50.2,81.3,792.0,23.7,28.1,185.0,218,105,61.0,,33.0,64,39.5,0.0,0.0,973.0,2.1,195,3,605.0
2026-07-27T18:00,58.7,87.3,1067.0,33.3,31.3,156.0,221,78,50.0,,32.0,76,40.1,0.0,0.0,973.0,1.6,360,3,35.0
2026-07-27T19:00,66.6,96.2,1388.0,46.2,35.6,117.0,219,68,36.0,,31.6,78,39.7,0.0,0.0,973.2,1.5,111,3,45.0
2026-07-27T20:00,68.7,87.5,1519.0,53.7,37.9,86.0,212,69,37.0,,31.1,77,37.8,0.0,0.0,974.1,6.5,118,3,265.0
2026-07-27T21:00,66.6,96.4,1289.0,50.8,36.5,74.0,200,68,71.0,,30.0,83,36.4,0.0,0.0,974.7,9.6,118,3,300.0
2026-07-27T22:00,64.5,120.1,869.0,42.5,33.0,72.0,168,67,119.0,,29.2,84,35.0,0.0,0.0,975.3,11.6,132,3,355.0
2026-07-27T23:00,61.2,135.0,543.0,35.3,29.5,70.0,159,66,145.0,,30.1,87,37.0,0.1,0.1,974.8,10.6,137,51,445.0
2026-07-28T00:00,56.5,116.9,432.0,31.2,26.3,68.0,158,63,126.0,,28.4,87,33.8,0.2,0.2,975.2,13.3,161,51,465.0
2026-07-28T01:00,51.6,90.1,414.0,28.1,23.1,66.0,157,61,85.0,,27.3,92,33.6,0.5,0.5,975.0,6.9,135,53,330.0
2026-07-28T02:00,49.8,75.7,404.0,26.1,20.6,64.0,156,60,51.0,,27.0,94,32.9,0.5,0.5,974.7,10.6,124,53,375.0
2026-07-28T03:00,49.4,68.0,366.0,25.4,19.1,58.0,155,60,37.0,,26.3,96,32.3,0.3,0.3,974.4,7.6,128,51,235.0
2026-07-28T04:00,48.4,62.2,336.0,25.7,18.2,50.0,153,59,31.0,,26.1,97,31.9,0.4,0.4,974.2,9.1,122,51,235.0
2026-07-28T05:00,55.8,113.6,342.0,32.3,22.6,39.0,152,63,113.0,,28.5,92,35.5,0.2,0.2,973.7,7.9,153,51,245.0
2026-07-28T06:00,54.0,101.7,420.0,32.2,24.3,43.0,151,62,98.0,,28.5,93,35.6,0.3,0.3,974.4,8.0,128,51,250.0
2026-07-28T07:00,48.4,83.4,534.0,31.8,26.7,51.0,150,59,78.0,,28.8,93,36.0,0.4,0.4,974.7,7.9,184,51,335.0
2026-07-28T08:00,44.6,78.2,606.0,30.1,28.6,68.0,148,57,66.0,,28.3,88,34.1,0.8,0.8,975.2,12.0,126,53,390.0
2026-07-28T09:00,47.5,100.4,594.0,25.9,29.4,101.0,146,59,71.0,,28.1,90,34.1,0.7,0.7,976.0,10.5,143,53,390.0
2026-07-28T10:00,48.9,108.7,540.0,20.4,29.6,144.0,145,72,83.0,,27.2,94,33.3,3.1,3.1,976.9,9.4,148,63,275.0
2026-07-28T11:00,44.1,90.3,495.0,15.8,29.9,182.0,145,102,88.0,,27.5,93,33.7,1.4,1.4,976.6,8.7,111,61,215.0
2026-07-28T12:00,42.0,76.6,472.0,12.5,30.6,213.0,145,133,77.0,,26.7,95,32.7,4.2,4.2,975.9,9.1,141,63,160.0
2026-07-28T13:00,43.3,70.3,458.0,10.1,31.4,239.0,144,159,58.0,,26.9,93,32.9,2.5,2.5,975.8,7.8,146,63,165.0
2026-07-28T14:00,43.4,64.5,465.0,10.1,31.7,250.0,143,170,42.0,,26.9,94,33.7,1.7,1.7,974.7,4.0,180,61,115.0
2026-07-28T15:00,43.5,61.0,468.0,12.7,30.5,241.0,143,161,33.0,,27.3,92,33.9,1.3,1.3,974.2,5.1,163,61,170.0
2026-07-28T16:00,44.0,59.0,492.0,17.6,28.7,218.0,167,138,28.0,,27.1,94,33.8,0.7,0.7,973.6,4.7,162,53,130.0
2026-07-28T17:00,34.7,47.7,618.0,49.5,34.5,86.0,191,54,25.0,,31.0,72,37.3,0.2,0.2,973.7,3.8,329,51,640.0
2026-07-28T18:00,32.4,42.3,969.0,57.7,36.7,70.0,188,59,21.0,,30.2,77,36.8,0.1,0.1,973.8,4.3,338,51,340.0
2026-07-28T19:00,39.8,46.7,1422.0,69.0,39.9,47.0,176,65,16.0,,29.5,83,36.7,0.0,0.0,974.3,2.3,45,3,90.0
2026-07-28T20:00,47.6,54.5,1692.0,77.7,43.0,29.0,155,69,12.0,,28.9,86,36.0,0.0,0.0,975.1,3.8,109,3,115.0
2026-07-28T21:00,52.7,59.5,1616.0,81.5,46.4,19.0,132,71,9.0,,28.6,87,35.4,0.0,0.0,976.0,5.2,104,3,150.0
2026-07-28T22:00,51.3,56.8,1358.0,82.8,49.7,13.0,131,71,7.0,,28.2,88,34.7,0.0,0.0,976.6,6.3,105,3,185.0
2026-07-28T23:00,47.4,51.5,1120.0,82.9,51.0,9.0,129,71,5.0,,27.9,89,34.9,0.0,0.0,976.4,2.4,171,2,170.0
2026-07-29T00:00,43.8,47.1,974.0,82.6,48.6,6.0,128,71,4.0,,27.7,91,34.9,0.0,0.0,976.2,1.7,162,3,90.0
2026-07-29T01:00,42.1,45.4,849.0,81.2,44.2,5.0,127,71,4.0,,27.6,91,34.8,0.0,0.0,976.2,1.7,108,3,90.0
2026-07-29T02:00,44.8,47.8,738.0,78.1,40.9,6.0,126,69,4.0,,27.1,94,33.7,0.4,0.4,975.8,5.5,81,51,150.0
2026-07-29T03:00,47.8,51.2,626.0,72.3,39.7,10.0,125,66,3.0,,26.7,95,33.4,0.2,0.2,975.8,4.7,108,51,130.0
2026-07-29T04:00,46.6,49.8,527.0,64.8,39.6,16.0,125,62,3.0,,26.7,95,33.4,0.0,0.0,976.1,3.2,128,3,115.0
2026-07-29T05:00,47.8,51.3,477.0,57.6,43.8,24.0,125,59,7.0,,26.7,97,33.8,0.0,0.0,975.6,2.4,167,3,100.0
2026-07-29T06:00,51.1,53.7,510.0,52.5,42.1,33.0,124,61,7.0,,26.4,96,33.2,1.3,1.3,976.2,2.3,119,61,140.0
2026-07-29T07:00,43.9,47.3,592.0,45.4,39.9,46.0,124,57,8.0,,26.3,99,33.0,1.6,1.6,976.7,5.1,113,61,175.0
2026-07-29T08:00,38.2,42.3,651.0,39.6,39.5,62.0,123,53,8.0,,26.8,93,33.5,0.6,0.6,977.0,2.9,90,53,265.0
2026-07-29T09:00,35.5,39.8,652.0,36.7,42.5,80.0,123,52,9.0,,28.0,87,34.9,0.6,0.6,977.2,1.8,114,53,400.0
2026-07-29T10:00,32.0,36.8,629.0,35.0,47.2,101.0,121,50,9.0,,28.8,84,35.5,0.3,0.3,977.4,2.9,112,51,465.0
2026-07-29T11:00,31.5,36.6,618.0,33.3,51.0,122.0,120,61,10.0,,30.9,75,38.1,0.1,0.1,977.0,1.9,299,51,745.0
2026-07-29T12:00,34.0,39.3,626.0,30.3,52.6,145.0,118,73,11.0,,31.7,73,40.2,0.1,0.1,976.7,1.1,18,51,925.0
2026-07-29T13:00,36.8,43.1,645.0,27.3,53.2,168.0,117,88,12.0,,32.0,72,39.8,0.1,0.1,976.1,1.5,14,51,905.0
2026-07-29T14:00,39.8,46.4,682.0,26.3,54.2,184.0,117,104,13.0,,32.3,68,39.2,0.2,0.2,975.1,1.6,6,51,845.0
2026-07-29T15:00,43.5,52.4,702.0,26.5,55.9,194.0,116,114,14.0,,32.5,67,39.4,0.2,0.2,974.5,1.9,253,51,915.0
2026-07-29T16:00,45.9,53.6,739.0,28.8,58.0,198.0,116,118,14.0,,32.3,67,39.1,0.1,0.1,973.7,1.7,13,51,880.0
2026-07-29T17:00,59.6,70.3,903.0,20.4,43.4,226.0,120,146,21.0,,32.5,68,39.1,0.0,0.0,973.5,5.3,172,3,755.0
2026-07-29T18:00,68.0,75.9,1328.0,32.9,46.3,195.0,151,115,17.0,,31.7,77,39.3,0.0,0.0,973.5,4.3,163,3,245.0
2026-07-29T19:00,80.1,85.2,1880.0,49.9,50.1,151.0,166,76,12.0,,30.8,82,38.7,0.0,0.0,974.3,3.3,144,3,190.0
2026-07-29T20:00,75.4,79.6,2271.0,61.6,51.9,114.0,170,73,8.0,,30.3,83,37.8,0.0,0.0,975.2,4.6,141,3,175.0
2026-07-29T21:00,80.3,83.1,2384.0,63.2,50.1,91.0,165,75,6.0,,29.8,85,37.2,0.0,0.0,976.0,4.5,127,2,135.0
2026-07-29T22:00,81.5,83.8,2337.0,59.5,46.2,74.0,153,76,4.0,,29.4,88,37.0,0.0,0.0,976.2,3.5,118,1,95.0
2026-07-29T23:00,80.8,82.7,2192.0,54.6,42.0,62.0,136,75,3.0,,29.8,86,37.0,0.0,0.0,975.8,7.0,113,0,145.0
2026-07-30T00:00,77.8,79.4,1918.0,49.2,37.6,54.0,139,74,2.0,,29.2,89,36.4,0.0,0.0,975.4,7.5,107,1,170.0
2026-07-30T01:00,74.7,75.9,1547.0,42.6,32.8,50.0,143,72,2.0,,28.0,85,34.4,0.0,0.0,975.5,2.5,356,2,60.0
2026-07-30T02:00,71.7,72.9,1241.0,37.6,29.1,47.0,146,71,2.0,,25.5,96,31.9,6.1,6.1,975.3,1.9,34,63,25.0
2026-07-30T03:00,69.2,70.1,1064.0,35.4,26.7,41.0,149,70,2.0,,26.1,95,32.6,0.6,0.6,974.8,2.7,138,53,45.0
2026-07-30T04:00,67.5,68.2,952.0,34.7,25.3,36.0,150,69,1.0,,26.3,97,33.3,0.1,0.1,974.8,1.9,107,51,45.0
2026-07-30T05:00,70.5,70.8,871.0,38.8,25.6,44.0,151,70,1.0,,28.3,95,36.6,0.0,0.0,974.2,0.8,207,2,30.0
2026-07-30T06:00,73.3,73.8,829.0,37.8,29.4,56.0,152,72,1.0,,28.4,95,36.5,0.8,0.8,974.6,2.1,31,53,25.0
2026-07-30T07:00,68.2,68.7,818.0,36.3,34.6,75.0,152,69,1.0,,28.4,89,34.4,1.0,1.0,975.5,11.5,132,55,390.0
2026-07-30T08:00,52.4,52.9,776.0,33.0,38.1,100.0,153,61,1.0,,29.2,85,35.5,0.4,0.4,976.0,9.1,144,51,415.0
2026-07-30T09:00,47.0,47.5,656.0,26.6,38.3,138.0,154,69,0.0,,30.4,78,37.1,0.1,0.1,976.2,5.8,166,51,730.0
2026-07-30T10:00,43.2,45.1,504.0,18.5,36.8,183.0,154,103,0.0,,31.6,72,38.4,0.0,0.0,976.5,6.9,155,2,1050.0
2026-07-30T11:00,41.8,42.8,401.0,12.3,35.2,219.0,154,139,2.0,,32.8,64,39.5,0.0,0.0,976.4,6.1,120,3,1230.0
2026-07-30T12:00,41.1,43.9,381.0,9.3,33.7,240.0,154,160,10.0,,32.9,63,39.6,0.1,0.1,976.0,7.7,115,51,1120.0
2026-07-30T13:00,41.9,52.2,410.0,8.2,32.1,252.0,155,172,21.0,,32.0,67,38.7,0.6,0.6,975.8,7.5,138,53,750.0
2026-07-30T14:00,42.1,55.9,461.0,8.6,30.8,254.0,155,174,27.0,,32.8,64,39.8,0.1,0.1,974.8,4.6,111,51,980.0
2026-07-30T15:00,41.2,55.2,546.0,10.6,30.1,244.0,170,164,26.0,,33.1,62,39.4,0.1,0.1,973.9,5.0,105,51,1095.0
2026-07-30T16:00,40.6,53.1,655.0,14.2,29.7,224.0,197,144,21.0,,33.2,61,38.7,0.1,0.1,973.3,6.7,104,51,1170.0
2026-07-30T17:00,40.9,42.7,727.0,20.0,23.4,164.0,207,84,3.0,,31.5,73,37.6,0.0,0.0,973.2,9.4,88,3,740.0
2026-07-30T18:00,43.8,45.2,728.0,28.6,24.7,135.0,209,68,2.0,,29.0,84,34.4,0.7,0.7,973.7,13.0,70,53,415.0
2026-07-30T19:00,46.4,47.5,693.0,40.3,26.5,96.0,206,58,2.0,,28.5,86,34.8,0.0,0.0,974.5,6.8,63,3,300.0
2026-07-30T20:00,46.1,46.7,669.0,47.9,27.3,66.0,194,58,1.0,,28.5,88,35.1,0.0,0.0,975.2,7.0,67,3,350.0
2026-07-30T21:00,45.5,45.9,684.0,47.7,26.3,54.0,166,57,1.0,,28.4,90,35.2,0.0,0.0,976.0,7.1,80,3,370.0
2026-07-30T22:00,45.8,46.3,709.0,43.3,24.2,52.0,151,58,2.0,,28.3,91,34.9,0.0,0.0,976.3,7.9,89,3,385.0
2026-07-30T23:00,45.4,46.6,707.0,38.4,22.2,52.0,148,57,2.0,,28.8,90,35.2,0.0,0.0,976.0,11.1,104,3,630.0
2026-07-31T00:00,43.3,45.2,652.0,33.6,20.4,53.0,144,56,0.0,,28.6,89,34.7,0.0,0.0,975.5,11.2,101,3,620.0
2026-07-31T01:00,39.3,41.2,570.0,28.3,18.6,57.0,141,54,0.0,,28.4,89,34.6,0.0,0.0,975.5,10.5,106,3,680.0
2026-07-31T02:00,33.8,34.7,493.0,24.1,17.5,60.0,137,51,2.0,,28.3,88,34.2,0.0,0.0,975.4,10.3,103,3,680.0
2026-07-31T03:00,29.0,29.5,425.0,21.7,17.5,60.0,133,48,85.0,,28.1,87,33.8,0.0,0.0,975.3,10.4,99,3,705.0
2026-07-31T04:00,38.3,136.9,363.0,20.5,18.3,58.0,129,65,196.0,,27.9,87,33.4,0.0,0.0,975.6,10.9,96,3,760.0
2026-07-31T05:00,37.7,146.2,334.0,19.9,18.9,59.0,126,67,212.0,,28.1,84,33.0,0.0,0.0,975.3,12.6,107,3,730.0
2026-07-31T06:00,32.6,89.4,368.0,19.5,19.6,63.0,123,52,151.0,,27.9,85,33.1,0.0,0.0,975.8,10.9,97,3,820.0
2026-07-31T07:00,27.4,47.5,434.0,18.8,20.6,69.0,118,47,68.0,,28.6,82,33.8,0.0,0.0,976.3,11.2,94,3,925.0
2026-07-31T08:00,21.6,25.4,472.0,17.3,20.9,81.0,114,44,7.0,,28.9,80,33.5,0.1,0.1,976.6,14.2,98,51,830.0
2026-07-31T09:00,20.5,21.8,446.0,14.3,20.1,103.0,111,43,0.0,,29.5,77,34.1,0.2,0.2,976.9,14.4,99,51,800.0
2026-07-31T10:00,21.3,22.1,392.0,10.6,18.7,131.0,108,66,0.0,,29.8,75,34.3,0.2,0.2,977.0,14.4,99,51,800.0
2026-07-31T11:00,22.8,23.3,353.0,7.9,17.4,150.0,106,75,1.0,,30.5,72,35.8,0.1,0.1,977.2,12.0,99,51,1025.0
2026-07-31T12:00,22.2,22.6,342.0,6.7,16.1,154.0,104,77,6.0,,31.4,68,36.0,0.1,0.1,976.5,14.4,102,51,1040.0
2026-07-31T13:00,20.8,28.2,347.0,6.6,14.8,149.0,102,75,12.0,,32.0,64,37.3,0.1,0.1,975.8,13.6,102,51,1015.0
2026-07-31T14:00,21.7,30.4,372.0,7.3,14.4,144.0,100,72,16.0,,32.5,63,38.0,0.3,0.3,974.9,12.3,101,51,1005.0
2026-07-31T15:00,20.7,23.7,431.0,8.9,15.5,142.0,98,71,13.0,,32.4,63,37.0,0.3,0.3,974.1,12.5,98,51,980.0
2026-07-31T16:00,20.2,21.4,511.0,11.3,17.5,139.0,97,70,6.0,,29.4,78,34.7,2.1,2.1,973.3,10.4,111,61,295.0
2026-07-31T17:00,31.5,32.0,571.0,19.2,19.1,125.0,103,63,1.0,,31.4,73,37.6,1.1,1.1,973.5,7.2,90,55,755.0
2026-07-31T18:00,35.2,35.5,599.0,24.9,20.5,107.0,108,52,1.0,,30.9,75,37.2,0.0,0.0,974.0,7.9,79,3,740.0
2026-07-31T19:00,36.7,37.0,609.0,32.5,22.4,83.0,103,52,1.0,,30.0,80,36.2,0.0,0.0,974.7,8.7,77,3,465.0
2026-07-31T20:00,36.3,36.8,600.0,37.1,23.4,65.0,93,52,1.0,,29.6,83,36.1,0.0,0.0,975.3,8.5,77,3,415.0
2026-07-31T21:00,34.9,35.6,566.0,36.0,22.9,58.0,92,51,0.0,,29.1,84,35.0,0.3,0.3,976.2,11.4,101,51,615.0
2026-07-31T22:00,33.4,34.3,514.0,31.8,21.6,58.0,91,51,0.0,,28.8,85,34.6,0.0,0.0,976.5,11.1,99,3,600.0
2026-07-31T23:00,31.2,32.1,461.0,27.7,20.3,58.0,90,49,2.0,,28.0,87,33.9,0.0,0.0,976.0,9.2,87,3,450.0
2026-08-01T00:00,28.6,29.5,410.0,24.4,19.2,59.0,89,48,103.0,,27.9,88,33.6,0.0,0.0,976.1,10.8,101,3,615.0
2026-08-01T01:00,41.2,157.9,358.0,21.2,18.2,61.0,88,70,242.0,,27.1,94,33.1,2.6,2.6,976.0,9.4,93,63,455.0
2026-08-01T02:00,49.4,225.8,321.0,18.9,17.7,62.0,88,88,344.0,,27.1,92,32.6,0.0,0.0,975.4,11.0,96,1,500.0
2026-08-01T03:00,52.9,252.4,299.0,18.2,17.9,59.0,89,95,380.0,,27.1,91,32.5,0.0,0.0,975.4,11.1,97,1,550.0
2026-08-01T04:00,52.4,243.1,292.0,18.4,18.6,56.0,91,93,379.0,,27.2,91,32.7,0.0,0.0,975.6,10.3,91,1,580.0
2026-08-01T05:00,25.5,26.5,308.0,18.9,19.4,55.0,92,46,2.0,,26.7,95,32.4,0.1,0.1,975.5,9.9,95,51,440.0
2026-08-01T06:00,26.8,27.8,372.0,18.5,19.7,62.0,91,47,1.0,,27.0,93,32.7,0.0,0.0,975.9,10.4,88,3,515.0
2026-08-01T07:00,27.5,28.6,460.0,17.8,20.0,73.0,91,47,0.0,,27.1,90,32.3,0.1,0.1,976.4,12.0,78,51,540.0
2026-08-01T08:00,26.4,27.4,511.0,16.4,20.4,88.0,91,47,2.0,,27.8,87,32.9,0.0,0.0,976.4,12.3,96,3,585.0
2026-08-01T09:00,25.3,26.0,487.0,13.7,20.8,112.0,91,52,12.0,,29.4,78,34.5,0.1,0.1,976.3,12.1,105,51,660.0
2026-08-01T10:00,34.8,117.8,424.0,10.2,21.1,140.0,92,70,27.0,,30.6,73,35.6,0.2,0.2,976.3,12.2,106,51,740.0
2026-08-01T11:00,27.6,44.8,375.0,7.8,21.4,162.0,93,82,34.0,,31.5,70,37.9,0.4,0.4,976.1,11.6,105,51,1045.0
2026-08-01T12:00,30.2,61.0,348.0,7.0,21.4,172.0,93,92,29.0,,32.1,69,38.8,0.1,0.1,975.5,11.3,100,51,1100.0
2026-08-01T13:00,30.5,38.1,334.0,7.2,21.4,175.0,94,95,17.0,,32.4,66,38.8,0.1,0.1,975.0,12.5,108,51,1140.0
2026-08-01T14:00,30.0,33.6,353.0,8.1,21.4,173.0,94,93,7.0,,32.0,64,37.1,0.2,0.2,974.3,10.5,82,51,940.0
2026-08-01T15:00,29.5,31.3,424.0,9.5,21.6,168.0,99,88,3.0,,31.2,71,36.7,0.7,0.7,973.5,9.1,72,53,705.0
2026-08-01T16:00,28.8,29.8,529.0,11.6,22.0,157.0,120,79,2.0,,31.4,74,37.7,0.1,0.1,973.1,8.0,70,51,795.0
2026-08-01T17:00,36.6,55.9,631.0,14.6,21.9,159.0,134,80,38.0,,30.5,78,36.6,0.7,0.7,973.6,10.3,87,53,605.0
2026-08-01T18:00,41.2,53.3,738.0,20.8,22.7,137.0,144,69,29.0,,30.3,81,37.1,0.1,0.1,974.0,7.1,96,51,470.0
2026-08-01T19:00,44.9,51.5,843.0,29.2,23.8,107.0,144,57,16.0,,29.7,84,36.5,0.0,0.0,974.3,7.0,90,3,425.0
2026-08-01T20:00,44.9,48.1,886.0,34.8,24.2,84.0,132,57,6.0,,29.4,86,36.4,0.0,0.0,975.1,7.0,87,3,420.0
2026-08-01T21:00,43.2,44.4,825.0,35.2,23.5,75.0,113,56,2.0,,29.3,87,36.1,0.0,0.0,975.9,8.3,89,3,465.0
2026-08-01T22:00,40.7,41.2,703.0,32.8,22.2,74.0,99,55,0.0,,29.2,87,35.7,0.0,0.0,976.3,9.9,111,3,575.0
2026-08-01T23:00,40.3,40.4,590.0,29.7,20.9,75.0,100,54,0.0,,27.2,89,32.3,0.0,0.0,976.3,12.1,93,3,365.0
2026-08-02T00:00,37.4,37.6,505.0,25.8,19.7,78.0,101,53,0.0,,26.7,90,31.8,0.2,0.2,975.9,11.0,108,51,315.0
2026-08-02T01:00,35.0,35.5,429.0,21.1,18.6,83.0,102,51,1.0,,26.7,92,32.4,0.3,0.3,976.3,8.8,121,51,285.0
2026-08-02T02:00,34.6,35.4,374.0,17.8,17.9,86.0,101,51,2.0,,26.9,93,32.9,0.3,0.3,976.0,7.9,106,51,315.0
2026-08-02T03:00,35.3,36.6,344.0,17.0,17.8,82.0,100,52,2.0,,26.7,94,33.0,0.1,0.1,975.4,6.5,104,51,245.0
2026-08-02T04:00,35.9,37.5,336.0,17.6,18.3,76.0,98,52,3.0,,26.8,94,33.0,0.0,0.0,976.1,6.9,118,3,235.0
2026-08-02T05:00,44.2,45.3,354.0,22.8,22.8,62.0,97,57,2.0,,27.1,95,33.3,0.0,0.0,976.0,9.4,93,3,235.0
2026-08-02T06:00,45.2,46.4,424.0,22.0,25.0,71.0,98,57,20.0,,26.6,96,32.1,0.2,0.2,976.8,12.0,98,51,280.0
2026-08-02T07:00,43.0,44.9,519.0,20.7,27.9,85.0,100,56,43.0,,26.9,95,33.2,0.3,0.3,977.0,7.0,94,51,285.0
2026-08-02T08:00,39.3,69.8,565.0,18.5,29.7,105.0,101,54,58.0,,28.5,88,34.8,0.1,0.1,977.2,8.5,97,51,465.0
2026-08-02T09:00,39.9,79.6,513.0,14.7,29.5,135.0,103,68,55.0,,30.2,79,36.4,0.0,0.0,977.1,9.0,105,3,580.0
2026-08-02T10:00,38.1,61.9,412.0,9.9,28.3,171.0,104,91,43.0,,31.6,71,38.1,0.1,0.1,977.0,8.3,112,51,805.0
2026-08-02T11:00,37.7,53.8,333.0,6.5,26.7,197.0,105,117,32.0,,32.8,64,39.5,0.1,0.1,976.9,8.1,129,51,1015.0
2026-08-02T12:00,36.3,47.4,304.0,5.0,24.7,205.0,106,125,24.0,,33.7,59,40.6,0.1,0.1,976.5,7.3,121,51,1210.0
2026-08-02T13:00,34.5,42.0,298.0,4.9,22.3,203.0,106,123,17.0,,32.9,61,38.9,0.8,0.8,976.2,10.9,97,53,945.0
2026-08-02T14:00,35.3,40.6,305.0,5.8,20.9,197.0,116,117,11.0,,32.2,68,38.4,0.8,0.8,975.4,9.9,102,53,685.0
2026-08-02T15:00,36.9,40.5,311.0,7.7,21.0,189.0,143,109,7.0,,32.6,67,38.9,0.0,0.0,974.8,7.6,108,2,780.0
2026-08-02T16:00,35.6,38.2,331.0,10.7,22.0,177.0,161,97,5.0,,32.4,67,38.3,0.4,0.4,974.4,8.4,115,51,760.0
2026-08-02T17:00,29.8,30.6,393.0,16.0,21.2,139.0,173,70,2.0,,27.6,93,34.5,0.3,0.3,975.0,4.6,167,51,155.0
2026-08-02T18:00,33.8,34.7,545.0,21.0,21.9,120.0,173,60,2.0,,28.3,91,34.8,0.5,0.5,975.7,8.9,65,53,305.0
2026-08-02T19:00,37.7,38.4,740.0,27.9,22.9,94.0,165,53,1.0,,27.5,93,34.3,0.1,0.1,975.4,5.4,64,51,160.0
2026-08-02T20:00,36.8,37.4,867.0,32.4,23.3,73.0,148,52,1.0,,27.7,94,34.7,0.1,0.1,976.3,5.5,67,51,165.0
2026-08-02T21:00,37.0,37.7,874.0,32.4,22.7,64.0,120,53,1.0,,27.8,94,34.9,0.0,0.0,977.4,5.2,68,3,190.0
2026-08-02T22:00,38.4,39.3,813.0,30.0,21.6,61.0,105,53,1.0,,27.9,94,34.8,0.0,0.0,977.7,6.9,85,3,220.0
2026-08-02T23:00,37.4,38.5,734.0,27.4,20.5,60.0,105,53,2.0,,28.6,94,36.2,0.0,0.0,977.0,6.2,98,3,180.0
2026-08-03T00:00,35.6,37.3,637.0,25.0,19.6,61.0,104,52,3.0,,28.5,94,36.0,0.0,0.0,976.8,6.1,102,3,175.0
2026-08-03T01:00,34.5,36.6,520.0,22.4,18.7,64.0,104,51,4.0,,28.4,94,35.5,0.0,0.0,976.7,7.3,100,3,230.0
2026-08-03T02:00,32.6,35.0,430.0,20.6,18.1,66.0,104,50,5.0,,27.9,93,34.5,0.0,0.0,976.4,8.5,103,3,235.0
2026-08-03T03:00,28.8,31.5,377.0,20.0,17.7,64.0,104,48,5.0,,27.4,94,33.9,0.0,0.0,976.1,7.6,109,3,245.0
2026-08-03T04:00,27.0,29.7,350.0,20.2,17.6,60.0,103,47,5.0,,27.2,95,33.7,0.0,0.0,976.2,7.6,117,3,265.0
2026-08-03T05:00,25.8,27.9,363.0,21.2,18.8,52.0,102,46,4.0,,27.4,94,33.9,0.2,0.2,976.0,7.6,142,51,255.0
2026-08-03T06:00,28.9,31.5,454.0,22.7,22.1,54.0,101,48,4.0,,27.7,96,35.1,0.3,0.3,976.6,4.3,132,51,280.0
2026-08-03T07:00,31.3,34.3,585.0,24.5,26.6,58.0,99,49,5.0,,27.8,94,34.9,0.3,0.3,976.7,5.7,99,51,295.0
2026-08-03T08:00,31.1,33.8,661.0,24.5,29.7,70.0,98,49,5.0,,28.4,88,35.4,0.9,0.9,977.7,3.6,135,53,320.0
2026-08-03T09:00,30.9,32.9,626.0,20.8,30.3,97.0,98,49,5.0,,29.5,83,36.6,0.1,0.1,977.9,3.9,146,51,490.0
2026-08-03T10:00,29.9,31.8,535.0,15.4,29.4,132.0,97,66,4.0,,30.4,81,37.6,0.2,0.2,978.1,4.7,118,51,675.0
2026-08-03T11:00,31.7,33.5,461.0,11.3,28.2,158.0,96,79,4.0,,31.3,73,38.1,0.2,0.2,977.7,7.4,83,51,605.0
2026-08-03T12:00,31.3,32.8,420.0,9.6,26.6,169.0,96,89,3.0,,32.6,69,40.0,0.2,0.2,977.6,8.4,118,51,1025.0
2026-08-03T13:00,30.7,32.0,395.0,9.4,24.6,171.0,95,91,3.0,,33.4,67,41.4,0.0,0.0,977.1,6.1,113,3,1315.0
2026-08-03T14:00,32.2,33.4,405.0,11.0,23.0,167.0,95,87,2.0,,30.7,75,36.6,1.1,1.1,976.6,11.9,142,55,565.0
2026-08-03T15:00,31.9,32.8,456.0,14.6,21.7,155.0,95,78,2.0,,30.9,79,38.1,0.6,0.6,976.3,4.1,157,53,700.0
2026-08-03T16:00,31.3,32.0,541.0,20.0,20.8,136.0,105,68,1.0,,30.1,80,36.7,0.8,0.8,975.6,6.7,171,53,465.0
2026-08-03T17:00,44.6,45.8,660.0,22.0,20.1,140.0,119,70,2.0,,32.3,75,39.2,0.1,0.1,975.1,8.6,147,51,740.0
2026-08-03T18:00,48.3,49.0,856.0,34.1,24.4,116.0,128,59,2.0,,29.8,84,36.7,0.9,0.9,975.2,7.8,199,53,335.0
2026-08-03T19:00,57.0,57.4,1086.0,50.9,30.4,82.0,124,64,1.0,,27.7,94,34.5,2.5,2.5,976.4,6.9,104,63,315.0
2026-08-03T20:00,65.7,65.9,1221.0,63.9,35.3,55.0,108,68,1.0,,27.3,95,33.8,1.2,1.2,977.4,8.3,134,55,335.0
2026-08-03T21:00,70.8,71.0,1191.0,70.5,38.2,39.0,100,70,1.0,,27.3,94,34.8,2.6,2.6,978.4,0.9,281,63,30.0
2026-08-03T22:00,78.5,78.7,1066.0,73.2,40.0,29.0,104,74,0.0,,27.1,95,34.3,1.8,1.8,978.2,2.8,130,61,200.0
2026-08-03T23:00,76.4,76.6,928.0,71.6,40.3,25.0,108,73,0.0,,26.9,98,33.9,0.3,0.3,978.4,5.5,142,51,195.0
2026-08-04T00:00,75.2,75.4,790.0,63.2,38.4,29.0,112,73,0.0,,26.9,97,33.4,1.2,1.2,977.7,8.2,148,55,315.0
2026-08-04T01:00,63.6,63.8,640.0,50.4,35.1,39.0,116,67,0.0,,26.7,98,33.2,0.5,0.5,977.4,7.2,145,53,290.0
2026-08-04T02:00,54.9,55.3,520.0,39.7,31.7,47.0,119,62,0.0,,26.5,98,33.0,0.2,0.2,977.2,7.1,146,51,275.0
2026-08-04T03:00,45.4,45.6,438.0,33.2,28.5,51.0,121,57,0.0,,26.6,98,33.2,0.1,0.1,977.6,6.0,129,51,255.0
2026-08-04T04:00,38.3,38.4,386.0,28.7,25.3,54.0,123,53,0.0,,26.6,98,33.5,0.1,0.1,977.5,4.5,137,51,235.0
2026-08-04T05:00,36.2,36.4,385.0,23.9,22.1,61.0,124,52,1.0,,26.6,97,32.8,0.1,0.1,977.0,8.7,156,51,325.0
2026-08-04T06:00,35.9,36.2,475.0,25.6,24.7,63.0,125,52,1.0,,26.3,98,32.6,1.4,1.4,977.9,7.2,179,61,305.0
2026-08-04T07:00,31.5,32.0,616.0,27.8,28.3,66.0,126,49,1.0,,26.7,95,33.5,1.1,1.1,977.9,2.7,222,55,215.0
2026-08-04T08:00,27.3,27.8,704.0,28.3,31.2,75.0,126,47,1.0,,27.3,93,34.0,0.6,0.6,978.5,4.6,193,53,270.0
2026-08-04T09:00,26.3,27.0,665.0,25.7,32.9,96.0,126,46,1.0,,28.5,86,35.3,0.2,0.2,978.8,3.9,146,51,275.0
2026-08-04T10:00,27.6,28.5,574.0,21.6,33.8,123.0,125,62,2.0,,29.5,83,36.9,0.3,0.3,979.4,1.8,180,51,575.0
2026-08-04T11:00,28.4,29.3,545.0,18.1,34.0,143.0,125,72,2.0,,27.8,93,34.6,0.6,0.6,979.3,5.9,282,53,215.0
2026-08-04T12:00,27.7,28.6,652.0,15.7,32.7,152.0,125,76,2.0,,27.8,93,35.0,0.9,0.9,978.8,4.3,343,53,200.0
2026-08-04T13:00,27.1,28.1,822.0,14.0,30.7,155.0,124,78,2.0,,28.4,89,35.3,0.8,0.8,978.3,6.1,2,53,335.0
2026-08-04T14:00,27.1,28.1,953.0,14.3,29.7,154.0,124,77,2.0,,28.5,86,34.9,0.6,0.6,977.8,6.0,353,53,325.0
2026-08-04T15:00,27.8,28.8,981.0,16.8,30.9,152.0,123,76,2.0,,29.3,83,35.9,0.6,0.6,977.1,5.1,352,53,375.0
2026-08-04T16:00,36.9,38.3,969.0,21.3,33.2,147.0,123,74,2.0,,29.4,83,36.2,0.0,0.0,976.3,4.7,2,3,370.0
2026-08-04T17:00,33.1,33.8,1012.0,46.4,46.8,101.0,124,52,1.0,,27.3,95,34.6,0.0,0.0,976.6,2.8,55,3,160.0
2026-08-04T18:00,37.8,38.4,1199.0,55.5,49.3,85.0,122,57,1.0,,27.3,94,34.4,1.8,1.8,976.6,3.4,74,61,135.0
2026-08-04T19:00,51.9,52.4,1441.0,68.0,52.6,62.0,121,64,1.0,,27.2,95,34.6,0.9,0.9,976.9,1.1,9,53,45.0
2026-08-04T20:00,62.2,62.4,1556.0,77.2,54.5,43.0,121,69,1.0,,27.1,97,34.6,0.5,0.5,977.6,1.3,344,53,80.0
2026-08-04T21:00,68.5,68.7,1426.0,80.4,54.0,31.0,120,70,1.0,,27.1,96,34.6,0.5,0.5,978.3,1.0,68,53,25.0
2026-08-04T22:00,76.1,76.6,1169.0,80.3,52.1,23.0,120,73,1.0,,26.8,97,34.0,0.4,0.4,978.4,2.5,86,51,65.0
2026-08-04T23:00,75.2,75.4,965.0,78.2,49.8,19.0,120,73,1.0,,27.4,97,35.0,0.2,0.2,977.7,2.4,318,51,60.0
2026-08-05T00:00,65.9,66.1,886.0,73.7,47.1,20.0,120,68,1.0,,27.4,97,35.1,0.0,0.0,976.9,1.7,18,3,55.0
2026-08-05T01:00,60.1,60.3,860.0,67.2,43.9,24.0,119,65,1.0,,27.3,97,34.9,0.0,0.0,976.7,2.1,345,3,85.0
2026-08-05T02:00,57.7,58.0,848.0,61.5,40.9,27.0,118,64,1.0,,27.2,93,34.2,0.0,0.0,976.4,1.7,283,3,60.0
2026-08-05T03:00,56.6,56.8,835.0,57.8,37.9,24.0,119,63,1.0,,26.9,95,34.0,0.0,0.0,976.3,1.8,294,3,80.0
2026-08-05T04:00,55.9,56.1,836.0,54.9,35.1,19.0,120,63,0.0,,26.9,93,33.6,0.0,0.0,976.2,3.1,21,3,160.0
2026-08-05T05:00,71.9,72.4,858.0,59.6,41.7,18.0,122,71,1.0,,26.5,97,33.2,0.1,0.1,976.2,4.4,12,51,120.0
2026-08-05T06:00,68.2,68.7,933.0,53.9,41.0,31.0,125,69,1.0,,26.2,97,32.9,1.1,1.1,976.5,2.9,43,55,70.0
2026-08-05T07:00,57.9,58.3,1029.0,45.8,40.1,51.0,129,64,1.0,,26.9,95,34.1,0.0,0.0,976.6,1.8,354,3,130.0
2026-08-05T08:00,47.6,48.1,1052.0,37.8,39.4,76.0,132,59,1.0,,28.1,89,35.1,0.0,0.0,976.7,2.2,325,2,250.0
2026-08-05T09:00,37.6,38.4,935.0,30.4,39.8,113.0,134,53,0.0,,29.9,78,36.3,0.0,0.0,976.7,4.1,322,2,575.0
2026-08-05T10:00,35.7,36.7,745.0,23.2,40.5,155.0,135,78,0.0,,31.1,70,37.7,0.0,0.0,976.6,5.0,316,1,820.0
2026-08-05T11:00,37.6,38.8,595.0,17.4,39.7,188.0,136,108,2.0,,31.3,71,38.7,0.0,0.0,976.7,4.8,292,3,1055.0
2026-08-05T12:00,40.0,41.4,523.0,13.5,36.2,205.0,137,125,21.0,,30.7,72,36.7,0.0,0.0,975.5,5.3,280,3,765.0
2026-08-05T13:00,43.0,44.4,490.0,11.1,31.3,212.0,138,132,47.0,,31.5,67,37.1,0.0,0.0,975.2,6.1,289,3,965.0
2026-08-05T14:00,49.7,80.8,496.0,10.1,27.1,211.0,140,131,61.0,,31.8,65,37.2,0.0,0.0,974.2,7.2,292,3,995.0
2026-08-05T15:00,42.8,52.5,537.0,9.3,24.0,204.0,142,124,50.0,,32.5,63,37.9,0.0,0.0,973.9,6.6,296,3,1040.0
2026-08-05T16:00,39.3,45.8,615.0,9.8,21.6,190.0,155,110,27.0,,32.4,63,38.1,0.0,0.0,973.4,4.8,295,3,1065.0
2026-08-05T17:00,46.1,54.0,740.0,18.9,21.2,160.0,173,80,16.0,,29.9,82,36.5,0.0,0.0,973.7,7.7,91,3,355.0
2026-08-05T18:00,54.0,59.3,948.0,33.4,23.6,130.0,181,65,13.0,,28.5,88,35.3,0.5,0.5,974.1,5.4,250,53,260.0
2026-08-05T19:00,64.5,67.8,1202.0,53.4,27.1,89.0,177,67,8.0,,28.3,88,35.0,0.1,0.1,975.1,5.6,187,51,195.0
2026-08-05T20:00,65.2,68.0,1399.0,68.4,30.3,56.0,161,68,5.0,,28.1,90,34.5,0.1,0.1,975.7,7.2,179,51,170.0
2026-08-05T21:00,65.7,69.2,1514.0,74.3,33.5,40.0,148,68,6.0,,27.8,92,34.8,0.0,0.0,976.2,4.1,182,3,115.0
2026-08-05T22:00,70.1,74.3,1571.0,75.2,36.3,32.0,148,70,8.0,,27.7,94,34.9,0.0,0.0,976.2,4.2,155,3,100.0
2026-08-05T23:00,74.7,79.6,1539.0,72.5,37.1,29.0,148,72,9.0,,27.3,99,35.0,0.0,0.0,975.8,3.7,101,3,80.0
2026-08-06T00:00,70.5,74.7,1363.0,64.9,33.8,33.0,147,70,8.0,,27.8,98,35.7,3.0,3.0,975.4,3.1,208,63,65.0
2026-08-06T01:00,61.2,64.5,1097.0,53.7,28.3,42.0,148,66,5.0,,27.3,90,33.9,2.0,2.0,975.3,3.5,159,61,115.0
2026-08-06T02:00,62.4,64.7,873.0,44.4,24.6,50.0,148,66,4.0,,27.0,96,34.2,0.5,0.5,974.9,2.2,189,53,55.0
2026-08-06T03:00,60.5,62.9,725.0,38.5,24.1,55.0,149,65,4.0,,27.0,97,34.0,0.0,0.0,974.7,4.5,209,3,145.0
2026-08-06T04:00,57.7,60.5,620.0,34.5,25.3,58.0,149,64,5.0,,26.9,96,33.2,0.0,0.0,975.2,7.8,233,3,195.0
2026-08-06T05:00,68.7,71.7,585.0,47.3,44.8,47.0,149,69,6.0,,27.1,95,33.7,0.0,0.0,974.6,5.7,101,3,185.0
2026-08-06T06:00,70.3,72.6,669.0,49.3,46.4,48.0,149,70,5.0,,27.3,93,34.2,0.4,0.4,975.7,3.8,98,51,90.0
2026-08-06T07:00,75.0,76.4,825.0,51.7,48.6,50.0,149,73,3.0,,27.5,90,33.7,0.3,0.3,976.3,6.4,119,51,305.0
2026-08-06T08:00,70.1,71.2,937.0,51.5,49.4,58.0,150,70,2.0,,27.4,91,33.7,1.0,1.0,977.1,6.6,119,55,405.0
2026-08-06T09:00,54.6,55.3,960.0,45.9,47.6,78.0,151,62,1.0,,27.1,90,33.4,1.1,1.1,977.8,4.2,115,55,310.0
2026-08-06T10:00,45.3,46.4,941.0,37.7,44.5,104.0,151,57,1.0,,26.9,89,33.2,1.6,1.6,977.7,1.7,108,61,205.0
2026-08-06T11:00,44.6,46.7,901.0,31.8,42.2,123.0,152,62,4.0,,27.0,84,32.5,0.8,0.8,977.7,5.0,64,53,245.0
2026-08-06T12:00,44.9,48.8,831.0,30.0,42.3,131.0,152,66,13.0,,27.7,80,33.2,0.6,0.6,977.3,4.0,360,53,390.0
2026-08-06T13:00,47.4,52.7,741.0,30.5,43.2,133.0,152,67,25.0,,27.4,82,32.7,0.3,0.3,976.7,5.4,330,51,280.0
2026-08-06T14:00,51.9,68.2,686.0,33.0,42.9,129.0,152,65,32.0,,27.2,83,32.4,0.2,0.2,976.0,5.7,319,51,270.0
2026-08-06T15:00,50.9,62.2,681.0,38.8,40.0,116.0,152,60,29.0,,27.0,84,32.5,0.3,0.3,975.8,4.8,331,51,325.0
2026-08-06T16:00,57.6,67.1,712.0,46.6,35.9,98.0,152,64,21.0,,27.5,82,32.7,0.1,0.1,975.3,6.3,325,51,385.0
2026-08-06T17:00,31.8,33.3,785.0,51.4,24.6,62.0,153,55,3.0,,27.7,87,33.4,0.0,0.0,975.1,7.8,5,3,585.0
2026-08-06T18:00,32.7,33.6,950.0,53.5,25.1,53.0,153,56,2.0,,27.4,90,33.6,0.5,0.5,975.2,6.4,8,53,480.0
2026-08-06T19:00,34.8,35.6,1159.0,56.4,25.9,41.0,152,58,2.0,,27.2,91,33.7,0.1,0.1,975.8,4.9,354,51,365.0
2026-08-06T20:00,37.0,38.0,1271.0,57.7,26.0,32.0,151,59,1.0,,27.0,93,33.4,0.0,0.0,976.2,5.2,4,3,285.0
2026-08-06T21:00,37.6,38.5,1203.0,56.7,25.3,27.0,150,58,1.0,,26.9,93,33.2,0.0,0.0,976.8,5.6,29,3,335.0
2026-08-06T22:00,39.1,40.0,1039.0,54.1,24.1,24.0,148,57,1.0,,26.9,93,33.5,0.0,0.0,976.8,3.9,53,3,350.0
2026-08-06T23:00,39.9,41.0,889.0,50.3,22.4,24.0,145,54,1.0,,26.7,93,32.5,0.0,0.0,976.6,8.4,74,3,385.0
2026-08-07T00:00,36.6,37.7,794.0,44.6,19.8,28.0,141,52,1.0,,26.0,97,31.8,0.5,0.5,976.4,8.1,86,53,290.0
2026-08-07T01:00,34.7,35.9,712.0,37.6,16.8,34.0,138,51,0.0,,25.8,97,32.2,1.4,1.4,976.2,3.6,70,61,160.0
2026-08-07T02:00,31.8,32.2,631.0,31.3,14.1,41.0,135,50,0.0,,25.7,99,32.2,0.5,0.5,975.8,4.1,358,53,95.0
2026-08-07T03:00,28.5,28.7,523.0,25.6,11.9,48.0,132,48,0.0,,25.8,98,32.1,0.0,0.0,975.6,5.2,6,3,140.0
2026-08-07T04:00,25.6,25.7,415.0,20.7,10.1,56.0,128,46,0.0,,25.8,96,31.8,0.0,0.0,975.7,5.4,6,3,220.0
2026-08-07T05:00,35.0,35.2,374.0,23.4,16.3,50.0,125,51,0.0,,26.1,97,32.0,1.8,1.8,975.3,7.5,57,61,240.0
2026-08-07T06:00,36.9,37.1,466.0,25.4,18.0,57.0,121,53,0.0,,25.6,93,31.4,2.2,2.2,975.7,3.6,319,61,140.0
2026-08-07T07:00,38.4,38.6,625.0,28.0,20.3,67.0,118,53,0.0,,26.0,96,32.1,2.3,2.3,976.1,5.6,40,61,190.0
2026-08-07T08:00,43.3,43.5,724.0,28.4,21.6,78.0,114,56,0.0,,26.4,96,32.2,2.3,2.3,976.4,9.1,25,61,490.0
2026-08-07T09:00,49.0,49.1,694.0,24.4,21.0,91.0,111,59,0.0,,26.5,95,32.0,2.5,2.5,976.6,11.0,24,63,590.0
2026-08-07T10:00,32.5,32.7,603.0,18.2,19.5,105.0,111,50,0.0,,26.9,93,32.6,3.4,3.4,976.8,10.3,35,63,690.0
2026-08-07T11:00,26.7,27.0,527.0,14.1,18.2,116.0,109,56,0.0,,27.8,89,33.4,1.0,1.0,976.5,11.2,35,55,530.0
2026-08-07T12:00,26.7,26.9,473.0,13.6,17.5,122.0,108,61,0.0,,26.1,96,31.0,12.0,12.0,976.0,13.8,53,65,470.0
2026-08-07T13:00,25.8,26.0,434.0,15.2,16.9,124.0,106,62,0.0,,26.9,95,32.2,2.4,2.4,975.3,14.4,53,61,555.0
2026-08-07T14:00,28.1,28.3,463.0,18.6,16.8,120.0,103,60,0.0,,27.8,92,33.8,0.9,0.9,974.8,11.4,33,53,465.0
2026-08-07T15:00,29.2,29.4,639.0,24.3,17.0,107.0,101,48,0.0,,29.1,80,34.5,0.3,0.3,974.4,11.1,22,51,605.0
2026-08-07T16:00,29.0,29.3,883.0,31.7,17.6,88.0,99,48,0.0,,28.7,81,33.6,0.3,0.3,974.2,12.5,20,51,675.0
2026-08-07T17:00,34.6,35.2,1018.0,31.1,15.9,86.0,97,51,1.0,,27.0,93,32.7,4.9,4.9,974.5,10.2,24,63,360.0
2026-08-07T18:00,35.6,36.2,928.0,32.0,15.4,80.0,97,52,1.0,,26.7,95,32.5,1.6,1.6,974.5,9.2,39,61,425.0
2026-08-07T19:00,36.0,36.4,728.0,33.1,14.8,73.0,97,52,1.0,,26.3,95,32.1,1.4,1.4,975.3,8.2,50,61,350.0
2026-08-07T20:00,34.7,35.2,584.0,33.7,14.6,66.0,97,51,1.0,,26.5,93,31.9,0.1,0.1,976.0,10.5,35,51,475.0
2026-08-07T21:00,35.2,35.5,581.0,33.2,15.3,62.0,97,52,1.0,,25.6,97,30.4,0.9,0.9,976.8,12.7,47,53,435.0
2026-08-07T22:00,36.3,36.6,634.0,32.2,16.3,59.0,97,52,0.0,,25.4,97,30.6,3.0,3.0,977.0,10.1,40,63,380.0
2026-08-07T23:00,37.7,38.0,660.0,30.8,17.1,57.0,97,53,0.0,,25.6,97,31.1,12.6,12.6,977.0,8.9,61,65,245.0
2026-08-08T00:00,38.3,38.5,616.0,28.9,17.1,56.0,97,53,0.0,,25.9,96,31.7,2.7,2.7,976.4,7.4,26,63,225.0
2026-08-08T01:00,39.6,39.7,545.0,26.7,16.9,55.0,97,54,0.0,,25.9,96,31.3,0.3,0.3,975.9,10.1,25,51,310.0
2026-08-08T02:00,41.4,41.6,486.0,25.2,16.9,54.0,97,55,0.0,,25.1,97,30.3,0.7,0.7,975.8,8.7,38,53,360.0
2026-08-08T03:00,41.9,42.1,437.0,25.4,17.4,49.0,98,55,0.0,,24.7,99,29.8,5.6,5.6,975.9,7.9,13,63,285.0
2026-08-08T04:00,43.9,44.0,400.0,26.3,18.1,43.0,99,57,0.0,,24.6,99,29.9,6.4,6.4,975.9,7.7,16,63,265.0
2026-08-08T05:00,44.9,45.5,423.0,23.6,20.5,50.0,100,57,1.0,,25.6,97,31.2,0.2,0.2,975.7,8.4,99,51,520.0
2026-08-08T06:00,47.4,48.1,576.0,23.3,21.5,58.0,101,59,1.0,,25.6,96,30.5,6.0,6.0,976.3,11.7,104,63,425.0
2026-08-08T07:00,47.5,48.7,787.0,22.8,22.9,70.0,103,59,2.0,,25.7,96,30.9,1.2,1.2,976.7,9.9,78,55,295.0
2026-08-08T08:00,44.2,45.9,893.0,21.1,23.4,87.0,103,57,3.0,,27.0,93,33.2,0.3,0.3,977.3,7.0,80,51,465.0
2026-08-08T09:00,39.0,41.4,784.0,16.9,22.2,113.0,104,54,4.0,,29.2,87,36.0,0.1,0.1,977.6,7.7,91,51,865.0
2026-08-08T10:00,35.7,38.8,568.0,11.6,20.2,143.0,103,72,6.0,,30.7,78,36.5,0.1,0.1,977.5,12.9,113,51,1150.0
2026-08-08T11:00,37.8,41.3,409.0,8.0,18.9,165.0,103,85,7.0,,29.6,78,34.5,0.5,0.5,978.0,15.8,107,53,690.0
2026-08-08T12:00,36.1,38.8,366.0,7.5,19.0,172.0,104,92,7.0,,31.0,74,37.4,0.8,0.8,977.9,11.1,113,53,1110.0
2026-08-08T13:00,43.4,45.9,380.0,8.7,19.8,171.0,105,91,5.0,,30.2,75,36.2,1.4,1.4,977.3,14.1,127,61,755.0
2026-08-08T14:00,39.7,41.6,430.0,10.9,20.9,168.0,107,88,4.0,,30.6,76,37.0,0.7,0.7,976.3,6.9,113,53,765.0
2026-08-08T15:00,37.1,38.4,507.0,12.6,22.0,167.0,108,87,3.0,,32.1,68,38.4,0.1,0.1,975.8,8.2,122,51,955.0
2026-08-08T16:00,36.6,37.5,621.0,15.2,23.4,163.0,119,83,2.0,,31.2,72,37.0,0.4,0.4,975.1,8.8,121,51,430.0
2026-08-08T17:00,36.3,49.4,784.0,21.2,20.7,145.0,135,73,26.0,,30.9,75,36.9,1.3,1.3,976.1,8.8,116,61,715.0
2026-08-08T18:00,42.8,49.5,1063.0,33.8,23.3,118.0,142,58,20.0,,30.0,80,36.5,0.1,0.1,976.1,6.8,115,51,575.0
2026-08-08T19:00,48.3,52.7,1391.0,50.9,26.7,80.0,136,59,13.0,,29.2,84,36.0,0.0,0.0,976.6,5.3,123,0,375.0
2026-08-08T20:00,56.5,60.8,1584.0,61.0,28.7,54.0,118,63,8.0,,28.9,87,36.1,0.0,0.0,977.5,3.4,133,0,180.0
2026-08-08T21:00,56.7,61.5,1537.0,57.5,28.0,51.0,114,63,9.0,,28.7,88,35.6,0.0,0.0,978.3,6.0,106,1,255.0
2026-08-08T22:00,49.4,56.1,1354.0,47.1,25.9,59.0,116,60,12.0,,28.5,89,35.6,0.0,0.0,978.8,4.3,92,3,245.0
2026-08-08T23:00,47.1,53.8,1167.0,38.3,23.8,65.0,118,58,13.0,,29.1,88,36.9,0.0,0.0,978.6,1.2,27,3,55.0
2026-08-09T00:00,48.4,53.3,1008.0,34.1,22.1,64.0,119,59,11.0,,28.6,89,36.0,0.2,0.2,978.5,2.9,47,51,85.0
2026-08-09T01:00,47.6,50.8,845.0,31.5,20.5,61.0,120,59,6.0,,28.3,90,35.5,0.2,0.2,978.2,3.0,123,51,185.0
2026-08-09T02:00,45.4,47.0,705.0,29.6,19.6,58.0,121,57,3.0,,28.2,88,35.2,0.1,0.1,978.1,2.8,79,51,210.0
2026-08-09T03:00,44.0,44.6,586.0,28.5,19.6,52.0,121,57,1.0,,26.7,95,32.8,0.7,0.7,978.2,8.3,92,53,225.0
2026-08-09T04:00,43.8,43.9,492.0,28.0,20.3,46.0,121,56,1.0,,26.2,94,31.7,0.4,0.4,978.2,8.3,103,51,165.0
2026-08-09T05:00,53.6,54.2,458.0,37.6,21.7,34.0,121,62,1.0,,25.1,99,31.0,0.1,0.1,978.3,4.4,78,51,80.0
2026-08-09T06:00,50.8,51.1,540.0,33.2,24.1,51.0,122,60,1.0,,25.7,96,31.9,0.1,0.1,978.5,4.2,100,51,55.0
2026-08-09T07:00,46.1,46.2,684.0,26.9,27.4,76.0,122,58,0.0,,27.0,94,34.0,0.0,0.0,979.0,2.7,48,1,95.0
2026-08-09T08:00,42.1,42.3,759.0,20.9,29.5,105.0,122,55,0.0,,28.9,88,36.1,0.0,0.0,979.3,4.0,87,0,340.0
2026-08-09T09:00,38.2,38.4,690.0,15.5,29.2,140.0,122,70,0.0,,30.5,79,37.3,0.1,0.1,979.5,6.1,104,51,695.0
2026-08-09T10:00,37.5,37.7,554.0,10.3,27.6,179.0,122,99,0.0,,31.4,75,38.3,0.1,0.1,979.7,7.6,118,51,1020.0
2026-08-09T11:00,36.9,37.1,450.0,6.6,26.2,208.0,122,128,0.0,,31.2,73,38.5,0.0,0.0,979.1,8.4,121,1,460.0
2026-08-09T12:00,36.6,37.0,416.0,5.0,25.1,221.0,122,141,14.0,,32.5,67,40.1,0.4,0.4,978.7,6.8,117,51,1150.0
2026-08-09T13:00,41.6,71.0,415.0,4.8,24.2,225.0,122,145,34.0,,33.2,64,41.0,0.0,0.0,978.0,5.1,132,3,1150.0
2026-08-09T14:00,42.0,65.2,435.0,5.6,24.5,228.0,123,148,46.0,,33.7,63,41.5,0.0,0.0,977.1,4.8,115,1,1175.0
2026-08-09T15:00,41.2,57.6,441.0,5.3,26.4,239.0,158,159,43.0,,33.8,62,41.2,0.0,0.0,976.4,2.2,81,0,1215.0
2026-08-09T16:00,41.3,54.6,469.0,5.8,29.4,248.0,184,168,33.0,,33.6,62,40.1,0.0,0.0,975.8,3.6,45,1,1165.0
2026-08-09T17:00,48.0,48.4,610.0,13.1,23.8,184.0,203,104,0.0,,32.9,65,38.9,0.6,0.6,975.7,6.7,189,53,350.0
2026-08-09T18:00,60.5,61.0,989.0,39.8,32.0,143.0,206,72,0.0,,31.5,76,39.2,0.0,0.0,976.1,2.3,360,2,30.0
2026-08-09T19:00,83.4,83.8,1481.0,76.6,43.3,86.0,203,77,0.0,,30.6,81,38.0,0.0,0.0,976.8,4.2,78,3,125.0
2026-08-09T20:00,107.8,108.0,1812.0,103.6,51.8,41.0,188,87,0.0,,30.1,83,37.4,0.0,0.0,977.1,4.6,135,3,120.0
2026-08-09T21:00,128.1,128.1,1830.0,113.6,55.8,20.0,160,95,0.0,,29.8,84,37.0,0.0,0.0,978.1,4.4,148,3,110.0
2026-08-09T22:00,140.6,140.6,1686.0,113.8,56.9,12.0,143,100,0.0,,29.5,83,36.2,0.0,0.0,978.3,5.2,121,3,135.0
2026-08-09T23:00,130.4,130.4,1558.0,106.2,55.0,12.0,151,96,0.0,,29.9,83,37.2,0.0,0.0,977.9,3.5,125,3,90.0
2026-08-10T00:00,100.1,100.4,1520.0,86.6,48.1,23.0,153,84,0.0,,28.8,86,35.8,0.1,0.1,977.6,3.7,191,51,100.0
2026-08-10T01:00,74.3,74.5,1497.0,59.2,38.0,42.0,155,72,0.0,,27.4,89,32.8,0.9,0.9,977.5,10.8,349,53,165.0
2026-08-10T02:00,59.1,59.3,1450.0,38.2,29.9,55.0,155,65,0.0,,26.5,94,32.9,0.3,0.3,977.0,4.6,9,51,50.0
2026-08-10T03:00,53.0,53.1,1354.0,30.2,25.5,55.0,156,62,0.0,,26.8,94,33.4,0.0,0.0,976.6,4.7,86,3,55.0
2026-08-10T04:00,50.3,50.4,1233.0,28.7,23.2,50.0,156,60,0.0,,27.1,94,33.6,0.0,0.0,977.1,5.5,77,3,100.0
2026-08-10T05:00,37.8,38.0,1117.0,21.6,21.6,71.0,156,53,0.0,,27.7,90,33.7,0.0,0.0,976.9,8.5,119,3,320.0
2026-08-10T06:00,36.0,36.2,1014.0,24.4,23.2,69.0,156,52,0.0,,26.8,92,32.6,0.2,0.2,977.7,7.8,119,51,380.0
2026-08-10T07:00,32.4,32.6,916.0,28.0,25.5,68.0,155,50,0.0,,27.1,92,33.3,0.3,0.3,977.8,6.1,95,51,215.0
2026-08-10T08:00,29.9,30.0,823.0,29.5,28.1,76.0,155,49,0.0,,28.2,87,34.5,0.0,0.0,978.1,6.7,114,3,325.0
2026-08-10T09:00,28.9,29.1,729.0,26.8,31.2,103.0,155,48,0.0,,29.6,82,36.1,0.0,0.0,978.3,6.8,125,1,480.0
2026-08-10T10:00,30.6,30.7,640.0,21.9,34.6,140.0,154,70,1.0,,30.9,77,38.4,0.0,0.0,978.4,4.9,114,3,655.0
2026-08-10T11:00,31.5,33.1,579.0,18.2,37.1,168.0,154,88,3.0,,32.9,66,40.4,0.0,0.0,978.0,6.0,139,2,1175.0
2026-08-10T12:00,32.9,36.9,556.0,16.6,38.1,180.0,154,100,9.0,,33.2,64,41.1,0.0,0.0,977.6,5.5,131,2,1365.0
2026-08-10T13:00,36.2,60.8,561.0,16.1,38.3,184.0,154,104,16.0,,31.9,70,39.3,0.0,0.0,977.3,8.4,99,3,635.0
2026-08-10T14:00,37.8,47.7,589.0,17.5,38.3,180.0,154,100,20.0,,27.7,93,34.9,4.8,4.8,976.8,3.3,68,63,165.0
2026-08-10T15:00,39.6,47.5,627.0,21.0,38.1,168.0,154,88,18.0,,28.8,86,36.2,0.8,0.8,976.5,0.9,307,53,380.0
2026-08-10T16:00,40.5,46.2,687.0,26.4,37.7,149.0,154,75,13.0,,28.9,86,36.1,0.2,0.2,975.7,2.7,352,51,330.0
2026-08-10T17:00,52.5,54.4,802.0,27.9,27.2,144.0,154,72,4.0,,29.4,88,36.8,0.0,0.0,976.0,6.4,27,3,350.0
2026-08-10T18:00,56.9,57.6,1052.0,34.0,27.6,120.0,154,63,3.0,,29.2,89,36.4,0.1,0.1,976.3,7.0,44,51,360.0
2026-08-10T19:00,58.8,59.0,1358.0,42.4,28.1,88.0,154,64,1.0,,28.7,90,35.7,0.0,0.0,976.6,7.1,63,3,305.0
2026-08-10T20:00,65.0,65.0,1513.0,48.6,28.8,62.0,153,68,0.0,,28.5,91,35.7,0.0,0.0,977.6,5.5,79,3,270.0
2026-08-10T21:00,70.8,71.0,1385.0,51.0,29.9,50.0,152,70,0.0,,28.3,92,35.7,0.0,0.0,978.1,4.5,95,3,270.0
2026-08-10T22:00,77.1,77.5,1106.0,51.2,31.1,45.0,149,74,1.0,,28.1,93,35.5,0.0,0.0,977.9,4.4,83,3,270.0
2026-08-10T23:00,77.3,77.8,864.0,49.7,31.5,43.0,143,74,1.0,,27.8,98,35.0,0.0,0.0,977.0,8.2,61,3,210.0
2026-08-11T00:00,77.3,77.8,728.0,45.7,30.3,43.0,137,74,1.0,,27.7,94,34.2,0.2,0.2,976.9,9.7,91,51,380.0
2026-08-11T01:00,76.6,77.1,630.0,40.0,28.2,46.0,135,73,1.0,,27.3,96,33.8,0.1,0.1,976.9,8.8,113,51,355.0
2026-08-11T02:00,74.5,75.2,555.0,34.9,26.4,49.0,135,72,1.0,,27.2,96,33.6,0.0,0.0,976.9,9.2,106,3,375.0
2026-08-11T03:00,71.9,72.6,494.0,31.2,25.1,49.0,137,71,1.0,,27.1,96,33.5,0.1,0.1,976.6,8.3,106,51,375.0
2026-08-11T04:00,65.4,65.9,455.0,28.1,24.0,49.0,139,68,1.0,,27.0,91,32.7,0.3,0.3,977.0,8.1,127,51,335.0
2026-08-11T05:00,51.9,52.3,448.0,24.2,24.7,57.0,140,61,1.0,,26.7,95,32.8,0.3,0.3,977.2,8.1,149,51,360.0
2026-08-11T06:00,47.4,47.6,493.0,26.4,25.2,57.0,142,59,1.0,,26.8,95,33.0,0.0,0.0,977.4,7.6,128,3,345.0
2026-08-11T07:00,50.5,50.9,570.0,29.3,26.0,58.0,143,60,0.0,,27.6,89,33.6,0.0,0.0,978.1,8.5,159,3,430.0
2026-08-11T08:00,44.9,45.3,623.0,30.0,27.3,70.0,145,57,0.0,,28.6,85,34.8,0.0,0.0,978.5,6.9,163,3,485.0
2026-08-11T09:00,40.3,40.4,625.0,26.4,29.6,101.0,146,54,0.0,,29.5,82,36.1,0.0,0.0,978.7,5.9,157,3,595.0
2026-08-11T10:00,37.5,37.7,604.0,20.7,32.5,143.0,148,72,0.0,,30.2,81,37.3,0.1,0.1,979.0,4.3,114,51,700.0
2026-08-11T11:00,38.5,38.8,591.0,16.2,34.0,174.0,148,94,0.0,,30.4,81,38.0,0.3,0.3,978.8,2.2,104,51,590.0
2026-08-11T12:00,39.8,40.3,597.0,13.8,33.3,187.0,149,107,0.0,,28.6,88,35.2,2.8,2.8,978.4,7.2,63,63,345.0
2026-08-11T13:00,39.6,39.9,611.0,12.8,31.3,189.0,150,109,1.0,,27.9,92,34.8,5.4,5.4,978.0,5.1,80,63,265.0
2026-08-11T14:00,38.0,38.3,634.0,14.1,29.4,184.0,150,104,1.0,,28.5,91,36.0,1.4,1.4,977.2,3.6,60,61,375.0
2026-08-11T15:00,36.4,36.7,613.0,18.2,27.5,171.0,150,91,1.0,,29.9,83,37.1,0.3,0.3,976.0,5.2,56,51,470.0
2026-08-11T16:00,37.0,37.3,600.0,24.7,25.6,151.0,150,76,0.0,,30.4,79,37.3,0.0,0.0,975.8,4.8,34,3,645.0
2026-08-11T17:00,45.2,45.3,754.0,35.7,26.5,121.0,149,61,0.0,,30.1,79,36.9,0.1,0.1,976.2,4.2,80,51,445.0
2026-08-11T18:00,47.4,47.5,1241.0,48.4,29.8,99.0,149,59,0.0,,29.8,82,37.0,0.0,0.0,976.1,3.1,90,3,115.0
2026-08-11T19:00,58.9,59.0,1896.0,66.0,34.5,68.0,148,64,0.0,,29.1,88,36.9,0.5,0.5,976.6,2.1,160,53,35.0
2026-08-11T20:00,74.7,75.0,2379.0,80.5,39.1,42.0,148,72,0.0,,28.8,90,36.5,0.5,0.5,977.5,3.2,109,53,90.0
2026-08-11T21:00,86.6,86.8,2558.0,89.1,43.8,27.0,149,78,0.0,,28.5,92,36.3,0.1,0.1,978.4,2.9,137,51,70.0
2026-08-11T22:00,102.7,102.9,2567.0,94.5,48.5,16.0,150,85,0.0,,28.1,94,35.6,0.0,0.0,978.5,3.9,152,1,85.0
2026-08-11T23:00,111.3,111.5,2466.0,96.9,50.8,9.0,151,89,0.0,,28.4,90,35.4,0.0,0.0,978.1,5.5,134,3,125.0
2026-08-12T00:00,109.0,109.2,2235.0,95.8,49.2,5.0,152,88,0.0,,28.1,92,35.4,0.0,0.0,977.9,3.7,169,2,90.0
2026-08-12T01:00,110.4,110.6,1894.0,91.8,45.3,4.0,153,88,0.0,,28.1,92,35.9,0.0,0.0,977.9,0.3,315,2,10.0
2026-08-12T02:00,116.9,117.1,1570.0,86.7,41.5,5.0,154,91,0.0,,27.7,94,35.1,0.0,0.0,977.9,2.7,48,1,45.0
2026-08-12T03:00,122.0,122.0,1281.0,81.1,38.2,3.0,155,93,0.0,,27.4,93,34.4,0.0,0.0,978.0,4.3,62,0,95.0
2026-08-12T04:00,114.6,114.6,1008.0,74.4,35.0,3.0,157,90,0.0,,27.2,94,34.3,0.0,0.0,978.1,2.9,68,0,90.0
2026-08-12T05:00,92.2,92.2,825.0,66.0,39.0,13.0,158,81,0.0,,27.5,97,35.2,0.0,0.0,977.9,1.5,76,1,65.0
2026-08-12T06:00,93.6,93.8,799.0,56.6,41.1,33.0,159,81,0.0,,27.6,95,35.1,0.0,0.0,978.2,2.8,35,0,85.0
2026-08-12T07:00,75.0,75.2,862.0,43.6,44.1,63.0,161,73,0.0,,28.6,92,36.3,0.0,0.0,978.5,2.9,349,0,190.0
2026-08-12T08:00,54.5,54.6,886.0,32.5,46.1,93.0,161,62,0.0,,29.9,83,37.2,0.0,0.0,978.9,2.9,349,0,390.0
2026-08-12T09:00,40.4,40.6,803.0,25.7,46.6,123.0,162,62,0.0,,31.0,75,37.9,0.1,0.1,979.1,3.6,357,51,620.0
2026-08-12T10:00,40.6,40.9,682.0,20.9,46.3,155.0,162,78,1.0,,31.8,71,39.4,0.3,0.3,979.1,2.9,11,51,755.0
2026-08-12T11:00,42.8,43.2,597.0,17.0,44.9,184.0,162,104,1.0,,32.9,65,40.3,0.3,0.3,978.8,4.2,350,51,980.0
2026-08-12T12:00,44.6,44.9,581.0,13.1,41.9,210.0,162,130,1.0,,33.4,64,41.3,0.1,0.1,978.3,3.7,337,51,1050.0
2026-08-12T13:00,46.4,46.9,603.0,10.1,37.9,234.0,162,154,1.0,,33.9,62,42.3,0.1,0.1,977.4,2.5,339,51,1070.0
2026-08-12T14:00,47.7,48.1,642.0,9.1,35.0,249.0,162,169,1.0,,34.2,61,42.5,0.1,0.1,976.8,0.8,27,51,1115.0
2026-08-12T15:00,47.7,48.1,616.0,7.7,33.4,258.0,162,178,1.0,,34.4,60,41.8,0.0,0.0,976.6,0.8,243,0,1205.0
2026-08-12T16:00,48.8,49.1,608.0,8.3,32.8,258.0,178,178,0.0,,34.2,61,41.1,0.0,0.0,975.9,1.5,256,1,1260.0
2026-08-12T17:00,43.9,46.7,850.0,20.2,33.2,219.0,202,139,6.0,,33.5,67,40.9,0.3,0.3,976.2,1.9,214,51,580.0
2026-08-12T18:00,65.4,67.5,1685.0,38.2,34.8,178.0,208,98,6.0,,29.6,88,36.4,0.7,0.7,977.2,11.1,240,53,185.0
2026-08-12T19:00,82.4,85.2,2770.0,62.7,36.9,120.0,210,76,6.0,,28.4,93,35.1,0.0,0.0,978.2,10.1,237,2,225.0
2026-08-12T20:00,85.9,89.2,3302.0,78.6,37.7,76.0,205,78,6.0,,27.9,92,35.3,0.0,0.0,978.4,2.2,222,3,65.0
2026-08-12T21:00,87.3,89.4,2739.0,78.0,36.2,59.0,191,79,4.0,,28.0,93,35.0,0.0,0.0,979.4,5.6,225,3,75.0
2026-08-12T22:00,81.5,81.7,1622.0,68.9,33.4,54.0,165,76,2.0,,27.9,94,34.9,0.0,0.0,979.8,6.5,182,3,95.0
2026-08-12T23:00,77.3,77.3,777.0,60.1,30.9,52.0,164,74,0.0,,29.5,87,36.8,0.0,0.0,979.6,5.7,171,2,115.0
2026-08-13T00:00,66.8,66.8,563.0,54.7,29.1,48.0,163,68,0.0,,28.9,89,36.4,0.0,0.0,979.8,4.0,185,1,70.0
2026-08-13T01:00,61.2,61.2,621.0,49.7,27.6,46.0,162,66,0.0,,28.7,89,36.0,0.0,0.0,979.0,3.8,211,1,60.0
2026-08-13T02:00,55.4,55.4,695.0,44.8,26.0,45.0,160,63,0.0,,28.4,89,35.3,0.0,0.0,978.4,6.0,245,1,80.0
2026-08-13T03:00,47.5,47.5,704.0,39.4,23.9,45.0,159,59,0.0,,28.1,91,34.9,0.0,0.0,978.5,6.3,275,1,130.0
2026-08-13T04:00,41.1,41.2,729.0,34.1,21.8,46.0,156,55,0.0,,27.7,94,34.9,0.0,0.0,978.2,4.0,270,2,115.0
2026-08-13T05:00,51.5,51.5,762.0,44.8,23.1,27.0,154,61,0.0,,26.7,97,33.4,0.0,0.0,978.2,5.0,257,2,95.0
2026-08-13T06:00,50.3,50.9,818.0,40.4,22.8,47.0,153,60,2.0,,26.4,98,32.5,0.6,0.6,978.7,9.2,250,53,120.0
2026-08-13T07:00,47.3,48.7,882.0,34.0,22.5,76.0,152,58,4.0,,27.8,95,34.8,0.0,0.0,978.7,6.7,289,1,100.0
2026-08-13T08:00,44.2,47.8,894.0,27.6,23.4,108.0,151,57,7.0,,29.9,83,37.2,0.0,0.0,978.6,3.6,327,0,165.0
2026-08-13T09:00,46.0,73.8,809.0,21.0,26.9,147.0,150,74,10.0,,31.6,76,39.0,0.0,0.0,978.8,3.1,329,0,505.0
2026-08-13T10:00,44.4,53.9,672.0,14.4,31.6,188.0,151,108,12.0,,32.7,70,41.1,0.0,0.0,979.1,1.3,352,0,940.0
2026-08-13T11:00,42.3,48.9,560.0,9.4,34.0,219.0,151,139,13.0,,33.2,66,41.7,0.2,0.2,979.1,2.5,315,51,945.0
2026-08-13T12:00,41.8,46.7,496.0,6.9,31.9,232.0,151,152,7.0,,33.6,65,42.4,0.0,0.0,978.6,2.2,265,2,1140.0
2026-08-13T13:00,39.6,42.8,458.0,6.1,27.4,234.0,151,154,0.0,,31.5,73,38.8,1.1,1.1,978.0,7.8,241,55,460.0
2026-08-13T14:00,37.5,39.6,455.0,6.7,23.6,228.0,150,148,4.0,,32.6,71,41.0,0.3,0.3,977.3,2.1,239,51,550.0
2026-08-13T15:00,37.8,74.5,474.0,5.8,20.5,217.0,166,137,39.0,,33.3,67,40.4,0.2,0.2,976.6,6.0,295,51,845.0
2026-08-13T16:00,41.7,110.8,528.0,6.4,18.0,198.0,188,118,88.0,,33.2,67,40.0,0.0,0.0,975.9,5.4,290,0,860.0
2026-08-13T17:00,37.6,47.1,667.0,17.4,20.9,167.0,201,87,19.0,,30.9,86,38.8,0.2,0.2,976.3,6.7,59,51,245.0
2026-08-13T18:00,46.0,52.7,945.0,33.9,23.6,132.0,202,66,18.0,,30.8,84,39.2,0.0,0.0,976.6,1.3,34,2,225.0
2026-08-13T19:00,54.8,61.9,1308.0,56.6,27.5,84.0,197,62,17.0,,30.2,88,38.5,0.0,0.0,977.1,3.0,163,1,65.0
2026-08-13T20:00,63.6,71.7,1641.0,73.2,31.0,48.0,175,67,16.0,,30.0,90,38.5,0.0,0.0,977.8,3.1,216,1,55.0
2026-08-13T21:00,76.8,86.6,1965.0,77.9,33.7,35.0,145,73,14.0,,30.1,88,38.4,0.0,0.0,978.4,3.0,213,2,65.0
2026-08-13T22:00,83.6,90.8,2259.0,76.6,36.2,34.0,140,77,11.0,,29.9,86,37.7,0.0,0.0,978.4,4.2,211,3,75.0
2026-08-13T23:00,74.0,78.5,2351.0,73.8,38.3,34.0,140,72,9.0,,30.2,88,38.6,0.0,0.0,977.8,2.7,212,3,50.0
2026-08-14T00:00,73.6,75.4,2088.0,70.6,40.4,34.0,140,72,7.0,,29.7,89,37.6,0.0,0.0,977.5,3.6,225,3,65.0
2026-08-14T01:00,72.6,74.0,1624.0,65.9,42.1,36.0,140,71,4.0,,29.3,89,37.1,0.0,0.0,977.2,3.4,227,2,60.0
2026-08-14T02:00,72.4,73.8,1242.0,62.0,43.0,36.0,142,71,3.0,,28.9,90,36.4,0.0,0.0,977.1,4.4,243,1,70.0
2026-08-14T03:00,71.5,73.3,1053.0,60.1,42.4,31.0,143,71,2.0,,28.7,90,35.9,0.0,0.0,976.8,4.7,247,2,90.0
2026-08-14T04:00,71.7,73.6,947.0,58.8,40.9,24.0,146,71,2.0,,28.4,91,35.6,0.0,0.0,977.0,4.8,255,2,95.0
2026-08-14T05:00,61.2,65.9,878.0,55.8,33.4,20.0,149,66,9.0,,27.1,97,34.6,0.0,0.0,977.0,2.0,207,3,40.0
2026-08-14T06:00,59.4,68.2,852.0,52.7,31.8,25.0,150,65,13.0,,27.0,97,34.1,1.6,1.6,977.9,3.5,99,61,40.0
2026-08-14T07:00,51.3,62.9,863.0,48.4,29.8,33.0,150,61,19.0,,27.6,94,34.8,1.1,1.1,978.6,3.8,149,55,110.0
2026-08-14T08:00,48.5,61.7,848.0,43.8,29.1,46.0,150,59,25.0,,28.4,90,36.0,0.3,0.3,979.3,1.9,163,51,300.0
2026-08-14T09:00,43.5,64.5,769.0,38.8,30.8,67.0,151,56,30.0,,28.7,88,35.8,0.1,0.1,979.2,3.9,286,51,380.0
2026-08-14T10:00,42.8,65.2,664.0,33.7,33.9,93.0,150,56,36.0,,30.0,80,37.1,0.0,0.0,979.2,2.4,279,3,575.0
2026-08-14T11:00,40.3,59.8,589.0,30.2,37.3,116.0,150,56,38.0,,30.2,80,37.2,0.1,0.1,979.8,4.7,288,51,580.0
2026-08-14T12:00,38.4,55.1,562.0,29.2,41.1,133.0,150,67,36.0,,30.6,81,38.2,1.0,1.0,980.1,2.4,347,55,620.0
2026-08-14T13:00,38.8,53.8,565.0,29.8,45.3,146.0,150,73,31.0,,30.9,80,38.8,0.4,0.4,979.3,1.7,72,51,705.0
2026-08-14T14:00,39.5,53.0,600.0,31.6,48.9,153.0,150,77,26.0,,30.3,81,37.6,0.4,0.4,979.1,3.8,19,51,520.0
2026-08-14T15:00,39.2,50.6,670.0,33.5,51.4,155.0,150,78,21.0,,27.6,92,34.7,5.4,5.4,978.8,1.8,186,63,95.0
2026-08-14T16:00,37.8,46.1,772.0,36.6,53.3,151.0,150,76,17.0,,28.0,91,35.3,1.0,1.0,977.7,2.3,176,55,190.0
2026-08-14T17:00,46.2,60.3,900.0,34.6,43.1,135.0,150,68,27.0,,30.1,79,36.9,0.2,0.2,977.5,4.0,69,51,380.0
2026-08-14T18:00,50.2,61.0,1087.0,51.2,46.3,105.0,150,60,24.0,,29.5,82,36.5,0.0,0.0,977.7,3.5,81,3,210.0
2026-08-14T19:00,66.4,75.0,1299.0,74.0,50.7,63.0,151,68,20.0,,28.8,87,35.9,0.0,0.0,978.2,4.3,75,3,170.0
2026-08-14T20:00,79.2,87.1,1435.0,90.9,54.4,31.0,151,75,16.0,,28.4,89,35.2,0.0,0.0,978.6,6.0,95,3,240.0
2026-08-14T21:00,89.4,96.9,1434.0,96.0,56.9,18.0,151,80,14.0,,28.0,91,35.3,0.0,0.0,979.4,3.0,142,3,145.0
2026-08-14T22:00,91.7,97.8,1355.0,95.2,58.6,14.0,152,81,12.0,,27.8,92,34.8,0.0,0.0,979.3,3.8,169,3,115.0
2026-08-14T23:00,93.6,98.7,1275.0,93.6,59.2,11.0,152,81,10.0,,28.0,89,34.8,0.0,0.0,978.8,3.8,185,3,150.0
2026-08-15T00:00,95.2,99.9,1224.0,92.7,58.0,8.0,153,82,9.0,,27.7,92,34.9,0.0,0.0,978.8,2.1,195,3,100.0
2026-08-15T01:00,93.6,97.8,1172.0,91.0,55.7,6.0,153,81,8.0,,27.4,93,34.6,0.0,0.0,978.7,1.8,246,2,60.0
2026-08-15T02:00,94.1,97.6,1101.0,88.8,53.3,4.0,154,82,7.0,,27.2,95,34.4,0.0,0.0,978.7,2.2,204,2,70.0
2026-08-15T03:00,94.5,98.0,971.0,86.7,50.6,0.0,155,82,6.0,,27.1,95,34.0,0.0,0.0,978.3,3.8,180,1,85.0
2026-08-15T04:00,95.7,99.0,822.0,84.2,47.9,0.0,155,82,5.0,,27.0,95,34.2,0.0,0.0,978.6,1.9,197,3,60.0
2026-08-15T05:00,97.1,106.9,762.0,59.1,51.3,26.0,156,83,19.0,,26.5,97,32.9,0.0,0.0,978.9,6.6,215,3,150.0
2026-08-15T06:00,93.4,102.7,890.0,51.6,46.9,42.0,157,81,21.0,,26.6,97,33.7,1.0,1.0,979.3,2.8,220,55,90.0
2026-08-15T07:00,85.2,96.4,1108.0,40.9,40.8,66.0,158,78,23.0,,26.8,98,34.1,1.0,1.0,979.6,2.8,63,55,70.0
2026-08-15T08:00,65.0,77.8,1222.0,31.3,35.7,95.0,159,68,25.0,,27.5,95,34.9,0.5,0.5,980.1,3.1,97,53,145.0
2026-08-15T09:00,52.6,65.7,1127.0,23.8,32.9,132.0,159,66,25.0,,28.3,90,35.6,0.1,0.1,980.3,3.2,87,51,225.0
2026-08-15T10:00,51.0,63.3,929.0,17.2,31.1,173.0,160,93,24.0,,29.7,84,37.6,0.0,0.0,980.3,0.4,297,3,350.0
2026-08-15T11:00,49.5,60.8,757.0,12.3,29.2,204.0,160,124,22.0,,31.8,73,38.9,0.1,0.1,980.1,6.0,314,51,935.0
2026-08-15T12:00,48.8,59.0,652.0,9.3,26.6,218.0,160,138,20.0,,31.9,74,39.9,0.6,0.6,979.2,8.5,318,53,1070.0
2026-08-15T13:00,48.4,57.7,574.0,7.9,23.9,222.0,161,142,17.0,,31.1,81,39.2,0.9,0.9,978.8,7.6,360,53,660.0
2026-08-15T14:00,44.9,53.0,526.0,8.4,22.4,219.0,161,139,15.0,,32.2,73,40.3,0.2,0.2,977.9,4.1,345,51,900.0
2026-08-15T15:00,42.7,49.5,491.0,10.4,22.7,211.0,161,131,13.0,,32.5,68,39.2,0.1,0.1,976.9,7.5,320,51,965.0
2026-08-15T16:00,41.0,47.5,486.0,14.3,24.1,196.0,173,116,12.0,,32.4,67,38.4,0.0,0.0,976.3,6.4,306,2,920.0
2026-08-15T17:00,43.8,71.2,570.0,18.5,22.3,156.0,189,78,53.0,,31.6,74,38.2,0.0,0.0,976.2,8.2,320,3,480.0
2026-08-15T18:00,56.5,83.8,838.0,39.6,26.1,120.0,192,63,58.0,,31.2,79,38.8,0.0,0.0,976.4,4.2,265,3,345.0
2026-08-15T19:00,72.9,106.4,1195.0,68.7,31.5,71.0,184,71,64.0,,30.5,84,38.3,0.0,0.0,976.9,4.6,234,3,145.0
2026-08-15T20:00,83.1,120.6,1414.0,91.7,36.2,32.0,163,77,72.0,,30.0,87,37.9,0.0,0.0,977.6,4.1,236,3,110.0
2026-08-15T21:00,90.6,133.6,1380.0,103.2,40.0,13.0,162,81,81.0,,29.7,87,37.3,0.0,0.0,978.0,4.5,241,3,100.0
2026-08-15T22:00,103.6,152.3,1207.0,108.6,43.1,5.0,162,85,90.0,,29.2,88,36.8,0.0,0.0,978.2,3.6,229,3,80.0
2026-08-15T23:00,110.6,162.5,1015.0,108.9,43.9,1.0,162,88,99.0,,29.0,86,35.5,0.0,0.0,977.8,8.3,221,3,230.0
2026-08-16T00:00,104.3,157.4,807.0,103.0,40.9,0.0,163,86,109.0,,28.7,89,35.5,0.0,0.0,977.7,7.6,227,3,235.0
2026-08-16T01:00,94.1,154.6,580.0,92.1,35.7,4.0,163,82,119.0,,28.6,89,35.3,0.0,0.0,977.2,7.0,247,3,280.0
2026-08-16T02:00,92.7,157.4,442.0,81.3,31.5,8.0,163,81,119.0,,28.4,88,35.1,0.1,0.1,976.8,5.5,297,51,295.0
2026-08-16T03:00,91.5,144.4,472.0,72.1,29.5,12.0,163,81,99.0,,26.2,94,32.4,2.9,2.9,976.6,4.0,339,63,45.0
2026-08-16T04:00,77.3,113.6,591.0,63.1,28.5,17.0,163,74,70.0,,26.4,95,32.3,0.3,0.3,976.5,7.9,246,51,85.0
2026-08-16T05:00,65.4,269.2,675.0,17.6,9.4,48.0,162,100,395.0,,27.9,87,33.4,0.0,0.0,976.3,10.4,271,2,410.0
2026-08-16T06:00,74.5,301.7,675.0,17.4,10.2,50.0,161,108,435.0,,27.9,85,33.5,0.1,0.1,977.1,8.8,289,51,335.0
2026-08-16T07:00,82.4,312.0,639.0,16.9,11.3,53.0,161,111,490.0,,28.3,84,33.9,0.2,0.2,977.5,8.6,268,51,445.0
2026-08-16T08:00,87.3,354.8,585.0,15.5,12.3,62.0,161,123,521.0,,29.4,79,35.2,0.1,0.1,977.8,8.3,269,51,530.0
2026-08-16T09:00,96.2,476.8,506.0,12.4,13.1,82.0,161,155,508.0,,30.5,74,36.1,0.0,0.0,977.9,8.6,280,3,595.0
2026-08-16T10:00,92.9,470.3,410.0,8.4,13.8,109.0,163,153,471.0,,31.9,69,37.9,0.0,0.0,977.9,8.2,284,3,760.0
2026-08-16T11:00,75.7,299.9,339.0,5.4,14.2,130.0,164,108,438.0,,32.8,64,39.2,0.0,0.0,977.8,8.4,301,3,910.0
2026-08-16T12:00,68.7,245.9,309.0,3.9,14.1,142.0,165,94,419.0,,33.1,64,40.1,0.2,0.2,977.3,7.5,310,51,1135.0
2026-08-16T13:00,66.1,244.9,305.0,3.5,13.7,149.0,165,93,402.0,,33.3,64,40.2,0.0,0.0,977.2,6.4,310,3,1190.0
2026-08-16T14:00,68.2,264.5,317.0,4.3,13.8,151.0,166,99,384.0,,33.1,65,39.4,0.0,0.0,976.3,7.7,270,3,1035.0
2026-08-16T15:00,68.5,274.7,337.0,6.1,14.2,150.0,166,101,364.0,,33.3,64,39.1,0.1,0.1,975.5,9.0,269,51,1060.0
2026-08-16T16:00,66.6,256.1,374.0,9.1,15.1,144.0,167,96,342.0,,33.1,64,38.8,0.1,0.1,975.2,9.4,272,51,1090.0
2026-08-16T17:00,91.3,440.5,447.0,16.1,13.0,101.0,168,145,689.0,,31.9,74,39.0,0.1,0.1,976.1,4.9,280,51,495.0
2026-08-16T18:00,95.2,359.5,600.0,28.3,16.5,80.0,169,124,624.0,,31.0,79,38.6,0.0,0.0,976.2,3.1,280,3,170.0
2026-08-16T19:00,106.4,370.7,788.0,44.9,21.3,52.0,170,127,531.0,,30.3,83,37.7,0.4,0.4,976.7,4.3,197,51,125.0
2026-08-16T20:00,105.7,333.4,895.0,55.4,24.5,33.0,171,117,442.0,,29.6,87,37.2,0.3,0.3,977.5,4.3,156,51,105.0
2026-08-16T21:00,92.0,252.4,845.0,53.8,24.5,33.0,172,95,364.0,,29.2,88,36.3,0.0,0.0,978.0,6.7,183,3,125.0
2026-08-16T22:00,82.4,198.4,715.0,46.2,22.9,42.0,172,81,289.0,,29.0,88,36.1,0.0,0.0,978.2,5.6,205,3,125.0
2026-08-16T23:00,71.9,191.9,616.0,40.2,22.1,48.0,172,79,229.0,,29.1,86,36.0,0.0,0.0,977.5,6.1,204,3,80.0
2026-08-17T00:00,70.1,172.3,601.0,38.6,23.0,45.0,170,74,187.0,,28.5,86,34.6,0.0,0.0,977.3,8.0,214,3,100.0
2026-08-17T01:00,70.3,149.9,618.0,38.7,24.6,39.0,169,70,160.0,,28.3,86,34.5,0.0,0.0,977.3,6.7,301,3,145.0
2026-08-17T02:00,68.7,144.4,623.0,39.7,26.4,33.0,169,69,144.0,,27.9,88,34.2,0.0,0.0,976.7,6.2,249,2,105.0
2026-08-17T03:00,73.3,156.9,596.0,42.8,28.7,25.0,168,72,142.0,,27.8,86,33.4,0.0,0.0,976.7,8.0,252,2,245.0
2026-08-17T04:00,75.2,158.3,557.0,46.9,31.1,18.0,167,73,152.0,,27.5,83,32.6,0.0,0.0,976.7,8.5,253,2,275.0
2026-08-17T05:00,64.3,173.7,518.0,31.9,15.7,23.0,167,74,211.0,,28.4,79,33.0,0.0,0.0,977.1,11.6,257,2,465.0
2026-08-17T06:00,58.8,187.2,483.0,27.5,14.7,32.0,167,78,200.0,,28.0,80,32.7,0.0,0.0,977.7,10.1,266,1,450.0
2026-08-17T07:00,53.4,172.8,448.0,21.4,13.3,45.0,167,74,191.0,,28.6,79,33.5,0.0,0.0,978.3,10.1,275,2,550.0
2026-08-17T08:00,47.6,165.3,409.0,16.0,12.3,60.0,166,72,227.0,,29.5,76,34.6,0.0,0.0,978.7,10.3,311,1,790.0
2026-08-17T09:00,42.7,143.9,360.0,12.0,12.1,80.0,165,66,360.0,,30.3,74,35.8,0.0,0.0,979.0,8.6,296,0,785.0
2026-08-17T10:00,56.7,277.5,307.0,8.7,12.2,102.0,163,102,537.0,,31.3,71,37.6,0.0,0.0,979.3,8.8,289,1,885.0
2026-08-17T11:00,71.7,402.3,268.0,6.3,12.4,120.0,162,135,647.0,,32.5,65,38.8,0.0,0.0,979.1,11.0,296,0,1060.0
2026-08-17T12:00,74.3,405.1,241.0,4.8,12.4,133.0,162,136,628.0,,33.0,64,40.3,0.0,0.0,978.5,9.3,294,0,1155.0
2026-08-17T13:00,65.0,292.4,227.0,4.2,12.4,141.0,162,106,542.0,,31.6,68,38.8,0.1,0.1,978.0,8.3,294,51,585.0
2026-08-17T14:00,66.6,299.9,250.0,5.0,12.7,144.0,162,108,456.0,,30.3,75,37.8,1.8,1.8,977.5,2.3,129,61,255.0
2026-08-17T15:00,67.5,299.9,320.0,6.3,13.1,140.0,162,108,393.0,,31.0,75,38.0,0.1,0.1,977.0,3.3,119,51,300.0
2026-08-17T16:00,67.1,288.7,427.0,9.0,13.8,131.0,162,105,331.0,,30.7,78,37.3,0.2,0.2,976.4,6.7,177,51,305.0
2026-08-17T17:00,55.5,197.0,563.0,16.4,13.8,108.0,162,81,274.0,,27.4,94,33.3,0.6,0.6,977.4,11.7,284,53,250.0
2026-08-17T18:00,57.4,154.1,750.0,30.9,17.0,83.0,161,69,235.0,,27.3,93,34.2,1.7,1.7,977.1,3.3,174,61,55.0
2026-08-17T19:00,64.5,144.8,965.0,50.9,21.6,49.0,160,67,181.0,,27.5,92,34.3,0.0,0.0,977.6,3.9,152,2,65.0
2026-08-17T20:00,72.6,143.9,1139.0,66.2,25.8,22.0,159,71,135.0,,27.7,91,34.9,0.0,0.0,978.3,1.9,197,1,25.0
2026-08-17T21:00,78.2,142.5,1271.0,72.9,29.7,10.0,158,74,108.0,,27.9,90,34.9,0.0,0.0,978.8,3.1,190,1,35.0
2026-08-17T22:00,82.4,133.2,1360.0,74.8,33.3,5.0,157,76,90.0,,28.1,87,34.8,0.0,0.0,979.2,3.9,202,1,50.0
2026-08-17T23:00,82.4,121.5,1337.0,73.4,34.3,4.0,157,76,72.0,,28.7,87,36.0,0.0,0.0,979.0,2.7,278,1,65.0
2026-08-18T00:00,72.2,96.6,1112.0,67.0,30.6,7.0,158,71,49.0,,28.2,88,35.2,0.0,0.0,978.8,2.9,223,0,40.0
2026-08-18T01:00,55.4,68.2,775.0,57.3,24.4,14.0,158,63,26.0,,28.0,86,34.2,0.0,0.0,978.5,5.3,232,0,110.0
2026-08-18T02:00,44.6,52.7,518.0,50.1,19.8,18.0,157,57,11.0,,27.8,83,33.6,0.0,0.0,978.2,4.7,252,0,130.0
2026-08-18T03:00,41.8,49.2,426.0,49.1,18.8,14.0,156,55,5.0,,27.5,83,33.2,0.0,0.0,978.1,4.7,254,0,115.0
2026-08-18T04:00,48.1,57.9,415.0,50.7,19.5,7.0,156,59,6.0,,27.2,84,32.6,0.0,0.0,978.3,5.9,252,0,135.0
2026-08-18T05:00,29.2,55.5,430.0,19.8,10.0,33.0,155,48,47.0,,28.0,79,32.8,0.0,0.0,978.0,8.5,271,3,400.0
2026-08-18T06:00,41.6,178.3,478.0,19.7,10.9,39.0,154,76,144.0,,27.7,81,33.1,0.0,0.0,978.6,5.3,282,3,425.0
2026-08-18T07:00,51.3,212.3,552.0,19.4,12.1,47.0,153,85,277.0,,28.5,77,34.1,0.0,0.0,979.4,3.8,281,2,515.0
2026-08-18T08:00,56.1,249.6,578.0,18.1,13.2,61.0,153,95,375.0,,29.3,75,34.4,0.0,0.0,979.6,8.5,264,3,570.0
2026-08-18T09:00,63.8,299.0,504.0,14.8,13.9,84.0,153,108,406.0,,30.4,72,35.9,0.0,0.0,980.1,7.1,277,3,720.0
2026-08-18T10:00,71.0,353.0,382.0,10.4,14.4,111.0,154,122,402.0,,31.3,68,37.3,0.0,0.0,980.2,7.3,281,1,780.0
2026-08-18T11:00,61.2,261.7,293.0,7.1,14.7,133.0,154,98,389.0,,32.3,63,38.7,0.0,0.0,980.5,7.3,293,2,1005.0
2026-08-18T12:00,57.5,231.0,265.0,5.6,14.7,145.0,154,90,371.0,,32.9,61,39.8,0.0,0.0,980.1,5.7,288,3,1085.0
2026-08-18T13:00,56.8,223.1,271.0,5.2,14.6,152.0,154,87,343.0,,33.1,60,39.9,0.1,0.1,979.4,6.0,277,51,1175.0
2026-08-18T14:00,57.2,222.1,312.0,6.1,14.7,154.0,153,87,320.0,,33.0,62,39.9,0.1,0.1,978.7,5.0,272,51,1300.0
2026-08-18T15:00,60.3,245.9,394.0,6.5,14.8,153.0,153,94,310.0,,33.0,62,39.3,0.0,0.0,977.9,4.2,250,1,1345.0
2026-08-18T16:00,58.3,229.6,511.0,8.3,15.2,147.0,153,89,304.0,,32.5,64,38.3,0.1,0.1,977.4,5.4,249,51,915.0
2026-08-18T17:00,55.1,165.8,642.0,20.7,16.6,123.0,153,72,211.0,,32.3,65,38.3,0.5,0.5,977.6,4.7,274,53,750.0
2026-08-18T18:00,69.4,156.5,815.0,42.2,24.0,92.0,153,70,191.0,,31.7,68,38.3,0.1,0.1,978.3,0.9,127,51,15.0
2026-08-18T19:00,90.1,177.9,1002.0,71.5,34.1,50.0,153,80,162.0,,29.9,78,36.3,0.0,0.0,979.0,4.9,98,1,230.0
2026-08-18T20:00,103.8,176.5,1094.0,90.7,40.9,21.0,154,86,135.0,,28.1,82,34.4,1.0,1.0,980.1,1.2,129,55,50.0
2026-08-18T21:00,88.5,149.5,1015.0,89.8,41.1,18.0,155,79,114.0,,25.5,94,30.4,0.9,0.9,980.3,9.6,131,53,100.0
2026-08-18T22:00,83.1,137.4,840.0,78.9,38.0,28.0,155,77,94.0,,25.9,91,31.5,0.2,0.2,980.2,4.6,159,51,50.0
2026-08-18T23:00,80.6,124.3,690.0,70.2,35.5,34.0,155,75,79.0,,27.3,91,33.8,0.0,0.0,979.8,4.2,185,1,75.0
2026-08-19T00:00,78.9,115.5,608.0,68.6,35.0,31.0,155,74,69.0,,27.4,89,34.3,0.0,0.0,979.6,0.6,326,1,15.0
2026-08-19T01:00,81.0,113.4,551.0,69.3,35.2,24.0,155,76,62.0,,27.1,91,33.9,0.0,0.0,979.0,1.6,276,2,25.0
2026-08-19T02:00,86.4,118.3,505.0,70.3,35.5,18.0,156,78,58.0,,27.0,90,33.7,0.0,0.0,979.0,1.5,277,1,25.0
2026-08-19T03:00,92.2,124.3,455.0,72.1,35.9,10.0,157,81,55.0,,27.0,90,33.8,0.0,0.0,978.7,0.6,236,1,15.0
2026-08-19T04:00,96.4,128.5,417.0,74.1,36.4,2.0,159,83,53.0,,26.9,91,33.6,0.0,0.0,979.2,0.6,214,2,15.0
2026-08-19T05:00,65.0,98.5,419.0,51.1,37.9,27.0,160,68,59.0,,27.8,88,34.3,0.0,0.0,978.7,4.0,275,3,105.0
2026-08-19T06:00,67.8,105.7,499.0,46.7,38.7,42.0,161,69,73.0,,27.8,85,33.6,0.0,0.0,979.4,6.7,272,3,215.0
2026-08-19T07:00,64.7,114.6,620.0,40.3,39.7,64.0,162,67,92.0,,28.5,82,34.6,0.0,0.0,980.1,4.6,296,3,330.0
2026-08-19T08:00,61.5,120.6,699.0,33.3,39.0,88.0,162,66,105.0,,29.5,77,35.5,0.0,0.0,980.7,4.6,306,3,510.0
2026-08-19T09:00,58.0,121.5,695.0,25.2,35.1,116.0,162,64,108.0,,30.5,73,36.5,0.0,0.0,981.0,5.0,316,3,660.0
2026-08-19T10:00,57.3,135.0,651.0,16.4,29.6,148.0,162,74,105.0,,31.4,68,37.6,0.0,0.0,980.8,3.6,333,2,790.0
2026-08-19T11:00,50.5,108.0,609.0,10.0,25.4,174.0,162,94,101.0,,32.5,61,38.7,0.0,0.0,981.0,7.5,340,3,1120.0
2026-08-19T12:00,47.8,101.7,581.0,7.2,24.0,194.0,162,114,97.0,,32.5,60,39.0,0.1,0.1,980.3,5.2,358,51,1075.0
2026-08-19T13:00,47.5,97.6,555.0,6.8,24.1,209.0,161,129,91.0,,32.8,59,39.4,0.2,0.2,979.9,4.0,342,51,1140.0
2026-08-19T14:00,49.5,97.1,545.0,7.4,24.3,218.0,161,138,87.0,,33.0,58,39.5,0.2,0.2,979.2,3.1,339,51,1070.0
2026-08-19T15:00,49.8,95.7,502.0,8.2,24.4,221.0,161,141,86.0,,33.2,58,39.2,0.1,0.1,978.5,1.8,315,51,1180.0
2026-08-19T16:00,50.4,107.6,475.0,10.1,24.8,217.0,160,137,86.0,,33.0,57,38.4,0.0,0.0,978.0,2.5,278,3,1190.0
2026-08-19T17:00,50.6,96.4,619.0,18.9,19.6,142.0,176,71,84.0,,28.9,87,36.2,0.0,0.0,979.3,3.2,87,3,120.0
2026-08-19T18:00,51.5,85.2,1124.0,30.4,22.6,118.0,180,61,70.0,,28.3,93,35.6,3.2,3.2,979.1,5.0,109,63,120.0
2026-08-19T19:00,59.0,86.4,1799.0,46.0,26.7,85.0,176,65,51.0,,28.0,94,35.4,1.2,1.2,979.4,4.3,163,55,85.0
2026-08-19T20:00,60.8,80.3,2232.0,56.0,29.6,61.0,161,65,36.0,,27.8,96,35.3,0.2,0.2,980.2,3.9,164,51,60.0
2026-08-19T21:00,57.4,75.0,2206.0,55.0,30.3,54.0,157,64,29.0,,27.6,95,34.8,0.0,0.0,980.7,5.2,160,3,65.0
2026-08-19T22:00,59.6,74.0,1937.0,48.3,29.9,55.0,156,65,26.0,,27.7,94,35.0,0.0,0.0,980.5,3.3,119,3,60.0
2026-08-19T23:00,61.0,74.0,1658.0,42.3,29.2,56.0,156,66,24.0,,28.8,95,36.7,0.0,0.0,980.3,5.8,164,3,95.0
2026-08-20T00:00,58.2,72.4,1427.0,38.9,28.2,55.0,155,64,23.0,,28.1,94,35.6,0.1,0.1,980.1,4.3,163,51,95.0
2026-08-20T01:00,58.4,71.0,1186.0,36.1,27.0,54.0,155,64,22.0,,27.7,94,34.5,0.1,0.1,980.2,6.7,316,51,155.0
2026-08-20T02:00,58.2,69.8,1000.0,34.1,26.2,53.0,154,64,22.0,,26.9,97,34.0,0.3,0.3,979.9,2.9,277,51,40.0
2026-08-20T03:00,58.6,71.0,895.0,33.0,25.8,49.0,153,64,21.0,,27.0,97,33.8,0.1,0.1,979.8,5.7,342,51,95.0
2026-08-20T04:00,57.7,69.2,845.0,32.6,25.8,44.0,152,64,19.0,,27.0,96,34.4,0.0,0.0,979.8,1.3,286,3,40.0
2026-08-20T05:00,38.0,46.9,833.0,26.4,27.6,68.0,151,53,17.0,,26.9,96,33.6,0.0,0.0,979.9,6.0,287,3,250.0
2026-08-20T06:00,37.1,44.8,895.0,28.1,27.8,68.0,150,53,16.0,,26.8,95,33.0,1.3,1.3,980.1,7.5,297,61,270.0
2026-08-20T07:00,34.8,42.5,996.0,30.3,28.2,69.0,147,51,16.0,,27.2,92,33.4,0.3,0.3,981.0,7.2,271,51,245.0
2026-08-20T08:00,30.7,40.4,1016.0,30.4,28.9,79.0,144,49,18.0,,27.3,89,33.1,0.1,0.1,981.4,7.2,266,51,245.0
2026-08-20T09:00,31.7,43.0,867.0,26.7,30.7,108.0,141,50,24.0,,27.9,84,33.6,0.0,0.0,981.9,7.2,252,3,270.0
2026-08-20T10:00,34.1,48.9,637.0,20.9,32.8,146.0,138,73,33.0,,28.6,81,34.5,0.0,0.0,982.0,5.1,274,3,345.0
2026-08-20T11:00,36.7,58.1,464.0,15.9,33.4,176.0,136,96,40.0,,30.9,71,37.3,0.0,0.0,981.5,2.4,318,3,640.0
2026-08-20T12:00,38.1,67.8,408.0,12.2,30.8,190.0,134,110,43.0,,31.8,67,37.9,0.0,0.0,980.8,4.0,297,3,780.0
2026-08-20T13:00,37.7,65.7,410.0,9.3,26.6,197.0,133,117,44.0,,32.7,63,39.6,0.0,0.0,980.1,4.6,312,3,1000.0
2026-08-20T14:00,36.6,59.1,433.0,8.2,23.8,199.0,132,119,43.0,,33.0,61,39.5,0.0,0.0,979.0,3.9,298,3,1130.0
2026-08-20T15:00,37.1,56.6,452.0,7.1,23.1,203.0,131,123,41.0,,33.2,61,39.2,0.0,0.0,978.4,4.1,299,3,1155.0
2026-08-20T16:00,38.3,56.6,493.0,7.7,23.8,204.0,143,124,37.0,,33.0,61,38.8,0.0,0.0,977.8,3.6,288,3,1115.0
2026-08-20T17:00,51.0,78.9,597.0,41.6,40.3,131.0,164,66,52.0,,28.8,93,36.3,0.1,0.1,978.3,6.7,172,51,125.0
2026-08-20T18:00,57.6,95.0,793.0,51.7,40.7,108.0,168,64,51.0,,28.4,94,36.0,1.3,1.3,978.8,5.1,176,61,145.0
2026-08-20T19:00,67.3,95.5,1053.0,65.5,41.2,76.0,162,69,49.0,,28.0,95,35.5,0.6,0.6,978.9,4.8,202,53,110.0
2026-08-20T20:00,74.3,100.1,1333.0,75.5,41.6,51.0,145,72,46.0,,27.9,95,35.5,0.2,0.2,979.4,3.7,209,51,95.0
2026-08-20T21:00,80.6,105.5,1676.0,78.6,42.3,41.0,131,75,42.0,,27.8,92,34.9,0.0,0.0,979.9,4.2,220,3,95.0
2026-08-20T22:00,87.3,107.1,2040.0,77.8,42.9,38.0,133,79,37.0,,27.5,92,34.0,0.0,0.0,979.8,6.1,223,3,100.0
2026-08-20T23:00,85.0,102.7,2249.0,75.2,42.4,36.0,136,78,32.0,,29.3,94,37.7,0.0,0.0,979.4,3.1,246,2,60.0
2026-08-21T00:00,77.1,91.7,2212.0,70.0,39.5,34.0,139,74,26.0,,28.6,94,36.1,0.0,0.0,979.5,6.2,280,3,130.0
2026-08-21T01:00,74.7,85.4,2021.0,63.0,35.5,34.0,141,72,21.0,,28.4,92,35.8,0.2,0.2,979.0,4.0,262,51,90.0
2026-08-21T02:00,78.2,87.3,1779.0,58.1,33.2,32.0,143,74,17.0,,28.1,90,34.9,0.0,0.0,978.6,5.6,274,3,115.0
2026-08-21T03:00,80.1,89.9,1472.0,58.3,34.2,25.0,145,75,16.0,,27.9,91,34.6,0.0,0.0,978.5,5.9,290,2,140.0
2026-08-21T04:00,82.7,92.7,1113.0,60.6,36.8,17.0,147,76,18.0,,27.6,94,34.7,0.0,0.0,978.6,4.6,281,2,130.0
2026-08-21T05:00,38.5,58.9,849.0,21.7,12.5,64.0,149,53,35.0,,27.2,97,33.5,0.0,0.0,978.9,10.2,321,2,430.0
2026-08-21T06:00,33.9,53.4,772.0,20.5,12.5,67.0,150,51,33.0,,27.1,92,33.4,0.0,0.0,978.9,6.0,307,2,240.0
2026-08-21T07:00,32.8,50.9,788.0,18.8,12.6,72.0,149,50,32.0,,27.7,86,33.7,0.0,0.0,979.8,5.4,290,1,320.0
2026-08-21T08:00,32.0,54.1,764.0,16.6,13.1,84.0,149,50,39.0,,29.1,80,34.9,0.0,0.0,980.4,7.3,286,1,605.0
2026-08-21T09:00,33.4,65.9,625.0,13.4,14.4,111.0,149,51,64.0,,30.5,71,35.5,0.0,0.0,980.3,10.7,290,0,665.0
2026-08-21T10:00,42.1,120.1,446.0,9.7,16.2,145.0,149,73,98.0,,31.8,67,37.6,0.0,0.0,980.5,10.2,296,0,810.0
2026-08-21T11:00,42.4,105.7,315.0,7.0,17.5,172.0,150,92,119.0,,33.1,61,39.3,0.0,0.0,980.3,11.1,314,1,1115.0
2026-08-21T12:00,40.9,84.3,269.0,5.5,17.9,188.0,150,108,114.0,,33.6,59,40.0,0.0,0.0,979.5,11.1,316,3,1285.0
2026-08-21T13:00,43.5,91.3,272.0,5.0,17.7,198.0,150,118,96.0,,33.6,59,39.9,0.0,0.0,978.6,9.7,315,3,1220.0
2026-08-21T14:00,44.0,88.0,305.0,5.8,17.6,199.0,150,119,84.0,,33.6,58,39.4,0.0,0.0,977.7,9.6,307,3,1215.0
2026-08-21T15:00,44.6,94.3,348.0,7.6,17.4,191.0,151,111,88.0,,33.5,57,38.4,0.1,0.1,977.2,10.2,307,51,1215.0
2026-08-21T16:00,44.7,100.4,420.0,10.7,17.2,175.0,151,95,97.0,,32.5,62,37.2,0.6,0.6,976.7,11.1,309,53,960.0
2026-08-21T17:00,45.9,132.7,563.0,15.4,15.1,142.0,157,71,168.0,,32.5,67,38.6,0.0,0.0,976.6,6.7,308,1,790.0
2026-08-21T18:00,49.4,112.5,842.0,26.3,17.2,116.0,162,60,146.0,,31.6,74,38.3,0.0,0.0,976.8,5.9,256,1,325.0
2026-08-21T19:00,55.5,109.4,1191.0,41.4,20.2,81.0,158,63,116.0,,30.5,78,37.2,0.0,0.0,977.4,5.8,244,0,165.0
2026-08-21T20:00,60.5,111.1,1452.0,53.8,23.1,52.0,150,65,94.0,,30.0,80,36.8,0.0,0.0,977.9,5.0,257,0,125.0
2026-08-21T21:00,64.3,114.3,1587.0,61.1,25.9,37.0,150,67,91.0,,29.6,83,36.7,0.0,0.0,978.3,3.7,247,0,85.0
2026-08-21T22:00,72.9,126.7,1634.0,65.6,28.7,28.0,148,71,97.0,,29.3,84,36.2,0.0,0.0,978.5,4.3,228,0,75.0
2026-08-21T23:00,81.7,135.5,1542.0,67.3,30.1,23.0,147,76,99.0,,27.8,90,34.7,0.0,0.0,978.4,4.1,293,2,60.0
2026-08-22T00:00,85.0,137.8,1211.0,65.5,29.4,20.0,146,78,93.0,,27.7,92,34.0,0.1,0.1,978.1,8.0,186,51,70.0
2026-08-22T01:00,83.8,133.2,741.0,60.8,27.5,21.0,147,77,84.0,,27.1,92,32.8,0.0,0.0,978.0,9.4,183,3,145.0
2026-08-22T02:00,76.1,117.3,388.0,55.4,25.6,25.0,148,73,75.0,,25.5,94,31.5,2.8,2.8,978.7,2.8,27,63,50.0
2026-08-22T03:00,61.9,92.7,260.0,49.0,23.7,32.0,148,66,66.0,,25.0,99,30.6,2.8,2.8,977.6,6.1,168,63,80.0
2026-08-22T04:00,53.8,83.6,248.0,41.7,21.9,42.0,146,62,56.0,,25.2,98,30.7,0.2,0.2,977.8,7.2,217,51,85.0
2026-08-22T05:00,34.6,66.4,283.0,21.9,11.2,54.0,143,51,58.0,,26.0,94,32.3,0.1,0.1,978.5,2.4,234,51,155.0
2026-08-22T06:00,33.2,66.8,380.0,22.0,11.5,54.0,142,50,75.0,,26.7,93,32.9,0.2,0.2,978.9,5.8,309,51,165.0
2026-08-22T07:00,37.3,74.3,525.0,22.0,12.1,55.0,142,53,101.0,,27.7,92,34.7,0.0,0.0,979.7,3.6,225,2,505.0
2026-08-22T08:00,41.2,112.2,598.0,20.9,13.2,68.0,143,58,135.0,,29.1,82,35.4,0.0,0.0,979.9,6.6,291,1,790.0
2026-08-22T09:00,46.0,140.2,526.0,17.6,15.5,102.0,144,65,185.0,,30.5,72,35.8,0.0,0.0,980.1,9.3,283,0,770.0
2026-08-22T10:00,53.4,176.5,384.0,13.1,18.4,146.0,145,75,243.0,,31.6,67,37.4,0.0,0.0,980.2,9.2,269,0,825.0
2026-08-22T11:00,63.6,216.5,277.0,9.4,20.3,181.0,146,101,291.0,,32.0,65,38.5,0.0,0.0,980.3,9.1,311,3,1150.0
2026-08-22T12:00,68.0,224.0,245.0,7.0,20.3,198.0,149,118,321.0,,32.6,62,37.6,0.0,0.0,979.5,8.4,305,3,1220.0
2026-08-22T13:00,71.2,238.0,248.0,5.4,19.4,206.0,150,126,340.0,,33.0,62,38.8,0.1,0.1,978.5,7.7,303,51,1315.0
2026-08-22T14:00,73.3,256.1,274.0,5.5,18.5,205.0,151,125,353.0,,33.3,61,39.2,0.0,0.0,977.6,8.0,310,1,1350.0
2026-08-22T15:00,73.6,266.4,301.0,7.0,17.8,196.0,152,116,364.0,,32.8,63,38.0,0.2,0.2,977.0,8.9,312,51,1220.0
2026-08-22T16:00,74.0,271.9,350.0,10.3,17.2,180.0,153,101,368.0,,31.0,68,35.8,0.1,0.1,976.5,10.0,340,51,600.0
2026-08-22T17:00,69.4,230.0,481.0,22.1,17.2,139.0,163,89,309.0,,29.8,80,36.5,1.1,1.1,977.3,4.1,311,55,160.0
2026-08-22T18:00,68.5,183.5,784.0,35.1,19.8,112.0,169,77,262.0,,30.1,83,37.8,0.2,0.2,977.4,2.2,138,51,30.0
2026-08-22T19:00,76.4,162.1,1168.0,53.0,23.4,76.0,163,73,198.0,,28.5,89,35.0,0.1,0.1,978.0,8.9,173,51,215.0
2026-08-22T20:00,76.8,152.7,1414.0,66.6,26.9,47.0,156,73,143.0,,27.9,89,34.5,0.0,0.0,978.4,4.7,187,1,85.0
2026-08-22T21:00,82.7,142.0,1419.0,71.9,30.1,35.0,156,76,110.0,,27.6,89,34.1,0.0,0.0,979.0,4.8,200,1,75.0
2026-08-22T22:00,82.2,129.9,1287.0,72.8,33.1,32.0,157,76,87.0,,27.3,87,33.0,0.0,0.0,979.2,7.3,197,0,135.0
2026-08-22T23:00,86.1,122.9,1113.0,72.4,35.3,30.0,157,78,71.0,,28.5,85,34.6,0.0,0.0,979.2,7.3,171,0,120.0
2026-08-23T00:00,86.6,119.2,877.0,70.9,36.2,27.0,157,78,63.0,,28.0,85,33.8,0.0,0.0,979.0,7.3,173,1,160.0
2026-08-23T01:00,89.2,121.5,599.0,67.9,36.3,26.0,157,80,63.0,,27.7,89,33.9,0.1,0.1,979.0,7.2,198,51,210.0
2026-08-23T02:00,92.9,126.2,428.0,65.4,36.3,24.0,157,81,64.0,,27.3,92,33.4,0.0,0.0,978.5,8.6,213,1,185.0
2026-08-23T03:00,95.7,132.2,464.0,65.6,36.8,18.0,158,82,62.0,,27.0,92,33.1,0.0,0.0,978.3,6.9,223,1,160.0
2026-08-23T04:00,96.4,132.7,609.0,66.2,37.3,12.0,159,83,61.0,,26.8,91,33.1,0.0,0.0,978.6,4.1,255,1,110.0
2026-08-23T05:00,40.7,64.3,714.0,26.2,18.3,62.0,160,55,41.0,,26.8,86,31.9,0.7,0.7,979.0,7.7,36,53,180.0
2026-08-23T06:00,41.6,57.7,723.0,24.7,18.8,71.0,160,55,38.0,,24.7,98,29.8,4.5,4.5,979.8,8.0,155,63,90.0
2026-08-23T07:00,34.7,53.0,694.0,22.4,19.4,84.0,161,51,34.0,,26.2,97,32.7,0.7,0.7,979.9,4.8,214,53,80.0
2026-08-23T08:00,32.2,51.0,651.0,19.4,19.9,101.0,160,50,33.0,,28.2,85,34.9,0.1,0.1,980.5,2.0,275,51,185.0
2026-08-23T09:00,32.2,55.8,598.0,15.2,20.2,126.0,160,63,39.0,,29.6,77,35.7,0.0,0.0,981.2,5.1,337,2,650.0
2026-08-23T10:00,32.0,59.4,532.0,10.3,20.3,156.0,160,78,48.0,,29.5,78,35.6,1.6,1.6,981.6,6.8,318,61,535.0
2026-08-23T11:00,32.4,61.7,468.0,6.7,20.3,180.0,159,100,54.0,,29.8,77,36.0,0.2,0.2,981.8,8.5,297,51,595.0
2026-08-23T12:00,32.4,60.3,402.0,4.9,20.1,195.0,158,115,54.0,,30.8,73,36.6,0.0,0.0,981.1,9.6,298,3,720.0
2026-08-23T13:00,32.9,59.1,339.0,4.4,19.7,204.0,157,124,51.0,,31.7,69,37.8,0.1,0.1,980.1,10.2,302,51,895.0
2026-08-23T14:00,34.5,59.8,303.0,4.9,19.5,207.0,156,127,48.0,,32.2,66,38.6,0.1,0.1,979.0,10.4,309,51,995.0
2026-08-23T15:00,35.6,61.5,279.0,6.5,19.5,203.0,155,123,48.0,,32.7,64,38.6,0.1,0.1,978.3,9.0,317,51,1040.0
2026-08-23T16:00,36.1,62.9,282.0,9.2,19.7,191.0,156,111,49.0,,32.5,65,38.1,0.0,0.0,977.6,7.5,323,0,960.0
2026-08-23T17:00,51.2,122.9,388.0,14.8,16.4,130.0,171,65,135.0,,32.4,68,38.5,0.0,0.0,977.3,7.7,324,1,960.0
2026-08-23T18:00,57.5,112.5,714.0,33.8,23.1,103.0,171,64,129.0,,31.4,77,38.8,0.0,0.0,978.0,3.3,299,0,190.0
2026-08-23T19:00,72.6,132.2,1143.0,59.9,32.3,65.0,163,71,120.0,,30.5,80,37.9,0.0,0.0,978.6,3.6,276,1,75.0
2026-08-23T20:00,93.4,155.5,1393.0,78.1,38.9,38.0,152,81,112.0,,30.2,82,37.8,0.0,0.0,979.7,2.7,266,0,50.0
2026-08-23T21:00,111.1,173.2,1297.0,81.2,40.8,31.0,152,88,105.0,,30.1,84,38.0,0.0,0.0,980.4,1.1,279,0,25.0
2026-08-23T22:00,116.4,177.0,1023.0,76.3,40.2,34.0,153,91,99.0,,29.7,85,37.4,0.0,0.0,980.0,1.5,97,0,50.0
2026-08-23T23:00,88.9,139.7,789.0,70.4,38.3,35.0,154,79,93.0,,28.3,89,35.7,0.0,0.0,980.4,1.0,292,1,15.0
2026-08-24T00:00,73.6,122.5,672.0,64.6,34.6,31.0,154,72,87.0,,27.7,93,34.9,0.1,0.1,979.8,3.1,283,51,35.0
2026-08-24T01:00,72.9,115.0,597.0,57.7,29.7,25.0,154,71,81.0,,27.4,93,34.0,0.0,0.0,979.1,6.0,265,2,60.0
2026-08-24T02:00,80.1,121.5,550.0,52.6,26.8,21.0,153,75,77.0,,27.4,92,34.5,0.0,0.0,978.9,1.4,270,3,25.0
2026-08-24T03:00,85.0,127.1,527.0,51.2,27.6,17.0,153,78,75.0,,25.9,93,31.2,0.5,0.5,979.1,8.9,228,53,115.0
2026-08-24T04:00,83.8,125.3,533.0,51.5,30.3,14.0,153,77,75.0,,24.6,98,30.5,3.3,3.3,979.9,2.5,274,63,25.0
2026-08-24T05:00,67.1,112.5,576.0,41.8,25.7,35.0,152,69,83.0,,26.0,97,31.4,1.3,1.3,979.8,10.8,266,61,275.0
2026-08-24T06:00,71.7,113.9,698.0,39.5,27.0,47.0,153,71,87.0,,25.7,98,31.9,1.2,1.2,980.4,5.4,270,55,190.0
2026-08-24T07:00,68.7,115.9,856.0,36.3,28.8,66.0,154,69,93.0,,26.5,93,33.2,0.3,0.3,980.5,1.7,283,51,120.0
2026-08-24T08:00,66.4,119.2,935.0,32.7,30.6,87.0,155,68,95.0,,27.6,89,34.4,0.0,0.0,980.5,2.3,360,3,160.0
2026-08-24T09:00,62.4,114.8,862.0,28.9,32.6,113.0,156,66,91.0,,29.1,82,36.0,0.0,0.0,980.8,1.8,270,3,280.0
2026-08-24T10:00,59.8,106.2,710.0,24.8,34.5,141.0,157,71,84.0,,30.8,74,37.5,0.0,0.0,980.9,3.0,308,2,500.0
2026-08-24T11:00,56.8,99.2,578.0,21.0,35.5,168.0,158,88,79.0,,29.5,77,36.5,0.1,0.1,981.1,4.8,285,51,150.0
2026-08-24T12:00,56.6,97.1,486.0,17.0,34.8,194.0,158,114,77.0,,29.3,77,35.3,0.1,0.1,980.8,3.5,246,51,135.0
2026-08-24T13:00,57.9,98.5,414.0,13.3,33.0,217.0,159,137,77.0,,30.2,72,36.1,0.0,0.0,979.8,3.8,275,3,200.0
2026-08-24T14:00,58.2,97.8,403.0,11.6,31.4,230.0,160,150,76.0,,31.5,65,37.0,0.0,0.0,979.0,3.9,336,3,830.0
2026-08-24T15:00,57.7,95.9,411.0,12.1,29.8,227.0,160,147,74.0,,31.7,65,37.2,0.0,0.0,978.2,5.0,311,3,750.0
2026-08-24T16:00,57.3,93.4,480.0,14.6,28.3,214.0,161,134,70.0,,31.4,67,37.2,0.0,0.0,978.0,3.6,273,2,525.0
2026-08-24T17:00,51.3,82.7,774.0,31.9,27.1,122.0,177,61,59.0,,31.1,73,37.5,0.0,0.0,977.7,5.3,325,3,645.0
2026-08-24T18:00,52.4,73.1,1581.0,35.1,28.0,112.0,179,61,51.0,,30.6,80,38.3,0.0,0.0,978.2,0.9,11,3,35.0
2026-08-24T19:00,51.5,70.1,2614.0,40.0,29.4,97.0,174,61,39.0,,30.3,81,38.0,0.0,0.0,978.8,1.2,141,3,20.0
2026-08-24T20:00,55.8,70.8,3174.0,46.6,32.0,81.0,163,63,29.0,,29.8,83,37.1,0.0,0.0,979.6,3.9,146,3,65.0
2026-08-24T21:00,63.8,76.6,2821.0,56.8,36.9,61.0,160,67,23.0,,29.2,85,36.1,0.0,0.0,980.4,6.1,148,3,140.0
2026-08-24T22:00,73.1,83.6,1995.0,68.6,42.9,38.0,158,72,18.0,,28.7,88,35.5,0.0,0.0,980.3,5.8,146,3,185.0
2026-08-24T23:00,83.6,91.5,1314.0,76.5,47.0,23.0,157,77,15.0,,28.5,89,35.6,0.0,0.0,979.7,4.2,140,3,135.0
2026-08-25T00:00,89.2,98.0,1014.0,77.8,47.7,19.0,157,80,14.0,,28.2,91,35.6,0.0,0.0,979.8,2.4,163,3,70.0
2026-08-25T01:00,89.4,99.2,859.0,75.2,46.4,22.0,157,80,15.0,,28.0,92,35.4,0.0,0.0,979.4,1.9,209,3,40.0
2026-08-25T02:00,78.9,87.1,766.0,70.4,44.3,26.0,158,74,16.0,,27.9,92,35.1,0.0,0.0,979.2,2.9,240,3,70.0
2026-08-25T03:00,66.1,74.3,710.0,62.7,40.7,30.0,158,68,16.0,,27.8,92,35.1,0.0,0.0,979.3,2.1,239,3,70.0
2026-08-25T04:00,46.3,52.6,717.0,52.9,36.2,36.0,157,58,15.0,,27.6,93,35.0,0.0,0.0,979.3,1.9,248,3,65.0
2026-08-25T05:00,61.5,74.5,775.0,37.1,31.3,53.0,156,66,25.0,,26.2,97,33.1,0.0,0.0,979.9,2.1,290,3,90.0
2026-08-25T06:00,64.5,76.8,929.0,39.8,34.7,54.0,156,67,26.0,,26.5,97,33.6,1.2,1.2,980.7,1.6,180,55,75.0
2026-08-25T07:00,65.2,79.9,1136.0,43.3,39.5,57.0,156,68,28.0,,26.6,97,33.3,0.9,0.9,980.5,4.5,270,53,135.0
2026-08-25T08:00,67.1,84.1,1254.0,43.5,43.5,74.0,156,69,33.0,,27.2,93,34.1,0.5,0.5,980.9,3.3,283,53,205.0
2026-08-25T09:00,62.6,84.8,1203.0,37.5,46.4,115.0,156,66,42.0,,28.5,88,35.9,0.1,0.1,981.2,1.6,27,51,255.0
2026-08-25T10:00,57.9,84.1,1064.0,28.3,48.6,169.0,156,89,54.0,,29.6,82,36.7,0.0,0.0,981.5,3.5,78,3,450.0
2026-08-25T11:00,60.5,93.1,933.0,20.6,49.2,214.0,156,134,63.0,,30.9,70,36.9,0.0,0.0,981.4,2.9,79,2,790.0
2026-08-25T12:00,62.6,94.1,832.0,15.7,47.4,244.0,156,164,65.0,,31.3,67,37.0,0.0,0.0,981.0,4.4,71,2,850.0
2026-08-25T13:00,65.2,95.9,740.0,12.3,44.0,264.0,156,184,64.0,,32.2,63,38.7,0.0,0.0,980.3,3.2,47,3,930.0
2026-08-25T14:00,69.4,102.0,690.0,11.2,41.0,274.0,156,194,63.0,,32.3,63,38.4,0.0,0.0,979.4,2.7,58,1,935.0
2026-08-25T15:00,71.0,103.6,640.0,9.4,38.1,274.0,162,194,64.0,,32.6,62,38.7,0.0,0.0,978.8,2.8,72,2,1005.0
2026-08-25T16:00,72.2,105.9,634.0,9.8,35.6,262.0,197,182,65.0,,32.4,63,38.5,0.0,0.0,978.5,1.5,69,1,945.0
2026-08-25T17:00,50.8,60.8,832.0,29.9,38.6,166.0,211,86,19.0,,29.0,89,36.1,0.0,0.0,979.1,7.3,99,3,270.0
2026-08-25T18:00,52.4,60.1,1471.0,35.6,40.2,143.0,215,72,16.0,,28.9,89,36.4,0.5,0.5,979.4,3.9,156,53,185.0
2026-08-25T19:00,57.4,63.3,2316.0,43.7,42.5,112.0,213,64,12.0,,28.4,94,36.0,0.2,0.2,979.3,4.5,175,51,160.0
2026-08-25T20:00,67.3,71.9,2819.0,51.4,45.5,84.0,206,69,9.0,,28.3,93,35.8,0.0,0.0,980.1,4.0,177,3,105.0
2026-08-25T21:00,78.0,81.5,2684.0,58.2,49.6,65.0,189,74,7.0,,27.9,94,35.2,0.0,0.0,980.5,5.0,161,2,95.0
2026-08-25T22:00,88.0,91.3,2208.0,64.6,54.4,49.0,158,79,7.0,,27.6,92,34.1,0.0,0.0,980.3,6.7,171,3,105.0
2026-08-25T23:00,97.3,100.4,1736.0,69.5,58.3,37.0,159,83,6.0,,27.9,91,34.8,0.0,0.0,980.3,4.6,198,3,80.0
2026-08-26T00:00,103.6,106.4,1350.0,72.0,60.5,29.0,159,85,5.0,,27.5,92,34.5,0.0,0.0,980.0,3.6,225,3,70.0
2026-08-26T01:00,109.4,112.0,968.0,72.9,61.8,23.0,160,88,5.0,,27.2,93,34.0,0.0,0.0,979.6,4.5,220,3,85.0
2026-08-26T02:00,115.3,117.8,690.0,73.8,62.9,19.0,160,90,5.0,,27.1,94,33.9,0.0,0.0,979.4,3.5,215,3,80.0
2026-08-26T03:00,120.1,122.5,564.0,76.4,63.7,10.0,161,92,5.0,,27.0,94,33.8,0.0,0.0,979.0,3.5,249,2,65.0
2026-08-26T04:00,125.3,128.5,541.0,78.9,64.4,1.0,163,94,5.0,,26.9,94,33.7,0.0,0.0,979.1,2.9,266,2,65.0
2026-08-26T05:00,95.9,97.1,574.0,52.5,63.1,36.0,165,82,2.0,,27.4,96,34.8,0.0,0.0,979.2,3.1,320,3,90.0
2026-08-26T06:00,105.2,106.4,691.0,49.8,66.4,57.0,166,86,3.0,,26.5,94,32.6,1.2,1.2,979.8,6.3,167,55,145.0
2026-08-26T07:00,98.5,100.1,864.0,45.7,70.8,88.0,167,83,4.0,,26.1,98,32.9,9.0,9.0,980.3,2.7,274,65,105.0
2026-08-26T08:00,82.9,86.6,964.0,40.2,72.7,124.0,168,76,7.0,,26.6,96,33.7,1.7,1.7,980.5,1.5,187,61,105.0
2026-08-26T09:00,66.1,72.6,912.0,32.0,70.0,169.0,169,89,12.0,,28.4,89,35.4,0.4,0.4,981.2,4.4,102,51,315.0
2026-08-26T10:00,62.9,72.2,786.0,22.4,64.8,220.0,169,140,18.0,,29.5,84,36.6,0.2,0.2,981.5,3.9,112,51,555.0
2026-08-26T11:00,65.9,77.8,698.0,14.9,59.5,261.0,169,181,23.0,,29.5,82,36.7,0.1,0.1,980.8,1.5,83,51,385.0
2026-08-26T12:00,71.5,85.9,694.0,10.8,54.8,289.0,169,209,26.0,,30.5,80,37.8,0.1,0.1,980.2,5.4,214,51,470.0
2026-08-26T13:00,77.3,93.6,727.0,8.9,49.9,307.0,170,227,29.0,,31.2,78,39.3,0.0,0.0,979.5,2.7,208,3,560.0
2026-08-26T14:00,78.5,96.2,764.0,9.2,45.5,311.0,179,231,34.0,,32.1,71,39.5,0.0,0.0,978.3,2.3,274,3,820.0
2026-08-26T15:00,78.9,97.3,736.0,10.4,40.7,297.0,208,217,43.0,,32.3,66,38.6,0.1,0.1,977.7,4.0,280,51,915.0
2026-08-26T16:00,78.7,102.7,712.0,13.7,36.2,268.0,222,188,55.0,,31.8,69,38.0,0.2,0.2,977.0,4.6,283,51,600.0
2026-08-26T17:00,90.8,134.1,860.0,36.8,43.9,186.0,232,106,84.0,,28.7,92,36.2,0.3,0.3,977.9,5.4,244,51,225.0
2026-08-26T18:00,94.8,118.0,1389.0,54.1,46.2,146.0,233,82,64.0,,28.8,91,36.5,0.1,0.1,977.8,2.8,195,51,100.0
2026-08-26T19:00,111.1,129.5,2090.0,77.6,49.2,90.0,228,88,39.0,,28.4,93,35.8,0.1,0.1,977.9,6.0,173,51,125.0
2026-08-26T20:00,119.0,135.5,2509.0,92.3,50.8,49.0,217,92,32.0,,28.2,93,35.2,0.0,0.0,978.2,7.8,185,3,150.0
2026-08-26T21:00,117.1,147.1,2391.0,89.9,49.8,36.0,201,91,65.0,,28.0,94,34.8,0.0,0.0,978.6,8.2,188,3,130.0
2026-08-26T22:00,112.5,176.0,1991.0,78.7,47.4,37.0,177,89,117.0,,27.8,93,34.5,0.0,0.0,978.9,6.8,198,3,125.0
2026-08-26T23:00,106.2,185.3,1620.0,68.1,44.2,39.0,178,86,152.0,,28.9,92,36.2,0.0,0.0,978.8,6.7,216,3,115.0
2026-08-27T00:00,98.7,176.5,1374.0,61.0,39.9,37.0,178,83,153.0,,28.4,92,35.5,0.0,0.0,978.4,6.9,219,3,125.0
2026-08-27T01:00,91.7,156.9,1157.0,54.5,34.9,36.0,178,81,137.0,,28.1,92,35.0,0.0,0.0,978.0,7.4,229,3,170.0
2026-08-27T02:00,85.0,147.1,989.0,49.5,31.1,34.0,178,78,120.0,,27.9,92,34.5,0.0,0.0,977.8,6.8,233,3,175.0
2026-08-27T03:00,82.2,140.6,877.0,46.7,29.0,30.0,177,76,106.0,,27.6,92,34.3,0.0,0.0,977.7,5.5,234,3,120.0
2026-08-27T04:00,81.0,122.5,815.0,45.4,28.2,25.0,176,76,91.0,,27.4,91,33.9,0.0,0.0,977.5,5.3,242,3,110.0
2026-08-27T05:00,72.4,98.7,800.0,39.4,28.2,33.0,174,71,51.0,,28.3,90,35.1,0.0,0.0,977.4,5.7,257,3,105.0
2026-08-27T06:00,77.3,96.2,866.0,39.9,31.6,39.0,174,74,50.0,,28.1,90,34.8,0.0,0.0,977.9,6.0,253,2,105.0
2026-08-27T07:00,74.7,103.8,980.0,40.4,36.4,48.0,173,72,50.0,,29.0,88,35.9,0.0,0.0,978.3,6.7,264,3,175.0
2026-08-27T08:00,69.2,94.3,1038.0,39.2,40.4,67.0,172,70,49.0,,30.0,83,37.6,0.0,0.0,978.7,3.1,260,3,265.0
2026-08-27T09:00,61.9,86.1,975.0,34.9,43.2,102.0,172,66,48.0,,30.6,81,38.4,0.0,0.0,979.3,2.2,104,3,410.0
2026-08-27T10:00,60.1,85.2,855.0,28.9,45.3,147.0,172,74,47.0,,31.9,76,40.3,0.0,0.0,979.4,0.4,117,3,790.0
2026-08-27T11:00,61.2,85.9,774.0,23.7,46.0,185.0,172,105,48.0,,33.8,52,39.2,0.0,0.0,979.1,2.9,338,3,1490.0
2026-08-27T12:00,60.5,84.3,781.0,19.5,44.9,213.0,171,133,53.0,,34.4,50,39.5,0.0,0.0,978.7,4.6,321,3,1635.0
2026-08-27T13:00,64.0,88.2,825.0,16.0,42.5,233.0,171,153,60.0,,32.3,61,36.9,0.0,0.0,978.0,9.0,60,3,455.0
2026-08-27T14:00,65.7,97.6,852.0,15.0,39.8,244.0,171,164,62.0,,31.8,70,37.8,0.0,0.0,977.4,7.1,109,3,315.0
2026-08-27T15:00,66.4,94.3,759.0,15.7,36.2,243.0,170,163,56.0,,31.8,71,38.3,0.0,0.0,976.9,6.2,128,3,315.0
2026-08-27T16:00,63.1,87.8,648.0,18.9,32.3,232.0,170,152,45.0,,32.3,71,39.6,0.0,0.0,976.3,2.5,120,3,310.0
2026-08-27T17:00,60.8,79.6,771.0,28.3,31.1,209.0,192,129,36.0,,30.4,77,36.8,0.0,0.0,976.3,5.6,202,3,315.0
2026-08-27T18:00,70.8,84.5,1386.0,50.1,34.9,166.0,204,86,32.0,,30.0,80,37.2,0.0,0.0,976.6,2.0,207,3,80.0
2026-08-27T19:00,86.6,98.7,2234.0,78.1,41.5,112.0,205,78,29.0,,29.4,85,36.5,0.0,0.0,976.9,4.8,193,3,90.0
2026-08-27T20:00,95.9,110.1,2792.0,97.7,46.8,70.0,200,82,27.0,,29.1,87,36.2,0.0,0.0,977.5,4.9,176,3,100.0
2026-08-27T21:00,97.6,111.5,2811.0,101.1,49.6,52.0,178,83,23.0,,28.9,85,35.7,0.0,0.0,978.2,5.4,184,3,105.0
2026-08-27T22:00,102.2,111.5,2539.0,96.0,51.2,46.0,166,85,18.0,,28.8,84,35.1,0.0,0.0,978.4,6.7,175,2,120.0
2026-08-27T23:00,106.4,115.3,2194.0,90.7,51.8,42.0,166,87,17.0,,29.1,86,35.8,0.0,0.0,978.0,7.2,176,1,125.0
2026-08-28T00:00,108.7,119.7,1800.0,88.2,51.5,35.0,166,87,18.0,,28.4,88,34.9,0.0,0.0,977.8,7.6,183,1,135.0
2026-08-28T01:00,112.7,126.2,1332.0,85.3,50.3,29.0,166,89,23.0,,28.0,89,34.5,0.0,0.0,977.7,6.3,185,1,135.0
2026-08-28T02:00,114.8,132.7,933.0,81.2,47.9,24.0,167,90,34.0,,27.8,89,34.3,0.0,0.0,977.3,5.0,218,2,105.0
2026-08-28T03:00,114.6,140.2,632.0,75.5,44.0,17.0,167,90,46.0,,27.9,86,33.9,0.0,0.0,977.0,6.8,252,3,165.0
2026-08-28T04:00,112.7,149.9,400.0,68.4,39.0,11.0,168,89,64.0,,28.3,77,32.9,0.0,0.0,977.0,9.4,268,1,335.0
2026-08-28T05:00,54.6,116.6,290.0,31.1,26.1,47.0,169,62,115.0,,26.2,94,30.9,0.0,0.0,977.5,13.9,253,3,260.0
2026-08-28T06:00,51.3,109.9,393.0,29.1,23.1,52.0,169,61,110.0,,27.0,89,32.3,0.5,0.5,978.1,9.8,306,53,290.0
2026-08-28T07:00,51.9,105.9,618.0,26.1,19.0,60.0,168,61,110.0,,28.1,88,34.3,0.0,0.0,978.7,7.4,346,3,610.0
2026-08-28T08:00,53.9,136.0,740.0,22.3,15.8,73.0,167,64,156.0,,29.5,80,35.6,0.0,0.0,979.0,6.2,314,2,740.0
2026-08-28T09:00,66.1,246.8,632.0,17.0,14.5,97.0,167,94,283.0,,30.8,70,35.7,0.0,0.0,979.2,11.2,298,1,825.0
2026-08-28T10:00,79.6,330.6,421.0,11.0,14.1,126.0,167,116,456.0,,31.9,65,37.4,0.0,0.0,979.5,10.2,302,2,960.0
2026-08-28T11:00,93.1,408.9,262.0,6.6,13.9,148.0,168,137,617.0,,32.6,60,38.3,0.0,0.0,979.4,10.9,306,2,1075.0
2026-08-28T12:00,104.5,489.9,215.0,4.4,13.7,157.0,169,159,756.0,,33.4,57,38.8,0.0,0.0,978.8,10.8,308,1,1200.0
2026-08-28T13:00,108.5,514.1,221.0,3.8,13.7,157.0,170,165,882.0,,33.9,54,39.3,0.0,0.0,977.9,10.7,306,1,1295.0
2026-08-28T14:00,119.0,609.1,255.0,5.4,13.8,153.0,171,190,971.0,,34.2,52,39.0,0.0,0.0,977.2,11.0,304,1,1375.0
2026-08-28T15:00,126.2,666.8,277.0,8.9,13.7,144.0,173,206,1009.0,,34.1,52,38.2,0.0,0.0,976.4,11.5,295,1,1385.0
2026-08-28T16:00,130.4,687.3,327.0,14.5,13.7,130.0,175,211,1010.0,,33.8,54,37.7,0.0,0.0,975.9,10.9,297,0,1340.0
2026-08-28T17:00,118.5,577.4,509.0,21.5,14.3,106.0,177,182,908.0,,33.5,58,38.2,0.0,0.0,975.9,9.5,295,0,1315.0
2026-08-28T18:00,124.8,517.8,982.0,39.3,20.6,82.0,178,166,894.0,,31.9,67,37.9,0.0,0.0,976.3,4.6,283,0,145.0
2026-08-28T19:00,141.6,564.4,1585.0,63.9,29.5,48.0,180,179,873.0,,31.2,71,37.5,0.0,0.0,976.4,3.4,267,0,45.0
2026-08-28T20:00,160.7,588.6,1942.0,83.1,37.2,21.0,181,185,839.0,,30.6,73,37.0,0.0,0.0,977.2,3.1,230,0,35.0
2026-08-28T21:00,170.9,573.7,1846.0,92.3,43.1,9.0,183,181,793.0,,29.8,77,36.0,0.0,0.0,978.0,4.2,220,1,40.0
2026-08-28T22:00,177.9,556.9,1503.0,96.1,47.8,4.0,192,177,735.0,,29.3,78,35.6,0.0,0.0,978.1,4.0,219,2,40.0
2026-08-28T23:00,177.4,517.8,1156.0,96.2,49.3,1.0,204,166,662.0,,29.4,79,35.7,0.0,0.0,977.9,3.9,246,1,60.0
2026-08-29T00:00,165.3,458.2,858.0,92.5,46.0,0.0,228,150,552.0,,28.7,79,34.6,0.0,0.0,977.6,4.3,246,1,55.0
2026-08-29T01:00,146.7,383.7,556.0,85.2,39.4,1.0,248,130,427.0,,28.4,80,33.9,0.0,0.0,977.4,5.6,248,2,85.0
2026-08-29T02:00,124.8,303.6,336.0,75.7,32.7,4.0,263,109,344.0,,28.2,79,33.3,0.0,0.0,977.3,7.5,250,3,200.0
2026-08-29T03:00,102.7,263.6,247.0,63.3,26.1,9.0,273,98,334.0,,27.9,79,32.8,0.0,0.0,977.0,8.2,262,2,315.0
2026-08-29T04:00,85.0,266.4,240.0,48.8,19.4,16.0,281,99,366.0,,27.8,79,32.2,0.0,0.0,977.3,9.8,256,1,390.0
2026-08-29T05:00,81.5,380.9,259.0,21.7,10.0,38.0,288,130,580.0,,28.2,78,32.5,0.0,0.0,977.4,12.3,263,3,470.0
2026-08-29T06:00,85.4,424.7,305.0,20.4,10.4,45.0,303,141,655.0,,27.9,78,32.1,0.0,0.0,978.0,11.9,267,3,460.0
2026-08-29T07:00,95.2,489.9,376.0,18.4,11.1,55.0,319,159,760.0,,28.5,75,32.7,0.0,0.0,978.3,11.7,271,3,520.0
2026-08-29T08:00,103.8,542.0,412.0,15.9,11.7,70.0,339,173,858.0,,29.5,71,33.5,0.0,0.0,978.6,12.6,271,2,570.0
2026-08-29T09:00,111.5,599.8,374.0,12.5,12.3,92.0,361,188,943.0,,30.6,67,34.7,0.0,0.0,979.0,12.4,271,3,660.0
2026-08-29T10:00,118.7,642.6,300.0,8.5,12.8,119.0,379,199,1021.0,,31.8,63,36.7,0.0,0.0,979.2,12.3,275,2,780.0
2026-08-29T11:00,122.9,663.1,244.0,5.7,13.4,139.0,395,205,1066.0,,33.3,57,38.9,0.0,0.0,979.2,10.9,282,1,1005.0
2026-08-29T12:00,122.0,648.2,225.0,4.1,13.9,150.0,407,201,1066.0,,34.1,55,40.1,0.0,0.0,978.5,10.5,282,0,1230.0
2026-08-29T13:00,120.1,629.6,224.0,3.5,14.5,154.0,413,196,1033.0,,34.7,52,40.6,0.0,0.0,977.9,10.2,279,0,1475.0
2026-08-29T14:00,118.5,612.8,241.0,5.3,14.9,152.0,418,191,980.0,,34.9,50,40.1,0.0,0.0,976.7,10.5,276,2,1555.0
2026-08-29T15:00,117.1,603.5,257.0,9.5,14.8,142.0,418,189,900.0,,34.8,50,39.0,0.0,0.0,976.0,10.3,276,2,1560.0
2026-08-29T16:00,114.6,577.4,291.0,16.0,14.7,124.0,416,182,799.0,,34.5,51,38.2,0.0,0.0,975.7,10.4,279,3,1570.0
2026-08-29T17:00,91.0,419.1,398.0,20.0,13.4,106.0,411,140,648.0,,33.8,54,38.1,0.0,0.0,975.8,8.6,268,1,1470.0
2026-08-29T18:00,95.7,352.0,674.0,36.1,18.3,82.0,405,122,605.0,,32.5,65,38.8,0.0,0.0,975.8,3.2,267,3,150.0
2026-08-29T19:00,108.7,364.1,1022.0,58.3,25.0,50.0,397,125,545.0,,31.9,70,38.8,0.0,0.0,976.3,1.3,180,3,15.0
2026-08-29T20:00,120.1,372.5,1213.0,75.7,30.9,24.0,387,127,492.0,,31.0,74,37.7,0.0,0.0,976.9,3.6,186,3,45.0
2026-08-29T21:00,128.1,366.9,1105.0,84.2,35.5,12.0,375,126,453.0,,30.6,74,36.7,0.0,0.0,977.6,5.1,176,3,105.0
2026-08-29T22:00,136.0,357.6,839.0,87.9,39.1,6.0,365,123,421.0,,30.0,75,36.3,0.0,0.0,977.7,3.8,191,3,145.0
2026-08-29T23:00,136.9,341.8,605.0,87.6,39.9,4.0,354,119,397.0,,30.2,74,36.0,0.0,0.0,977.2,5.5,247,3,160.0
2026-08-30T00:00,130.4,320.4,467.0,83.0,36.0,4.0,345,113,383.0,,29.4,77,35.3,0.0,0.0,977.2,5.6,245,3,105.0
2026-08-30T01:00,117.6,297.1,361.0,74.3,29.2,7.0,338,107,377.0,,29.1,77,34.6,0.0,0.0,976.9,7.1,249,1,150.0
2026-08-30T02:00,98.7,295.2,285.0,63.7,22.9,12.0,333,107,381.0,,28.8,76,33.8,0.0,0.0,976.6,7.5,255,0,330.0
2026-08-30T03:00,82.7,303.6,245.0,49.7,17.9,19.0,333,109,396.0,,28.4,74,32.8,0.0,0.0,976.8,8.4,263,0,405.0
2026-08-30T04:00,72.2,299.0,235.0,33.7,13.4,28.0,335,108,419.0,,27.9,75,32.1,0.0,0.0,976.9,8.4,261,1,375.0
2026-08-30T05:00,80.8,421.0,239.0,16.7,8.7,46.0,337,140,662.0,,28.4,72,32.3,0.0,0.0,977.1,10.6,271,0,465.0
2026-08-30T06:00,84.3,440.5,262.0,15.5,9.6,53.0,339,145,709.0,,28.1,73,32.0,0.0,0.0,977.7,9.9,269,1,455.0
2026-08-30T07:00,95.2,476.8,299.0,13.7,10.8,63.0,340,155,775.0,,28.9,71,33.1,0.0,0.0,978.4,9.0,265,2,520.0
2026-08-30T08:00,101.5,530.9,315.0,11.7,11.8,76.0,339,170,840.0,,29.8,68,33.8,0.0,0.0,978.8,10.8,268,2,585.0
2026-08-30T09:00,108.0,571.8,289.0,9.2,12.3,94.0,338,180,915.0,,30.8,65,35.1,0.0,0.0,979.2,9.9,269,3,635.0
2026-08-30T10:00,114.6,603.5,242.0,6.5,12.6,115.0,337,189,988.0,,32.3,61,36.9,0.0,0.0,979.4,9.7,274,3,790.0
2026-08-30T11:00,119.0,625.8,206.0,4.5,12.9,131.0,335,195,999.0,,33.2,56,38.3,0.0,0.0,979.7,10.0,287,3,1100.0
2026-08-30T12:00,100.8,478.7,193.0,3.5,13.1,140.0,333,156,898.0,,33.7,53,38.1,0.0,0.0,979.3,9.0,282,3,1245.0
2026-08-30T13:00,93.1,422.8,192.0,3.3,13.3,145.0,324,141,736.0,,33.4,54,37.7,0.0,0.0,978.9,7.4,270,3,1195.0
2026-08-30T14:00,88.7,393.9,197.0,4.2,13.5,144.0,313,133,602.0,,33.3,54,37.7,0.0,0.0,978.2,6.6,259,3,1140.0
2026-08-30T15:00,85.0,373.5,193.0,5.3,13.2,138.0,302,128,537.0,,34.0,51,38.3,0.0,0.0,977.7,5.7,242,3,1400.0
2026-08-30T16:00,82.7,347.4,197.0,7.6,12.8,127.0,288,121,500.0,,33.7,51,37.5,0.1,0.1,977.8,8.2,241,51,1365.0
2026-08-30T17:00,75.4,276.6,251.0,15.0,16.2,118.0,275,102,392.0,,33.6,54,37.8,0.1,0.1,977.3,8.6,233,51,1210.0
2026-08-30T18:00,84.3,228.2,421.0,34.9,23.0,91.0,266,89,354.0,,32.3,63,37.6,0.0,0.0,977.7,6.3,207,3,265.0
2026-08-30T19:00,97.8,241.2,641.0,62.2,32.4,54.0,259,92,301.0,,31.4,69,37.3,0.0,0.0,978.1,5.3,190,3,160.0
2026-08-30T20:00,109.9,241.2,762.0,81.4,39.2,26.0,252,92,251.0,,31.0,70,36.7,0.0,0.0,978.7,6.0,173,3,220.0
2026-08-30T21:00,113.2,225.4,691.0,85.2,41.3,15.0,244,89,204.0,,30.5,71,36.0,0.0,0.0,979.4,6.2,172,3,240.0
2026-08-30T22:00,109.9,201.2,521.0,80.9,40.9,13.0,235,88,159.0,,30.0,72,35.6,0.0,0.0,979.4,5.2,166,3,245.0
2026-08-30T23:00,101.7,175.1,378.0,75.3,39.2,12.0,226,85,137.0,,30.0,74,35.7,0.0,0.0,978.6,6.0,207,3,255.0
2026-08-31T00:00,94.5,165.8,310.0,70.4,36.2,11.0,216,82,143.0,,29.4,75,34.8,0.0,0.0,978.3,6.7,234,2,325.0
2026-08-31T01:00,89.9,170.4,270.0,64.2,31.9,13.0,207,80,171.0,,29.1,73,33.9,0.0,0.0,978.1,7.9,254,2,405.0
2026-08-31T02:00,89.9,207.7,241.0,57.1,27.7,15.0,200,83,225.0,,28.8,70,32.9,0.0,0.0,977.9,8.6,262,1,430.0
2026-08-31T03:00,90.3,266.4,213.0,48.4,23.8,18.0,198,99,324.0,,28.3,70,31.9,0.0,0.0,978.0,9.0,257,0,400.0
2026-08-31T04:00,88.2,323.2,196.0,38.9,20.1,22.0,197,114,450.0,,27.8,71,31.4,0.0,0.0,978.4,9.0,258,1,385.0
2026-08-31T05:00,102.2,540.2,200.0,14.4,9.5,46.0,198,172,851.0,,28.2,70,31.3,0.0,0.0,978.5,12.6,267,3,530.0
2026-08-31T06:00,104.5,534.6,248.0,14.9,10.4,48.0,200,171,851.0,,27.8,70,31.0,0.0,0.0,979.1,11.7,269,3,540.0
2026-08-31T07:00,108.0,534.6,317.0,15.5,11.7,52.0,206,171,854.0,,28.3,69,31.6,0.0,0.0,979.7,10.8,268,3,555.0
2026-08-31T08:00,108.0,556.9,356.0,15.0,12.9,62.0,210,177,874.0,,29.3,65,32.4,0.0,0.0,979.9,12.1,273,3,585.0
2026-08-31T09:00,111.8,594.2,333.0,12.6,13.8,84.0,211,186,938.0,,30.0,63,33.3,0.0,0.0,980.2,11.6,278,3,640.0
2026-08-31T10:00,120.1,631.4,279.0,9.1,14.6,112.0,212,196,1020.0,,31.9,57,35.4,0.0,0.0,980.3,10.8,285,3,815.0
2026-08-31T11:00,128.5,665.0,238.0,6.5,15.1,134.0,214,205,1054.0,,33.4,51,37.1,0.0,0.0,980.2,12.0,294,3,1160.0
2026-08-31T12:00,127.1,640.7,226.0,5.2,15.3,146.0,216,199,1000.0,,33.7,50,38.0,0.2,0.2,979.5,9.6,291,51,1260.0
2026-08-31T13:00,116.9,571.8,226.0,4.8,15.3,152.0,226,180,898.0,,34.4,48,39.0,0.2,0.2,978.6,8.2,284,51,1435.0
2026-08-31T14:00,107.1,512.2,233.0,5.6,15.2,153.0,235,165,799.0,,34.3,48,37.9,0.2,0.2,977.7,8.8,268,51,1485.0
2026-08-31T15:00,103.4,488.0,221.0,6.1,14.6,148.0,242,158,721.0,,34.3,48,37.6,0.1,0.1,977.1,9.6,261,51,1480.0
2026-08-31T16:00,98.5,444.2,216.0,7.9,14.0,138.0,249,146,646.0,,34.0,48,37.0,0.0,0.0,976.6,10.8,266,3,1445.0
2026-08-31T17:00,84.3,372.5,289.0,12.9,12.5,109.0,255,127,567.0,,33.2,53,37.0,0.0,0.0,976.8,9.4,271,3,1320.0
2026-08-31T18:00,86.6,332.5,476.0,29.2,16.5,84.0,260,117,525.0,,32.4,57,36.8,0.0,0.0,977.4,7.0,267,3,935.0
2026-08-31T19:00,95.7,315.7,741.0,51.9,22.3,49.0,266,112,468.0,,31.7,64,37.3,0.0,0.0,977.9,3.4,273,3,280.0
2026-08-31T20:00,107.1,327.8,1042.0,70.3,28.4,22.0,271,115,429.0,,31.6,68,38.1,0.0,0.0,978.6,1.1,261,2,30.0
2026-08-31T21:00,119.7,348.3,1472.0,80.7,35.2,9.0,276,121,430.0,,31.2,71,37.9,0.0,0.0,979.2,0.8,153,2,15.0
2026-08-31T22:00,135.0,369.7,1939.0,86.9,42.4,3.0,283,127,450.0,,30.6,73,37.1,0.0,0.0,979.3,2.4,138,3,65.0
2026-08-31T23:00,146.2,381.8,2126.0,89.4,47.0,0.0,293,130,455.0,,30.6,71,36.3,0.0,0.0,979.0,5.4,195,3,115.0
2026-09-01T00:00,147.1,366.9,1794.0,86.9,47.4,0.0,305,126,428.0,,29.4,77,35.3,0.1,0.1,979.0,5.6,228,51,155.0
2026-09-01T01:00,142.0,341.8,1182.0,80.7,45.3,1.0,315,119,388.0,,28.9,78,34.6,0.0,0.0,978.4,5.4,262,0,245.0
2026-09-01T02:00,136.4,320.4,687.0,74.9,42.8,3.0,324,113,353.0,,28.4,77,33.8,0.0,0.0,978.2,5.1,264,1,190.0
2026-09-01T03:00,129.9,297.1,460.0,71.8,40.7,2.0,330,107,332.0,,28.1,75,32.8,0.0,0.0,978.0,6.3,255,1,225.0
2026-09-01T04:00,122.5,285.9,348.0,69.2,38.2,1.0,332,104,317.0,,27.8,74,32.4,0.0,0.0,978.4,5.4,262,2,240.0
2026-09-01T05:00,78.0,385.6,296.0,15.0,9.0,44.0,330,131,596.0,,28.2,72,31.9,0.0,0.0,978.4,10.4,270,2,430.0
2026-09-01T06:00,80.8,373.5,314.0,15.5,10.2,47.0,322,128,605.0,,27.7,74,31.7,0.0,0.0,979.0,8.5,275,3,410.0
2026-09-01T07:00,84.3,357.6,390.0,16.0,11.9,53.0,313,123,615.0,,28.5,73,32.7,0.0,0.0,979.9,8.6,270,3,480.0
2026-09-01T08:00,81.0,393.9,432.0,15.5,13.2,64.0,304,133,607.0,,29.5,69,33.6,0.0,0.0,980.4,10.1,273,2,540.0
2026-09-01T09:00,76.8,375.3,390.0,12.8,13.9,85.0,295,128,567.0,,30.8,65,35.0,0.0,0.0,980.8,9.7,280,0,635.0
2026-09-01T10:00,75.4,363.2,313.0,9.1,14.2,112.0,282,125,510.0,,32.1,60,36.9,0.0,0.0,981.1,8.7,291,1,815.0
2026-09-01T11:00,67.1,300.8,259.0,6.3,14.5,134.0,266,108,455.0,,32.6,55,37.6,0.1,0.1,981.2,7.7,311,51,1135.0
2026-09-01T12:00,60.3,247.7,244.0,5.1,14.8,148.0,244,94,406.0,,33.4,52,37.8,0.0,0.0,980.9,4.7,320,2,1265.0
2026-09-01T13:00,58.1,231.9,252.0,4.8,15.0,157.0,221,90,359.0,,34.3,49,39.6,0.2,0.2,980.1,3.9,336,51,1425.0
2026-09-01T14:00,58.7,228.6,290.0,5.8,15.5,161.0,201,89,329.0,,33.6,52,38.2,0.3,0.3,979.8,5.9,38,51,1470.0
2026-09-01T15:00,61.2,242.1,366.0,8.3,16.0,159.0,194,93,335.0,,31.7,61,35.9,1.4,1.4,979.7,9.3,65,61,805.0
2026-09-01T16:00,61.2,231.9,471.0,12.2,16.9,151.0,189,90,357.0,,32.1,59,37.1,0.2,0.2,979.5,4.1,38,51,1015.0
2026-09-01T17:00,57.6,177.4,589.0,18.3,23.0,152.0,185,76,229.0,,31.7,64,37.4,1.5,1.5,979.5,3.4,3,61,645.0
2026-09-01T18:00,61.9,150.9,729.0,24.1,26.4,135.0,181,68,185.0,,31.6,62,36.7,0.1,0.1,980.0,4.1,56,51,600.0
2026-09-01T19:00,61.0,116.6,881.0,32.0,31.0,111.0,177,66,123.0,,30.7,67,36.1,0.0,0.0,980.9,4.2,85,1,485.0
2026-09-01T20:00,58.2,99.4,1000.0,38.1,34.6,90.0,176,64,75.0,,29.9,73,35.6,0.0,0.0,981.9,4.4,99,1,340.0
2026-09-01T21:00,56.9,88.9,1082.0,40.5,36.4,76.0,175,63,53.0,,29.5,76,35.7,0.0,0.0,982.2,2.9,90,1,235.0
2026-09-01T22:00,55.2,80.3,1131.0,41.0,37.2,64.0,173,63,45.0,,29.2,80,35.9,0.0,0.0,982.3,1.8,90,1,180.0
2026-09-01T23:00,52.5,72.4,1118.0,40.6,36.8,55.0,170,61,38.0,,27.3,82,32.6,0.0,0.0,981.8,5.2,124,1,50.0
