time,pm2_5,temperature_2m,relative_humidity_2m,wind_u,wind_v,boundary_layer_height,precipitation,nitrogen_dioxide,hour_sin,hour_cos
2025-10-15T00:00,100.4,24.6,60,0.16934532691976725,0.6792070083931975,15.0,0.0,102.0,0.0,1.0
2025-10-15T01:00,99.9,24.3,59,-1.3471114790620887e-16,1.1,15.0,0.0,99.0,0.25881904510252074,0.9659258262890683
2025-10-15T02:00,98.0,24.3,59,-0.1693453269197674,0.6792070083931975,15.0,0.0,95.7,0.49999999999999994,0.8660254037844387
2025-10-15T03:00,96.4,23.9,60,-0.3564026096753472,0.1815961998958187,30.0,0.0,92.0,0.7071067811865476,0.7071067811865476
2025-10-15T04:00,95.9,23.2,62,4.898587196589413e-17,-0.2,55.0,0.0,87.9,0.8660254037844386,0.5000000000000001
2025-10-15T05:00,99.2,21.8,73,2.0098000068137227,-0.8948206147667596,55.0,0.0,90.5,0.9659258262890683,0.25881904510252074
2025-10-15T06:00,106.4,21.2,77,3.233592155403522,1.0506577808748216,40.0,0.0,90.0,1.0,6.123233995736766e-17
2025-10-15T07:00,118.3,22.6,71,3.564026096753471,1.8159619989581877,35.0,0.0,88.4,0.9659258262890683,-0.25881904510252063
2025-10-15T08:00,95.2,25.0,61,2.187429987478853,-0.7107390870623785,100.0,0.0,80.5,0.8660254037844387,-0.4999999999999998
2025-10-15T09:00,70.8,27.5,50,2.134650597807193,-0.5322281703192684,305.0,0.0,60.2,0.7071067811865476,-0.7071067811865475
2025-10-15T10:00,51.2,29.6,35,2.8783838397598336,-0.35342109587492826,1700.0,0.0,33.5,0.49999999999999994,-0.8660254037844387
2025-10-15T11:00,31.4,30.5,31,4.87315728730454,-0.5121894700114996,2080.0,0.0,13.7,0.258819045102521,-0.9659258262890682
2025-10-15T12:00,30.5,31.3,28,5.187333061351087,-0.36273366346945113,2140.0,0.0,6.6,1.2246467991473532e-16,-1.0
2025-10-15T13:00,31.2,31.8,28,5.4,9.919639073093561e-16,2220.0,0.0,6.3,-0.2588190451025208,-0.9659258262890683
2025-10-15T14:00,32.0,31.9,28,5.8,1.0654427152581972e-15,2245.0,0.0,8.5,-0.4999999999999997,-0.8660254037844388
2025-10-15T15:00,32.4,31.6,28,5.926130043570827,-0.938606790241384,2240.0,0.0,11.9,-0.7071067811865471,-0.7071067811865479
2025-10-15T16:00,33.4,30.9,29,5.346039145130208,-2.7239429984372796,2180.0,0.0,17.7,-0.8660254037844385,-0.5000000000000004
2025-10-15T17:00,38.3,29.5,33,0.18840944247459973,-3.595066325116466,295.0,0.0,25.9,-0.9659258262890683,-0.25881904510252063
2025-10-15T18:00,49.0,27.5,46,-1.2188143077363711,-1.9505106211597796,95.0,0.0,37.4,-1.0,-1.8369701987210297e-16
2025-10-15T19:00,56.3,27.2,48,-4.898587196589413e-17,0.4,25.0,0.0,53.2,-0.9659258262890684,0.2588190451025203
2025-10-15T20:00,61.5,26.4,46,-0.497422543533025,0.335515742082448,60.0,0.0,65.0,-0.8660254037844386,0.5000000000000001
2025-10-15T21:00,64.0,25.7,48,-1.0692078290260414,-0.5447885996874562,50.0,0.0,69.2,-0.7071067811865477,0.7071067811865474
2025-10-15T22:00,66.6,25.4,48,-1.4003706397458027,0.5375519243179504,55.0,0.0,69.4,-0.5000000000000004,0.8660254037844384
2025-10-15T23:00,65.2,24.2,58,-2.816687638038912e-16,2.3,25.0,0.0,68.0,-0.25881904510252157,0.9659258262890681
2025-10-16T00:00,63.3,23.1,64,1.643150469750618,3.090316575006244,25.0,0.0,64.9,0.0,1.0
2025-10-16T01:00,63.1,22.2,67,3.4434956121498153,1.830939094864974,25.0,0.0,60.2,0.25881904510252074,0.9659258262890683
2025-10-16T02:00,62.9,21.3,71,4.0,7.347880794884119e-16,30.0,0.0,56.2,0.49999999999999994,0.8660254037844387
2025-10-16T03:00,62.4,20.8,70,4.5179299709100995,1.2954955723398949,40.0,0.0,53.8,0.7071067811865476,0.7071067811865476
2025-10-16T04:00,61.5,20.3,70,4.888063846273139,-0.3418067213462136,55.0,0.0,52.1,0.8660254037844386,0.5000000000000001
2025-10-16T05:00,73.8,20.2,75,4.711810480548786,-0.9158831778074165,65.0,0.0,69.2,0.9659258262890683,0.25881904510252074
2025-10-16T06:00,71.9,20.5,72,4.3,7.898971854500428e-16,55.0,0.0,67.6,1.0,6.123233995736766e-17
2025-10-16T07:00,75.2,22.0,65,5.756767679519668,0.7068421917498535,50.0,0.0,64.7,0.9659258262890683,-0.25881904510252063
2025-10-16T08:00,68.7,24.6,57,3.5802788233257843,-0.37630246776355075,90.0,0.0,57.8,0.8660254037844387,-0.4999999999999998
2025-10-16T09:00,53.7,27.5,46,2.8670321550114712,-2.007517527228661,285.0,0.0,42.9,0.7071067811865476,-0.7071067811865475
2025-10-16T10:00,47.6,29.4,38,3.39787137637478,-2.4686980596283865,1510.0,0.0,24.0,0.49999999999999994,-0.8660254037844387
2025-10-16T11:00,43.5,30.3,34,4.176456994115625,-3.26300581922599,1585.0,0.0,10.1,0.258819045102521,-0.9659258262890682
2025-10-16T12:00,42.8,31.1,32,4.136639992842482,-3.4710530923073124,1565.0,0.0,5.1,1.2246467991473532e-16,-1.0
2025-10-16T13:00,43.8,31.5,32,4.449593469062211,-3.232818887608601,1735.0,0.0,5.0,-0.2588190451025208,-0.9659258262890683
2025-10-16T14:00,44.4,31.7,32,4.808417920819242,-3.243318840130333,1745.0,0.0,7.6,-0.4999999999999997,-0.8660254037844388
2025-10-16T15:00,45.2,31.4,33,5.160657879020648,-3.61353154901159,1745.0,0.0,11.6,-0.7071067811865471,-0.7071067811865479
2025-10-16T16:00,47.1,30.7,35,5.362307134053099,-4.342310698243879,1760.0,0.0,18.3,-0.8660254037844385,-0.5000000000000004
2025-10-16T17:00,46.9,29.5,36,5.421022142882376,-1.7613968679371992,470.0,0.0,25.2,-0.9659258262890683,-0.25881904510252063
2025-10-16T18:00,60.3,28.0,42,2.687005768508881,-2.6870057685088797,225.0,0.0,39.0,-1.0,-1.8369701987210297e-16
2025-10-16T19:00,69.6,27.0,50,1.4235782507653005,-3.1974091017491033,130.0,0.0,57.8,-0.9659258262890684,0.2588190451025203
2025-10-16T20:00,73.3,26.7,51,0.9008627491964485,-1.4416817634659238,75.0,0.0,70.1,-0.8660254037844386,0.5000000000000001
2025-10-16T21:00,73.3,26.4,53,0.5416335208368435,-0.7187719590425635,75.0,0.0,70.4,-0.7071067811865477,0.7071067811865474
2025-10-16T22:00,71.7,26.0,54,-0.18159619989581877,0.35640260967534715,55.0,0.0,64.3,-0.5000000000000004,0.8660254037844384
2025-10-16T23:00,68.5,25.8,56,0.1854101966249686,-0.570633909777092,75.0,0.0,57.2,-0.25881904510252157,0.9659258262890681
2025-10-17T00:00,64.3,25.2,56,0.7128052193506944,-0.3631923997916373,65.0,0.0,50.0,0.0,1.0
2025-10-17T01:00,62.4,24.0,59,1.5751713878545794,1.0624665165944185,40.0,0.0,42.0,0.25881904510252074,0.9659258262890683
2025-10-17T02:00,60.8,22.3,66,3.236092916415765,1.7937955949114464,35.0,0.0,36.0,0.49999999999999994,0.8660254037844387
2025-10-17T03:00,59.8,21.1,71,4.303849443228745,0.9148114395981432,35.0,0.0,33.1,0.7071067811865476,0.7071067811865476
2025-10-17T04:00,59.6,20.4,74,4.711810480548787,0.9158831778074141,45.0,0.0,32.3,0.8660254037844386,0.5000000000000001
2025-10-17T05:00,64.7,20.7,77,6.291366068953815,0.3297165243305491,70.0,0.0,33.0,0.9659258262890683,0.25881904510252074
2025-10-17T06:00,67.8,20.8,77,4.6421352007971475,-0.7352419856890842,60.0,0.0,37.8,1.0,6.123233995736766e-17
2025-10-17T07:00,73.8,22.0,71,5.2395969218903815,-1.3063782362382041,65.0,0.0,44.0,0.9659258262890683,-0.25881904510252063
2025-10-17T08:00,68.5,24.4,61,3.2335921554035223,-1.0506577808748205,125.0,0.0,45.0,0.8660254037844387,-0.4999999999999998
2025-10-17T09:00,57.3,27.2,50,3.090316575006245,-1.6431504697506165,265.0,0.0,36.0,0.7071067811865476,-0.7071067811865475
2025-10-17T10:00,50.4,29.5,45,2.5172815641993513,-3.1085838458278823,1095.0,0.0,21.8,0.49999999999999994,-0.8660254037844387
2025-10-17T11:00,45.1,30.6,39,4.171930009000632,-4.171930009000629,1520.0,0.0,11.0,0.258819045102521,-0.9659258262890682
2025-10-17T12:00,43.5,31.5,37,3.471053092307314,-4.13663999284248,1665.0,0.0,6.6,1.2246467991473532e-16,-1.0
2025-10-17T13:00,44.0,32.1,36,3.2693856872009652,-4.669166652447252,1860.0,0.0,5.5,-0.2588190451025208,-0.9659258262890683
2025-10-17T14:00,44.1,32.3,35,2.675987907879578,-5.032801279295884,1995.0,0.0,6.9,-0.4999999999999997,-0.8660254037844388
2025-10-17T15:00,44.4,32.1,35,1.7906248495143617,-5.200352165796243,2030.0,0.0,10.6,-0.7071067811865471,-0.7071067811865479
2025-10-17T16:00,46.0,31.4,36,1.0766187015349684,-6.10580806867569,1975.0,0.0,16.7,-0.8660254037844385,-0.5000000000000004
2025-10-17T17:00,51.5,30.1,39,2.2065163450936867,-4.149853686436957,545.0,0.0,26.2,-0.9659258262890683,-0.25881904510252063
2025-10-17T18:00,65.4,28.4,49,2.3403318451813453,-2.1823947521999956,240.0,0.0,42.3,-1.0,-1.8369701987210297e-16
2025-10-17T19:00,77.3,27.5,53,3.0760374270026203,-0.8820395386143981,155.0,0.0,64.4,-0.9659258262890684,0.2588190451025203
2025-10-17T20:00,85.9,27.0,55,2.4939101256495606,-0.17439118436031303,105.0,0.0,79.4,-0.8660254037844386,0.5000000000000001
2025-10-17T21:00,92.0,26.2,55,2.0098000068137223,0.8948206147667603,55.0,0.0,81.5,-0.7071067811865477,0.7071067811865474
2025-10-17T22:00,92.0,25.1,57,3.800043252662417,0.8773091119410744,60.0,0.0,76.7,-0.5000000000000004,0.8660254037844384
2025-10-17T23:00,86.6,24.8,62,3.5859407992715226,1.987719443009981,65.0,0.0,69.6,-0.25881904510252157,0.9659258262890681
2025-10-18T00:00,82.2,24.6,63,3.595066325116466,-0.1884094424745982,55.0,0.0,60.3,0.0,1.0
2025-10-18T01:00,79.6,23.9,65,3.39787137637478,-2.4686980596283865,55.0,0.0,48.7,0.25881904510252074,0.9659258262890683
2025-10-18T02:00,77.8,23.2,69,3.5900941872211876,-0.8951110137187696,45.0,0.0,40.1,0.49999999999999994,0.8660254037844387
2025-10-18T03:00,76.6,22.5,71,3.7301832971011226,-0.7250741824308714,40.0,0.0,36.4,0.7071067811865476,0.7071067811865476
2025-10-18T04:00,75.9,21.7,75,3.456909192082982,-0.5475206276408073,40.0,0.0,35.7,0.8660254037844386,0.5000000000000001
2025-10-18T05:00,90.8,21.7,80,4.303849443228745,0.9148114395981432,55.0,0.0,59.2,0.9659258262890683,0.25881904510252074
2025-10-18T06:00,91.5,21.6,79,4.6971368869897505,-0.16402763450175603,70.0,0.0,60.3,1.0,6.123233995736766e-17
2025-10-18T07:00,96.6,22.4,75,4.8523135368336945,0.6819481947043226,90.0,0.0,61.1,0.9659258262890683,-0.25881904510252063
2025-10-18T08:00,87.5,24.6,64,3.0768930700880985,0.37779496455595624,135.0,0.0,57.2,0.8660254037844387,-0.4999999999999998
2025-10-18T09:00,73.1,27.4,52,3.4,6.245698675651501e-16,300.0,0.0,43.8,0.7071067811865476,-0.7071067811865475
2025-10-18T10:00,61.2,29.6,44,3.7947922320673806,-0.19887663372318698,925.0,0.0,25.7,0.49999999999999994,-0.8660254037844387
2025-10-18T11:00,53.0,30.9,38,3.268289766190284,-0.9371670097777979,1645.0,0.0,12.2,0.258819045102521,-0.9659258262890682
2025-10-18T12:00,50.8,32.2,34,2.1729143493093033,-0.3441558230885075,2130.0,0.0,7.1,1.2246467991473532e-16,-1.0
2025-10-18T13:00,49.6,32.9,31,1.0606601717798212,1.0606601717798214,2380.0,0.0,6.5,-0.2588190451025208,-0.9659258262890683
2025-10-18T14:00,49.4,33.2,30,0.5322281703192686,2.1346505978071924,2475.0,0.0,8.8,-0.4999999999999997,-0.8660254037844388
2025-10-18T15:00,50.2,33.2,29,-1.111012477946399,3.633958072659535,2510.0,0.0,12.5,-0.7071067811865471,-0.7071067811865479
2025-10-18T16:00,51.8,32.4,30,-2.4969477485675076,4.900535883036023,2345.0,0.0,19.1,-0.8660254037844385,-0.5000000000000004
2025-10-18T17:00,56.2,30.8,32,-0.726950774511971,1.0777488443215542,100.0,0.0,29.0,-0.9659258262890683,-0.25881904510252063
2025-10-18T18:00,72.6,28.7,44,1.4474368994146265,1.7874357113510326,110.0,0.0,51.5,-1.0,-1.8369701987210297e-16
2025-10-18T19:00,86.1,28.1,50,1.2830062863787124,1.1153003492838622,80.0,0.0,82.6,-0.9659258262890684,0.2588190451025203
2025-10-18T20:00,98.5,27.6,51,1.0606601717798214,-1.060660171779821,80.0,0.0,106.4,-0.8660254037844386,0.5000000000000001
2025-10-18T21:00,109.0,27.1,53,1.0777488443215542,-0.7269507745119711,45.0,0.0,115.6,-0.7071067811865477,0.7071067811865474
2025-10-18T22:00,118.3,27.2,55,0.6792070083931976,-0.1693453269197672,30.0,0.0,117.5,-0.5000000000000004,0.8660254037844384
2025-10-18T23:00,125.3,26.9,56,0.1717280958388902,-0.8834644651028976,60.0,0.0,117.8,-0.25881904510252157,0.9659258262890681
2025-10-19T00:00,128.1,25.8,59,1.1,2.0206672185931328e-16,50.0,0.0,118.3,0.0,1.0
2025-10-19T01:00,128.1,24.8,63,1.4888192274619831,0.18280401510772076,40.0,0.0,117.3,0.25881904510252074,0.9659258262890683
2025-10-19T02:00,129.0,23.9,67,1.2990381056766578,0.7500000000000007,30.0,0.0,115.0,0.49999999999999994,0.8660254037844387
2025-10-19T03:00,129.5,23.2,69,1.4539015490239415,2.1554976886431088,30.0,0.0,110.9,0.7071067811865476,0.7071067811865476
2025-10-19T04:00,128.1,23.3,70,0.49742254353302506,0.33551574208244794,15.0,0.0,105.5,0.8660254037844386,0.5000000000000001
2025-10-19T05:00,108.0,23.0,76,-0.7321259575364404,-1.6443818237566816,40.0,0.0,80.2,0.9659258262890683,0.25881904510252074
2025-10-19T06:00,112.7,23.7,72,-0.5416335208368435,-0.7187719590425635,40.0,0.0,79.9,1.0,6.123233995736766e-17
2025-10-19T07:00,121.5,24.6,68,-2.0064910287889646,1.8066526371689173,60.0,0.0,78.8,0.9659258262890683,-0.25881904510252063
2025-10-19T08:00,105.0,26.4,61,0.1604398896114881,2.2943973155975956,120.0,0.0,72.8,0.8660254037844387,-0.4999999999999998
2025-10-19T09:00,84.3,28.8,50,0.7263847995832746,1.4256104387013888,395.0,0.0,57.3,0.7071067811865476,-0.7071067811865475
2025-10-19T10:00,65.7,30.6,40,1.414213562373095,1.4142135623730954,1340.0,0.0,37.0,0.49999999999999994,-0.8660254037844387
2025-10-19T11:00,60.8,31.4,37,1.9505106211597796,1.2188143077363713,1840.0,0.0,21.3,0.258819045102521,-0.9659258262890682
2025-10-19T12:00,61.7,32.7,34,1.441681763465924,0.9008627491964485,2140.0,0.0,13.8,1.2246467991473532e-16,-1.0
2025-10-19T13:00,61.9,33.3,32,0.18092503124808518,1.2873484893640414,2335.0,0.0,11.1,-0.2588190451025208,-0.9659258262890683
2025-10-19T14:00,61.2,33.6,30,-1.6060140217829286,2.293625724009177,2490.0,0.0,12.2,-0.4999999999999997,-0.8660254037844388
2025-10-19T15:00,60.5,33.5,29,-4.090582541823943,5.05144874947031,2515.0,0.0,17.0,-0.7071067811865471,-0.7071067811865479
2025-10-19T16:00,61.7,32.3,32,-7.016049541635871,7.265331983420378,2105.0,0.0,25.7,-0.8660254037844385,-0.5000000000000004
2025-10-19T17:00,69.8,30.5,38,-1.7835475811457462,-1.6059134552612597,305.0,0.0,49.1,-0.9659258262890683,-0.25881904510252063
2025-10-19T18:00,80.1,29.0,51,0.7187719590425637,-0.5416335208368431,45.0,0.0,64.4,-1.0,-1.8369701987210297e-16
2025-10-19T19:00,92.4,28.3,52,1.4375439180851275,-1.0832670416736863,125.0,0.0,85.5,-0.9659258262890684,0.2588190451025203
2025-10-19T20:00,99.0,27.5,52,1.2608835935349805,-2.831990918692063,120.0,0.0,101.4,-0.8660254037844386,0.5000000000000001
2025-10-19T21:00,106.2,27.0,52,0.7016920913345691,-2.295131414311285,95.0,0.0,106.7,-0.7071067811865477,0.7071067811865474
2025-10-19T22:00,115.0,26.7,54,0.5150380749100545,-0.8571673007021121,55.0,0.0,106.8,-0.5000000000000004,0.8660254037844384
2025-10-19T23:00,122.5,26.5,57,-0.5656854249492381,-0.5656854249492381,25.0,0.0,106.4,-0.25881904510252157,0.9659258262890681
2025-10-20T00:00,126.2,26.2,55,0.18159619989581866,0.3564026096753472,10.0,0.0,106.7,0.0,1.0
2025-10-20T01:00,129.5,26.0,55,0.21213203435596423,0.2121320343559643,10.0,0.0,106.6,0.25881904510252074,0.9659258262890683
2025-10-20T02:00,131.8,26.0,54,-0.5706339097770922,0.1854101966249684,35.0,0.0,107.4,0.49999999999999994,0.8660254037844387
2025-10-20T03:00,133.6,25.2,56,0.21213203435596423,0.2121320343559643,60.0,0.0,110.7,0.7071067811865476,0.7071067811865476
2025-10-20T04:00,136.4,24.0,60,2.1650635094610964,-1.2500000000000002,70.0,0.0,114.8,0.8660254037844386,0.5000000000000001
2025-10-20T05:00,118.5,22.9,72,3.2682897661902843,0.9371670097777962,55.0,0.0,95.7,0.9659258262890683,0.25881904510252074
2025-10-20T06:00,126.7,22.8,74,1.6443818237566818,0.7321259575364402,35.0,0.0,93.4,1.0,6.123233995736766e-17
2025-10-20T07:00,136.0,24.1,67,0.7500000000000002,1.299038105676658,35.0,0.0,89.4,0.9659258262890683,-0.25881904510252063
2025-10-20T08:00,106.4,26.2,58,-1.0606601717798214,1.0606601717798212,125.0,0.0,80.5,0.8660254037844387,-0.4999999999999998
2025-10-20T09:00,75.4,28.7,48,-2.187429987478853,0.7107390870623789,330.0,0.0,62.2,0.7071067811865476,-0.7071067811865475
2025-10-20T10:00,63.3,30.5,40,-3.562827284806143,1.586272907995621,1335.0,0.0,39.1,0.49999999999999994,-0.8660254037844387
2025-10-20T11:00,56.5,31.6,35,-5.377666356487367,2.17271824181229,2270.0,0.0,21.2,0.258819045102521,-0.9659258262890682
2025-10-20T12:00,52.3,32.8,31,-6.713181886755149,2.311533896645812,2530.0,0.0,12.6,1.2246467991473532e-16,-1.0
2025-10-20T13:00,48.3,33.1,30,-7.517540966287267,2.7361611466053497,2610.0,0.0,9.3,-0.2588190451025208,-0.9659258262890683
2025-10-20T14:00,46.0,33.0,29,-7.695625992904336,3.1092347253520702,2490.0,0.0,9.7,-0.4999999999999997,-0.8660254037844388
2025-10-20T15:00,44.2,32.6,30,-7.602907607447656,3.071774066010479,2370.0,0.0,13.8,-0.7071067811865471,-0.7071067811865479
2025-10-20T16:00,44.7,32.1,30,-7.128052193506943,3.631923997916374,2010.0,0.0,21.6,-0.8660254037844385,-0.5000000000000004
2025-10-20T17:00,54.2,30.7,36,-8.453436110630323,-0.8884919377750544,1140.0,0.0,27.2,-0.9659258262890683,-0.25881904510252063
2025-10-20T18:00,61.5,29.6,41,-3.7966746492933856,-2.0187277199793305,580.0,0.0,35.0,-1.0,-1.8369701987210297e-16
2025-10-20T19:00,64.5,28.7,47,-2.2026213686744307,-2.720010865099398,325.0,0.0,45.9,-0.9659258262890684,0.2588190451025203
2025-10-20T20:00,66.6,28.0,51,-2.1649947956686737,-2.4905416147351476,220.0,0.0,54.1,-0.8660254037844386,0.5000000000000001
2025-10-20T21:00,70.1,27.3,55,-2.1920310216782974,-2.1920310216782974,180.0,0.0,57.2,-0.7071067811865477,0.7071067811865474
2025-10-20T22:00,73.3,26.5,57,-3.0256594419178136,-1.0418180942629016,155.0,0.0,57.8,-0.5000000000000004,0.8660254037844384
2025-10-20T23:00,75.4,25.6,64,-3.7489206141594438,-1.0749856876862967,120.0,0.0,57.8,-0.25881904510252157,0.9659258262890681
2025-10-21T00:00,77.3,24.8,68,-3.4,-2.0818995585505003e-16,95.0,0.0,58.0,0.0,1.0
2025-10-21T01:00,79.9,24.2,71,-3.380740392011739,0.905866657858823,85.0,0.0,57.7,0.25881904510252074,0.9659258262890683
2025-10-21T02:00,82.4,23.6,74,-3.456909192082982,0.5475206276408079,70.0,0.0,57.0,0.49999999999999994,0.8660254037844387
2025-10-21T03:00,83.8,23.2,77,-3.0597067200703982,1.2362017582725098,65.0,0.0,55.5,0.7071067811865476,0.7071067811865476
2025-10-21T04:00,83.6,22.7,79,-2.490541614735148,2.1649947956686737,60.0,0.0,53.7,0.8660254037844386,0.5000000000000001
2025-10-21T05:00,70.1,23.2,78,-5.377666356487367,2.17271824181229,95.0,0.0,29.4,0.9659258262890683,0.25881904510252074
2025-10-21T06:00,77.5,23.8,77,-1.0611580849203361,3.9602958877851795,135.0,0.0,36.1,1.0,6.123233995736766e-17
2025-10-21T07:00,86.1,24.1,74,3.595066325116466,-0.1884094424745982,145.0,0.0,44.8,0.9659258262890683,-0.25881904510252063
2025-10-21T08:00,84.5,25.9,64,-0.5405703961261742,2.543183761907895,175.0,0.0,47.9,0.8660254037844387,-0.4999999999999998
2025-10-21T09:00,79.9,28.3,52,-4.653657836759942e-16,3.8,605.0,0.0,40.1,0.7071067811865476,-0.7071067811865475
2025-10-21T10:00,75.0,30.1,43,-1.9930095510714223,4.476372742448744,1480.0,0.0,26.7,0.49999999999999994,-0.8660254037844387
2025-10-21T11:00,69.6,30.3,40,-5.20201377834176,4.683914244512008,1725.0,0.0,16.0,0.258819045102521,-0.9659258262890682
2025-10-21T12:00,63.6,30.4,39,-3.0196416787420333,4.476802891797225,1680.0,0.1,10.6,1.2246467991473532e-16,-1.0
2025-10-21T13:00,62.4,30.4,39,-3.970269614642303,5.886166765140795,1730.0,0.1,7.8,-0.2588190451025208,-0.9659258262890683
2025-10-21T14:00,61.2,30.1,40,-3.7094348496324345,5.936336673094981,1585.0,0.1,8.1,-0.4999999999999997,-0.8660254037844388
2025-10-21T15:00,61.2,29.9,41,-1.4493866525741177,5.409184627218782,1540.0,0.1,12.0,-0.7071067811865471,-0.7071067811865479
2025-10-21T16:00,63.8,29.3,42,-0.31401573745766287,5.991777208527443,985.0,0.0,19.0,-0.8660254037844385,-0.5000000000000004
2025-10-21T17:00,93.4,30.1,37,2.688833178243683,1.0863591209061456,1550.0,0.0,40.1,-0.9659258262890683,-0.25881904510252063
2025-10-21T18:00,106.6,29.2,42,4.6796222421523135,-2.488199282765219,710.0,0.0,56.3,-1.0,-1.8369701987210297e-16
2025-10-21T19:00,125.7,28.2,49,1.4214781741247593,-4.3748599749577055,290.0,0.0,78.5,-0.9659258262890684,0.2588190451025203
2025-10-21T20:00,134.1,27.5,54,-3.6062445840513924,-3.6062445840513924,185.0,0.0,94.7,-0.8660254037844386,0.5000000000000001
2025-10-21T21:00,137.8,26.6,59,-4.7128004925905795,-2.197614961051637,155.0,0.0,99.0,-0.7071067811865477,0.7071067811865474
2025-10-21T22:00,141.6,25.7,65,-1.437543918085127,-1.0832670416736871,80.0,0.0,97.2,-0.5000000000000004,0.8660254037844384
2025-10-21T23:00,143.4,25.9,67,-0.1693453269197674,0.6792070083931975,15.0,0.0,94.8,-0.25881904510252157,0.9659258262890681
2025-10-22T00:00,143.4,25.6,69,-0.5,-3.061616997868383e-17,15.0,0.0,93.2,0.0,1.0
2025-10-22T01:00,143.0,25.2,69,-0.7071067811865476,-0.7071067811865476,80.0,0.0,90.9,0.25881904510252074,0.9659258262890683
2025-10-22T02:00,144.4,25.0,74,-0.18541019662496844,-0.570633909777092,115.0,0.0,89.0,0.49999999999999994,0.8660254037844387
2025-10-22T03:00,147.1,24.7,75,0.0,0.0,120.0,0.0,88.2,0.7071067811865476,0.7071067811865476
2025-10-22T04:00,149.9,24.0,77,0.7551844692598054,-0.9325751537483646,100.0,0.0,87.8,0.8660254037844386,0.5000000000000001
2025-10-22T05:00,158.3,23.8,85,-0.5416335208368434,0.7187719590425636,40.0,0.0,97.2,0.9659258262890683,0.25881904510252074
2025-10-22T06:00,159.3,23.5,87,0.35355339059327373,0.35355339059327384,15.0,0.0,94.2,1.0,6.123233995736766e-17
2025-10-22T07:00,166.2,24.1,84,3.616017032810471,-1.4609657143220567,70.0,0.0,89.1,0.9659258262890683,-0.25881904510252063
2025-10-22T08:00,150.4,25.7,75,3.0192140446035274,-1.960700526054096,135.0,0.0,79.0,0.8660254037844387,-0.4999999999999998
2025-10-22T09:00,116.6,28.2,61,3.2332465329646625,-2.1808523235359134,355.0,0.0,58.9,0.7071067811865476,-0.7071067811865475
2025-10-22T10:00,98.7,30.2,46,3.5859407992715218,-1.9877194430099827,1280.0,0.0,33.6,0.49999999999999994,-0.8660254037844387
2025-10-22T11:00,85.2,30.8,46,5.94741400854789,-3.2967054176750934,1675.0,0.0,14.9,0.258819045102521,-0.9659258262890682
2025-10-22T12:00,78.7,31.4,40,5.406403492307345,-3.7856044799169037,1630.0,0.0,7.8,1.2246467991473532e-16,-1.0
2025-10-22T13:00,75.9,32.0,35,6.1194134401407965,-2.4724035165450187,1865.0,0.0,7.1,-0.2588190451025208,-0.9659258262890683
2025-10-22T14:00,74.3,32.1,31,7.017210380349727,-2.0121526974640953,1855.0,0.0,9.1,-0.4999999999999997,-0.8660254037844388
2025-10-22T15:00,73.1,31.9,30,7.5620014546273335,-2.902780391316933,1885.0,0.0,12.9,-0.7071067811865471,-0.7071067811865479
2025-10-22T16:00,74.3,31.2,32,7.8859391664594325,-4.738350289172498,1835.0,0.0,19.3,-0.8660254037844385,-0.5000000000000004
2025-10-22T17:00,85.7,30.3,32,8.089146416692504,-3.9453403211016966,570.0,0.0,33.9,-0.9659258262890683,-0.25881904510252063
2025-10-22T18:00,88.0,29.5,32,6.6414443059603965,-5.773319455116463,495.0,0.0,37.3,-1.0,-1.8369701987210297e-16
2025-10-22T19:00,84.1,28.8,32,4.3160388020319065,-4.1679502227539835,265.0,0.0,41.8,-0.9659258262890684,0.2588190451025203
2025-10-22T20:00,78.0,27.8,34,3.9634444034305507,-3.209533994354171,160.0,0.0,44.4,-0.8660254037844386,0.5000000000000001
2025-10-22T21:00,77.3,26.9,38,5.22805038838433,-2.006860517453682,120.0,0.0,43.7,-0.7071067811865477,0.7071067811865474
2025-10-22T22:00,76.4,25.8,43,4.457269963650984,-2.678197989532282,100.0,0.0,41.0,-0.5000000000000004,0.8660254037844384
2025-10-22T23:00,75.9,25.0,52,3.4672473158695762,-2.708910491432898,120.0,0.0,37.7,-0.25881904510252157,0.9659258262890681
2025-10-23T00:00,74.0,24.6,52,4.676537180435969,-2.7000000000000006,120.0,0.0,33.4,0.0,1.0
2025-10-23T01:00,72.2,24.0,51,5.173093386554199,-3.2325075118225484,110.0,0.0,28.5,0.25881904510252074,0.9659258262890683
2025-10-23T02:00,70.8,23.3,51,5.075323607405239,-2.3666622657479177,100.0,0.0,25.2,0.49999999999999994,0.8660254037844387
2025-10-23T03:00,68.7,22.6,53,5.4091846272187825,-1.4493866525741135,90.0,0.0,24.2,0.7071067811865476,0.7071067811865476
2025-10-23T04:00,65.9,22.0,54,4.330127018922193,-2.5000000000000004,85.0,0.0,24.8,0.8660254037844386,0.5000000000000001
2025-10-23T05:00,64.7,21.6,64,4.711810480548786,-0.9158831778074165,80.0,0.0,20.6,0.9659258262890683,0.25881904510252074
2025-10-23T06:00,69.6,21.2,68,4.350277377775919,-2.028567656355358,90.0,0.0,26.7,1.0,6.123233995736766e-17
2025-10-23T07:00,77.1,21.8,66,5.400153994423308,-3.244739871933341,115.0,0.0,34.9,0.9659258262890683,-0.25881904510252063
2025-10-23T08:00,79.4,23.7,59,3.2360679774997902,-2.3511410091698917,150.0,0.0,38.4,0.8660254037844387,-0.4999999999999998
2025-10-23T09:00,77.5,26.5,50,2.292690904230061,-3.3990540474756714,235.0,0.0,33.0,0.7071067811865476,-0.7071067811865475
2025-10-23T10:00,63.1,29.2,42,1.9837168312888778,-5.450217200558269,705.0,0.0,23.1,0.49999999999999994,-0.8660254037844387
2025-10-23T11:00,52.2,30.9,32,3.3602877050077553,-7.916341739690986,2135.0,0.0,14.8,0.258819045102521,-0.9659258262890682
2025-10-23T12:00,40.7,31.4,28,3.5946434036704376,-7.3701111796531675,2350.0,0.0,9.5,1.2246467991473532e-16,-1.0
2025-10-23T13:00,36.9,31.7,27,4.6923495507117385,-5.592124434768538,2420.0,0.0,5.8,-0.2588190451025208,-0.9659258262890683
2025-10-23T14:00,36.2,31.8,26,6.134878036907308,-4.138027485683528,2500.0,0.0,6.2,-0.4999999999999997,-0.8660254037844388
2025-10-23T15:00,37.0,31.4,26,7.703616189811523,-3.5922552247959465,2435.0,0.0,13.1,-0.7071067811865471,-0.7071067811865479
2025-10-23T16:00,39.7,30.5,28,8.642763284627168,-4.403707847473602,1865.0,0.0,24.0,-0.8660254037844385,-0.5000000000000004
2025-10-23T17:00,58.1,29.7,27,8.123117854302128,-4.319138377630192,1010.0,0.0,38.2,-0.9659258262890683,-0.25881904510252063
2025-10-23T18:00,63.8,28.8,28,6.461688179575118,-5.0484240976704,490.0,0.0,40.2,-1.0,-1.8369701987210297e-16
2025-10-23T19:00,66.1,28.2,30,3.5966990016932554,-3.4732918522949863,355.0,0.0,43.0,-0.9659258262890684,0.2588190451025203
2025-10-23T20:00,66.8,27.3,33,1.7874357113510326,-1.447436899414626,110.0,0.0,45.8,-0.8660254037844386,0.5000000000000001
2025-10-23T21:00,68.9,26.6,34,1.2887067948334165,-0.5470235798849828,55.0,0.0,48.6,-0.7071067811865477,0.7071067811865474
2025-10-23T22:00,71.9,25.0,38,3.595066325116466,-0.1884094424745982,50.0,0.0,51.4,-0.5000000000000004,0.8660254037844384
2025-10-23T23:00,72.2,24.3,47,4.097502390778292,-0.14308793648025525,60.0,0.0,52.9,-0.25881904510252157,0.9659258262890681
2025-10-24T00:00,70.5,23.4,52,3.939231012048832,0.6945927106677213,45.0,0.0,51.9,0.0,1.0
2025-10-24T01:00,71.2,22.5,56,3.059706720070398,1.2362017582725104,30.0,0.0,49.6,0.25881904510252074,0.9659258262890683
2025-10-24T02:00,74.0,21.6,59,4.108219923081983,0.8732291014345911,35.0,0.0,48.8,0.49999999999999994,0.8660254037844387
2025-10-24T03:00,76.8,20.8,64,5.187333061351086,0.362733663469453,50.0,0.0,51.0,0.7071067811865476,0.7071067811865476
2025-10-24T04:00,79.2,20.2,66,4.900535883036023,2.496947748567508,45.0,0.0,54.6,0.8660254037844386,0.5000000000000001
2025-10-24T05:00,104.5,20.2,73,5.977168188550474,0.5229344564859495,55.0,0.0,76.7,0.9659258262890683,0.25881904510252074
2025-10-24T06:00,108.3,20.2,72,5.215999461960969,1.3976228435536115,60.0,0.0,74.5,1.0,6.123233995736766e-17
2025-10-24T07:00,114.3,21.2,66,5.7378285357782115,1.7542302283364226,65.0,0.0,70.7,0.9659258262890683,-0.25881904510252063
2025-10-24T08:00,98.7,23.5,58,2.878383839759834,0.35342109587492676,105.0,0.0,63.0,0.8660254037844387,-0.4999999999999998
2025-10-24T09:00,76.4,26.6,45,2.3704520174283306,-0.3754427160965536,185.0,0.0,47.5,0.7071067811865476,-0.7071067811865475
2025-10-24T10:00,60.1,29.2,35,1.9505106211597798,-1.2188143077363707,615.0,0.0,28.1,0.49999999999999994,-0.8660254037844387
2025-10-24T11:00,51.6,30.5,27,3.0529040343378453,-0.5383093507674829,2140.0,0.0,13.5,0.258819045102521,-0.9659258262890682
2025-10-24T12:00,49.9,31.6,24,3.03086256386927,-2.1222328144988705,2200.0,0.0,7.2,1.2246467991473532e-16,-1.0
2025-10-24T13:00,48.8,32.1,23,3.040559159102155,-3.0405591591021537,2395.0,0.0,5.8,-0.2588190451025208,-0.9659258262890683
2025-10-24T14:00,48.2,32.2,22,2.6841259366595835,-3.9793803482642005,2505.0,0.0,7.9,-0.4999999999999997,-0.8660254037844388
2025-10-24T15:00,48.2,31.8,24,3.24331884013033,-4.808417920819243,2495.0,0.0,13.5,-0.7071067811865471,-0.7071067811865479
2025-10-24T16:00,49.9,30.8,26,3.2500000000000027,-5.629165124598849,2430.0,0.0,22.6,-0.8660254037844385,-0.5000000000000004
2025-10-24T17:00,66.1,29.0,29,7.837739514543061e-16,-3.2,265.0,0.0,45.0,-0.9659258262890683,-0.25881904510252063
2025-10-24T18:00,78.0,28.0,40,0.49742254353302495,-0.3355157420824482,45.0,0.0,53.8,-1.0,-1.8369701987210297e-16
2025-10-24T19:00,88.5,27.3,39,-0.8999026535611552,1.072462220366569,45.0,0.0,66.0,-0.9659258262890684,0.2588190451025203
2025-10-24T20:00,92.9,26.1,43,-2.867032155011471,2.0075175272286616,60.0,0.0,75.8,-0.8660254037844386,0.5000000000000001
2025-10-24T21:00,98.7,25.3,50,-1.4416817634659242,0.9008627491964482,50.0,0.0,80.8,-0.7071067811865477,0.7071067811865474
2025-10-24T22:00,104.1,24.8,52,-0.18092503124808493,1.2873484893640414,35.0,0.0,83.3,-0.5000000000000004,0.8660254037844384
2025-10-24T23:00,106.4,23.8,53,0.7423384793347544,3.2154212137912763,40.0,0.0,84.7,-0.25881904510252157,0.9659258262890681
2025-10-25T00:00,106.9,23.0,54,1.4910956940859574,4.87715425541148,50.0,0.0,85.0,0.0,1.0
2025-10-25T01:00,108.3,22.2,53,2.9088577214780216,5.247718242836375,45.0,0.0,84.2,0.25881904510252074,0.9659258262890683
2025-10-25T02:00,110.1,21.6,55,4.548022477124858,2.5210100252809515,45.0,0.0,83.5,0.49999999999999994,0.8660254037844387
2025-10-25T03:00,112.0,20.9,58,4.476372742448745,1.9930095510714205,45.0,0.0,83.5,0.7071067811865476,0.7071067811865476
2025-10-25T04:00,113.9,20.1,62,3.730183297101123,0.7250741824308695,40.0,0.0,83.5,0.8660254037844386,0.5000000000000001
2025-10-25T05:00,139.2,19.7,76,3.081446475924609,-1.4369020899183786,55.0,0.0,97.2,0.9659258262890683,0.25881904510252074
2025-10-25T06:00,147.1,19.9,76,1.2873484893640414,-0.18092503124808512,40.0,0.0,92.0,1.0,6.123233995736766e-17
2025-10-25T07:00,151.8,21.2,69,0.9008627491964482,1.4416817634659242,20.0,0.0,84.2,0.9659258262890683,-0.25881904510252063
2025-10-25T08:00,127.6,23.7,59,0.5375519243179512,-1.4003706397458022,80.0,0.0,72.9,0.8660254037844387,-0.4999999999999998
2025-10-25T09:00,98.0,26.7,46,0.18092503124808565,-1.2873484893640414,200.0,0.0,55.1,0.7071067811865476,-0.7071067811865475
2025-10-25T10:00,77.1,29.2,36,-0.33991869381244216,-1.0461621679246689,1670.0,0.0,33.8,0.49999999999999994,-0.8660254037844387
2025-10-25T11:00,62.6,29.8,30,0.5150380749100542,0.8571673007021123,1990.0,0.0,17.7,0.258819045102521,-0.9659258262890682
2025-10-25T12:00,54.1,31.2,27,1.7677669529663687,1.7677669529663693,2270.0,0.0,9.7,1.2246467991473532e-16,-1.0
2025-10-25T13:00,52.5,31.6,26,3.252691193458118,3.2526911934581193,2305.0,0.0,6.8,-0.2588190451025208,-0.9659258262890683
2025-10-25T14:00,51.6,31.7,26,4.669166652447252,3.2693856872009643,2315.0,0.0,9.1,-0.4999999999999997,-0.8660254037844388
2025-10-25T15:00,50.9,31.3,26,5.8003698370345615,2.704756875140475,2315.0,0.0,17.8,-0.7071067811865471,-0.7071067811865479
2025-10-25T16:00,52.6,30.4,27,5.1715138559150216,-0.5435480089917956,2215.0,0.0,31.6,-0.8660254037844385,-0.5000000000000004
2025-10-25T17:00,78.9,28.8,30,2.5114736709748717,-1.4500000000000002,220.0,0.0,49.5,-0.9659258262890683,-0.25881904510252063
2025-10-25T18:00,91.5,27.4,33,0.3763024677635523,-3.580278823325784,350.0,0.0,64.0,-1.0,-1.8369701987210297e-16
2025-10-25T19:00,103.6,26.7,35,-1.9571446846582057,-3.2572357426680267,240.0,0.0,84.2,-0.9659258262890684,0.2588190451025203
2025-10-25T20:00,115.0,26.0,40,-2.5371700761219524,-0.9234543869793059,100.0,0.0,100.3,-0.8660254037844386,0.5000000000000001
2025-10-25T21:00,126.2,25.4,41,-2.0,-1.2246467991473532e-16,70.0,0.0,108.9,-0.7071067811865477,0.7071067811865474
2025-10-25T22:00,133.6,24.6,44,-1.9733545036504079,0.7182423009839043,55.0,0.0,113.4,-0.5000000000000004,0.8660254037844384
2025-10-25T23:00,136.4,24.1,49,-1.761649323676896,0.7117525274902329,40.0,0.0,114.9,-0.25881904510252157,0.9659258262890681
2025-10-26T00:00,136.0,23.5,52,-1.046162167924669,0.3399186938124421,30.0,0.0,112.8,0.0,1.0
2025-10-26T01:00,135.5,22.4,55,-1.9416407864998737,1.4106846055019353,35.0,0.0,107.7,0.25881904510252074,0.9659258262890683
2025-10-26T02:00,135.5,21.3,59,-3.593859795212817,2.7081676041842178,35.0,0.0,102.2,0.49999999999999994,0.8660254037844387
2025-10-26T03:00,136.4,21.0,59,-4.515279407983481,4.675708702201233,50.0,0.0,97.0,0.7071067811865476,0.7071067811865476
2025-10-26T04:00,139.7,20.0,64,-4.095760221444959,2.8678821817552307,45.0,0.0,91.5,0.8660254037844386,0.5000000000000001
2025-10-26T05:00,139.2,19.3,69,-3.6062834421653234,2.3419478505646163,45.0,0.0,76.2,0.9659258262890683,0.25881904510252074
2025-10-26T06:00,141.6,18.9,70,-4.276831316104166,2.1791543987498243,50.0,0.0,76.1,1.0,6.123233995736766e-17
2025-10-26T07:00,148.1,20.2,66,-2.5210100252809533,4.548022477124858,55.0,0.0,75.2,0.9659258262890683,-0.25881904510252063
2025-10-26T08:00,128.5,22.7,59,-3.1176914536239795,1.7999999999999992,90.0,0.0,69.4,0.8660254037844387,-0.4999999999999998
2025-10-26T09:00,103.1,25.8,47,-2.878383839759834,0.35342109587492737,195.0,0.0,54.2,0.7071067811865476,-0.7071067811865475
2025-10-26T10:00,76.4,28.2,38,-3.734321705988807,1.433471798181201,645.0,0.0,34.1,0.49999999999999994,-0.8660254037844387
2025-10-26T11:00,55.6,29.6,33,-2.4930243101639276,2.8678964048465336,1385.0,0.0,18.7,0.258819045102521,-0.9659258262890682
2025-10-26T12:00,49.6,30.7,28,-1.6249005625105302,2.156315877127691,1655.0,0.0,10.9,1.2246467991473532e-16,-1.0
2025-10-26T13:00,47.1,31.4,25,-2.351141009169893,3.2360679774997894,1980.0,0.0,7.7,-0.2588190451025208,-0.9659258262890683
2025-10-26T14:00,46.4,31.6,24,-3.269385687200962,4.669166652447254,2165.0,0.0,9.8,-0.4999999999999997,-0.8660254037844388
2025-10-26T15:00,47.0,31.2,24,-4.17327529127656,5.744020660062126,2155.0,0.0,18.8,-0.7071067811865471,-0.7071067811865479
2025-10-26T16:00,51.1,30.4,25,-4.370955745868469,5.209102213209049,2000.0,0.0,33.2,-0.8660254037844385,-0.5000000000000004
2025-10-26T17:00,63.8,29.0,34,-0.7128052193506944,0.3631923997916374,40.0,0.0,59.9,-0.9659258262890683,-0.25881904510252063
2025-10-26T18:00,78.5,27.7,36,-0.17172809583889032,-0.8834644651028976,50.0,0.0,70.2,-1.0,-1.8369701987210297e-16
2025-10-26T19:00,95.0,26.8,40,-1.7677669529663689,-1.7677669529663689,265.0,0.0,84.6,-0.9659258262890684,0.2588190451025203
2025-10-26T20:00,105.9,26.2,44,-1.6,-9.797174393178826e-17,145.0,0.0,96.1,-0.8660254037844386,0.5000000000000001
2025-10-26T21:00,115.0,25.6,46,-1.2727922061357857,1.2727922061357855,95.0,0.0,102.2,-0.7071067811865477,0.7071067811865474
2025-10-26T22:00,121.5,24.9,49,-1.4003706397458027,0.5375519243179504,60.0,0.0,105.4,-0.5000000000000004,0.8660254037844384
2025-10-26T23:00,121.1,23.7,53,-2.6898420188610794,3.094309278913365,60.0,0.0,107.1,-0.25881904510252157,0.9659258262890681
2025-10-27T00:00,117.6,22.6,59,-3.195522749552795,2.8772616073430903,50.0,0.0,107.3,0.0,1.0
2025-10-27T01:00,115.3,22.0,61,-3.9467090073008158,1.4364846019678086,50.0,0.0,105.9,0.25881904510252074,0.9659258262890683
2025-10-27T02:00,116.4,21.5,62,-3.731411623088275,2.331644762626101,45.0,0.0,104.1,0.49999999999999994,0.8660254037844387
2025-10-27T03:00,119.7,21.4,63,-3.08144647592461,1.4369020899183778,40.0,0.0,102.5,0.7071067811865476,0.7071067811865476
2025-10-27T04:00,123.4,20.9,65,-2.3339510662430043,0.8959198738632507,45.0,0.0,100.5,0.8660254037844386,0.5000000000000001
2025-10-27T05:00,112.9,20.6,66,-1.992389396183491,0.17431148549531647,50.0,0.0,96.2,0.9659258262890683,0.25881904510252074
2025-10-27T06:00,124.3,20.3,68,-1.802134497435782,-1.2618681599723014,60.0,0.0,91.6,1.0,6.123233995736766e-17
2025-10-27T07:00,137.8,21.3,66,-2.2,-1.3471114790620887e-16,60.0,0.0,84.6,0.9659258262890683,-0.25881904510252063
2025-10-27T08:00,116.6,23.4,57,-2.4905416147351476,-2.1649947956686737,100.0,0.0,73.8,0.8660254037844387,-0.4999999999999998
2025-10-27T09:00,89.2,26.1,48,-3.233246532964663,-2.1808523235359125,195.0,0.0,55.7,0.7071067811865476,-0.7071067811865475
2025-10-27T10:00,70.5,28.5,39,-3.9868905746371857,-1.6108083516884213,840.0,0.0,33.8,0.49999999999999994,-0.8660254037844387
2025-10-27T11:00,67.5,29.1,38,-5.737828535778212,-1.7542302283364206,1480.0,0.0,17.9,0.258819045102521,-0.9659258262890682
2025-10-27T12:00,64.3,30.3,34,-6.496040375624123,0.2268467285662562,1720.0,0.0,11.3,1.2246467991473532e-16,-1.0
2025-10-27T13:00,61.5,30.0,35,-7.548139798310009,3.203995253612045,1900.0,0.0,10.7,-0.2588190451025208,-0.9659258262890683
2025-10-27T14:00,60.1,28.8,41,-7.919595949289333,7.919595949289331,1625.0,0.0,15.1,-0.4999999999999997,-0.8660254037844388
2025-10-27T15:00,60.1,25.9,51,-7.996458519631681,11.855237287537095,485.0,0.0,27.3,-0.7071067811865471,-0.7071067811865479
2025-10-27T16:00,64.5,24.8,48,-5.010679122138251,7.715769225097899,295.0,0.0,44.6,-0.8660254037844385,-0.5000000000000004
2025-10-27T17:00,68.9,25.8,47,-3.1283772405332813,10.23246088880448,425.0,0.0,31.3,-0.9659258262890683,-0.25881904510252063
2025-10-27T18:00,72.4,24.7,49,-4.083211868233444,10.106304014777981,410.0,0.0,32.5,-1.0,-1.8369701987210297e-16
2025-10-27T19:00,72.2,23.8,57,-3.1580110982344185,9.171530183313372,375.0,0.0,34.2,-0.9659258262890684,0.2588190451025203
2025-10-27T20:00,70.5,23.2,64,-3.254160615403386,6.978569960182205,320.0,0.0,35.6,-0.8660254037844386,0.5000000000000001
2025-10-27T21:00,71.0,22.7,69,-2.3974821978618386,5.933976669227439,265.0,0.0,36.6,-0.7071067811865477,0.7071067811865474
2025-10-27T22:00,73.3,22.3,71,-1.0811407922523484,5.08636752381579,205.0,0.0,37.4,-0.5000000000000004,0.8660254037844384
2025-10-27T23:00,75.9,22.1,74,-1.764079077228795,6.1520748540052415,240.0,0.0,37.8,-0.25881904510252157,0.9659258262890681
2025-10-28T00:00,78.7,21.9,76,-1.8159619989581874,3.564026096753471,200.0,0.0,37.2,0.0,1.0
2025-10-28T01:00,82.2,21.6,78,-2.2936257240091766,1.606014021782929,130.0,0.0,36.3,0.25881904510252074,0.9659258262890683
2025-10-28T02:00,86.4,21.3,81,-0.8959198738632506,2.3339510662430043,80.0,0.0,37.1,0.49999999999999994,0.8660254037844387
2025-10-28T03:00,91.0,21.3,82,0.1815961998958188,-0.35640260967534715,30.0,0.0,41.4,0.7071067811865476,0.7071067811865476
2025-10-28T04:00,95.2,21.4,79,-1.0988074805258186,-2.3564002462952898,95.0,0.0,47.4,0.8660254037844386,0.5000000000000001
2025-10-28T05:00,95.9,22.0,80,-1.790139411662892,-0.18815123388177624,95.0,0.0,43.3,0.9659258262890683,0.25881904510252074
2025-10-28T06:00,103.8,22.0,78,-1.6617774435648518,-0.9211382784680405,120.0,0.0,42.8,1.0,6.123233995736766e-17
2025-10-28T07:00,110.6,22.3,75,-3.0814464759246096,-1.436902089918378,140.0,0.0,41.9,0.9659258262890683,-0.25881904510252063
2025-10-28T08:00,89.9,22.7,74,-3.1085838458278836,-2.51728156419935,185.0,0.0,39.3,0.8660254037844387,-0.4999999999999998
2025-10-28T09:00,68.7,23.4,70,-3.467247315869577,-2.7089104914328965,280.0,0.0,33.7,0.7071067811865476,-0.7071067811865475
2025-10-28T10:00,54.8,24.7,63,-3.939231012048832,0.6945927106677212,675.0,0.0,26.5,0.49999999999999994,-0.8660254037844387
2025-10-28T11:00,48.1,25.4,58,-3.267531492740206,1.2542878234085508,895.0,0.0,20.4,0.258819045102521,-0.9659258262890682
2025-10-28T12:00,48.7,25.5,57,-4.283637201794505,0.3747696938149304,835.0,0.0,15.7,1.2246467991473532e-16,-1.0
2025-10-28T13:00,48.9,26.2,53,-5.767570175629913,1.6538241349019942,1065.0,0.0,12.1,-0.2588190451025208,-0.9659258262890683
2025-10-28T14:00,47.3,26.3,55,-6.333405421104029,1.4621818532351227,930.0,0.0,11.5,-0.4999999999999997,-0.8660254037844388
2025-10-28T15:00,45.8,26.6,53,-5.926130043570827,0.9386067902413848,1055.0,0.0,15.0,-0.7071067811865471,-0.7071067811865479
2025-10-28T16:00,46.7,26.3,55,-6.334974456515423,2.1813066348629495,1070.0,0.0,21.5,-0.8660254037844385,-0.5000000000000004
2025-10-28T17:00,55.6,24.8,66,-4.879036790187178,4.879036790187178,420.0,0.0,36.4,-0.9659258262890683,-0.25881904510252063
2025-10-28T18:00,68.9,23.9,72,-3.613305274337835,4.012982057577928,270.0,0.0,48.7,-1.0,-1.8369701987210297e-16
2025-10-28T19:00,80.1,23.4,75,-3.900319767187112,5.570233901165145,260.0,0.0,65.6,-0.9659258262890684,0.2588190451025203
2025-10-28T20:00,87.1,22.6,80,-2.884213219496304,4.800136883931828,225.0,0.0,78.9,-0.8660254037844386,0.5000000000000001
2025-10-28T21:00,92.9,22.1,84,-1.637281546447325,5.355306633392999,195.0,0.0,84.7,-0.7071067811865477,0.7071067811865474
2025-10-28T22:00,98.3,21.6,87,-3.5514757175273243e-16,2.9,110.0,0.0,86.9,-0.5000000000000004,0.8660254037844384
2025-10-28T23:00,101.5,21.3,86,-0.5631640741448315,3.5556780261424956,105.0,0.0,87.9,-0.25881904510252157,0.9659258262890681
2025-10-29T00:00,105.9,21.0,88,1.089577199374912,2.138415658052083,70.0,0.0,89.0,0.0,1.0
2025-10-29T01:00,111.5,20.9,89,1.6,2.9391523179536476e-16,40.0,0.0,89.1,0.25881904510252074,0.9659258262890683
2025-10-29T02:00,114.6,20.8,90,1.761649323676896,-0.7117525274902327,45.0,0.0,87.1,0.49999999999999994,0.8660254037844387
2025-10-29T03:00,110.8,20.7,89,1.2675732195219052,-2.383958500719103,95.0,0.0,81.9,0.7071067811865476,0.7071067811865476
2025-10-29T04:00,105.2,20.7,88,0.7257656867990037,-2.9108871788279895,125.0,0.0,74.8,0.8660254037844386,0.5000000000000001
2025-10-29T05:00,94.5,20.2,87,1.2542878234085526,-3.2675314927402055,120.0,0.0,50.0,0.9659258262890683,0.25881904510252074
2025-10-29T06:00,97.1,20.3,86,0.7257656867990037,-2.9108871788279895,115.0,0.0,48.5,1.0,6.123233995736766e-17
2025-10-29T07:00,99.7,21.1,81,1.605949394614657,-3.44396959073927,115.0,0.0,46.0,0.9659258262890683,-0.25881904510252063
2025-10-29T08:00,96.2,22.8,73,1.8000000000000016,-3.117691453623978,250.0,0.0,41.6,0.8660254037844387,-0.4999999999999998
2025-10-29T09:00,84.8,25.0,64,1.7906248495143617,-5.200352165796243,515.0,0.0,33.5,0.7071067811865476,-0.7071067811865475
2025-10-29T10:00,72.2,26.9,55,1.640957360238284,-8.441993777649909,710.0,0.0,23.4,0.49999999999999994,-0.8660254037844387
2025-10-29T11:00,72.6,27.7,53,-0.662383644882202,-7.571079705497266,1025.0,0.0,15.6,0.258819045102521,-0.9659258262890682
2025-10-29T12:00,72.9,28.6,50,1.6410267108574533e-15,-6.7,1215.0,0.0,10.9,1.2246467991473532e-16,-1.0
2025-10-29T13:00,70.1,29.2,47,1.4940690949597709e-15,-6.1,1295.0,0.0,8.4,-0.2588190451025208,-0.9659258262890683
2025-10-29T14:00,67.1,29.2,46,0.3906362529671035,-5.586358681455015,1330.0,0.0,9.5,-0.4999999999999997,-0.8660254037844388
2025-10-29T15:00,66.1,29.0,46,-0.7677768634524291,-6.253040755340328,1160.0,0.0,15.0,-0.7071067811865471,-0.7071067811865479
2025-10-29T16:00,67.5,28.4,48,-0.1954371815340054,-5.596588631306936,1170.0,0.0,24.0,-0.8660254037844385,-0.5000000000000004
2025-10-29T17:00,77.5,27.9,48,-1.1124611797498107,-3.4238034586625528,1045.0,0.0,35.1,-0.9659258262890683,-0.25881904510252063
2025-10-29T18:00,90.1,27.1,52,-1.436902089918378,-3.0814464759246096,390.0,0.0,45.4,-1.0,-1.8369701987210297e-16
2025-10-29T19:00,101.5,26.7,54,-1.9999999999999998,-3.464101615137755,320.0,0.0,59.7,-0.9659258262890684,0.2588190451025203
2025-10-29T20:00,109.9,26.0,61,-1.4339482024232668,-1.2465121550819638,215.0,0.0,70.8,-0.8660254037844386,0.5000000000000001
2025-10-29T21:00,117.1,25.9,60,0.1693453269197675,-0.6792070083931975,205.0,0.0,76.1,-0.7071067811865477,0.7071067811865474
2025-10-29T22:00,123.4,25.3,61,0.3754427160965546,-2.37045201742833,160.0,0.0,78.2,-0.5000000000000004,0.8660254037844384
2025-10-29T23:00,127.1,24.8,66,-0.8652475842498527,-2.6629582456264296,115.0,0.0,77.4,-0.25881904510252157,0.9659258262890681
2025-10-30T00:00,129.9,24.7,63,-1.7489675652259409,-3.9282454678631837,120.0,0.0,72.7,0.0,1.0
2025-10-30T01:00,129.0,24.1,66,-1.6019976268060223,-3.774069899155005,100.0,0.0,65.1,0.25881904510252074,0.9659258262890683
2025-10-30T02:00,124.8,24.0,67,-2.490620541896063,-3.9858260519352022,110.0,0.0,57.5,0.49999999999999994,0.8660254037844387
2025-10-30T03:00,120.6,23.5,69,-3.6083246594477902,-4.150902691225246,120.0,0.0,49.5,0.7071067811865476,0.7071067811865476
2025-10-30T04:00,117.1,23.1,72,-4.350277377775919,-2.0285676563553574,140.0,0.0,41.6,0.8660254037844386,0.5000000000000001
2025-10-30T05:00,91.5,22.9,78,-2.3640322608201663,1.846984425976975,135.0,0.0,26.4,0.9659258262890683,0.25881904510252074
2025-10-30T06:00,89.6,22.6,80,1.6249005625105308,2.1563158771276907,100.0,0.0,31.6,1.0,6.123233995736766e-17
2025-10-30T07:00,92.4,23.0,78,1.2465121550819633,1.433948202423267,90.0,0.0,38.5,0.9659258262890683,-0.25881904510252063
2025-10-30T08:00,87.1,23.4,76,-0.1693453269197674,0.6792070083931975,150.0,0.0,42.2,0.8660254037844387,-0.4999999999999998
2025-10-30T09:00,78.7,24.8,72,0.33551574208244794,-0.49742254353302506,275.0,0.0,39.2,0.7071067811865476,-0.7071067811865475
2025-10-30T10:00,71.2,26.1,68,-2.020579499788125,1.6362330167295769,535.0,0.0,32.9,0.49999999999999994,-0.8660254037844387
2025-10-30T11:00,69.4,27.3,65,-3.0836699161442036,3.808015211139158,885.0,0.0,28.4,0.258819045102521,-0.9659258262890682
2025-10-30T12:00,68.9,27.3,61,-2.36917514458625,3.942969583229716,850.0,0.1,27.2,1.2246467991473532e-16,-1.0
2025-10-30T13:00,69.8,26.9,63,-2.4999999999999996,4.330127018922194,700.0,0.0,27.8,-0.2588190451025208,-0.9659258262890683
2025-10-30T14:00,70.3,26.7,64,-3.447199994035401,2.8925442435894273,505.0,0.0,30.1,-0.4999999999999997,-0.8660254037844388
2025-10-30T15:00,70.8,26.4,65,-2.3284854468843985,2.8754400573907923,430.0,0.0,33.3,-0.7071067811865471,-0.7071067811865479
2025-10-30T16:00,72.6,26.1,66,-1.4307820134296534,2.28972985962235,360.0,0.0,38.4,-0.8660254037844385,-0.5000000000000004
2025-10-30T17:00,83.6,24.9,75,-1.6349186160502676,1.4720873339894882,275.0,0.0,50.7,-0.9659258262890683,-0.25881904510252063
2025-10-30T18:00,103.4,24.8,77,-2.6888331782436836,1.086359120906145,235.0,0.0,69.8,-1.0,-1.8369701987210297e-16
2025-10-30T19:00,121.5,24.0,83,-3.562827284806143,1.586272907995621,170.0,0.0,96.3,-0.9659258262890684,0.2588190451025203
2025-10-30T20:00,137.8,23.5,88,-3.4303456319666745,4.55222240726957,155.0,0.0,117.4,-0.8660254037844386,0.5000000000000001
2025-10-30T21:00,153.7,23.2,91,-1.8309390948649737,3.4434956121498153,115.0,0.0,127.7,-0.7071067811865477,0.7071067811865474
2025-10-30T22:00,164.4,23.1,93,-1.8309390948649737,3.4434956121498153,130.0,0.0,132.5,-0.5000000000000004,0.8660254037844384
2025-10-30T23:00,163.0,22.9,95,-2.5624408513775427,5.755336383148385,255.0,0.0,134.9,-0.25881904510252157,0.9659258262890681
2025-10-31T00:00,161.1,22.9,94,-2.172718241812291,5.377666356487366,275.0,0.0,135.2,0.0,1.0
2025-10-31T01:00,161.6,22.7,94,-1.4324998796114892,4.160281732636994,255.0,0.0,133.1,0.25881904510252074,0.9659258262890683
2025-10-31T02:00,160.7,22.5,94,0.6883116461770152,4.3458286986186065,235.0,0.0,130.1,0.49999999999999994,0.8660254037844387
2025-10-31T03:00,159.7,22.3,95,1.4369020899183775,3.08144647592461,190.0,0.0,127.1,0.7071067811865476,0.7071067811865476
2025-10-31T04:00,157.4,22.1,96,0.1881512338817763,1.790139411662892,135.0,0.0,123.3,0.8660254037844386,0.5000000000000001
2025-10-31T05:00,97.1,21.6,96,1.046162167924669,-0.339918693812442,35.0,0.0,54.3,0.9659258262890683,0.25881904510252074
2025-10-31T06:00,102.7,21.4,97,1.437543918085127,1.083267041673687,110.0,0.0,52.0,1.0,6.123233995736766e-17
2025-10-31T07:00,108.7,22.2,95,5.086367523815789,1.0811407922523508,145.0,0.0,48.5,0.9659258262890683,-0.25881904510252063
2025-10-31T08:00,91.3,23.2,90,6.302769619278132,-1.111348337068352,255.0,0.0,43.1,0.8660254037844387,-0.4999999999999998
2025-10-31T09:00,65.4,24.9,79,5.05144874947031,-4.090582541823943,515.0,0.0,34.2,0.7071067811865476,-0.7071067811865475
2025-10-31T10:00,55.6,26.6,68,4.176456994115625,-3.26300581922599,825.0,0.0,23.3,0.49999999999999994,-0.8660254037844387
2025-10-31T11:00,56.5,27.9,61,4.303849443228745,-0.9148114395981416,1010.0,0.0,14.9,0.258819045102521,-0.9659258262890682
2025-10-31T12:00,56.1,29.1,55,2.852279436314764,-2.6597936042437444,1165.0,0.1,10.2,1.2246467991473532e-16,-1.0
2025-10-31T13:00,54.4,29.9,51,3.108583845827883,-2.51728156419935,1350.0,0.0,8.0,-0.2588190451025208,-0.9659258262890683
2025-10-31T14:00,53.3,30.3,48,3.734321705988807,-1.4334717981812015,1485.0,0.0,8.4,-0.4999999999999997,-0.8660254037844388
2025-10-31T15:00,52.4,30.3,47,5.0229473419497435,-2.9000000000000004,1495.0,0.0,11.1,-0.7071067811865471,-0.7071067811865479
2025-10-31T16:00,52.5,29.7,47,5.510585019326323,-4.152523659749131,1465.0,0.0,16.4,-0.8660254037844385,-0.5000000000000004
2025-10-31T17:00,84.8,28.2,55,4.2973805561821115,-0.1500678358207555,185.0,0.0,37.2,-0.9659258262890683,-0.25881904510252063
2025-10-31T18:00,99.9,26.9,64,3.5802788233257843,0.3763024677635521,105.0,0.0,58.4,-1.0,-1.8369701987210297e-16
2025-10-31T19:00,117.3,26.1,68,3.564026096753471,1.8159619989581877,85.0,0.0,87.2,-0.9659258262890684,0.2588190451025203
2025-10-31T20:00,126.2,25.5,70,3.9641832724372423,2.880147736233119,80.0,0.0,105.1,-0.8660254037844386,0.5000000000000001
2025-10-31T21:00,124.8,24.8,71,4.306881896845783,4.459906762099637,85.0,0.0,102.5,-0.7071067811865477,0.7071067811865474
2025-10-31T22:00,120.1,24.0,73,4.3299895913373465,4.981083229470296,95.0,0.0,89.0,-0.5000000000000004,0.8660254037844384
2025-10-31T23:00,114.8,23.4,81,4.150902691225246,3.6083246594477902,60.0,0.0,75.3,-0.25881904510252157,0.9659258262890681
2025-11-01T00:00,109.9,23.0,82,3.8334504482270053,2.8887121111298315,55.0,0.0,64.0,0.0,1.0
2025-11-01T01:00,107.8,22.7,82,5.0229473419497435,2.9000000000000026,60.0,0.0,52.6,0.25881904510252074,0.9659258262890683
2025-11-01T02:00,105.7,22.0,85,5.187333061351086,0.362733663469453,75.0,0.0,43.7,0.49999999999999994,0.8660254037844387
2025-11-01T03:00,104.8,21.2,89,5.196832300499298,0.18147738285300397,100.0,0.0,38.5,0.7071067811865476,0.7071067811865476
2025-11-01T04:00,103.6,20.8,92,5.370418234988676,0.5644537016453282,95.0,0.0,35.8,0.8660254037844386,0.5000000000000001
2025-11-01T05:00,116.4,20.9,95,5.421022142882375,1.7613968679372012,75.0,0.0,50.2,0.9659258262890683,0.25881904510252074
2025-11-01T06:00,117.3,20.8,96,4.841790925505785,-2.1557042083017386,75.0,0.0,51.8,1.0,6.123233995736766e-17
2025-11-01T07:00,122.5,21.3,91,6.0916401620029,-0.3192493330819581,80.0,0.0,53.4,0.9659258262890683,-0.25881904510252063
2025-11-01T08:00,117.3,23.1,81,3.961072274966281,0.5566924038402633,100.0,0.0,50.5,0.8660254037844387,-0.4999999999999998
2025-11-01T09:00,100.4,26.0,64,4.2973805561821115,0.15006783582075325,195.0,0.0,38.8,0.7071067811865476,-0.7071067811865475
2025-11-01T10:00,83.6,28.4,48,5.4091846272187825,-1.4493866525741135,660.0,0.0,22.5,0.49999999999999994,-0.8660254037844387
2025-11-01T11:00,71.9,29.8,36,7.375285369327894,-2.831106801407873,1880.0,0.0,10.3,0.258819045102521,-0.9659258262890682
2025-11-01T12:00,63.8,30.6,31,7.929958065276476,-4.040515447681965,2030.0,0.0,4.8,1.2246467991473532e-16,-1.0
2025-11-01T13:00,59.8,30.9,29,8.652886410017485,-4.600821315301727,2220.0,0.0,3.2,-0.2588190451025208,-0.9659258262890683
2025-11-01T14:00,59.0,30.8,29,8.743106467161546,-5.253388364082552,2240.0,0.0,6.0,-0.4999999999999997,-0.8660254037844388
2025-11-01T15:00,60.1,30.4,29,8.743106467161546,-5.253388364082552,2145.0,0.0,15.5,-0.7071067811865471,-0.7071067811865479
2025-11-01T16:00,63.3,29.6,30,8.31384387633061,-4.800000000000001,2050.0,0.0,29.3,-0.8660254037844385,-0.5000000000000004
2025-11-01T17:00,98.3,27.0,47,3.471053092307314,-4.13663999284248,310.0,0.0,42.3,-0.9659258262890683,-0.25881904510252063
2025-11-01T18:00,104.8,25.6,52,3.4303456319666754,-4.55222240726957,195.0,0.0,44.1,-1.0,-1.8369701987210297e-16
2025-11-01T19:00,108.0,24.7,55,4.853487850015503,-2.3672041926610183,125.0,0.0,46.5,-0.9659258262890684,0.2588190451025203
2025-11-01T20:00,109.4,24.1,56,5.966700364476214,-1.2682613139883325,105.0,0.0,46.9,-0.8660254037844386,0.5000000000000001
2025-11-01T21:00,111.8,23.5,58,5.991777208527443,-0.31401573745766365,80.0,0.0,44.2,-0.7071067811865477,0.7071067811865474
2025-11-01T22:00,112.7,23.0,58,5.955276909847933,0.731216060430883,65.0,0.0,39.5,-0.5000000000000004,0.8660254037844384
2025-11-01T23:00,111.1,22.0,68,5.187333061351086,0.362733663469453,50.0,0.0,34.3,-0.25881904510252157,0.9659258262890681
2025-11-02T00:00,107.1,21.4,68,5.728592375451799,-0.9073198972333378,65.0,0.0,28.2,0.0,1.0
2025-11-02T01:00,102.2,21.2,68,6.064515124549595,-1.2890524830701084,75.0,0.0,21.6,0.25881904510252074,0.9659258262890683
2025-11-02T02:00,97.6,20.9,69,6.5,1.1940306291686693e-15,80.0,0.0,16.8,0.49999999999999994,0.8660254037844387
2025-11-02T03:00,93.6,20.1,72,6.105808068675691,-1.0766187015349657,80.0,0.0,14.5,0.7071067811865476,0.7071067811865476
2025-11-02T04:00,90.8,19.6,73,6.076787658359647,-0.531650030760713,85.0,0.0,14.0,0.8660254037844386,0.5000000000000001
2025-11-02T05:00,93.6,19.4,79,5.896405879412665,0.2059070305447545,85.0,0.0,16.0,0.9659258262890683,0.25881904510252074
2025-11-02T06:00,95.5,19.3,80,5.596588631306936,-0.19543718153400716,75.0,0.0,24.4,1.0,6.123233995736766e-17
2025-11-02T07:00,100.6,19.9,78,6.276026597977997,-0.5490811793102447,85.0,0.0,35.5,0.9659258262890683,-0.25881904510252063
2025-11-02T08:00,99.4,21.6,73,6.076787658359647,-0.531650030760713,140.0,0.0,40.5,0.8660254037844387,-0.4999999999999998
2025-11-02T09:00,93.8,23.8,65,5.771070844329453,-1.2266789758247807,225.0,0.0,33.4,0.7071067811865476,-0.7071067811865475
2025-11-02T10:00,88.0,25.8,58,5.72474478502838,-1.4273391840380378,410.0,0.0,20.2,0.49999999999999994,-0.8660254037844387
2025-11-02T11:00,77.1,27.6,50,8.415481852474713,-2.5728710015600833,1270.0,0.0,9.9,0.258819045102521,-0.9659258262890682
2025-11-02T12:00,69.4,28.8,39,10.652112466548596,-6.150000000000002,1445.0,0.0,5.6,1.2246467991473532e-16,-1.0
2025-11-02T13:00,65.9,29.3,36,10.485146166899096,-7.34177838529339,1520.0,0.0,4.3,-0.2588190451025208,-0.9659258262890683
2025-11-02T14:00,65.7,29.4,35,10.651116212906887,-6.916915744690838,1535.0,0.0,6.1,-0.4999999999999997,-0.8660254037844388
2025-11-02T15:00,66.8,29.1,35,10.45744106856577,-6.28346451390266,1460.0,0.0,12.8,-0.7071067811865471,-0.7071067811865479
2025-11-02T16:00,69.8,28.1,39,8.400239546880702,-5.047373134118531,1290.0,0.0,22.7,-0.8660254037844385,-0.5000000000000004
2025-11-02T17:00,91.7,26.2,48,7.1859411745548085,-2.474317973874388,345.0,0.0,31.3,-0.9659258262890683,-0.25881904510252063
2025-11-02T18:00,97.3,24.6,54,6.651403684989877,-1.413799497560764,175.0,0.0,34.0,-1.0,-1.8369701987210297e-16
2025-11-02T19:00,99.9,23.7,56,6.9904067432820165,-0.3663516937006076,135.0,0.0,37.7,-0.9659258262890684,0.2588190451025203
2025-11-02T20:00,101.3,23.1,56,7.160557646651569,-0.7526049355271015,130.0,0.0,39.8,-0.8660254037844386,0.5000000000000001
2025-11-02T21:00,101.7,22.5,56,7.2103384794107415,-1.6646378021446004,130.0,0.0,39.2,-0.7071067811865477,0.7071067811865474
2025-11-02T22:00,99.7,21.8,57,7.593967397912719,-2.1775351109542953,135.0,0.0,37.0,-0.5000000000000004,0.8660254037844384
2025-11-02T23:00,97.1,21.6,60,8.075423574700107,-1.4239150568688257,130.0,0.0,34.4,-0.25881904510252157,0.9659258262890681
2025-11-03T00:00,93.8,21.2,60,8.494822029662314,-0.2966457219712609,120.0,0.0,31.1,0.0,1.0
2025-11-03T01:00,90.8,20.6,61,9.03216997993603,1.1090110249868392,120.0,0.0,27.3,0.25881904510252074,0.9659258262890683
2025-11-03T02:00,87.8,19.7,64,9.131424595100162,1.1211979593273538,115.0,0.0,24.5,0.49999999999999994,0.8660254037844387
2025-11-03T03:00,85.2,19.0,66,8.794639277768043,0.3071155709820067,115.0,0.0,23.1,0.7071067811865476,0.7071067811865476
2025-11-03T04:00,82.4,18.5,68,8.467654933779837,0.7408238133550951,110.0,0.0,22.7,0.8660254037844386,0.5000000000000001
2025-11-03T05:00,83.8,18.2,72,8.268415994161488,0.7233926648055635,105.0,0.0,20.1,0.9659258262890683,0.25881904510252074
2025-11-03T06:00,86.6,17.9,73,7.901506724761101,1.2514757203218483,100.0,0.0,26.2,1.0,6.123233995736766e-17
2025-11-03T07:00,90.3,18.3,70,8.087271537717452,1.8670937510540817,105.0,0.0,34.3,0.9659258262890683,-0.25881904510252063
2025-11-03T08:00,88.0,19.9,69,7.9229955659438245,1.6840846956238542,130.0,0.0,37.9,0.8660254037844387,-0.4999999999999998
2025-11-03T09:00,82.7,22.3,60,5.896405879412665,0.2059070305447545,190.0,0.0,32.8,0.7071067811865476,-0.7071067811865475
2025-11-03T10:00,76.1,24.8,52,5.991777208527443,0.31401573745766587,290.0,0.0,23.2,0.49999999999999994,-0.8660254037844387
2025-11-03T11:00,68.7,27.2,46,6.9904067432820165,-0.3663516937006076,465.0,0.0,15.3,0.258819045102521,-0.9659258262890682
2025-11-03T12:00,59.8,28.8,40,8.61533219805166,-1.2108059783525695,1035.0,0.0,10.2,1.2246467991473532e-16,-1.0
2025-11-03T13:00,54.1,29.9,35,10.60157358123477,-2.060737150066687,1550.0,0.0,6.7,-0.2588190451025208,-0.9659258262890683
2025-11-03T14:00,50.1,30.5,28,12.97911843367941,-5.509308911698756,1640.0,0.0,7.5,-0.4999999999999997,-0.8660254037844388
2025-11-03T15:00,47.6,30.0,28,12.053893567587444,-5.620822881151305,1565.0,0.0,14.7,-0.7071067811865471,-0.7071067811865479
2025-11-03T16:00,49.7,28.7,32,9.481199990560137,-4.024530623439517,1275.0,0.0,26.1,-0.8660254037844385,-0.5000000000000004
2025-11-03T17:00,65.0,26.3,42,5.975575286112627,-3.450000000000001,325.0,0.0,40.1,-0.9659258262890683,-0.25881904510252063
2025-11-03T18:00,70.5,25.2,46,4.705788684431238,-5.046340541172278,240.0,0.0,48.5,-1.0,-1.8369701987210297e-16
2025-11-03T19:00,76.4,24.3,51,3.9595527116162863,-4.10023686193031,145.0,0.0,60.1,-0.9659258262890684,0.2588190451025203
2025-11-03T20:00,85.4,24.1,50,2.5371700761219524,-0.9234543869793064,60.0,0.0,69.0,-0.8660254037844386,0.5000000000000001
2025-11-03T21:00,97.3,23.5,51,1.4256104387013886,0.7263847995832751,20.0,0.0,72.6,-0.7071067811865477,0.7071067811865474
2025-11-03T22:00,108.5,22.7,53,1.7820130483767356,0.9079809994790938,20.0,0.0,73.5,-0.5000000000000004,0.8660254037844384
2025-11-03T23:00,117.1,23.0,54,0.9008627491964482,1.4416817634659242,15.0,0.0,73.5,-0.25881904510252157,0.9659258262890681
2025-11-04T00:00,121.1,21.7,57,0.18159619989581866,0.3564026096753472,10.0,0.0,72.9,0.0,1.0
2025-11-04T01:00,120.6,21.0,59,-4.898587196589413e-17,0.4,10.0,0.0,71.4,0.25881904510252074,0.9659258262890683
2025-11-04T02:00,115.9,20.1,63,-0.8959198738632506,2.3339510662430043,15.0,0.0,70.3,0.49999999999999994,0.8660254037844387
2025-11-04T03:00,109.9,19.3,67,-2.7169544888019797,2.361812504365826,20.0,0.0,70.4,0.7071067811865476,0.7071067811865476
2025-11-04T04:00,105.0,19.5,69,-4.176456994115626,3.263005819225989,45.0,0.0,70.8,0.8660254037844386,0.5000000000000001
2025-11-04T05:00,100.4,18.9,74,-2.9977047866916133,4.125986671312231,50.0,0.0,63.5,0.9659258262890683,0.25881904510252074
2025-11-04T06:00,101.5,19.9,68,-4.370955745868469,5.209102213209049,70.0,0.0,60.8,1.0,6.123233995736766e-17
2025-11-04T07:00,103.6,20.1,67,-3.07818128993102,8.457233587073175,125.0,0.0,56.8,0.9659258262890683,-0.25881904510252063
2025-11-04T08:00,103.8,21.8,65,-3.4572614661443035,7.765136389962106,150.0,0.0,51.5,0.8660254037844387,-0.4999999999999998
2025-11-04T09:00,97.3,23.6,61,-1.605949394614658,3.4439695907392696,185.0,0.0,44.0,0.7071067811865476,-0.7071067811865475
2025-11-04T10:00,82.9,25.7,54,-1.4142135623730951,1.414213562373095,290.0,0.0,35.2,0.49999999999999994,-0.8660254037844387
2025-11-04T11:00,65.7,27.5,47,1.074985687686296,3.7489206141594438,505.0,0.0,27.5,0.258819045102521,-0.9659258262890682
2025-11-04T12:00,48.1,28.7,42,-1.2978713763747796,3.994437368439645,1010.0,0.0,19.7,1.2246467991473532e-16,-1.0
2025-11-04T13:00,39.3,28.7,44,-4.311408416603484,9.683581851011567,1435.0,0.0,13.0,-0.2588190451025208,-0.9659258262890683
2025-11-04T14:00,35.0,28.2,46,-2.8470094961277312,10.62518408917975,920.0,0.0,13.3,-0.4999999999999997,-0.8660254037844388
2025-11-04T15:00,32.8,27.9,43,-2.9047597471245066,8.939931253174443,765.0,0.0,25.9,-0.7071067811865471,-0.7071067811865479
2025-11-04T16:00,35.2,26.9,47,-2.544412441771631,6.628421028130132,555.0,0.0,45.4,-0.8660254037844385,-0.5000000000000004
2025-11-04T17:00,67.8,25.4,62,-2.3607505986456436,4.633233925779512,130.0,0.0,56.6,-0.9659258262890683,-0.25881904510252063
2025-11-04T18:00,71.7,24.7,60,-4.370955745868469,5.209102213209049,165.0,0.0,56.4,-1.0,-1.8369701987210297e-16
2025-11-04T19:00,71.7,23.6,64,-1.9837168312888795,5.450217200558268,125.0,0.0,56.1,-0.9659258262890684,0.2588190451025203
2025-11-04T20:00,73.1,23.0,67,-1.2975011685605058,6.675064847444115,130.0,0.0,55.9,-0.8660254037844386,0.5000000000000001
2025-11-04T21:00,76.4,22.1,71,-6.613092715395707e-16,5.4,95.0,0.0,56.4,-0.7071067811865477,0.7071067811865474
2025-11-04T22:00,81.3,21.6,73,1.4523798735622524,4.469965626587222,80.0,0.0,57.0,-0.5000000000000004,0.8660254037844384
2025-11-04T23:00,84.1,21.8,80,1.4457051754103123,3.4058679577740296,55.0,0.0,55.9,-0.25881904510252157,0.9659258262890681
2025-11-05T00:00,86.8,21.3,83,1.2371589869371955,3.5929705872774034,45.0,0.0,51.6,0.0,1.0
2025-11-05T01:00,90.1,21.5,82,1.7835475811457464,1.6059134552612595,50.0,0.0,45.5,0.25881904510252074,0.9659258262890683
2025-11-05T02:00,93.8,21.4,81,-3.411076711171556,-5.057129192585754,100.0,0.0,40.5,0.49999999999999994,0.8660254037844387
2025-11-05T03:00,97.3,20.2,86,-4.654211082075282,-4.819576662268963,130.0,0.0,36.8,0.7071067811865476,0.7071067811865476
2025-11-05T04:00,100.8,19.4,88,-5.7247447850283795,-1.4273391840380394,125.0,0.0,34.2,0.8660254037844386,0.5000000000000001
2025-11-05T05:00,103.4,19.0,92,-2.5172815641993496,3.1085838458278836,45.0,0.0,42.2,0.9659258262890683,0.25881904510252074
2025-11-05T06:00,108.3,18.9,92,-0.8820395386143975,3.0760374270026207,40.0,0.0,45.8,1.0,6.123233995736766e-17
2025-11-05T07:00,117.6,20.0,88,-4.898587196589413e-16,4.0,40.0,0.0,50.4,0.9659258262890683,-0.25881904510252063
2025-11-05T08:00,122.5,22.1,80,2.8772616073430903,3.195522749552795,95.0,0.0,51.0,0.8660254037844387,-0.4999999999999998
2025-11-05T09:00,119.2,24.2,72,2.6529202321761343,1.789417291106389,225.0,0.0,44.1,0.7071067811865476,-0.7071067811865475
2025-11-05T10:00,83.1,26.1,63,3.0957515577391788,-0.16224146435312622,380.0,0.0,33.3,0.49999999999999994,-0.8660254037844387
2025-11-05T11:00,61.5,28.1,55,5.074340152243905,-1.8469087739586127,750.0,0.0,23.7,0.258819045102521,-0.9659258262890682
2025-11-05T12:00,53.3,29.3,43,6.857338405616899,-4.120304599280433,1865.0,0.0,15.9,1.2246467991473532e-16,-1.0
2025-11-05T13:00,42.5,29.5,37,7.200817765318394,-6.042203531053469,1965.0,0.0,9.3,-0.2588190451025208,-0.9659258262890683
2025-11-05T14:00,37.7,29.4,35,7.085515378681775,-7.3372659634542385,1965.0,0.0,7.9,-0.4999999999999997,-0.8660254037844388
2025-11-05T15:00,36.6,28.9,36,7.006384945583282,-8.349884429996859,1980.0,0.0,15.3,-0.7071067811865471,-0.7071067811865479
2025-11-05T16:00,38.3,28.0,39,5.100000000000004,-8.83345911860127,1845.0,0.0,27.8,-0.8660254037844385,-0.5000000000000004
2025-11-05T17:00,49.8,27.1,40,6.294882287801463,-5.097495167503683,480.0,0.0,32.2,-0.9659258262890683,-0.25881904510252063
2025-11-05T18:00,57.7,25.9,45,6.728454054896367,-6.274384912574987,435.0,0.0,31.2,-1.0,-1.8369701987210297e-16
2025-11-05T19:00,69.4,24.8,47,6.615384092606233,-7.094130905705955,410.0,0.0,29.6,-0.9659258262890684,0.2588190451025203
2025-11-05T20:00,81.3,23.8,49,5.720809726210202,-6.817795543758902,415.0,0.0,27.6,-0.8660254037844386,0.5000000000000001
2025-11-05T21:00,88.5,22.8,50,5.047472639889209,-7.208537989743126,365.0,0.0,25.0,-0.7071067811865477,0.7071067811865474
2025-11-05T22:00,90.1,22.0,51,5.720809726210202,-6.817795543758902,345.0,0.0,21.9,-0.5000000000000004,0.8660254037844384
2025-11-05T23:00,88.2,21.3,60,6.242416534010115,-5.620697093414406,285.0,0.0,19.1,-0.25881904510252157,0.9659258262890681
2025-11-06T00:00,85.9,20.5,60,7.722505385345874,-6.033482458191454,355.0,0.0,16.4,0.0,1.0
2025-11-06T01:00,84.5,19.6,57,7.5072355425659865,-6.299318574928085,330.0,0.0,14.0,0.25881904510252074,0.9659258262890683
2025-11-06T02:00,83.1,18.8,50,7.407301083903185,-5.78721786806119,320.0,0.0,12.4,0.49999999999999994,0.8660254037844387
2025-11-06T03:00,81.7,17.7,48,8.056456913486048,-5.034233010215445,270.0,0.0,11.7,0.7071067811865476,0.7071067811865476
2025-11-06T04:00,79.9,16.8,51,8.140638795573723,-4.700000000000001,245.0,0.0,11.8,0.8660254037844386,0.5000000000000001
2025-11-06T05:00,70.8,16.4,64,9.167699272251504,-4.471385697248589,245.0,0.0,14.2,0.9659258262890683,0.25881904510252074
2025-11-06T06:00,69.6,15.8,66,7.784115393540621,-4.314805620192402,225.0,0.0,20.2,1.0,6.123233995736766e-17
2025-11-06T07:00,69.8,16.1,66,7.929958065276476,-4.040515447681965,210.0,0.0,28.1,0.9659258262890683,-0.25881904510252063
2025-11-06T08:00,67.3,17.7,63,7.374247519697573,-1.8386064065574723,230.0,0.0,31.6,0.8660254037844387,-0.4999999999999998
2025-11-06T09:00,58.1,19.8,56,7.0426627252834,-1.4969641738878678,430.0,0.0,26.2,0.7071067811865476,-0.7071067811865475
2025-11-06T10:00,44.0,22.1,47,7.612985411107859,-3.549993398621877,695.0,0.0,16.4,0.49999999999999994,-0.8660254037844387
2025-11-06T11:00,33.1,24.1,38,8.833459118601272,-5.1000000000000005,905.0,0.0,8.9,0.258819045102521,-0.9659258262890682
2025-11-06T12:00,32.5,25.2,32,8.056456913486048,-5.034233010215445,1015.0,0.0,5.9,1.2246467991473532e-16,-1.0
2025-11-06T13:00,32.9,25.9,29,8.31384387633061,-4.800000000000001,1090.0,0.0,5.4,-0.2588190451025208,-0.9659258262890683
2025-11-06T14:00,35.0,26.1,29,8.395676151948619,-5.246200715908727,1130.0,0.0,7.8,-0.4999999999999997,-0.8660254037844388
2025-11-06T15:00,40.5,25.7,30,8.97377507701604,-5.827637674660784,1125.0,0.0,15.1,-0.7071067811865471,-0.7071067811865479
2025-11-06T16:00,46.7,24.8,33,7.523858047687013,-5.4664028463199985,1060.0,0.0,25.5,-0.8660254037844385,-0.5000000000000004
2025-11-06T17:00,49.2,22.9,42,6.162892951849218,-2.8738041798367573,410.0,0.0,34.9,-0.9659258262890683,-0.25881904510252063
2025-11-06T18:00,56.6,21.7,47,5.9200635109512225,-2.1547269029517144,280.0,0.0,36.6,-1.0,-1.8369701987210297e-16
2025-11-06T19:00,61.5,21.0,50,6.847606917325106,-2.22492235949962,225.0,0.0,38.9,-0.9659258262890684,0.2588190451025203
2025-11-06T20:00,64.5,20.2,52,7.34103627979692,-1.967024742779154,190.0,0.0,39.3,-0.8660254037844386,0.5000000000000001
2025-11-06T21:00,66.1,19.7,52,8.074598245881878,-2.315353788862795,195.0,0.0,36.5,-0.7071067811865477,0.7071067811865474
2025-11-06T22:00,66.1,19.1,52,7.942356035034263,-2.734772497440113,195.0,0.0,32.0,-0.5000000000000004,0.8660254037844384
2025-11-06T23:00,63.8,18.7,53,8.437373076557765,-3.4089200000847986,225.0,0.0,27.5,-0.25881904510252157,0.9659258262890681
2025-11-07T00:00,60.1,17.8,55,7.732240769000501,-3.2821414793098973,195.0,0.0,23.4,0.0,1.0
2025-11-07T01:00,56.7,17.0,56,7.799448752523039,-2.838767189603053,180.0,0.0,19.4,0.25881904510252074,0.9659258262890683
2025-11-07T02:00,54.1,16.4,58,7.703557781990744,-2.5030376544370725,175.0,0.0,16.6,0.49999999999999994,0.8660254037844387
2025-11-07T03:00,53.6,15.8,60,7.323135175472683,-2.379430856687094,170.0,0.0,15.0,0.7071067811865476,0.7071067811865476
2025-11-07T04:00,54.7,15.4,61,7.34103627979692,-1.967024742779154,160.0,0.0,14.5,0.8660254037844386,0.5000000000000001
2025-11-07T05:00,55.1,15.4,65,8.477019563631545,-1.9570741727916245,170.0,0.0,15.1,0.9659258262890683,0.25881904510252074
2025-11-07T06:00,57.3,14.8,67,8.09904439288013,-1.2827626133298915,155.0,0.0,20.7,1.0,6.123233995736766e-17
2025-11-07T07:00,61.0,15.0,66,8.987665812791164,-0.4710236061864955,155.0,0.0,28.0,0.9659258262890683,-0.25881904510252063
2025-11-07T08:00,62.6,16.5,62,8.268415994161488,-0.7233926648055605,190.0,0.0,31.5,0.8660254037844387,-0.4999999999999998
2025-11-07T09:00,60.3,18.9,54,7.374247519697573,-1.8386064065574723,255.0,0.0,27.3,0.7071067811865476,-0.7071067811865475
2025-11-07T10:00,53.9,21.3,46,7.172285669722766,-2.1927877854205255,365.0,0.0,19.1,0.49999999999999994,-0.8660254037844387
2025-11-07T11:00,42.6,24.4,39,8.769330583067116,-2.0245594890947842,510.0,0.0,12.6,0.258819045102521,-0.9659258262890682
2025-11-07T12:00,36.3,26.1,32,8.983110184488337,-2.407017119453439,720.0,0.0,8.9,1.2246467991473532e-16,-1.0
2025-11-07T13:00,34.5,27.0,27,9.22811228100786,-2.646118615843194,945.0,0.0,6.9,-0.2588190451025208,-0.9659258262890683
2025-11-07T14:00,34.0,27.3,24,9.563047559630354,-2.9237170472273672,1120.0,0.0,8.6,-0.4999999999999997,-0.8660254037844388
2025-11-07T15:00,35.5,27.0,25,9.02104915954472,-3.283393375926422,1150.0,0.0,16.9,-0.7071067811865471,-0.7071067811865479
2025-11-07T16:00,38.9,25.9,29,7.942356035034263,-2.734772497440113,875.0,0.0,28.8,-0.8660254037844385,-0.5000000000000004
2025-11-07T17:00,50.4,24.0,36,7.323135175472683,-2.379430856687094,350.0,0.0,41.4,-0.9659258262890683,-0.25881904510252063
2025-11-07T18:00,53.8,22.7,40,6.887939181478538,-3.2118987892293167,305.0,0.0,39.6,-1.0,-1.8369701987210297e-16
2025-11-07T19:00,55.3,21.5,43,6.719685430202816,-2.8523372379716965,235.0,0.0,37.1,-0.9659258262890684,0.2588190451025203
2025-11-07T20:00,55.8,20.5,45,6.81173591554806,-2.891410350820624,190.0,0.0,34.5,-0.8660254037844386,0.5000000000000001
2025-11-07T21:00,56.1,19.5,47,6.467184310807045,-2.101315561749641,150.0,0.0,32.1,-0.7071067811865477,0.7071067811865474
2025-11-07T22:00,55.4,18.7,48,6.6573956140660755,-2.1631189606246304,140.0,0.0,29.7,-0.5000000000000004,0.8660254037844384
2025-11-07T23:00,53.2,18.3,51,7.69009356750655,-2.205098846535995,155.0,0.0,27.1,-0.25881904510252157,0.9659258262890681
2025-11-08T00:00,50.5,17.3,53,7.423571704208676,-2.701959132272785,150.0,0.0,23.9,0.0,1.0
2025-11-08T01:00,47.4,16.8,55,7.608452130361229,-2.472135954999578,145.0,0.0,20.4,0.25881904510252074,0.9659258262890683
2025-11-08T02:00,44.7,16.3,56,7.753252319914399,-2.6696588665486813,145.0,0.0,17.8,0.49999999999999994,0.8660254037844387
2025-11-08T03:00,43.0,15.8,57,7.172285669722766,-2.1927877854205255,135.0,0.0,15.8,0.7071067811865476,0.7071067811865476
2025-11-08T04:00,43.0,15.2,58,6.306922220793978,-1.5724923213978383,115.0,0.0,14.6,0.8660254037844386,0.5000000000000001
2025-11-08T05:00,43.4,14.4,64,5.988740122992224,-1.604678079635626,100.0,0.0,15.1,0.9659258262890683,0.25881904510252074
2025-11-08T06:00,48.4,13.9,66,5.045537776635182,-1.2579938571182707,70.0,0.0,22.3,1.0,6.123233995736766e-17
2025-11-08T07:00,56.5,14.8,61,5.370418234988676,0.5644537016453282,60.0,0.0,32.0,0.9659258262890683,-0.25881904510252063
2025-11-08T08:00,60.1,16.8,56,6.1,1.120551821219828e-15,105.0,0.0,36.7,0.8660254037844387,-0.4999999999999998
2025-11-08T09:00,56.6,19.4,47,4.688551036221175,-0.32785542659738853,165.0,0.0,31.7,0.7071067811865476,-0.7071067811865475
2025-11-08T10:00,49.9,22.0,38,5.3989495089621515,-1.0494494745709981,375.0,0.0,21.7,0.49999999999999994,-0.8660254037844387
2025-11-08T11:00,40.3,24.6,29,7.978472076288047,-2.2877900532810953,780.0,0.0,13.8,0.258819045102521,-0.9659258262890682
2025-11-08T12:00,36.8,25.9,25,8.65274562245294,-3.672872607799171,930.0,0.0,9.7,1.2246467991473532e-16,-1.0
2025-11-08T13:00,37.0,26.6,23,9.153708649070163,-4.268444443581066,1040.0,0.0,7.8,-0.2588190451025208,-0.9659258262890683
2025-11-08T14:00,37.8,26.8,22,9.358430866391533,-5.187462936635809,1080.0,0.0,9.6,-0.4999999999999997,-0.8660254037844388
2025-11-08T15:00,39.1,26.4,23,8.819700200026832,-5.511160348025329,1065.0,0.0,18.1,-0.7071067811865471,-0.7071067811865479
2025-11-08T16:00,42.0,25.4,26,7.886847294254763,-4.928249157368804,1020.0,0.0,30.5,-0.8660254037844385,-0.5000000000000004
2025-11-08T17:00,61.9,23.2,34,5.4378467222198985,-2.5357095704441974,360.0,0.0,45.3,-0.9659258262890683,-0.25881904510252063
2025-11-08T18:00,68.2,22.1,39,5.207209108562826,-2.3183988655320587,270.0,0.0,44.9,-1.0,-1.8369701987210297e-16
2025-11-08T19:00,70.5,21.2,42,5.247718242836374,-2.908857721478024,185.0,0.0,44.2,-0.9659258262890684,0.2588190451025203
2025-11-08T20:00,73.3,20.2,45,5.057129192585753,-3.4110767111715568,145.0,0.0,42.6,-0.8660254037844386,0.5000000000000001
2025-11-08T21:00,75.2,19.3,49,5.032801279295884,-2.6759879078795756,110.0,0.0,39.6,-0.7071067811865477,0.7071067811865474
2025-11-08T22:00,76.1,18.7,49,5.256938492711371,-2.678543948463325,105.0,0.0,35.6,-0.5000000000000004,0.8660254037844384
2025-11-08T23:00,74.5,18.1,54,5.767663311155833,-1.9859657421886534,95.0,0.0,31.4,-0.25881904510252157,0.9659258262890681
2025-11-09T00:00,73.8,17.5,53,6.295940559265586,-2.2915349602819823,100.0,0.0,26.7,0.0,1.0
2025-11-09T01:00,72.4,16.9,54,6.326146321737412,-3.223332548150781,110.0,0.0,21.8,0.25881904510252074,0.9659258262890683
2025-11-09T02:00,70.8,16.3,55,5.597566125692133,-3.1027815695765586,100.0,0.0,18.2,0.49999999999999994,0.8660254037844387
2025-11-09T03:00,69.6,15.7,57,5.755336383148387,-2.5624408513775383,95.0,0.0,16.2,0.7071067811865476,0.7071067811865476
2025-11-09T04:00,68.9,15.1,59,5.988740122992224,-1.604678079635626,90.0,0.0,15.5,0.8660254037844386,0.5000000000000001
2025-11-09T05:00,73.1,14.2,67,5.7675701756299125,-1.6538241349019964,95.0,0.0,18.5,0.9659258262890683,0.25881904510252074
2025-11-09T06:00,75.4,14.1,66,5.777929248932124,-0.5055033079364157,85.0,0.0,24.9,1.0,6.123233995736766e-17
2025-11-09T07:00,79.4,14.7,64,6.998933866094739,0.12216684506098449,90.0,0.0,33.3,0.9659258262890683,-0.25881904510252063
2025-11-09T08:00,79.2,16.4,60,6.475265537596346,0.5665123278597786,130.0,0.0,36.9,0.8660254037844387,-0.4999999999999998
2025-11-09T09:00,72.4,19.0,52,4.5,8.266365894244633e-16,190.0,0.0,30.9,0.7071067811865476,-0.7071067811865475
2025-11-09T10:00,59.3,21.7,44,4.82555798975982,-0.8508760705679569,330.0,0.0,20.0,0.49999999999999994,-0.8660254037844387
2025-11-09T11:00,37.8,24.4,33,7.612985411107859,-3.549993398621877,835.0,0.0,11.6,0.258819045102521,-0.9659258262890682
2025-11-09T12:00,34.5,25.9,28,7.2125668843306485,-4.683895701129229,960.0,0.0,7.5,1.2246467991473532e-16,-1.0
2025-11-09T13:00,33.9,26.7,26,7.447818472546172,-4.300000000000001,1055.0,0.0,5.9,-0.2588190451025208,-0.9659258262890683
2025-11-09T14:00,34.1,26.8,25,7.871577364254561,-4.363286582217036,1090.0,0.0,8.8,-0.4999999999999997,-0.8660254037844388
2025-11-09T15:00,36.9,26.5,27,8.49597275607619,-3.7826507806049383,1070.0,0.0,19.6,-0.7071067811865471,-0.7071067811865479
2025-11-09T16:00,39.9,25.6,30,8.457233587073175,-3.078181289931021,955.0,0.0,35.0,-0.8660254037844385,-0.5000000000000004
2025-11-09T17:00,67.5,23.5,38,6.153786140176196,-0.7555899291119157,270.0,0.0,45.5,-0.9659258262890683,-0.25881904510252063
2025-11-09T18:00,75.2,22.4,41,6.848568446325122,-0.840898469495519,215.0,0.0,46.5,-1.0,-1.8369701987210297e-16
2025-11-09T19:00,78.7,21.4,42,7.210124886344506,-1.141971594793684,180.0,0.0,47.8,-0.9659258262890684,0.2588190451025203
2025-11-09T20:00,79.9,20.5,43,6.858073366652386,-1.837615220227894,165.0,0.0,47.4,-0.8660254037844386,0.5000000000000001
2025-11-09T21:00,82.2,19.6,45,6.282413974065049,-1.2211775704098888,120.0,0.0,44.2,-0.7071067811865477,0.7071067811865474
2025-11-09T22:00,84.8,19.1,45,6.4787394107545815,-1.2593393694851978,105.0,0.0,39.4,-0.5000000000000004,0.8660254037844384
2025-11-09T23:00,85.7,18.5,48,6.617511881987423,-1.0481109157695456,115.0,0.0,34.3,-0.25881904510252157,0.9659258262890681
2025-11-10T00:00,85.2,17.8,51,6.0923383907265976,-3.239353783222644,125.0,0.0,28.7,0.0,1.0
2025-11-10T01:00,83.8,16.8,55,5.031403713297946,-3.791434645857902,110.0,0.0,22.8,0.25881904510252074,0.9659258262890683
2025-11-10T02:00,82.7,16.1,58,4.649263446279659,-3.6324027044213856,95.0,0.0,18.7,0.49999999999999994,0.8660254037844387
2025-11-10T03:00,81.7,15.6,59,4.692298567374696,-3.4091544632963426,85.0,0.0,16.7,0.7071067811865476,0.7071067811865476
2025-11-10T04:00,81.5,15.0,61,5.200352165796243,-1.7906248495143597,65.0,0.0,16.5,0.8660254037844386,0.5000000000000001
2025-11-10T05:00,80.1,14.2,69,5.596588631306936,-0.19543718153400716,55.0,0.0,16.7,0.9659258262890683,0.25881904510252074
2025-11-10T06:00,85.7,13.9,70,5.196832300499298,-0.18147738285300666,60.0,0.0,25.4,1.0,6.123233995736766e-17
2025-11-10T07:00,95.5,14.5,68,5.756767679519668,0.7068421917498535,65.0,0.0,37.0,0.9659258262890683,-0.25881904510252063
2025-11-10T08:00,94.5,16.4,63,5.3989495089621515,1.0494494745709955,95.0,0.0,42.5,0.8660254037844387,-0.4999999999999998
2025-11-10T09:00,88.9,19.3,52,4.1,7.531577814756221e-16,160.0,0.0,36.2,0.7071067811865476,-0.7071067811865475
2025-11-10T10:00,75.4,22.0,43,4.0,7.347880794884119e-16,270.0,0.0,23.9,0.49999999999999994,-0.8660254037844387
2025-11-10T11:00,51.1,24.4,35,5.2395969218903815,-1.3063782362382041,840.0,0.0,14.2,0.258819045102521,-0.9659258262890682
2025-11-10T12:00,44.0,26.1,28,6.675723752880869,-2.697167472594566,1020.0,0.0,8.8,1.2246467991473532e-16,-1.0
2025-11-10T13:00,43.5,26.7,25,7.893418014601631,-2.87296920393562,1135.0,0.0,5.9,-0.2588190451025208,-0.9659258262890683
2025-11-10T14:00,43.5,27.0,24,8.269295062915994,-3.0097772612658873,1210.0,0.0,9.0,-0.4999999999999997,-0.8660254037844388
2025-11-10T15:00,44.4,26.6,24,8.500147271343803,-2.277607596902179,1170.0,0.0,22.1,-0.7071067811865471,-0.7071067811865479
2025-11-10T16:00,48.3,25.7,26,7.9229955659438245,-1.6840846956238513,1030.0,0.0,41.2,-0.8660254037844385,-0.5000000000000004
2025-11-10T17:00,90.6,23.4,35,4.6421352007971475,-0.7352419856890842,175.0,0.0,64.6,-0.9659258262890683,-0.25881904510252063
2025-11-10T18:00,107.8,22.3,38,4.374859974957706,-1.421478174124757,115.0,0.0,72.7,-1.0,-1.8369701987210297e-16
2025-11-10T19:00,120.6,21.3,43,3.3921923846257043,-2.1196770569328187,85.0,0.0,83.4,-0.9659258262890684,0.2588190451025203
2025-11-10T20:00,126.2,20.5,45,2.1823947521999947,-2.340331845181346,65.0,0.0,89.0,-0.8660254037844386,0.5000000000000001
2025-11-10T21:00,125.7,19.9,47,1.5998717468129116,-2.886245033560006,60.0,0.0,85.6,-0.7071067811865477,0.7071067811865474
2025-11-10T22:00,122.5,19.4,47,1.957144684658207,-3.257235742668026,60.0,0.0,77.0,-0.5000000000000004,0.8660254037844384
2025-11-10T23:00,116.6,19.0,50,2.52163441154151,-1.9701167210421073,55.0,0.0,66.8,-0.25881904510252157,0.9659258262890681
2025-11-11T00:00,109.9,17.5,53,2.8862450335600056,-1.5998717468129129,55.0,0.0,54.6,0.0,1.0
2025-11-11T01:00,105.7,16.4,57,3.7630186612179672,-0.5288577836482488,40.0,0.0,40.8,0.25881904510252074,0.9659258262890683
2025-11-11T02:00,103.6,15.4,59,4.900535883036024,-2.4969477485675067,50.0,0.0,30.5,0.49999999999999994,0.8660254037844387
2025-11-11T03:00,102.2,14.6,62,5.040599536364314,-1.6377900701872203,55.0,0.0,25.7,0.7071067811865476,0.7071067811865476
2025-11-11T04:00,101.0,14.1,63,5.3967104659031175,0.18845728219350413,50.0,0.0,24.3,0.8660254037844386,0.5000000000000001
2025-11-11T05:00,105.2,13.7,70,5.796466796710755,-0.20241708087450744,60.0,0.0,26.7,0.9659258262890683,0.25881904510252074
2025-11-11T06:00,107.3,13.7,70,5.896405879412665,-0.20590703054475756,60.0,0.0,32.4,1.0,6.123233995736766e-17
2025-11-11T07:00,112.9,14.2,67,6.8,1.2491397351303002e-15,65.0,0.0,39.8,0.9659258262890683,-0.25881904510252063
2025-11-11T08:00,109.0,16.4,61,6.9904067432820165,0.36635169370061016,95.0,0.0,42.3,0.8660254037844387,-0.4999999999999998
2025-11-11T09:00,103.8,19.3,51,4.897015052393569,0.17100753384225373,150.0,0.0,35.2,0.7071067811865476,-0.7071067811865475
2025-11-11T10:00,90.6,22.2,42,5.1715138559150216,-0.5435480089917956,275.0,0.0,23.3,0.49999999999999994,-0.8660254037844387
2025-11-11T11:00,66.1,24.8,34,6.824958041162063,-1.9570252263006955,845.0,0.0,13.9,0.258819045102521,-0.9659258262890682
2025-11-11T12:00,56.0,26.4,28,7.8859391664594325,-4.738350289172498,1035.0,0.0,8.9,1.2246467991473532e-16,-1.0
2025-11-11T13:00,53.1,27.1,25,8.302838622659701,-5.391926446648764,1150.0,0.0,6.4,-0.2588190451025208,-0.9659258262890683
2025-11-11T14:00,52.0,27.4,23,9.008582983535776,-4.993539088537275,1220.0,0.0,8.7,-0.4999999999999997,-0.8660254037844388
2025-11-11T15:00,52.4,27.0,24,9.68358185101157,-4.311408416603477,1175.0,0.0,19.6,-0.7071067811865471,-0.7071067811865479
2025-11-11T16:00,56.2,26.0,27,8.65274562245294,-3.672872607799171,1015.0,0.0,35.3,-0.8660254037844385,-0.5000000000000004
2025-11-11T17:00,85.2,23.8,32,5.737828535778212,-1.7542302283364202,335.0,0.0,48.5,-0.9659258262890683,-0.25881904510252063
2025-11-11T18:00,91.3,22.6,37,5.7675701756299125,-1.6538241349019964,205.0,0.0,47.0,-1.0,-1.8369701987210297e-16
2025-11-11T19:00,94.5,21.4,42,6.675064847444114,-1.2975011685605067,160.0,0.0,44.8,-0.9659258262890684,0.2588190451025203
2025-11-11T20:00,97.3,20.4,47,6.6347960605685214,-0.9324597764324386,120.0,0.0,41.8,-0.8660254037844386,0.5000000000000001
2025-11-11T21:00,101.5,19.7,49,6.815049550106451,-1.0793978087775917,120.0,0.0,37.6,-0.7071067811865477,0.7071067811865474
2025-11-11T22:00,105.2,19.1,49,7.172285669722766,-2.1927877854205255,140.0,0.0,32.6,-0.5000000000000004,0.8660254037844384
2025-11-11T23:00,106.9,18.8,52,6.149493427364157,-4.633975678270769,170.0,0.0,27.8,-0.25881904510252157,0.9659258262890681
2025-11-12T00:00,107.1,17.8,54,4.658019105832603,-5.35843801958168,155.0,0.0,23.2,0.0,1.0
2025-11-12T01:00,107.1,17.0,56,4.525483399593905,-4.525483399593903,130.0,0.0,18.9,0.25881904510252074,0.9659258262890683
2025-11-12T02:00,106.9,16.4,58,4.461257579876939,-4.160189996381241,115.0,0.0,15.8,0.49999999999999994,0.8660254037844387
2025-11-12T03:00,106.6,15.8,60,5.575317836442249,-1.5986966637385964,90.0,0.0,14.1,0.7071067811865476,0.7071067811865476
2025-11-12T04:00,105.9,15.2,62,6.496040375624123,0.22684672856625496,80.0,0.0,13.7,0.8660254037844386,0.5000000000000001
2025-11-12T05:00,100.8,14.3,69,7.2,1.3226185430791415e-15,80.0,0.0,14.1,0.9659258262890683,0.25881904510252074
2025-11-12T06:00,105.5,14.0,70,7.6,1.3960973510279824e-15,90.0,0.0,22.0,1.0,6.123233995736766e-17
2025-11-12T07:00,111.8,14.4,68,8.67880723726047,0.6068813215738925,100.0,0.0,32.6,0.9659258262890683,-0.25881904510252063
2025-11-12T08:00,111.8,16.3,62,7.770318645115615,0.6798147934317343,130.0,0.0,38.0,0.8660254037844387,-0.4999999999999998
2025-11-12T09:00,107.8,19.2,52,6.690817882855645,-0.35065090682772443,200.0,0.0,33.2,0.7071067811865476,-0.7071067811865475
2025-11-12T10:00,96.2,22.2,43,7.012587218225478,-1.1106847017856378,350.0,0.0,23.2,0.49999999999999994,-0.8660254037844387
2025-11-12T11:00,86.8,24.9,36,9.314838972249566,-2.3224501977568073,975.0,0.0,15.0,0.258819045102521,-0.9659258262890682
2025-11-12T12:00,77.1,26.6,29,10.861957270738799,-4.610627316173428,1175.0,0.0,9.7,1.2246467991473532e-16,-1.0
2025-11-12T13:00,68.9,27.3,26,11.195132251384265,-6.205563139153117,1260.0,0.0,6.2,-0.2588190451025208,-0.9659258262890683
2025-11-12T14:00,62.9,27.5,24,11.195132251384265,-6.205563139153117,1315.0,0.0,7.7,-0.4999999999999997,-0.8660254037844388
2025-11-12T15:00,61.0,27.1,25,10.652112466548596,-6.150000000000002,1265.0,0.0,18.2,-0.7071067811865471,-0.7071067811865479
2025-11-12T16:00,64.5,26.2,26,9.358430866391533,-5.187462936635809,1155.0,0.0,33.8,-0.8660254037844385,-0.5000000000000004
2025-11-12T17:00,102.4,23.9,35,5.755336383148387,-2.5624408513775383,410.0,0.0,49.5,-0.9659258262890683,-0.25881904510252063
2025-11-12T18:00,107.6,22.8,39,4.800136883931828,-2.8842132194963033,255.0,0.0,50.1,-1.0,-1.8369701987210297e-16
2025-11-12T19:00,111.3,21.7,43,4.312631754255383,-3.249801125021059,175.0,0.0,50.9,-0.9659258262890684,0.2588190451025203
2025-11-12T20:00,115.3,20.8,47,3.9634444034305507,-3.209533994354171,135.0,0.0,50.4,-0.8660254037844386,0.5000000000000001
2025-11-12T21:00,120.1,20.2,51,3.39787137637478,-2.4686980596283865,95.0,0.0,48.2,-0.7071067811865477,0.7071067811865474
2025-11-12T22:00,124.8,19.4,53,3.9467090073008153,-1.43648460196781,55.0,0.0,44.7,-0.5000000000000004,0.8660254037844384
2025-11-12T23:00,126.7,19.1,54,3.5802788233257843,0.3763024677635521,50.0,0.0,40.2,-0.25881904510252157,0.9659258262890681
2025-11-13T00:00,126.2,17.3,59,5.756767679519667,-0.7068421917498565,55.0,0.0,33.8,0.0,1.0
2025-11-13T01:00,125.3,16.2,64,5.4091846272187825,-1.4493866525741135,65.0,0.0,26.4,0.25881904510252074,0.9659258262890683
2025-11-13T02:00,123.9,15.4,69,5.370418234988676,-0.5644537016453262,65.0,0.0,21.0,0.49999999999999994,0.8660254037844387
2025-11-13T03:00,122.0,14.7,72,5.087576656325104,-0.3557580160950386,55.0,0.0,18.4,0.7071067811865476,0.7071067811865476
2025-11-13T04:00,121.5,14.3,75,5.3967104659031175,-0.18845728219350694,60.0,0.0,17.8,0.8660254037844386,0.5000000000000001
2025-11-13T05:00,119.7,13.7,80,6.139662026197737,-0.8628732259524059,75.0,0.0,18.4,0.9659258262890683,0.25881904510252074
2025-11-13T06:00,124.3,13.2,81,5.4322858732732575,-0.8603895577212687,75.0,0.0,25.6,1.0,6.123233995736766e-17
2025-11-13T07:00,132.2,13.8,76,6.475265537596346,-0.5665123278597762,80.0,0.0,35.1,0.9659258262890683,-0.25881904510252063
2025-11-13T08:00,130.9,15.7,68,6.296162210220303,0.2198668292257548,110.0,0.0,39.8,0.8660254037844387,-0.4999999999999998
2025-11-13T09:00,127.6,18.3,57,4.852313536833695,-0.6819481947043208,170.0,0.0,35.1,0.7071067811865476,-0.7071067811865475
2025-11-13T10:00,116.2,21.2,47,4.852313536833695,-0.6819481947043208,290.0,0.0,25.6,0.49999999999999994,-0.8660254037844387
2025-11-13T11:00,97.6,23.8,37,7.703557781990744,-2.5030376544370725,890.0,0.0,17.5,0.258819045102521,-0.9659258262890682
2025-11-13T12:00,87.8,25.2,33,8.44866403521217,-4.1206887798173275,1005.0,0.0,11.3,1.2246467991473532e-16,-1.0
2025-11-13T13:00,79.4,25.9,28,8.464561979789496,-4.312909747525693,1140.0,0.0,6.6,-0.2588190451025208,-0.9659258262890683
2025-11-13T14:00,74.5,26.3,26,8.483811159252136,-4.702653316389472,1210.0,0.0,8.6,-0.4999999999999997,-0.8660254037844388
2025-11-13T15:00,72.4,26.0,26,8.820964589464843,-4.494505947421512,1185.0,0.0,23.0,-0.7071067811865471,-0.7071067811865479
2025-11-13T16:00,76.1,25.1,29,8.13055457301915,-3.6199561233746183,1025.0,0.0,44.1,-0.8660254037844385,-0.5000000000000004
2025-11-13T17:00,100.8,22.5,38,5.200352165796243,-1.7906248495143597,245.0,0.0,57.5,-0.9659258262890683,-0.25881904510252063
2025-11-13T18:00,106.6,21.5,40,5.988740122992224,-1.604678079635626,195.0,0.0,56.7,-1.0,-1.8369701987210297e-16
2025-11-13T19:00,107.1,20.4,44,6.14587074139556,-2.116193003971516,155.0,0.0,55.3,-0.9659258262890684,0.2588190451025203
2025-11-13T20:00,107.6,19.3,48,6.306922220793978,-1.5724923213978383,115.0,0.0,52.7,-0.8660254037844386,0.5000000000000001
2025-11-13T21:00,109.4,18.6,50,6.674504477214695,-0.5839434764093079,95.0,0.0,48.2,-0.7071067811865477,0.7071067811865474
2025-11-13T22:00,110.1,17.9,52,6.436742446820207,-0.9046251562404255,90.0,0.0,42.4,-0.5000000000000004,0.8660254037844384
2025-11-13T23:00,108.0,17.6,55,6.500981366049177,-1.6208767005177718,110.0,0.0,36.5,-0.25881904510252157,0.9659258262890681
2025-11-14T00:00,104.8,16.7,57,6.120754566205427,-2.7251355086078584,115.0,0.0,30.1,0.0,1.0
2025-11-14T01:00,101.0,15.7,61,5.032801279295884,-2.6759879078795756,100.0,0.0,23.6,0.25881904510252074,0.9659258262890683
2025-11-14T02:00,97.3,15.0,64,5.04133430308489,-1.935186927544622,85.0,0.0,19.0,0.49999999999999994,0.8660254037844387
2025-11-14T03:00,94.1,14.5,66,5.3989495089621515,-1.0494494745709981,75.0,0.0,16.8,0.7071067811865476,0.7071067811865476
2025-11-14T04:00,91.7,13.9,68,5.777929248932124,-0.5055033079364157,75.0,0.0,16.6,0.8660254037844386,0.5000000000000001
2025-11-14T05:00,98.5,13.5,74,5.926130043570827,-0.938606790241384,75.0,0.0,20.7,0.9659258262890683,0.25881904510252074
2025-11-14T06:00,101.0,13.3,75,5.6,1.0287033112837766e-15,70.0,0.0,27.4,1.0,6.123233995736766e-17
2025-11-14T07:00,107.1,13.7,74,6.617511881987422,1.048110915769548,70.0,0.0,36.3,0.9659258262890683,-0.25881904510252063
2025-11-14T08:00,105.9,15.6,67,6.10580806867569,1.0766187015349682,100.0,0.0,40.3,0.8660254037844387,-0.4999999999999998
2025-11-14T09:00,100.8,18.4,56,4.8880638462731385,0.34180672134621537,160.0,0.0,34.9,0.7071067811865476,-0.7071067811865475
2025-11-14T10:00,88.2,21.1,46,5.187333061351087,-0.36273366346945113,275.0,0.0,24.7,0.49999999999999994,-0.8660254037844387
2025-11-14T11:00,68.2,23.5,37,6.847033205136639,-1.455381835724316,765.0,0.0,16.3,0.258819045102521,-0.9659258262890682
2025-11-14T12:00,50.9,25.1,29,8.081356538758811,-2.9413732326007533,1080.0,0.0,10.2,1.2246467991473532e-16,-1.0
2025-11-14T13:00,45.3,25.7,28,8.58732730184045,-3.823324444912518,1160.0,0.0,5.9,-0.2588190451025208,-0.9659258262890683
2025-11-14T14:00,42.6,26.0,26,8.609923976848174,-4.014873486536646,1250.0,0.0,8.6,-0.4999999999999997,-0.8660254037844388
2025-11-14T15:00,41.8,25.8,24,8.791185534255503,-4.099397138884786,1245.0,0.0,23.8,-0.7071067811865471,-0.7071067811865479
2025-11-14T16:00,46.0,24.9,27,8.066139304626184,-3.7613025294922267,1095.0,0.0,46.0,-0.8660254037844385,-0.5000000000000004
2025-11-14T17:00,85.9,22.6,35,4.821356043747294,-1.9479542857627423,275.0,0.0,65.8,-0.9659258262890683,-0.25881904510252063
2025-11-14T18:00,99.0,21.9,38,5.04133430308489,-1.935186927544622,185.0,0.0,70.1,-1.0,-1.8369701987210297e-16
2025-11-14T19:00,107.1,20.8,42,5.4091846272187825,-1.4493866525741135,130.0,0.0,75.7,-0.9659258262890684,0.2588190451025203
2025-11-14T20:00,108.5,19.6,46,5.56932261406233,-0.5853593942988566,100.0,0.0,76.6,-0.8660254037844386,0.5000000000000001
2025-11-14T21:00,105.9,18.8,50,5.6,1.0287033112837766e-15,85.0,0.0,69.1,-0.7071067811865477,0.7071067811865474
2025-11-14T22:00,101.5,18.1,52,5.596588631306936,-0.19543718153400716,85.0,0.0,56.9,-0.5000000000000004,0.8660254037844384
2025-11-14T23:00,96.6,17.5,57,5.575317836442249,-1.5986966637385964,105.0,0.0,45.6,-0.25881904510252157,0.9659258262890681
2025-11-15T00:00,93.4,16.9,56,4.791813060283758,-3.6108901389122874,110.0,0.0,36.3,0.0,1.0
2025-11-15T01:00,91.7,15.9,59,4.289848881466277,-3.5996106142446194,100.0,0.0,27.9,0.25881904510252074,0.9659258262890683
2025-11-15T02:00,91.3,15.2,62,4.312631754255383,-3.249801125021059,85.0,0.0,22.0,0.49999999999999994,0.8660254037844387
2025-11-15T03:00,91.3,14.4,65,4.821356043747294,-1.9479542857627423,65.0,0.0,19.3,0.7071067811865476,0.7071067811865476
2025-11-15T04:00,91.7,13.7,69,4.87315728730454,-0.5121894700114996,55.0,0.0,19.2,0.8660254037844386,0.5000000000000001
2025-11-15T05:00,97.8,13.1,76,5.4,9.919639073093561e-16,60.0,0.0,22.4,0.9659258262890683,0.25881904510252074
2025-11-15T06:00,103.8,12.8,77,5.5582584491914035,0.6824683230688241,60.0,0.0,28.3,1.0,6.123233995736766e-17
2025-11-15T07:00,113.4,13.0,76,6.4787394107545815,1.2593393694851944,65.0,0.0,36.0,0.9659258262890683,-0.25881904510252063
2025-11-15T08:00,111.8,15.1,67,6.139662026197736,0.8628732259524081,90.0,0.0,39.4,0.8660254037844387,-0.4999999999999998
2025-11-15T09:00,107.6,18.1,56,4.7,8.63375993398884e-16,145.0,0.0,34.3,0.7071067811865476,-0.7071067811865475
2025-11-15T10:00,95.0,21.0,45,5.022519540362262,-0.8856057061013428,255.0,0.0,24.9,0.49999999999999994,-0.8660254037844387
2025-11-15T11:00,74.3,23.6,36,6.500981366049177,-1.6208767005177718,640.0,0.0,17.1,0.258819045102521,-0.9659258262890682
2025-11-15T12:00,63.8,25.3,29,6.8515909323195086,-3.050524823068498,945.0,0.0,11.7,1.2246467991473532e-16,-1.0
2025-11-15T13:00,57.7,26.1,28,7.3803009979197345,-4.792823508132235,1085.0,0.0,8.0,-0.2588190451025208,-0.9659258262890683
2025-11-15T14:00,53.0,26.6,25,7.880107536067218,-6.156614753256585,1145.0,0.0,9.7,-0.4999999999999997,-0.8660254037844388
2025-11-15T15:00,49.7,26.4,25,7.890257764125475,-6.620712379771355,1145.0,0.0,21.1,-0.7071067811865471,-0.7071067811865479
2025-11-15T16:00,50.5,25.5,28,7.092096782460496,-5.540953277930926,1115.0,0.0,37.9,-0.8660254037844385,-0.5000000000000004
2025-11-15T17:00,84.5,22.8,39,4.886401628086723,-1.7785047452934788,255.0,0.0,57.4,-0.9659258262890683,-0.25881904510252063
2025-11-15T18:00,94.3,22.2,39,5.72474478502838,-1.4273391840380378,190.0,0.0,60.6,-1.0,-1.8369701987210297e-16
2025-11-15T19:00,95.7,21.2,42,6.651403684989877,-1.413799497560764,160.0,0.0,64.7,-0.9659258262890684,0.2588190451025203
2025-11-15T20:00,94.5,20.3,45,7.160557646651569,-0.7526049355271015,125.0,0.0,65.3,-0.8660254037844386,0.5000000000000001
2025-11-15T21:00,91.5,19.5,47,6.9904067432820165,-0.3663516937006076,110.0,0.0,59.7,-0.7071067811865477,0.7071067811865474
2025-11-15T22:00,87.5,18.7,49,6.085332705621131,-1.6305599841458778,115.0,0.0,50.7,-0.5000000000000004,0.8660254037844384
2025-11-15T23:00,82.9,17.3,58,4.012982057577931,-3.6133052743378324,135.0,0.0,42.0,-0.25881904510252157,0.9659258262890681
2025-11-16T00:00,78.9,16.2,59,4.310995377286217,-2.9078030980478844,90.0,0.0,34.4,0.0,1.0
2025-11-16T01:00,76.8,15.3,63,4.45048250192058,-1.7981116483963773,60.0,0.0,27.2,0.25881904510252074,0.9659258262890683
2025-11-16T02:00,75.9,14.6,67,4.374859974957706,-1.421478174124757,50.0,0.0,22.2,0.49999999999999994,0.8660254037844387
2025-11-16T03:00,75.7,13.9,69,4.0,7.347880794884119e-16,40.0,0.0,20.0,0.7071067811865476,0.7071067811865476
2025-11-16T04:00,76.1,13.3,70,4.664966912714214,0.5727859140041918,45.0,0.0,20.0,0.8660254037844386,0.5000000000000001
2025-11-16T05:00,80.3,12.5,80,4.9,9.001153973733046e-16,50.0,0.0,20.2,0.9659258262890683,0.25881904510252074
2025-11-16T06:00,86.8,12.3,79,4.6971368869897505,0.1640276345017536,50.0,0.0,26.7,1.0,6.123233995736766e-17
2025-11-16T07:00,96.9,12.8,75,6.0916401620029,0.31924933308196024,60.0,0.0,35.3,0.9659258262890683,-0.25881904510252063
2025-11-16T08:00,95.0,15.0,66,6.873743416833045,0.601374624958842,90.0,0.0,39.3,0.8660254037844387,-0.4999999999999998
2025-11-16T09:00,89.4,18.0,55,4.711810480548786,-0.9158831778074165,145.0,0.0,34.2,0.7071067811865476,-0.7071067811865475
2025-11-16T10:00,76.4,21.0,45,5.032801279295884,-2.6759879078795756,300.0,0.0,24.4,0.49999999999999994,-0.8660254037844387
2025-11-16T11:00,60.3,23.7,37,6.457763373179767,-4.193720569615706,710.0,0.0,16.3,0.258819045102521,-0.9659258262890682
2025-11-16T12:00,49.7,25.6,29,7.33726596345424,-7.085515378681771,955.0,0.0,10.9,1.2246467991473532e-16,-1.0
2025-11-16T13:00,42.7,26.5,26,7.4790729304917845,-8.6036892145396,1105.0,0.0,7.3,-0.2588190451025208,-0.9659258262890683
2025-11-16T14:00,38.6,26.8,24,7.610284736289885,-8.754631130584153,1180.0,0.0,8.6,-0.4999999999999997,-0.8660254037844388
2025-11-16T15:00,36.8,26.4,24,7.392057511395206,-8.809511095868245,1165.0,0.0,19.0,-0.7071067811865471,-0.7071067811865479
2025-11-16T16:00,38.1,25.5,26,7.049530043318781,-6.807652030498174,1060.0,0.0,34.3,-0.8660254037844385,-0.5000000000000004
2025-11-16T17:00,52.2,23.0,34,4.8338741480916285,-3.0205398061292668,380.0,0.0,44.1,-0.9659258262890683,-0.25881904510252063
2025-11-16T18:00,59.6,22.3,36,5.572523087054836,-2.71790111009228,280.0,0.0,47.1,-1.0,-1.8369701987210297e-16
2025-11-16T19:00,62.4,21.1,40,5.983281547440863,-2.5397523351802778,190.0,0.0,51.0,-0.9659258262890684,0.2588190451025203
2025-11-16T20:00,64.5,19.7,45,5.553909369275841,-1.2822210097600302,115.0,0.0,53.1,-0.8660254037844386,0.5000000000000001
2025-11-16T21:00,67.5,18.9,47,6.096284044816484,-0.21288692988525781,100.0,0.0,51.9,-0.7071067811865477,0.7071067811865474
2025-11-16T22:00,70.8,18.3,48,6.464392319893777,-0.6794350112397444,105.0,0.0,48.9,-0.5000000000000004,0.8660254037844384
2025-11-16T23:00,72.2,17.4,52,5.9290894869708195,-1.8127045692809676,110.0,0.0,45.1,-0.25881904510252157,0.9659258262890681
2025-11-17T00:00,72.2,15.9,56,4.692298567374696,-3.4091544632963426,95.0,0.0,40.0,0.0,1.0
2025-11-17T01:00,72.9,14.8,60,4.548022477124857,-2.5210100252809537,75.0,0.0,34.3,0.25881904510252074,0.9659258262890683
2025-11-17T02:00,74.7,14.3,62,4.998560818879258,-1.4333142502483969,60.0,0.0,30.7,0.49999999999999994,0.8660254037844387
2025-11-17T03:00,77.3,13.7,63,5.187333061351087,-0.36273366346945113,60.0,0.0,30.9,0.7071067811865476,0.7071067811865476
2025-11-17T04:00,79.6,13.2,65,5.370418234988676,0.5644537016453282,60.0,0.0,33.3,0.8660254037844386,0.5000000000000001
2025-11-17T05:00,80.8,12.3,73,5.187333061351086,0.362733663469453,55.0,0.0,28.7,0.9659258262890683,0.25881904510252074
2025-11-17T06:00,91.0,12.3,73,5.4322858732732575,0.8603895577212707,55.0,0.0,34.0,1.0,6.123233995736766e-17
2025-11-17T07:00,105.2,12.7,70,6.3027696192781315,1.1113483370683541,60.0,0.0,40.9,0.9659258262890683,-0.25881904510252063
2025-11-17T08:00,103.6,14.8,63,6.795857623729851,0.23731657757700517,85.0,0.0,43.6,0.8660254037844387,-0.4999999999999998
2025-11-17T09:00,98.3,17.8,52,4.688551036221175,-0.32785542659738853,140.0,0.0,38.2,0.7071067811865476,-0.7071067811865475
2025-11-17T10:00,90.1,20.6,42,4.160281732636995,-1.4324998796114878,235.0,0.0,28.6,0.49999999999999994,-0.8660254037844387
2025-11-17T11:00,77.3,23.2,36,3.81051177665153,-2.2000000000000006,695.0,0.0,20.6,0.258819045102521,-0.9659258262890682
2025-11-17T12:00,61.9,25.0,30,4.171930009000632,-4.171930009000629,930.0,0.0,13.5,1.2246467991473532e-16,-1.0
2025-11-17T13:00,59.5,25.7,29,4.830441365603065,-4.349348941332575,1050.0,0.0,8.1,-0.2588190451025208,-0.9659258262890683
2025-11-17T14:00,58.6,26.0,28,5.057129192585753,-3.4110767111715568,1110.0,0.0,12.4,-0.4999999999999997,-0.8660254037844388
2025-11-17T15:00,58.2,25.8,29,4.696555180494376,-3.049978596084149,1135.0,0.0,34.3,-0.7071067811865471,-0.7071067811865479
2025-11-17T16:00,65.2,25.1,30,4.6796222421523135,-2.488199282765219,1085.0,0.0,65.8,-0.8660254037844385,-0.5000000000000004
2025-11-17T17:00,115.0,22.7,43,2.7200108650993977,-2.202621368674431,410.0,0.0,82.9,-0.9659258262890683,-0.25881904510252063
2025-11-17T18:00,143.4,22.0,43,1.0549740469210396,-2.4853631043215887,285.0,0.0,89.1,-1.0,-1.8369701987210297e-16
2025-11-17T19:00,164.4,21.3,45,-0.9192388155425119,-0.9192388155425119,115.0,0.0,97.5,-0.9659258262890684,0.2588190451025203
2025-11-17T20:00,180.7,20.4,48,-1.5912350325892373,0.1672455412282457,95.0,0.0,102.9,-0.8660254037844386,0.5000000000000001
2025-11-17T21:00,193.2,19.6,52,-0.8816778784387098,1.213525491562421,75.0,0.0,102.7,-0.7071067811865477,0.7071067811865474
2025-11-17T22:00,201.2,18.8,55,0.33991869381244205,1.046162167924669,25.0,0.0,99.6,-0.5000000000000004,0.8660254037844384
2025-11-17T23:00,204.0,17.7,60,1.414213562373095,1.4142135623730954,25.0,0.0,95.9,-0.25881904510252157,0.9659258262890681
2025-11-18T00:00,203.0,16.6,64,1.8000513314744355,1.0815799573111142,25.0,0.0,92.2,0.0,1.0
2025-11-18T01:00,202.1,16.0,66,2.0284442352070435,0.5435199947152933,30.0,0.0,88.0,0.25881904510252074,0.9659258262890683
2025-11-18T02:00,200.2,15.5,67,1.6564291101348998,0.38241679238457094,35.0,0.0,84.0,0.49999999999999994,0.8660254037844387
2025-11-18T03:00,195.6,15.1,68,1.7901394116628921,0.18815123388177604,35.0,0.0,80.0,0.7071067811865476,0.7071067811865476
2025-11-18T04:00,191.4,14.2,72,3.281922254715302,-0.3449439287832548,35.0,0.0,76.2,0.8660254037844386,0.5000000000000001
2025-11-18T05:00,184.9,14.5,70,2.2943973155975956,0.16043988961148883,45.0,0.0,72.9,0.9659258262890683,0.25881904510252074
2025-11-18T06:00,185.3,13.5,74,4.136192562651273,0.7293223462011075,45.0,0.0,74.2,1.0,6.123233995736766e-17
2025-11-18T07:00,190.5,13.6,74,5.022519540362261,0.8856057061013446,50.0,0.0,75.3,0.9659258262890683,-0.25881904510252063
2025-11-18T08:00,173.7,15.3,68,4.9,9.001153973733046e-16,75.0,0.0,71.5,0.8660254037844387,-0.4999999999999998
2025-11-18T09:00,149.9,18.0,58,3.3807403920117394,-0.905866657858821,135.0,0.0,58.3,0.7071067811865476,-0.7071067811865475
2025-11-18T10:00,122.5,20.8,48,3.562827284806144,-1.586272907995619,255.0,0.0,40.1,0.49999999999999994,-0.8660254037844387
2025-11-18T11:00,96.6,23.4,40,5.192229585574009,-2.0977969231291067,665.0,0.0,25.6,0.258819045102521,-0.9659258262890682
2025-11-18T12:00,82.2,24.9,34,6.0923383907265976,-3.239353783222644,885.0,0.0,16.0,1.2246467991473532e-16,-1.0
2025-11-18T13:00,76.1,25.6,34,6.5144714853360535,-3.9142893693164114,975.0,0.0,10.2,-0.2588190451025208,-0.9659258262890683
2025-11-18T14:00,71.9,25.8,34,6.600188215406265,-3.9657931768074173,1045.0,0.0,13.2,-0.4999999999999997,-0.8660254037844388
2025-11-18T15:00,70.1,25.7,36,6.614775150020123,-4.133370261018996,1060.0,0.0,31.3,-0.7071067811865471,-0.7071067811865479
2025-11-18T16:00,74.5,24.9,41,5.745333323392336,-4.820907072649044,1040.0,0.0,58.4,-0.8660254037844385,-0.5000000000000004
2025-11-18T17:00,107.1,22.6,54,2.703812160545377,-3.7214781741247576,430.0,0.0,78.2,-0.9659258262890683,-0.25881904510252063
2025-11-18T18:00,124.3,21.9,59,0.17794225122601084,-3.395340418165551,280.0,0.0,85.8,-1.0,-1.8369701987210297e-16
2025-11-18T19:00,141.6,21.4,61,-1.4720873339894882,-1.6349186160502676,150.0,0.0,96.1,-0.9659258262890684,0.2588190451025203
2025-11-18T20:00,156.9,20.9,63,-0.9,-5.5109105961630896e-17,85.0,0.0,103.1,-0.8660254037844386,0.5000000000000001
2025-11-18T21:00,170.0,19.9,66,0.5416335208368436,0.7187719590425635,35.0,0.0,104.4,-0.7071067811865477,0.7071067811865474
2025-11-18T22:00,178.3,18.5,70,3.257235742668026,1.9571446846582066,45.0,0.0,102.5,-0.5000000000000004,0.8660254037844384
2025-11-18T23:00,177.9,17.1,77,3.4434956121498153,1.830939094864974,35.0,0.0,98.2,-0.25881904510252157,0.9659258262890681
2025-11-19T00:00,169.0,16.2,80,3.025659441917814,1.0418180942629014,35.0,0.0,90.9,0.0,1.0
2025-11-19T01:00,159.7,15.6,83,2.8689142678891058,0.8771151141682113,30.0,0.0,81.2,0.25881904510252074,0.9659258262890683
2025-11-19T02:00,152.7,15.2,83,3.961072274966281,0.5566924038402633,35.0,0.0,72.8,0.49999999999999994,0.8660254037844387
2025-11-19T03:00,148.1,14.7,84,4.345828698618606,0.6883116461770166,45.0,0.0,66.5,0.7071067811865476,0.7071067811865476
2025-11-19T04:00,143.9,14.2,83,3.7343217059888065,1.4334717981812028,40.0,0.0,61.3,0.8660254037844386,0.5000000000000001
2025-11-19T05:00,159.3,13.6,84,3.590094187221187,0.8951110137187709,35.0,0.0,65.4,0.9659258262890683,0.25881904510252074
2025-11-19T06:00,164.8,13.3,83,3.961072274966281,0.5566924038402633,40.0,0.0,67.8,1.0,6.123233995736766e-17
2025-11-19T07:00,182.5,13.8,79,4.168693836893553,0.5118512423016182,40.0,0.0,70.7,0.9659258262890683,-0.25881904510252063
2025-11-19T08:00,186.7,15.7,71,2.1729143493093033,-0.3441558230885075,60.0,0.0,69.1,0.8660254037844387,-0.4999999999999998
2025-11-19T09:00,149.0,18.7,59,0.3564026096753472,-0.18159619989581866,130.0,0.0,59.0,0.7071067811865476,-0.7071067811865475
2025-11-19T10:00,116.4,21.7,50,-1.046162167924669,0.3399186938124421,240.0,0.0,44.5,0.49999999999999994,-0.8660254037844387
2025-11-19T11:00,93.4,24.0,46,-5.2194810909647025,0.9203353416347306,815.0,0.0,33.1,0.258819045102521,-0.9659258262890682
2025-11-19T12:00,73.1,25.3,40,-5.771070844329454,1.2266789758247802,985.0,0.0,24.9,1.2246467991473532e-16,-1.0
2025-11-19T13:00,68.5,25.9,38,-5.074340152243906,1.8469087739586112,1090.0,0.0,19.9,-0.2588190451025208,-0.9659258262890683
2025-11-19T14:00,65.9,26.0,37,-4.1981745942691,2.3270861771824176,1160.0,0.0,25.3,-0.4999999999999997,-0.8660254037844388
2025-11-19T15:00,65.2,25.8,37,-3.6042689948715636,2.5237363199446032,1155.0,0.0,49.7,-0.7071067811865471,-0.7071067811865479
2025-11-19T16:00,73.1,25.1,40,-3.5670951622914924,3.2118269105225195,1085.0,0.0,84.6,-0.8660254037844385,-0.5000000000000004
2025-11-19T17:00,116.4,23.4,48,-2.1999999999999997,3.8105117766515306,235.0,0.0,105.9,-0.9659258262890683,-0.25881904510252063
2025-11-19T18:00,145.3,22.5,56,-1.2542878234085508,3.267531492740206,155.0,0.0,111.9,-1.0,-1.8369701987210297e-16
2025-11-19T19:00,162.5,21.8,59,-1.1021821192326179e-16,0.9,20.0,0.0,119.9,-0.9659258262890684,0.2588190451025203
2025-11-19T20:00,172.8,21.1,63,-0.18159619989581877,0.35640260967534715,15.0,0.0,124.3,-0.8660254037844386,0.5000000000000001
2025-11-19T21:00,181.1,20.4,64,-0.3355157420824481,0.49742254353302495,35.0,0.0,121.8,-0.7071067811865477,0.7071067811865474
2025-11-19T22:00,188.6,20.0,65,-0.1693453269197674,0.6792070083931975,35.0,0.0,115.6,-0.5000000000000004,0.8660254037844384
2025-11-19T23:00,192.8,18.8,71,0.544788599687456,1.0692078290260414,20.0,0.0,109.9,-0.25881904510252157,0.9659258262890681
2025-11-20T00:00,193.7,18.1,73,1.0777488443215544,0.7269507745119705,20.0,0.0,106.2,0.0,1.0
2025-11-20T01:00,193.7,17.4,76,2.475670171853926,0.3479327524001646,35.0,0.0,103.1,0.25881904510252074,0.9659258262890683
2025-11-20T02:00,191.4,16.4,80,4.184017731985332,0.36605411954016465,50.0,0.0,100.0,0.49999999999999994,0.8660254037844387
2025-11-20T03:00,189.1,16.0,79,4.136192562651273,0.7293223462011075,50.0,0.0,96.3,0.7071067811865476,0.7071067811865476
2025-11-20T04:00,187.2,15.3,81,4.482102298012081,1.0347748499817802,50.0,0.0,92.7,0.8660254037844386,0.5000000000000001
2025-11-20T05:00,204.0,14.4,85,4.160281732636994,1.4324998796114894,45.0,0.0,123.3,0.9659258262890683,0.25881904510252074
2025-11-20T06:00,207.2,14.1,85,4.184017731985332,0.36605411954016465,50.0,0.0,123.6,1.0,6.123233995736766e-17
2025-11-20T07:00,220.3,14.4,84,4.46645768238595,0.5484120453231622,55.0,0.0,123.1,0.9659258262890683,-0.25881904510252063
2025-11-20T08:00,209.1,16.2,76,3.3813744442521294,0.35539677511002143,70.0,0.0,115.8,0.8660254037844387,-0.4999999999999998
2025-11-20T09:00,181.6,19.2,65,1.4003706397458024,0.5375519243179511,100.0,0.0,95.9,0.7071067811865476,-0.7071067811865475
2025-11-20T10:00,155.5,22.2,54,1.0461621679246689,0.33991869381244233,270.0,0.0,69.2,0.49999999999999994,-0.8660254037844387
2025-11-20T11:00,128.1,24.4,46,-5.755839955992561e-16,4.7,965.0,0.0,47.2,0.258819045102521,-0.9659258262890682
2025-11-20T12:00,109.4,25.6,42,-0.7376174350883462,5.248420764330323,1135.0,0.0,30.8,1.2246467991473532e-16,-1.0
2025-11-20T13:00,106.2,26.0,41,-0.3418067213462151,4.8880638462731385,1250.0,0.0,19.1,-0.2588190451025208,-0.9659258262890683
2025-11-20T14:00,104.8,26.1,40,-5.51091059616309e-16,4.5,1305.0,0.0,20.8,-0.4999999999999997,-0.8660254037844388
2025-11-20T15:00,105.5,25.7,41,-6.000769315822031e-16,4.9,1250.0,0.0,44.8,-0.7071067811865471,-0.7071067811865479
2025-11-20T16:00,119.7,25.0,43,0.5853593942988595,5.56932261406233,1080.0,0.0,82.3,-0.8660254037844385,-0.5000000000000004
2025-11-20T17:00,156.9,23.4,50,-6.000769315822031e-16,4.9,195.0,0.0,98.8,-0.9659258262890683,-0.25881904510252063
2025-11-20T18:00,186.7,22.0,57,1.6019976268060214,3.774069899155005,85.0,0.0,109.1,-1.0,-1.8369701987210297e-16
2025-11-20T19:00,207.2,21.0,62,2.8991378028648445,2.8991378028648453,50.0,0.0,123.3,-0.9659258262890684,0.2588190451025203
2025-11-20T20:00,218.4,20.6,63,1.414213562373095,1.4142135623730954,30.0,0.0,133.5,-0.8660254037844386,0.5000000000000001
2025-11-20T21:00,221.7,20.1,66,-6.123233995736766e-17,0.5,10.0,0.0,136.0,-0.7071067811865477,0.7071067811865474
2025-11-20T22:00,221.2,19.2,68,-0.6792070083931975,0.16934532691976745,20.0,0.0,134.5,-0.5000000000000004,0.8660254037844384
2025-11-20T23:00,219.3,18.3,72,-0.1693453269197674,0.6792070083931975,15.0,0.0,131.9,-0.25881904510252157,0.9659258262890681
2025-11-21T00:00,217.0,17.5,73,0.49742254353302506,0.33551574208244794,10.0,0.0,128.9,0.0,1.0
2025-11-21T01:00,217.0,16.8,75,1.213525491562421,0.8816778784387098,15.0,0.0,124.9,0.25881904510252074,0.9659258262890683
2025-11-21T02:00,217.5,16.4,75,1.072462220366569,0.8999026535611552,15.0,0.0,121.2,0.49999999999999994,0.8660254037844387
2025-11-21T03:00,217.9,16.2,74,0.5416335208368436,0.7187719590425635,10.0,0.0,118.2,0.7071067811865476,0.7071067811865476
2025-11-21T04:00,219.8,15.9,75,0.5416335208368436,0.7187719590425635,10.0,0.0,115.5,0.8660254037844386,0.5000000000000001
2025-11-21T05:00,215.6,15.1,78,1.115062126566575,2.01162532642061,15.0,0.0,105.3,0.9659258262890683,0.25881904510252074
2025-11-21T06:00,213.3,14.5,81,1.9877194430099814,3.5859407992715226,25.0,0.0,103.4,1.0,6.123233995736766e-17
2025-11-21T07:00,212.3,15.0,79,1.648492567908382,4.294469961887128,30.0,0.0,100.1,0.9659258262890683,-0.25881904510252063
2025-11-21T08:00,193.2,17.7,69,0.9203353416347314,5.2194810909647025,70.0,0.0,92.1,0.8660254037844387,-0.4999999999999998
2025-11-21T09:00,171.8,20.5,62,-3.9188697572715305e-16,3.2,175.0,0.0,75.7,0.7071067811865476,-0.7071067811865475
2025-11-21T10:00,146.7,22.8,55,-5.755839955992561e-16,4.7,585.0,0.0,54.6,0.49999999999999994,-0.8660254037844387
2025-11-21T11:00,118.3,24.5,46,-7.470345474798854e-16,6.1,1165.0,0.0,37.3,0.258819045102521,-0.9659258262890682
2025-11-21T12:00,96.2,25.6,40,0.3278554265973888,4.688551036221174,1295.0,0.0,23.3,1.2246467991473532e-16,-1.0
2025-11-21T13:00,90.8,26.1,38,0.9058666578588228,3.380740392011739,1410.0,0.0,13.1,-0.2588190451025208,-0.9659258262890683
2025-11-21T14:00,89.2,26.2,38,1.8221342821066664,2.5079526825623373,1560.0,0.0,16.1,-0.4999999999999997,-0.8660254037844388
2025-11-21T15:00,89.9,26.0,38,2.3187944242124945,2.48660258550518,1575.0,0.0,43.1,-0.7071067811865471,-0.7071067811865479
2025-11-21T16:00,102.0,25.4,39,3.7214781741247576,2.7038121605453767,1465.0,0.0,83.2,-0.8660254037844385,-0.5000000000000004
2025-11-21T17:00,156.0,23.5,50,1.7894172911063895,2.652920232176134,180.0,0.0,115.7,-0.9659258262890683,-0.25881904510252063
2025-11-21T18:00,188.6,22.9,55,0.6792070083931976,-0.1693453269197672,20.0,0.0,120.9,-1.0,-1.8369701987210297e-16
2025-11-21T19:00,210.5,21.6,57,-0.17431148549531633,-1.992389396183491,75.0,0.0,127.7,-0.9659258262890684,0.2588190451025203
2025-11-21T20:00,223.5,20.6,61,-1.2675732195219052,-2.383958500719103,85.0,0.0,129.8,-0.8660254037844386,0.5000000000000001
2025-11-21T21:00,226.8,20.1,62,-2.748556113653459,-0.5342651870543257,80.0,0.0,123.2,-0.7071067811865477,0.7071067811865474
2025-11-21T22:00,223.5,19.3,66,-3.1,-1.8982025386783975e-16,60.0,0.0,111.9,-0.5000000000000004,0.8660254037844384
2025-11-21T23:00,219.3,18.6,72,-2.5114736709748717,-1.4500000000000002,60.0,0.0,101.9,-0.25881904510252157,0.9659258262890681
2025-11-22T00:00,215.6,18.2,73,-1.3,-7.960204194457797e-17,35.0,0.0,94.7,0.0,1.0
2025-11-22T01:00,215.1,17.8,74,-0.5416335208368434,0.7187719590425636,25.0,0.0,88.9,0.25881904510252074,0.9659258262890683
2025-11-22T02:00,217.5,17.4,76,0.21213203435596423,0.2121320343559643,10.0,0.0,85.7,0.49999999999999994,0.8660254037844387
2025-11-22T03:00,220.7,16.7,78,0.9,1.6532731788489269e-16,25.0,0.0,86.4,0.7071067811865476,0.7071067811865476
2025-11-22T04:00,223.1,15.9,80,2.0284442352070435,0.5435199947152933,25.0,0.0,89.7,0.8660254037844386,0.5000000000000001
2025-11-22T05:00,208.6,14.8,84,2.8689142678891058,0.8771151141682113,30.0,0.0,77.8,0.9659258262890683,0.25881904510252074
2025-11-22T06:00,220.3,14.1,87,3.1974091017491033,1.4235782507653003,25.0,0.0,86.0,1.0,6.123233995736766e-17
2025-11-22T07:00,237.0,14.4,86,4.160281732636994,1.4324998796114894,30.0,0.0,96.3,0.9659258262890683,-0.25881904510252063
2025-11-22T08:00,241.2,16.7,76,5.086367523815789,1.0811407922523508,50.0,0.0,96.7,0.8660254037844387,-0.4999999999999998
2025-11-22T09:00,210.5,20.0,63,3.939231012048832,0.6945927106677213,105.0,0.0,77.8,0.7071067811865476,-0.7071067811865475
2025-11-22T10:00,168.1,22.9,51,4.5179299709100995,1.2954955723398949,405.0,0.0,49.0,0.49999999999999994,-0.8660254037844387
2025-11-22T11:00,134.6,24.6,37,5.785871491506981,-0.40458754771592625,1310.0,0.0,26.2,0.258819045102521,-0.9659258262890682
2025-11-22T12:00,117.3,25.7,32,5.346039145130208,-2.7239429984372796,1575.0,0.0,13.9,1.2246467991473532e-16,-1.0
2025-11-22T13:00,106.2,26.1,30,6.326146321737412,-3.223332548150781,1850.0,0.0,7.6,-0.2588190451025208,-0.9659258262890683
2025-11-22T14:00,98.3,26.2,29,6.978569960182204,-3.254160615403387,1920.0,0.0,9.8,-0.4999999999999997,-0.8660254037844388
2025-11-22T15:00,94.1,25.8,29,7.753252319914399,-2.6696588665486813,1880.0,0.0,25.6,-0.7071067811865471,-0.7071067811865479
2025-11-22T16:00,102.9,25.0,30,7.697523511803359,-1.7771133293165329,1635.0,0.0,49.8,-0.8660254037844385,-0.5000000000000004
2025-11-22T17:00,151.3,22.7,43,4.097502390778292,-0.14308793648025525,135.0,0.0,83.0,-0.9659258262890683,-0.25881904510252063
2025-11-22T18:00,173.2,21.8,46,3.6,6.613092715395707e-16,85.0,0.0,88.9,-1.0,-1.8369701987210297e-16
2025-11-22T19:00,191.4,21.4,48,1.969615506024416,0.34729635533386066,65.0,0.0,96.7,-0.9659258262890684,0.2588190451025203
2025-11-22T20:00,204.4,20.8,50,1.4,2.5717582782094415e-16,45.0,0.0,100.9,-0.8660254037844386,0.5000000000000001
2025-11-22T21:00,212.3,20.1,51,0.8999026535611554,-1.0724622203665688,55.0,0.0,98.7,-0.7071067811865477,0.7071067811865474
2025-11-22T22:00,216.1,19.4,53,3.9188697572715305e-16,-1.6,60.0,0.0,92.9,-0.5000000000000004,0.8660254037844384
2025-11-22T23:00,214.2,19.0,56,2.6942229581241775e-16,-1.1,60.0,0.0,86.0,-0.25881904510252157,0.9659258262890681
2025-11-23T00:00,207.7,17.8,59,-0.5435199947152936,-2.0284442352070435,55.0,0.0,78.2,0.0,1.0
2025-11-23T01:00,197.9,17.0,63,4.898587196589413e-16,-2.0,45.0,0.0,69.2,0.25881904510252074,0.9659258262890683
2025-11-23T02:00,186.7,16.1,68,1.4003706397458027,-0.5375519243179505,30.0,0.0,61.0,0.49999999999999994,0.8660254037844387
2025-11-23T03:00,176.5,14.6,74,3.4235166025683195,0.7276909178621592,25.0,0.0,52.7,0.7071067811865476,0.7071067811865476
2025-11-23T04:00,170.4,13.7,78,3.748920614159444,1.0749856876862955,25.0,0.0,45.2,0.8660254037844386,0.5000000000000001
2025-11-23T05:00,208.2,13.2,82,3.456909192082982,-0.5475206276408073,30.0,0.0,65.6,0.9659258262890683,0.25881904510252074
2025-11-23T06:00,220.7,13.2,82,2.475670171853926,-0.34793275240016364,25.0,0.0,70.7,1.0,6.123233995736766e-17
2025-11-23T07:00,242.1,13.5,80,3.2,5.878304635907295e-16,30.0,0.0,77.2,0.9659258262890683,-0.25881904510252063
2025-11-23T08:00,247.7,15.8,70,3.984778792366982,0.348622970990633,40.0,0.0,77.5,0.8660254037844387,-0.4999999999999998
2025-11-23T09:00,209.5,19.3,57,2.2,4.0413344371862655e-16,95.0,0.0,66.2,0.7071067811865476,-0.7071067811865475
2025-11-23T10:00,170.0,22.1,46,1.7669289302057951,0.3434561916777803,255.0,0.0,48.6,0.49999999999999994,-0.8660254037844387
2025-11-23T11:00,137.4,24.0,39,2.537170076121953,0.9234543869793052,1260.0,0.0,33.7,0.258819045102521,-0.9659258262890682
2025-11-23T12:00,128.5,25.5,31,5.022519540362261,0.8856057061013446,1505.0,0.0,22.3,1.2246467991473532e-16,-1.0
2025-11-23T13:00,117.8,25.9,29,7.198903405126018,0.12565732634844118,1615.0,0.0,13.5,-0.2588190451025208,-0.9659258262890683
2025-11-23T14:00,104.3,25.9,28,7.770318645115615,-0.6798147934317316,1550.0,0.0,13.2,-0.4999999999999997,-0.8660254037844388
2025-11-23T15:00,96.9,25.4,29,7.9229955659438245,-1.6840846956238513,1380.0,0.0,28.0,-0.7071067811865471,-0.7071067811865479
2025-11-23T16:00,104.3,24.4,33,7.55480757210798,-2.3097364673096203,1130.0,0.0,51.3,-0.8660254037844385,-0.5000000000000004
2025-11-23T17:00,154.1,22.3,42,4.852313536833695,-0.6819481947043208,195.0,0.0,73.5,-0.9659258262890683,-0.25881904510252063
2025-11-23T18:00,168.1,21.5,46,4.303849443228745,-0.9148114395981416,130.0,0.0,76.6,-1.0,-1.8369701987210297e-16
2025-11-23T19:00,174.6,20.4,52,4.112110450641052,-1.2571983303077678,100.0,0.0,80.5,-0.9659258262890684,0.2588190451025203
2025-11-23T20:00,181.1,19.4,56,3.6062834421653243,-2.3419478505646145,85.0,0.0,82.0,-0.8660254037844386,0.5000000000000001
2025-11-23T21:00,187.2,18.4,60,3.217386661099708,-2.699707960683465,75.0,0.0,79.1,-0.7071067811865477,0.7071067811865474
2025-11-23T22:00,189.5,17.8,63,1.8221342821066675,-2.507952682562337,70.0,0.0,73.7,-0.5000000000000004,0.8660254037844384
2025-11-23T23:00,186.7,17.2,66,1.939691332565162,-2.6697560814373262,80.0,0.0,67.6,-0.25881904510252157,0.9659258262890681
2025-11-24T00:00,180.7,16.3,69,2.192031021678298,-2.192031021678297,60.0,0.0,60.5,0.0,1.0
2025-11-24T01:00,174.6,15.7,71,2.3339510662430043,-0.895919873863251,30.0,0.0,52.6,0.25881904510252074,0.9659258262890683
2025-11-24T02:00,170.9,14.8,75,3.423803458662553,-1.11246117974981,30.0,0.0,46.5,0.49999999999999994,0.8660254037844387
2025-11-24T03:00,168.1,13.9,79,3.7301832971011226,-0.7250741824308714,30.0,0.0,42.9,0.7071067811865476,0.7071067811865476
2025-11-24T04:00,166.2,13.2,81,4.5,8.266365894244633e-16,35.0,0.0,41.2,0.8660254037844386,0.5000000000000001
2025-11-24T05:00,175.6,12.4,88,4.497258721585931,0.15704773516125342,45.0,0.0,41.9,0.9659258262890683,0.25881904510252074
2025-11-24T06:00,181.1,12.2,88,3.9945181390182953,-0.20934382497177578,45.0,0.0,48.6,1.0,6.123233995736766e-17
2025-11-24T07:00,196.0,12.7,84,4.497258721585931,0.15704773516125342,45.0,0.0,57.2,0.9659258262890683,-0.25881904510252063
2025-11-24T08:00,195.1,14.7,75,4.466457682385949,-0.5484120453231646,65.0,0.0,59.4,0.8660254037844387,-0.4999999999999998
2025-11-24T09:00,171.4,17.8,62,2.5431837619078945,-0.5405703961261745,120.0,0.0,49.2,0.7071067811865476,-0.7071067811865475
2025-11-24T10:00,133.2,20.6,52,2.0098000068137227,-0.8948206147667596,245.0,0.0,32.6,0.49999999999999994,-0.8660254037844387
2025-11-24T11:00,97.3,22.8,42,2.852279436314764,-2.6597936042437444,870.0,0.0,19.5,0.258819045102521,-0.9659258262890682
2025-11-24T12:00,79.4,24.2,36,3.5748714227020653,-2.894873798829252,1075.0,0.0,12.3,1.2246467991473532e-16,-1.0
2025-11-24T13:00,72.6,24.8,31,4.449593469062211,-3.232818887608601,1310.0,0.0,8.6,-0.2588190451025208,-0.9659258262890683
2025-11-24T14:00,68.9,25.0,30,5.400153994423308,-3.244739871933341,1420.0,0.0,11.4,-0.4999999999999997,-0.8660254037844388
2025-11-24T15:00,65.7,24.8,29,5.914454374844575,-3.553762716879374,1405.0,0.0,24.6,-0.7071067811865471,-0.7071067811865479
2025-11-24T16:00,68.5,23.9,31,5.975575286112627,-3.450000000000001,1100.0,0.0,44.3,-0.8660254037844385,-0.5000000000000004
2025-11-24T17:00,87.1,21.5,44,3.9204287064288197,-1.9975581988540054,195.0,0.0,61.4,-0.9659258262890683,-0.25881904510252063
2025-11-24T18:00,100.8,20.7,47,3.4434956121498157,-1.8309390948649726,145.0,0.0,69.3,-1.0,-1.8369701987210297e-16
2025-11-24T19:00,112.5,20.0,49,2.2897298596223505,-1.4307820134296527,110.0,0.0,80.1,-0.9659258262890684,0.2588190451025203
2025-11-24T20:00,123.4,19.0,52,2.374737773668832,-1.9926415900282717,95.0,0.0,86.8,-0.8660254037844386,0.5000000000000001
2025-11-24T21:00,133.2,18.1,55,2.6697560814373267,-1.9396913325651606,75.0,0.0,86.2,-0.7071067811865477,0.7071067811865474
2025-11-24T22:00,139.7,17.2,58,3.081446475924609,-1.4369020899183786,60.0,0.0,81.6,-0.5000000000000004,0.8660254037844384
2025-11-24T23:00,139.2,16.4,63,3.081446475924609,-1.4369020899183786,55.0,0.0,75.6,-0.25881904510252157,0.9659258262890681
2025-11-25T00:00,131.3,15.3,66,3.595066325116466,-0.1884094424745982,40.0,0.0,68.4,0.0,1.0
2025-11-25T01:00,123.9,14.5,67,4.45048250192058,-1.7981116483963773,55.0,0.0,59.9,0.25881904510252074,0.9659258262890683
2025-11-25T02:00,118.7,13.6,72,3.9945181390182953,-0.20934382497177578,50.0,0.0,52.3,0.49999999999999994,0.8660254037844387
2025-11-25T03:00,115.9,12.8,75,4.497258721585931,-0.15704773516125575,45.0,0.0,45.8,0.7071067811865476,0.7071067811865476
2025-11-25T04:00,114.8,12.2,77,4.303849443228745,-0.9148114395981416,45.0,0.0,40.2,0.8660254037844386,0.5000000000000001
2025-11-25T05:00,116.2,11.6,82,4.283637201794505,-0.3747696938149289,45.0,0.0,35.6,0.9659258262890683,0.25881904510252074
2025-11-25T06:00,123.4,11.4,83,4.497258721585931,-0.15704773516125575,45.0,0.0,39.9,1.0,6.123233995736766e-17
2025-11-25T07:00,132.7,11.8,80,5.896405879412665,-0.20590703054475756,60.0,0.0,45.5,0.9659258262890683,-0.25881904510252063
2025-11-25T08:00,126.2,13.7,72,6.496040375624123,0.22684672856625496,85.0,0.0,46.4,0.8660254037844387,-0.4999999999999998
2025-11-25T09:00,115.0,16.7,59,4.283637201794505,-0.3747696938149289,130.0,0.0,38.4,0.7071067811865476,-0.7071067811865475
2025-11-25T10:00,96.4,19.5,50,4.636443966187528,-1.2423314164920973,255.0,0.0,25.8,0.49999999999999994,-0.8660254037844387
2025-11-25T11:00,71.7,21.9,42,6.326146321737412,-3.223332548150781,900.0,0.0,15.9,0.258819045102521,-0.9659258262890682
2025-11-25T12:00,54.8,23.3,36,6.960965713947022,-4.5205039906247215,1015.0,0.0,10.1,1.2246467991473532e-16,-1.0
2025-11-25T13:00,49.2,23.8,35,6.960965713947022,-4.5205039906247215,1115.0,0.0,7.0,-0.2588190451025208,-0.9659258262890683
2025-11-25T14:00,48.0,24.0,34,7.447818472546172,-4.300000000000001,1140.0,0.0,9.6,-0.4999999999999997,-0.8660254037844388
2025-11-25T15:00,47.8,23.6,34,7.751756760438801,-3.9497173477340555,1115.0,0.0,21.3,-0.7071067811865471,-0.7071067811865479
2025-11-25T16:00,51.0,22.8,35,7.58242729843359,-3.375914137529138,1015.0,0.0,38.7,-0.8660254037844385,-0.5000000000000004
2025-11-25T17:00,65.7,20.7,44,4.667902132486009,-1.791839747726502,300.0,0.0,51.4,-0.9659258262890683,-0.25881904510252063
2025-11-25T18:00,81.0,20.0,46,4.886401628086723,-1.7785047452934788,220.0,0.0,58.1,-1.0,-1.8369701987210297e-16
2025-11-25T19:00,89.9,18.9,51,5.18418228388917,-1.101931961334125,145.0,0.0,66.9,-0.9659258262890684,0.2588190451025203
2025-11-25T20:00,92.9,17.8,55,5.34744757120448,-0.7515347451843536,115.0,0.0,70.7,-0.8660254037844386,0.5000000000000001
2025-11-25T21:00,92.2,16.9,60,5.18418228388917,-1.101931961334125,105.0,0.0,65.3,-0.7071067811865477,0.7071067811865474
2025-11-25T22:00,92.0,16.0,63,4.886401628086723,-1.7785047452934788,95.0,0.0,54.9,-0.5000000000000004,0.8660254037844384
2025-11-25T23:00,90.3,15.3,68,4.886401628086723,-1.7785047452934788,85.0,0.0,45.2,-0.25881904510252157,0.9659258262890681
2025-11-26T00:00,88.2,14.8,67,5.04133430308489,-1.935186927544622,95.0,0.0,37.8,0.0,1.0
2025-11-26T01:00,87.8,14.1,69,4.998560818879258,-1.4333142502483969,90.0,0.0,31.1,0.25881904510252074,0.9659258262890683
2025-11-26T02:00,88.5,13.3,73,4.6421352007971475,-0.7352419856890842,75.0,0.0,26.3,0.49999999999999994,0.8660254037844387
2025-11-26T03:00,89.4,12.5,76,4.097502390778292,0.14308793648025311,50.0,0.0,23.2,0.7071067811865476,0.7071067811865476
2025-11-26T04:00,91.0,11.9,79,3.961072274966281,0.5566924038402633,40.0,0.0,21.9,0.8660254037844386,0.5000000000000001
2025-11-26T05:00,97.1,11.4,85,4.482876141412855,-0.3922008423644605,40.0,0.0,24.6,0.9659258262890683,0.25881904510252074
2025-11-26T06:00,105.7,11.2,86,4.097502390778292,0.14308793648025311,45.0,0.0,33.7,1.0,6.123233995736766e-17
2025-11-26T07:00,123.4,11.5,83,3.9945181390182953,0.20934382497177723,45.0,0.0,45.8,0.9659258262890683,-0.25881904510252063
2025-11-26T08:00,129.9,13.5,74,3.9868905746371857,-1.6108083516884213,65.0,0.0,51.4,0.8660254037844387,-0.4999999999999998
2025-11-26T09:00,122.0,16.5,62,2.1554976886431083,-1.4539015490239422,120.0,0.0,44.5,0.7071067811865476,-0.7071067811865475
2025-11-26T10:00,110.4,19.3,51,1.4142135623730954,-1.4142135623730947,270.0,0.0,31.1,0.49999999999999994,-0.8660254037844387
2025-11-26T11:00,93.6,21.2,43,2.120925734695594,-1.9777952441812459,680.0,0.0,20.4,0.258819045102521,-0.9659258262890682
2025-11-26T12:00,70.3,22.9,35,2.486602585505179,-2.318794424212495,830.0,0.0,13.7,1.2246467991473532e-16,-1.0
2025-11-26T13:00,61.5,23.6,32,2.875087836170255,-2.1665340833473725,925.0,0.0,9.7,-0.2588190451025208,-0.9659258262890683
2025-11-26T14:00,60.1,23.9,31,3.4434956121498157,-1.8309390948649726,1065.0,0.0,13.6,-0.4999999999999997,-0.8660254037844388
2025-11-26T15:00,59.5,23.7,31,4.198174594269099,-2.327086177182419,1050.0,0.0,30.8,-0.7071067811865471,-0.7071067811865479
2025-11-26T16:00,67.1,22.9,33,4.312631754255383,-3.249801125021059,925.0,0.0,55.9,-0.8660254037844385,-0.5000000000000004
2025-11-26T17:00,84.5,20.6,45,1.4235782507653005,-3.1974091017491033,330.0,0.0,76.0,-0.9659258262890683,-0.25881904510252063
2025-11-26T18:00,109.7,19.6,46,-0.20934382497177534,-3.9945181390182953,280.0,0.0,85.7,-1.0,-1.8369701987210297e-16
2025-11-26T19:00,131.3,18.8,51,-1.2360679774997896,-3.804226065180614,200.0,0.0,99.1,-0.9659258262890684,0.2588190451025203
2025-11-26T20:00,149.0,18.4,52,-0.8652475842498527,-2.6629582456264296,145.0,0.0,108.8,-0.8660254037844386,0.5000000000000001
2025-11-26T21:00,166.2,17.6,54,-1.2675732195219052,-2.383958500719103,85.0,0.0,111.4,-0.7071067811865477,0.7071067811865474
2025-11-26T22:00,183.5,17.2,56,-0.374606593415912,-0.9271838545667874,50.0,0.0,110.4,-0.5000000000000004,0.8660254037844384
2025-11-26T23:00,195.1,16.4,60,-0.1854101966249685,0.570633909777092,35.0,0.0,109.1,-0.25881904510252157,0.9659258262890681
2025-11-27T00:00,198.8,15.9,61,0.18159619989581866,0.3564026096753472,25.0,0.0,109.0,0.0,1.0
2025-11-27T01:00,198.4,15.6,62,0.4,7.347880794884119e-17,20.0,0.0,108.5,0.25881904510252074,0.9659258262890683
2025-11-27T02:00,196.0,14.8,65,0.5706339097770922,-0.18541019662496833,35.0,0.0,106.5,0.49999999999999994,0.8660254037844387
2025-11-27T03:00,191.9,14.0,67,0.7128052193506944,-0.3631923997916373,35.0,0.0,101.8,0.7071067811865476,0.7071067811865476
2025-11-27T04:00,189.5,13.4,70,0.8571673007021123,-0.5150380749100542,35.0,0.0,95.6,0.8660254037844386,0.5000000000000001
2025-11-27T05:00,185.8,13.3,71,0.33551574208244794,-0.49742254353302506,30.0,0.0,84.9,0.9659258262890683,0.25881904510252074
2025-11-27T06:00,187.2,12.8,74,0.17207791154425423,-1.0864571746546514,35.0,0.0,85.3,1.0,6.123233995736766e-17
2025-11-27T07:00,194.2,12.6,77,3.9188697572715305e-16,-1.6,35.0,0.0,85.1,0.9659258262890683,-0.25881904510252063
2025-11-27T08:00,179.7,14.5,71,-1.9798989873223332,-1.9798989873223332,45.0,0.0,79.4,0.8660254037844387,-0.4999999999999998
2025-11-27T09:00,140.2,17.4,59,-1.7820130483767356,-0.9079809994790936,125.0,0.0,62.6,0.7071067811865476,-0.7071067811865475
2025-11-27T10:00,98.3,19.9,47,-2.7189233611099497,-1.2678547852220983,395.0,0.0,40.3,0.49999999999999994,-0.8660254037844387
2025-11-27T11:00,67.3,21.6,35,-3.0597067200703982,-1.2362017582725093,655.0,0.0,23.9,0.258819045102521,-0.9659258262890682
2025-11-27T12:00,56.0,23.2,31,-2.8319909186920627,-1.2608835935349807,775.0,0.0,16.9,1.2246467991473532e-16,-1.0
2025-11-27T13:00,50.4,24.0,29,-1.9733545036504077,-0.7182423009839045,940.0,0.0,15.8,-0.2588190451025208,-0.9659258262890683
2025-11-27T14:00,47.7,24.4,29,-1.800051331474436,-1.0815799573111138,1045.0,0.0,22.1,-0.4999999999999997,-0.8660254037844388
2025-11-27T15:00,46.8,24.3,29,-2.0205794997881243,-1.6362330167295775,1090.0,0.0,40.2,-0.7071067811865471,-0.7071067811865479
2025-11-27T16:00,51.1,23.5,32,-2.6572186321765483,-1.5966180322211678,1080.0,0.0,65.6,-0.8660254037844385,-0.5000000000000004
2025-11-27T17:00,103.6,21.3,46,-1.800051331474436,-1.0815799573111138,130.0,0.0,90.4,-0.9659258262890683,-0.25881904510252063
2025-11-27T18:00,129.9,20.3,49,-1.2618681599723014,-1.802134497435782,190.0,0.0,97.9,-1.0,-1.8369701987210297e-16
2025-11-27T19:00,147.6,19.3,54,-0.8959198738632507,-2.3339510662430043,155.0,0.0,107.8,-0.9659258262890684,0.2588190451025203
2025-11-27T20:00,157.4,18.6,58,-0.17439118436031326,-2.4939101256495606,130.0,0.0,112.7,-0.8660254037844386,0.5000000000000001
2025-11-27T21:00,159.3,17.7,62,1.0863591209061458,-2.688833178243683,95.0,0.0,108.5,-0.7071067811865477,0.7071067811865474
2025-11-27T22:00,154.6,16.9,66,8.327598234202001e-16,-3.4,85.0,0.0,99.3,-0.5000000000000004,0.8660254037844384
2025-11-27T23:00,142.5,16.2,71,0.7423384793347556,-3.215421213791276,70.0,0.0,89.3,-0.25881904510252157,0.9659258262890681
2025-11-28T00:00,129.5,15.3,74,1.4457051754103134,-3.405867957774029,65.0,0.0,79.7,0.0,1.0
2025-11-28T01:00,122.0,14.7,75,1.1110124779464012,-3.633958072659534,60.0,0.0,69.3,0.25881904510252074,0.9659258262890683
2025-11-28T02:00,117.1,14.2,76,2.192031021678298,-2.192031021678297,50.0,0.0,59.2,0.49999999999999994,0.8660254037844387
2025-11-28T03:00,113.4,13.4,79,3.616017032810471,-1.4609657143220567,50.0,0.0,48.2,0.7071067811865476,0.7071067811865476
2025-11-28T04:00,110.4,12.5,84,4.636443966187528,-1.2423314164920973,60.0,0.0,37.4,0.8660254037844386,0.5000000000000001
2025-11-28T05:00,101.3,11.8,88,3.7489206141594433,-1.0749856876862975,50.0,0.0,22.3,0.9659258262890683,0.25881904510252074
2025-11-28T06:00,105.5,11.5,88,3.6339580726595346,-1.1110124779463995,40.0,0.0,30.7,1.0,6.123233995736766e-17
2025-11-28T07:00,115.9,12.1,84,4.1,7.531577814756221e-16,40.0,0.0,41.8,0.9659258262890683,-0.25881904510252063
2025-11-28T08:00,115.7,14.2,73,6.291366068953815,0.3297165243305491,80.0,0.0,46.9,0.8660254037844387,-0.4999999999999998
2025-11-28T09:00,107.6,16.7,63,4.871850323926176,-1.1247552717193245,155.0,0.0,40.1,0.7071067811865476,-0.7071067811865475
2025-11-28T10:00,86.1,19.3,53,4.350277377775919,-2.028567656355358,265.0,0.0,27.2,0.49999999999999994,-0.8660254037844387
2025-11-28T11:00,60.1,21.8,44,4.548022477124857,-2.5210100252809537,425.0,0.0,17.2,0.258819045102521,-0.9659258262890682
2025-11-28T12:00,46.9,23.6,36,3.7476659402887025,-3.7476659402887007,540.0,0.0,12.6,1.2246467991473532e-16,-1.0
2025-11-28T13:00,42.7,24.6,32,4.364789504399989,-4.680663690362692,660.0,0.0,10.9,-0.2588190451025208,-0.9659258262890683
2025-11-28T14:00,40.5,25.2,30,5.362311101832847,-4.499513267805774,790.0,0.0,13.3,-0.4999999999999997,-0.8660254037844388
2025-11-28T15:00,40.3,25.2,29,5.5582881323056945,-5.183187536474989,815.0,0.0,22.7,-0.7071067811865471,-0.7071067811865479
2025-11-28T16:00,42.7,24.3,33,6.229430856687096,-4.5259464426520415,690.0,0.0,36.2,-0.8660254037844385,-0.5000000000000004
2025-11-28T17:00,61.5,20.8,54,3.9945181390182953,-0.20934382497177578,105.0,0.0,53.4,-0.9659258262890683,-0.25881904510252063
2025-11-28T18:00,68.7,20.5,52,4.517929970910099,-1.295495572339897,135.0,0.0,53.5,-1.0,-1.8369701987210297e-16
2025-11-28T19:00,69.4,19.8,54,4.694574752607446,-1.9927287552952946,135.0,0.0,53.4,-0.9659258262890684,0.2588190451025203
2025-11-28T20:00,68.7,19.1,57,4.897870359980615,-2.7149338733794885,130.0,0.0,51.6,-0.8660254037844386,0.5000000000000001
2025-11-28T21:00,67.5,18.4,60,4.664264528860343,-2.9145559532826257,125.0,0.0,47.0,-0.7071067811865477,0.7071067811865474
2025-11-28T22:00,66.6,17.6,64,4.012982057577931,-3.6133052743378324,125.0,0.0,40.7,-0.5000000000000004,0.8660254037844384
2025-11-28T23:00,65.0,16.5,71,4.821356043747294,-1.9479542857627423,95.0,0.0,34.7,-0.25881904510252157,0.9659258262890681
2025-11-29T00:00,63.6,15.9,71,4.696555180494376,-3.049978596084149,100.0,0.0,29.5,0.0,1.0
2025-11-29T01:00,62.9,15.5,71,5.015905365124675,-3.6442685642133323,115.0,0.0,24.6,0.25881904510252074,0.9659258262890683
2025-11-29T02:00,62.6,15.0,72,5.5123126250167696,-3.4444752175158304,110.0,0.0,20.8,0.49999999999999994,0.8660254037844387
2025-11-29T03:00,61.9,14.7,71,6.3219854476264015,-3.650000000000001,110.0,0.0,18.0,0.7071067811865476,0.7071067811865476
2025-11-29T04:00,61.2,14.4,71,6.275555911557553,-3.921402555325715,110.0,0.0,16.4,0.8660254037844386,0.5000000000000001
2025-11-29T05:00,64.0,13.9,73,6.466493065929325,-4.361704647071827,110.0,0.0,18.8,0.9659258262890683,0.25881904510252074
2025-11-29T06:00,64.3,13.7,73,5.745333323392336,-4.820907072649044,110.0,0.0,24.4,1.0,6.123233995736766e-17
2025-11-29T07:00,67.8,13.7,73,6.290029259590682,-4.084792762612699,110.0,0.0,31.8,0.9659258262890683,-0.25881904510252063
2025-11-29T08:00,71.9,15.1,68,7.250462296293199,-3.380946093925597,130.0,0.0,35.6,0.8660254037844387,-0.4999999999999998
2025-11-29T09:00,68.2,17.4,60,5.015905365124675,-3.6442685642133323,180.0,0.0,32.3,0.7071067811865476,-0.7071067811865475
2025-11-29T10:00,63.3,20.1,49,4.459906762099637,-4.306881896845783,275.0,0.0,25.3,0.49999999999999994,-0.8660254037844387
2025-11-29T11:00,54.1,23.0,41,4.981083229470297,-4.3299895913373465,395.0,0.0,19.1,0.258819045102521,-0.9659258262890682
2025-11-29T12:00,43.1,25.1,32,5.37968403772216,-6.188618557826729,925.0,0.0,14.0,1.2246467991473532e-16,-1.0
2025-11-29T13:00,39.6,25.9,30,6.095202647831138,-9.036509540849956,1325.0,0.0,9.8,-0.2588190451025208,-0.9659258262890683
2025-11-29T14:00,37.6,25.9,32,7.237184497073135,-8.937178556755162,1415.0,0.0,10.0,-0.4999999999999997,-0.8660254037844388
2025-11-29T15:00,36.4,25.4,34,7.780173749140772,-8.05660576379289,1350.0,0.0,17.9,-0.7071067811865471,-0.7071067811865479
2025-11-29T16:00,37.0,24.5,36,6.98556135948751,-6.289827699773263,1185.0,0.0,30.3,-0.8660254037844385,-0.5000000000000004
2025-11-29T17:00,47.0,22.5,42,4.633233925779514,-2.3607505986456427,330.0,0.0,47.5,-0.9659258262890683,-0.25881904510252063
2025-11-29T18:00,52.6,21.5,44,4.821356043747294,-1.9479542857627423,245.0,0.0,49.4,-1.0,-1.8369701987210297e-16
2025-11-29T19:00,55.2,20.5,47,5.259676157796695,-1.608044375975052,175.0,0.0,51.8,-0.9659258262890684,0.2588190451025203
2025-11-29T20:00,54.8,19.5,50,5.966700364476214,-1.2682613139883325,150.0,0.0,51.7,-0.8660254037844386,0.5000000000000001
2025-11-29T21:00,53.0,18.6,52,6.085332705621131,-1.6305599841458778,140.0,0.0,47.1,-0.7071067811865477,0.7071067811865474
2025-11-29T22:00,52.9,17.7,53,5.575317836442249,-1.5986966637385964,125.0,0.0,40.0,-0.5000000000000004,0.8660254037844384
2025-11-29T23:00,53.1,16.6,58,5.62771521240078,-1.403146994478071,110.0,0.0,33.3,-0.25881904510252157,0.9659258262890681
2025-11-30T00:00,53.1,16.1,57,5.38874422160777,-3.6347538725598554,150.0,0.0,27.7,0.0,1.0
2025-11-30T01:00,53.6,15.1,58,4.33405914483697,-3.3861381142911218,145.0,0.0,22.5,0.25881904510252074,0.9659258262890683
2025-11-30T02:00,54.1,14.0,60,4.149853686436957,-2.206516345093685,125.0,0.0,18.7,0.49999999999999994,0.8660254037844387
2025-11-30T03:00,55.2,13.4,60,4.469965626587222,-1.452379873562252,100.0,0.0,16.4,0.7071067811865476,0.7071067811865476
2025-11-30T04:00,56.6,12.8,61,4.829629131445342,-1.2940952255126015,95.0,0.0,15.6,0.8660254037844386,0.5000000000000001
2025-11-30T05:00,58.6,12.5,68,5.200352165796243,-1.7906248495143597,110.0,0.0,16.1,0.9659258262890683,0.25881904510252074
2025-11-30T06:00,63.1,11.7,71,5.596588631306936,-0.19543718153400716,95.0,0.0,23.1,1.0,6.123233995736766e-17
2025-11-30T07:00,70.5,11.9,71,6.795857623729851,0.23731657757700517,95.0,0.0,32.5,0.9659258262890683,-0.25881904510252063
2025-11-30T08:00,76.6,13.4,65,7.389858557183847,0.3872860761977879,135.0,0.0,37.3,0.8660254037844387,-0.4999999999999998
2025-11-30T09:00,74.3,15.8,56,6.674504477214695,-0.5839434764093079,195.0,0.0,33.4,0.7071067811865476,-0.7071067811865475
2025-11-30T10:00,68.7,18.5,47,7.061105457114741,-0.7421520892003362,275.0,0.0,25.0,0.49999999999999994,-0.8660254037844387
2025-11-30T11:00,54.9,21.2,38,8.467654933779837,-0.7408238133550921,430.0,0.0,17.8,0.258819045102521,-0.9659258262890682
2025-11-30T12:00,39.2,23.0,32,10.045628593406311,-2.6917180690662112,920.0,0.0,12.8,1.2246467991473532e-16,-1.0
2025-11-30T13:00,36.1,23.6,31,11.88820645368942,-3.8627124296868405,1005.0,0.0,9.1,-0.2588190451025208,-0.9659258262890683
2025-11-30T14:00,34.8,23.4,31,12.268629060207482,-3.9863192274368195,990.0,0.0,9.3,-0.4999999999999997,-0.8660254037844388
2025-11-30T15:00,33.9,23.2,31,12.028065546059628,-4.377857834568563,980.0,0.0,16.0,-0.7071067811865471,-0.7071067811865479
2025-11-30T16:00,36.0,22.5,32,9.75735144659587,-4.1417499619862985,915.0,0.0,26.6,-0.8660254037844385,-0.5000000000000004
2025-11-30T17:00,45.6,20.4,39,6.695040511304377,-1.6692610796377054,430.0,0.0,37.7,-0.9659258262890683,-0.25881904510252063
2025-11-30T18:00,57.2,19.5,42,7.017210380349727,-2.0121526974640953,300.0,0.0,42.9,-1.0,-1.8369701987210297e-16
2025-11-30T19:00,63.3,18.3,45,6.161630814881531,-2.3652284669989823,180.0,0.0,50.0,-0.9659258262890684,0.2588190451025203
2025-11-30T20:00,69.4,17.2,47,5.213005468535169,-2.5425526513766488,125.0,0.0,54.4,-0.8660254037844386,0.5000000000000001
2025-11-30T21:00,75.0,16.5,48,5.282754963085075,-3.0500000000000007,120.0,0.0,54.1,-0.7071067811865477,0.7071067811865474
2025-11-30T22:00,79.9,15.7,48,5.256938492711371,-2.678543948463325,105.0,0.0,51.1,-0.5000000000000004,0.8660254037844384
2025-11-30T23:00,80.6,15.1,51,4.325045290397773,-2.7025882475893437,90.0,0.0,46.7,-0.25881904510252157,0.9659258262890681
2025-12-01T00:00,77.8,13.9,51,3.9595527116162863,-4.10023686193031,85.0,0.0,39.8,0.0,1.0
2025-12-01T01:00,76.1,13.2,53,2.907803098047882,-4.3109953772862175,85.0,0.0,31.5,0.25881904510252074,0.9659258262890683
2025-12-01T02:00,76.6,12.6,55,2.163159914622229,-3.600102662948871,70.0,0.0,26.0,0.49999999999999994,0.8660254037844387
2025-12-01T03:00,78.7,12.1,58,1.939691332565162,-2.6697560814373262,55.0,0.0,24.8,0.7071067811865476,0.7071067811865476
2025-12-01T04:00,82.0,11.6,60,0.6973482684659825,-3.020547200834229,45.0,0.0,26.4,0.8660254037844386,0.5000000000000001
2025-12-01T05:00,91.3,11.0,69,0.7263847995832752,-1.4256104387013886,30.0,0.0,29.6,0.9659258262890683,0.25881904510252074
2025-12-01T06:00,102.2,10.2,73,0.6792070083931975,0.16934532691976745,15.0,0.0,40.3,1.0,6.123233995736766e-17
2025-12-01T07:00,126.2,10.0,75,1.8000513314744355,1.0815799573111142,20.0,0.0,54.6,0.9659258262890683,-0.25881904510252063
2025-12-01T08:00,141.6,12.2,65,3.405867957774029,1.4457051754103132,45.0,0.0,61.1,0.8660254037844387,-0.4999999999999998
2025-12-01T09:00,117.1,15.2,54,1.7669289302057951,0.3434561916777803,115.0,0.0,52.6,0.7071067811865476,-0.7071067811865475
2025-12-01T10:00,91.3,18.1,44,1.8,3.3065463576978537e-16,220.0,0.0,36.4,0.49999999999999994,-0.8660254037844387
2025-12-01T11:00,71.9,21.1,34,2.67372378560224,-0.3757673725921768,465.0,0.0,23.3,0.258819045102521,-0.9659258262890682
2025-12-01T12:00,59.0,23.2,28,4.711810480548786,-0.9158831778074165,715.0,0.0,15.2,1.2246467991473532e-16,-1.0
2025-12-01T13:00,49.0,24.1,26,5.7675701756299125,-1.6538241349019964,895.0,0.0,10.2,-0.2588190451025208,-0.9659258262890683
2025-12-01T14:00,43.5,24.3,26,6.14587074139556,-2.116193003971516,1000.0,0.0,13.1,-0.4999999999999997,-0.8660254037844388
2025-12-01T15:00,42.0,24.0,27,6.14587074139556,-2.116193003971516,1020.0,0.0,28.8,-0.7071067811865471,-0.7071067811865479
2025-12-01T16:00,48.5,23.1,30,4.727592877996585,-1.6278407722857815,720.0,0.0,52.4,-0.8660254037844385,-0.5000000000000004
2025-12-01T17:00,84.5,20.8,40,1.802134497435782,-1.2618681599723014,180.0,0.0,73.8,-0.9659258262890683,-0.25881904510252063
2025-12-01T18:00,112.0,20.0,43,0.18815123388177615,-1.790139411662892,150.0,0.0,84.9,-1.0,-1.8369701987210297e-16
2025-12-01T19:00,135.0,18.8,47,-1.8066526371689173,-2.0064910287889646,110.0,0.0,100.0,-0.9659258262890684,0.2588190451025203
2025-12-01T20:00,152.3,17.9,51,-2.6934229357015256,-0.18834247910913815,85.0,0.0,109.9,-0.8660254037844386,0.5000000000000001
2025-12-01T21:00,163.4,17.1,55,-3.380740392011739,0.905866657858823,70.0,0.0,109.9,-0.7071067811865477,0.7071067811865474
2025-12-01T22:00,170.0,16.3,58,-3.6042689948715636,2.5237363199446032,70.0,0.0,104.7,-0.5000000000000004,0.8660254037844384
2025-12-01T23:00,172.8,15.9,61,-3.44396959073927,1.6059493946146575,55.0,0.0,98.9,-0.25881904510252157,0.9659258262890681
2025-12-02T00:00,170.0,14.9,65,-3.2593715239639547,0.5162337346327617,40.0,0.0,93.9,0.0,1.0
2025-12-02T01:00,165.3,14.1,69,-3.994437368439645,-1.2978713763747793,45.0,0.0,88.3,0.25881904510252074,0.9659258262890683
2025-12-02T02:00,154.6,13.6,70,-4.493970231495835,-2.1918557339453875,60.0,0.0,82.1,0.49999999999999994,0.8660254037844387
2025-12-02T03:00,141.1,13.4,69,-3.052904034337845,-0.5383093507674843,55.0,0.0,74.0,0.7071067811865476,0.7071067811865476
2025-12-02T04:00,129.0,13.2,69,-3.1,-1.8982025386783975e-16,50.0,0.0,65.3,0.8660254037844386,0.5000000000000001
2025-12-02T05:00,110.6,12.8,74,-3.0957515577391788,-0.1622414643531263,40.0,0.0,35.7,0.9659258262890683,0.25881904510252074
2025-12-02T06:00,118.5,12.7,72,-3.5859407992715226,1.9877194430099816,45.0,0.0,45.9,1.0,6.123233995736766e-17
2025-12-02T07:00,138.8,12.9,71,-2.7169544888019797,2.361812504365826,45.0,0.0,59.5,0.9659258262890683,-0.25881904510252063
2025-12-02T08:00,158.3,15.0,61,-2.875440057390793,2.328485446884398,65.0,0.0,66.3,0.8660254037844387,-0.4999999999999998
2025-12-02T09:00,137.4,18.0,51,-1.6349186160502676,1.4720873339894882,130.0,0.0,60.1,0.7071067811865476,-0.7071067811865475
2025-12-02T10:00,101.5,20.8,43,-0.923454386979306,2.5371700761219524,285.0,0.0,47.1,0.49999999999999994,-0.8660254037844387
2025-12-02T11:00,77.1,22.8,46,0.3486229709906318,3.984778792366982,545.0,0.0,36.0,0.258819045102521,-0.9659258262890682
2025-12-02T12:00,61.2,24.2,46,1.4235782507653008,3.197409101749103,870.0,0.0,28.1,1.2246467991473532e-16,-1.0
2025-12-02T13:00,59.6,24.9,45,2.4905416147351476,2.1649947956686737,1135.0,0.0,22.1,-0.2588190451025208,-0.9659258262890683
2025-12-02T14:00,61.7,25.2,42,3.986890574637185,1.6108083516884228,1645.0,0.0,22.6,-0.4999999999999997,-0.8660254037844388
2025-12-02T15:00,60.5,25.0,41,6.096284044816484,0.21288692988525462,1855.0,0.0,35.4,-0.7071067811865471,-0.7071067811865479
2025-12-02T16:00,65.0,24.2,44,7.047694655894312,-2.5651510749425173,1365.0,0.0,54.7,-0.8660254037844385,-0.5000000000000004
2025-12-02T17:00,115.9,21.8,52,2.7179011100922823,-5.572523087054835,580.0,0.0,80.7,-0.9659258262890683,-0.25881904510252063
2025-12-02T18:00,118.0,20.9,51,1.9468070645621702,-5.991656052659467,555.0,0.0,76.7,-1.0,-1.8369701987210297e-16
2025-12-02T19:00,115.5,19.8,51,1.7981116483963793,-4.450482501920579,345.0,0.0,70.9,-0.9659258262890684,0.2588190451025203
2025-12-02T20:00,111.3,18.6,55,1.7582900782017326,-4.142271840535981,205.0,0.0,64.3,-0.8660254037844386,0.5000000000000001
2025-12-02T21:00,105.9,18.1,56,2.1563158771276916,-1.6249005625105295,115.0,0.0,56.6,-0.7071067811865477,0.7071067811865474
2025-12-02T22:00,101.5,16.7,59,4.325677631722434,-1.2403681011764973,90.0,0.0,48.1,-0.5000000000000004,0.8660254037844384
2025-12-02T23:00,98.3,15.8,65,3.9944373684396455,-1.2978713763747785,85.0,0.0,40.3,-0.25881904510252157,0.9659258262890681
2025-12-03T00:00,95.7,14.4,67,4.142271840535982,-1.7582900782017308,75.0,0.0,33.6,0.0,1.0
2025-12-03T01:00,95.7,13.7,67,4.095760221444959,-2.8678821817552302,90.0,0.0,27.6,0.25881904510252074,0.9659258262890683
2025-12-03T02:00,96.6,12.8,68,3.731411623088275,-2.3316447626261008,80.0,0.0,23.2,0.49999999999999994,0.8660254037844387
2025-12-03T03:00,97.3,12.1,69,3.2360679774997902,-2.3511410091698917,65.0,0.0,20.3,0.7071067811865476,0.7071067811865476
2025-12-03T04:00,97.8,11.3,71,3.0716855468005155,-2.864393112262494,70.0,0.0,18.9,0.8660254037844386,0.5000000000000001
2025-12-03T05:00,93.4,10.8,77,3.068992620281242,-3.291091657286268,80.0,0.0,16.1,0.9659258262890683,0.25881904510252074
2025-12-03T06:00,98.5,10.3,79,3.1955227495527967,-2.8772616073430886,70.0,0.0,23.8,1.0,6.123233995736766e-17
2025-12-03T07:00,108.7,10.4,78,3.8064927055539295,-1.7749966993109385,65.0,0.0,34.1,0.9659258262890683,-0.25881904510252063
2025-12-03T08:00,113.9,12.5,69,5.022519540362262,-0.8856057061013428,90.0,0.0,39.4,0.8660254037844387,-0.4999999999999998
2025-12-03T09:00,112.9,15.1,59,3.40586795777403,-1.445705175410312,150.0,0.0,34.8,0.7071067811865476,-0.7071067811865475
2025-12-03T10:00,109.0,17.9,49,4.095760221444959,-2.8678821817552302,400.0,0.0,25.0,0.49999999999999994,-0.8660254037844387
2025-12-03T11:00,99.2,20.2,40,6.229356978368886,-4.694157180585973,610.0,0.0,17.1,0.258819045102521,-0.9659258262890682
2025-12-03T12:00,78.5,21.7,34,5.945158603819157,-5.353044850870862,805.0,0.0,12.1,1.2246467991473532e-16,-1.0
2025-12-03T13:00,68.9,22.6,30,6.613988946748812,-5.9552623965938345,985.0,0.0,8.8,-0.2588190451025208,-0.9659258262890683
2025-12-03T14:00,64.0,22.9,29,7.538315826132616,-6.104407793183423,1065.0,0.0,10.7,-0.4999999999999997,-0.8660254037844388
2025-12-03T15:00,61.5,22.4,30,8.621990754572433,-5.815606196095769,1040.0,0.0,21.9,-0.7071067811865471,-0.7071067811865479
2025-12-03T16:00,63.3,21.4,34,8.22142524711032,-4.55721043031557,940.0,0.0,38.1,-0.8660254037844385,-0.5000000000000004
2025-12-03T17:00,76.8,19.5,41,5.9290894869708195,-1.8127045692809676,340.0,0.0,44.8,-0.9659258262890683,-0.25881904510252063
2025-12-03T18:00,82.7,18.8,45,5.800369837034559,-2.7047568751404776,290.0,0.0,43.6,-1.0,-1.8369701987210297e-16
2025-12-03T19:00,85.7,17.8,49,5.615079606059886,-2.383459883784568,195.0,0.0,41.8,-0.9659258262890684,0.2588190451025203
2025-12-03T20:00,89.2,16.8,52,6.1194134401407965,-2.4724035165450187,165.0,0.0,39.1,-0.8660254037844386,0.5000000000000001
2025-12-03T21:00,93.1,15.8,55,5.4378467222198985,-2.5357095704441974,135.0,0.0,35.0,-0.7071067811865477,0.7071067811865474
2025-12-03T22:00,97.1,14.9,57,5.553909369275841,-1.2822210097600302,110.0,0.0,30.0,-0.5000000000000004,0.8660254037844384
2025-12-03T23:00,99.9,13.9,63,5.595274945651684,-1.087611273646307,110.0,0.0,25.3,-0.25881904510252157,0.9659258262890681
2025-12-04T00:00,100.8,12.9,66,5.615079606059886,-2.383459883784568,120.0,0.0,21.2,0.0,1.0
2025-12-04T01:00,102.0,12.0,69,4.800136883931828,-2.8842132194963033,120.0,0.0,17.4,0.25881904510252074,0.9659258262890683
2025-12-04T02:00,102.7,11.5,70,5.256938492711371,-2.678543948463325,115.0,0.0,14.6,0.49999999999999994,0.8660254037844387
2025-12-04T03:00,103.1,11.1,71,5.247718242836374,-2.908857721478024,110.0,0.0,12.6,0.7071067811865476,0.7071067811865476
2025-12-04T04:00,102.9,10.7,72,5.430978635369399,-2.305313658086714,100.0,0.0,11.5,0.8660254037844386,0.5000000000000001
2025-12-04T05:00,107.6,10.1,75,6.161630814881531,-2.3652284669989823,100.0,0.0,13.4,0.9659258262890683,0.25881904510252074
2025-12-04T06:00,110.1,9.8,75,6.675723752880869,-2.697167472594566,105.0,0.0,20.5,1.0,6.123233995736766e-17
2025-12-04T07:00,116.2,9.9,74,7.375285369327894,-2.831106801407873,110.0,0.0,30.1,0.9659258262890683,-0.25881904510252063
2025-12-04T08:00,118.3,11.4,68,8.961750552411093,-1.5801984167690626,140.0,0.0,34.9,0.8660254037844387,-0.4999999999999998
2025-12-04T09:00,114.8,13.8,60,6.500981366049177,-1.6208767005177718,195.0,0.0,30.5,0.7071067811865476,-0.7071067811865475
2025-12-04T10:00,103.1,16.4,51,6.719685430202816,-2.8523372379716965,385.0,0.0,21.4,0.49999999999999994,-0.8660254037844387
2025-12-04T11:00,82.9,19.2,44,8.22142524711032,-4.55721043031557,495.0,0.0,14.1,0.258819045102521,-0.9659258262890682
2025-12-04T12:00,65.4,20.8,38,8.952745484897491,-3.986019102142838,625.0,0.0,9.8,1.2246467991473532e-16,-1.0
2025-12-04T13:00,57.7,21.6,34,9.735430472951268,-3.9333692308670756,790.0,0.0,7.3,-0.2588190451025208,-0.9659258262890683
2025-12-04T14:00,52.4,21.9,32,9.735430472951268,-3.9333692308670756,870.0,0.0,9.7,-0.4999999999999997,-0.8660254037844388
2025-12-04T15:00,49.9,21.5,33,9.57325047590538,-4.063603736288444,860.0,0.0,20.4,-0.7071067811865471,-0.7071067811865479
2025-12-04T16:00,52.6,20.6,36,8.98794046299167,-4.383711467890774,845.0,0.0,36.0,-0.8660254037844385,-0.5000000000000004
2025-12-04T17:00,63.6,18.3,44,4.850388233105283,-1.5759866713122308,275.0,0.0,42.2,-0.9659258262890683,-0.25881904510252063
2025-12-04T18:00,78.9,17.5,47,4.852313536833695,-0.6819481947043208,145.0,0.0,50.7,-1.0,-1.8369701987210297e-16
2025-12-04T19:00,89.9,16.6,51,5.196832300499298,-0.18147738285300666,110.0,0.0,62.2,-0.9659258262890684,0.2588190451025203
2025-12-04T20:00,98.3,15.7,54,5.896405879412665,0.2059070305447545,95.0,0.0,68.6,-0.8660254037844386,0.5000000000000001
2025-12-04T21:00,102.7,14.8,56,5.386845871403052,-0.3766849582182762,80.0,0.0,65.8,-0.7071067811865477,0.7071067811865474
2025-12-04T22:00,103.1,14.0,58,5.259676157796695,-1.608044375975052,75.0,0.0,57.9,-0.5000000000000004,0.8660254037844384
2025-12-04T23:00,100.1,13.5,62,3.564026096753472,-1.8159619989581866,55.0,0.0,49.5,-0.25881904510252157,0.9659258262890681
2025-12-05T00:00,96.2,12.3,65,4.134452612976168,-2.0165072752297557,45.0,0.0,41.0,0.0,1.0
2025-12-05T01:00,94.1,11.5,67,4.685893304218874,-1.43262135314141,50.0,0.0,32.0,0.25881904510252074,0.9659258262890683
2025-12-05T02:00,93.6,10.9,68,4.711810480548786,-0.9158831778074165,50.0,0.0,25.7,0.49999999999999994,0.8660254037844387
2025-12-05T03:00,94.3,10.2,70,4.3,7.898971854500428e-16,40.0,0.0,23.2,0.7071067811865476,0.7071067811865476
2025-12-05T04:00,96.6,9.5,74,4.6971368869897505,-0.16402763450175603,45.0,0.0,23.4,0.8660254037844386,0.5000000000000001
2025-12-05T05:00,106.9,8.9,80,4.888063846273139,-0.3418067213462136,50.0,0.0,26.1,0.9659258262890683,0.25881904510252074
2025-12-05T06:00,115.3,8.6,81,4.482876141412855,0.3922008423644621,50.0,0.0,34.6,1.0,6.123233995736766e-17
2025-12-05T07:00,131.3,8.7,80,4.664966912714214,0.5727859140041918,50.0,0.0,45.9,0.9659258262890683,-0.25881904510252063
2025-12-05T08:00,133.2,10.5,71,5.196832300499298,0.18147738285300397,65.0,0.0,50.8,0.8660254037844387,-0.4999999999999998
2025-12-05T09:00,122.5,13.7,59,3.595066325116466,-0.1884094424745982,105.0,0.0,43.3,0.7071067811865476,-0.7071067811865475
2025-12-05T10:00,100.4,16.8,47,3.8000432526624173,-0.8773091119410732,200.0,0.0,29.4,0.49999999999999994,-0.8660254037844387
2025-12-05T11:00,78.5,19.3,38,4.476372742448746,-1.993009551071419,585.0,0.0,18.5,0.258819045102521,-0.9659258262890682
2025-12-05T12:00,63.3,20.8,31,4.633233925779514,-2.3607505986456427,725.0,0.0,12.9,1.2246467991473532e-16,-1.0
2025-12-05T13:00,58.0,21.5,29,4.853487850015503,-2.3672041926610183,805.0,0.0,10.3,-0.2588190451025208,-0.9659258262890683
2025-12-05T14:00,56.8,21.8,31,4.897870359980615,-2.7149338733794885,815.0,0.0,12.8,-0.4999999999999997,-0.8660254037844388
2025-12-05T15:00,56.5,21.7,33,5.739159353583026,-3.051565158108288,805.0,0.0,24.5,-0.7071067811865471,-0.7071067811865479
2025-12-05T16:00,59.6,20.8,37,7.001853198729013,-2.687759621589753,630.0,0.0,41.3,-0.8660254037844385,-0.5000000000000004
2025-12-05T17:00,91.7,19.0,44,6.651403684989877,-1.413799497560764,280.0,0.0,52.7,-0.9659258262890683,-0.25881904510252063
2025-12-05T18:00,99.7,18.2,48,5.086367523815789,-1.081140792252349,200.0,0.0,52.5,-1.0,-1.8369701987210297e-16
2025-12-05T19:00,103.6,17.3,51,5.595274945651684,-1.087611273646307,140.0,0.0,52.0,-0.9659258262890684,0.2588190451025203
2025-12-05T20:00,103.6,16.2,56,5.4091846272187825,-1.4493866525741135,115.0,0.0,49.5,-0.8660254037844386,0.5000000000000001
2025-12-05T21:00,99.9,15.1,60,5.18418228388917,-1.101931961334125,100.0,0.0,43.6,-0.7071067811865477,0.7071067811865474
2025-12-05T22:00,96.2,14.4,62,5.558258449191403,-0.682468323068827,90.0,0.0,35.8,-0.5000000000000004,0.8660254037844384
2025-12-05T23:00,92.2,13.5,67,5.756767679519667,-0.7068421917498565,95.0,0.0,28.8,-0.25881904510252157,0.9659258262890681
2025-12-06T00:00,88.2,12.9,66,5.72474478502838,-1.4273391840380378,95.0,0.0,23.4,0.0,1.0
2025-12-06T01:00,85.7,12.3,67,6.337715639946051,-0.890707846144419,100.0,0.0,18.7,0.25881904510252074,0.9659258262890683
2025-12-06T02:00,83.6,11.8,68,7.0,1.2858791391047208e-15,95.0,0.0,15.3,0.49999999999999994,0.8660254037844387
2025-12-06T03:00,81.7,11.3,69,7.5260373224359345,-1.0577155672964975,100.0,0.0,12.9,0.7071067811865476,0.7071067811865476
2025-12-06T04:00,79.9,10.9,70,7.5620014546273335,-2.902780391316933,120.0,0.0,11.7,0.8660254037844386,0.5000000000000001
2025-12-06T05:00,83.6,10.5,75,8.108159370114148,-4.131313547629874,150.0,0.0,13.0,0.9659258262890683,0.25881904510252074
2025-12-06T06:00,85.0,10.2,76,8.286360674951823,-4.222111647577784,155.0,0.0,19.4,1.0,6.123233995736766e-17
2025-12-06T07:00,88.9,10.4,74,9.772803256173447,-3.5570094905869576,170.0,0.0,28.0,0.9659258262890683,-0.25881904510252063
2025-12-06T08:00,92.4,11.9,68,11.15840085217396,-2.7821017993961754,215.0,0.0,32.4,0.8660254037844387,-0.4999999999999998
2025-12-06T09:00,90.3,14.2,58,8.983110184488337,-2.407017119453439,270.0,0.0,28.6,0.7071067811865476,-0.7071067811865475
2025-12-06T10:00,85.4,16.8,49,8.622809847471125,-3.4838413187679813,330.0,0.0,20.7,0.49999999999999994,-0.8660254037844387
2025-12-06T11:00,78.2,19.7,42,9.897016408015164,-2.4676033351166073,415.0,0.0,14.4,0.258819045102521,-0.9659258262890682
2025-12-06T12:00,68.7,21.9,35,9.9385746608094,-2.294500754307422,505.0,0.0,11.1,1.2246467991473532e-16,-1.0
2025-12-06T13:00,60.1,23.1,32,10.958383333696835,-3.1422658563137933,590.0,0.0,9.4,-0.2588190451025208,-0.9659258262890683
2025-12-06T14:00,56.1,23.6,32,11.6813634830272,-2.2706270449808867,635.0,0.0,10.8,-0.4999999999999997,-0.8660254037844388
2025-12-06T15:00,53.6,23.1,34,12.803845356173055,-1.5721145299264052,635.0,0.0,17.8,-0.7071067811865471,-0.7071067811865479
2025-12-06T16:00,54.5,22.1,36,10.765802912487002,-1.7051356689385144,580.0,0.0,27.9,-0.8660254037844385,-0.5000000000000004
2025-12-06T17:00,58.8,20.2,42,9.563469101680758,-0.8366951303775158,400.0,0.0,33.3,-0.9659258262890683,-0.25881904510252063
2025-12-06T18:00,62.6,19.4,42,9.9385746608094,-2.294500754307422,350.0,0.0,33.8,-1.0,-1.8369701987210297e-16
2025-12-06T19:00,66.4,18.3,43,9.194587446897772,-1.9543698936869387,275.0,0.0,34.4,-0.9659258262890684,0.2588190451025203
2025-12-06T20:00,70.5,17.6,44,8.813385811799977,-1.2386405985445827,230.0,0.0,33.8,-0.8660254037844386,0.5000000000000001
2025-12-06T21:00,75.7,16.5,47,8.61533219805166,-1.2108059783525695,195.0,0.0,31.3,-0.7071067811865477,0.7071067811865474
2025-12-06T22:00,79.4,15.9,50,8.638319214339443,-1.679119159313597,190.0,0.0,27.6,-0.5000000000000004,0.8660254037844384
2025-12-06T23:00,80.6,15.1,54,8.2821455506745,-1.9120839619228518,185.0,0.0,24.0,-0.25881904510252157,0.9659258262890681
2025-12-07T00:00,80.3,14.5,57,8.087271537717454,-1.867093751054079,170.0,0.0,20.5,0.0,1.0
2025-12-07T01:00,80.6,13.8,60,7.593967397912719,-2.1775351109542953,155.0,0.0,17.0,0.25881904510252074,0.9659258262890683
2025-12-07T02:00,80.6,13.2,63,7.5175409662872665,-2.736161146605352,150.0,0.0,14.5,0.49999999999999994,0.8660254037844387
2025-12-07T03:00,80.8,12.7,65,8.651355263444868,-2.4807362023529946,155.0,0.0,12.9,0.7071067811865476,0.7071067811865476
2025-12-07T04:00,80.8,12.3,67,9.159078608981211,-2.11453991083233,155.0,0.0,12.2,0.8660254037844386,0.5000000000000001
2025-12-07T05:00,82.4,11.4,73,9.521783679442338,-1.8508472551524875,145.0,0.0,12.7,0.9659258262890683,0.25881904510252074
2025-12-07T06:00,86.1,10.8,76,8.863269777109874,-1.5628335990023698,130.0,0.0,17.8,1.0,6.123233995736766e-17
2025-12-07T07:00,92.9,10.7,76,9.158712103013537,-1.614928052302449,135.0,0.0,24.7,0.9659258262890683,-0.25881904510252063
2025-12-07T08:00,96.2,12.1,70,10.39841602962647,-0.18150502694774456,160.0,0.0,28.4,0.8660254037844387,-0.4999999999999998
2025-12-07T09:00,97.8,14.6,61,7.3860581475915605,-1.3023613325019747,205.0,0.0,25.9,0.7071067811865476,-0.7071067811865475
2025-12-07T10:00,94.1,17.4,52,7.697523511803359,-1.7771133293165329,280.0,0.0,20.1,0.49999999999999994,-0.8660254037844387
2025-12-07T11:00,84.1,20.3,44,8.500147271343803,-2.277607596902179,365.0,0.0,15.4,0.258819045102521,-0.9659258262890682
2025-12-07T12:00,70.3,22.4,39,8.457233587073175,-3.078181289931021,440.0,0.0,12.2,1.2246467991473532e-16,-1.0
2025-12-07T13:00,63.1,23.7,35,8.793322753073648,-3.027783836451554,495.0,0.0,10.1,-0.2588190451025208,-0.9659258262890683
2025-12-07T14:00,58.2,24.1,35,9.18052565724514,-2.8067683653382725,540.0,0.0,11.5,-0.4999999999999997,-0.8660254037844388
2025-12-07T15:00,56.3,23.7,38,9.516490789789357,-2.728809822588294,550.0,0.0,19.8,-0.7071067811865471,-0.7071067811865479
2025-12-07T16:00,58.0,22.7,41,9.324238450601692,-2.673682351424894,550.0,0.0,31.7,-0.8660254037844385,-0.5000000000000004
2025-12-07T17:00,57.4,20.8,49,6.820590453496647,-1.5746573804070545,320.0,0.0,38.7,-0.9659258262890683,-0.25881904510252063
2025-12-07T18:00,58.9,20.3,52,7.746068523300587,-2.368210808254167,285.0,0.0,37.5,-1.0,-1.8369701987210297e-16
2025-12-07T19:00,59.3,19.3,55,8.441993777649909,-1.6409573602382879,240.0,0.0,35.8,-0.9659258262890684,0.2588190451025203
2025-12-07T20:00,60.5,18.3,58,8.09904439288013,-1.2827626133298915,195.0,0.0,33.5,-0.8660254037844386,0.5000000000000001
2025-12-07T21:00,62.6,17.4,60,7.5814867819746645,-0.5301492004553516,155.0,0.0,30.6,-0.7071067811865477,0.7071067811865474
2025-12-07T22:00,65.2,16.6,61,7.3819739719227,-0.5161979057065267,135.0,0.0,27.2,-0.5000000000000004,0.8660254037844384
2025-12-07T23:00,65.7,15.9,63,7.697523511803359,-1.7771133293165329,140.0,0.0,23.8,-0.25881904510252157,0.9659258262890681
2025-12-08T00:00,63.8,15.2,64,7.128052193506944,-3.631923997916373,130.0,0.0,20.0,0.0,1.0
2025-12-08T01:00,62.2,15.0,63,7.505054539300881,-3.9905082836800685,140.0,0.0,16.2,0.25881904510252074,0.9659258262890683
2025-12-08T02:00,60.5,14.6,62,7.732240769000501,-3.2821414793098973,135.0,0.0,13.5,0.49999999999999994,0.8660254037844387
2025-12-08T03:00,60.1,14.2,63,7.9354336252262145,-3.0461275711350533,140.0,0.0,12.0,0.7071067811865476,0.7071067811865476
2025-12-08T04:00,60.8,13.7,65,8.274191691767836,-2.688447851062041,135.0,0.0,11.7,0.8660254037844386,0.5000000000000001
2025-12-08T05:00,63.3,12.8,69,9.159078608981211,-2.11453991083233,130.0,0.0,13.1,0.9659258262890683,0.25881904510252074
2025-12-08T06:00,68.2,12.2,72,8.939733772226365,-2.5634274090980944,130.0,0.0,18.4,1.0,6.123233995736766e-17
2025-12-08T07:00,76.4,12.1,73,9.371786608437748,-2.86524270628282,135.0,0.0,25.5,0.9659258262890683,-0.25881904510252063
2025-12-08T08:00,80.8,13.5,67,10.60157358123477,-2.060737150066687,155.0,0.0,29.2,0.8660254037844387,-0.4999999999999998
2025-12-08T09:00,83.1,15.8,59,8.314254606237347,-1.7672493719509552,185.0,0.0,26.5,0.7071067811865476,-0.7071067811865475
2025-12-08T10:00,79.9,18.6,49,8.081356538758811,-2.9413732326007533,255.0,0.0,20.4,0.49999999999999994,-0.8660254037844387
2025-12-08T11:00,73.1,21.5,41,8.693332436601615,-2.3293714059226827,345.0,0.0,15.4,0.258819045102521,-0.9659258262890682
2025-12-08T12:00,62.6,23.6,36,8.869014051723417,-3.4044955206803538,470.0,0.0,12.2,1.2246467991473532e-16,-1.0
2025-12-08T13:00,56.0,24.9,32,9.389149505214892,-3.985457510590589,610.0,0.0,10.1,-0.2588190451025208,-0.9659258262890683
2025-12-08T14:00,52.0,25.2,31,10.424776333003905,-5.311688846952696,710.0,0.0,11.0,-0.4999999999999997,-0.8660254037844388
2025-12-08T15:00,51.2,24.7,32,11.125139670022481,-5.915341691102219,775.0,0.0,17.6,-0.7071067811865471,-0.7071067811865479
2025-12-08T16:00,53.4,23.7,35,9.890172418490884,-5.039294547108968,695.0,0.0,27.2,-0.8660254037844385,-0.5000000000000004
2025-12-08T17:00,55.2,21.8,42,8.074598245881878,-2.315353788862795,480.0,0.0,31.1,-0.9659258262890683,-0.25881904510252063
2025-12-08T18:00,58.4,20.7,47,8.989264706052534,-2.7482940243937253,335.0,0.0,30.9,-1.0,-1.8369701987210297e-16
2025-12-08T19:00,60.5,19.5,50,8.80332840660425,-1.8712052173598348,230.0,0.0,30.5,-0.9659258262890684,0.2588190451025203
2025-12-08T20:00,62.2,18.6,51,8.652340489703978,-0.9093976304285809,185.0,0.0,29.3,-0.8660254037844386,0.5000000000000001
2025-12-08T21:00,64.3,17.7,52,9.552635204218419,-1.6843873233692206,205.0,0.0,26.7,-0.7071067811865477,0.7071067811865474
2025-12-08T22:00,65.7,16.8,53,9.22811228100786,-2.646118615843194,210.0,0.0,23.2,-0.5000000000000004,0.8660254037844384
2025-12-08T23:00,65.0,15.9,56,9.369480515003962,-2.5105447374944467,200.0,0.0,19.9,-0.25881904510252157,0.9659258262890681
2025-12-09T00:00,63.6,15.0,58,9.325458242752807,-1.8126854560771786,185.0,0.0,17.0,0.0,1.0
2025-12-09T01:00,63.1,14.3,60,9.70462707366739,-1.3638963894086416,175.0,0.0,14.3,0.25881904510252074,0.9659258262890683
2025-12-09T02:00,62.9,13.7,63,10.044671143219562,-1.0557374790032952,175.0,0.0,12.4,0.49999999999999994,0.8660254037844387
2025-12-09T03:00,62.6,13.2,65,10.243575522293217,-1.0766431716568259,180.0,0.0,11.1,0.7071067811865476,0.7071067811865476
2025-12-09T04:00,62.4,12.8,67,10.460044329963328,-0.9151352988504078,180.0,0.0,10.6,0.8660254037844386,0.5000000000000001
2025-12-09T05:00,62.9,12.1,71,10.773691742806104,-0.7533699164365524,165.0,0.0,11.7,0.9659258262890683,0.25881904510252074
2025-12-09T06:00,64.3,11.7,72,10.393664600998596,-0.3629547657060133,160.0,0.0,16.4,1.0,6.123233995736766e-17
2025-12-09T07:00,68.5,11.6,73,11.2,2.057406622567553e-15,160.0,0.0,22.7,0.9659258262890683,-0.25881904510252063
2025-12-09T08:00,69.8,12.8,68,12.60533612584479,1.547740661245369,190.0,0.0,26.1,0.8660254037844387,-0.4999999999999998
2025-12-09T09:00,70.3,15.1,60,9.185501567534782,-1.4548405248741454,245.0,0.0,24.1,0.7071067811865476,-0.7071067811865475
2025-12-09T10:00,64.5,17.9,51,8.464402995026868,-2.7502512499370306,345.0,0.0,19.2,0.49999999999999994,-0.8660254037844387
2025-12-09T11:00,54.1,20.8,44,8.939931253174445,-2.904759747124504,465.0,0.0,15.0,0.258819045102521,-0.9659258262890682
2025-12-09T12:00,41.8,22.9,38,9.697493321292152,-4.522015400625485,655.0,0.0,11.7,1.2246467991473532e-16,-1.0
2025-12-09T13:00,35.5,24.1,33,10.246575028166232,-5.220890747004787,780.0,0.0,9.2,-0.2588190451025208,-0.9659258262890683
2025-12-09T14:00,31.9,24.5,31,10.424776333003905,-5.311688846952696,835.0,0.0,10.3,-0.4999999999999997,-0.8660254037844388
2025-12-09T15:00,30.3,24.1,34,10.694431887032469,-4.986895488540256,810.0,0.0,18.1,-0.7071067811865471,-0.7071067811865479
2025-12-09T16:00,33.2,23.1,38,10.125553387976845,-4.298042413382008,730.0,0.0,29.5,-0.8660254037844385,-0.5000000000000004
2025-12-09T17:00,41.3,21.0,46,7.754854749236545,-1.5073910634747065,365.0,0.0,36.4,-0.9659258262890683,-0.25881904510252063
2025-12-09T18:00,45.4,20.3,49,8.087271537717454,-1.867093751054079,285.0,0.0,37.1,-1.0,-1.8369701987210297e-16
2025-12-09T19:00,47.8,19.4,51,7.901506724761102,-1.2514757203218454,210.0,0.0,37.9,-0.9659258262890684,0.2588190451025203
2025-12-09T20:00,50.4,18.7,52,8.087271537717454,-1.867093751054079,190.0,0.0,37.5,-0.8660254037844386,0.5000000000000001
2025-12-09T21:00,52.9,18.2,53,8.314254606237347,-1.7672493719509552,180.0,0.0,35.2,-0.7071067811865477,0.7071067811865474
2025-12-09T22:00,54.9,17.5,55,8.63563196385637,-2.15310487083704,170.0,0.0,31.6,-0.5000000000000004,0.8660254037844384
2025-12-09T23:00,54.9,16.5,58,8.798003754859925,-2.6898196834491777,180.0,0.0,27.9,-0.25881904510252157,0.9659258262890681
2025-12-10T00:00,53.3,15.3,62,8.84482560154493,-2.8738580476870093,165.0,0.0,23.8,0.0,1.0
2025-12-10T01:00,51.9,14.7,64,9.22524820806299,-2.997464845436988,170.0,0.0,19.6,0.25881904510252074,0.9659258262890683
2025-12-10T02:00,50.8,14.2,66,8.869014051723417,-3.4044955206803538,170.0,0.0,16.5,0.49999999999999994,0.8660254037844387
2025-12-10T03:00,50.2,13.6,68,8.645172111230355,-3.1465853185961543,165.0,0.0,14.9,0.7071067811865476,0.7071067811865476
2025-12-10T04:00,50.5,13.2,70,8.989264706052534,-2.7482940243937253,160.0,0.0,14.5,0.8660254037844386,0.5000000000000001
2025-12-10T05:00,49.1,12.6,71,9.22729552440804,-1.793604556539524,145.0,0.0,14.2,0.9659258262890683,0.25881904510252074
2025-12-10T06:00,53.8,12.1,73,9.387117626692994,-0.49195798868367313,130.0,0.0,19.3,1.0,6.123233995736766e-17
2025-12-10T07:00,61.9,11.8,75,9.686706487119366,-0.5076587755565563,135.0,0.0,26.2,0.9659258262890683,-0.25881904510252063
2025-12-10T08:00,65.7,13.0,70,10.274909717676191,-0.7184916795644898,150.0,0.0,29.8,0.8660254037844387,-0.4999999999999998
2025-12-10T09:00,68.2,15.2,61,6.333405421104029,-1.462181853235122,185.0,0.0,27.2,0.7071067811865476,-0.7071067811865475
2025-12-10T10:00,65.2,17.9,52,5.771070844329453,-1.2266789758247807,255.0,0.0,21.4,0.49999999999999994,-0.8660254037844387
2025-12-10T11:00,58.9,20.7,44,5.4091846272187825,-1.4493866525741135,380.0,0.0,16.5,0.258819045102521,-0.9659258262890682
2025-12-10T12:00,50.5,22.7,38,6.628421028130132,-2.5444124417716325,595.0,0.0,12.0,1.2246467991473532e-16,-1.0
2025-12-10T13:00,45.5,23.7,36,7.1859411745548085,-2.474317973874388,705.0,0.0,8.3,-0.2588190451025208,-0.9659258262890683
2025-12-10T14:00,43.5,24.1,35,8.308865795825096,-3.1894747509531736,760.0,0.0,10.7,-0.4999999999999997,-0.8660254037844388
2025-12-10T15:00,43.7,23.7,38,8.962372094373137,-3.4403323156348837,755.0,0.0,24.1,-0.7071067811865471,-0.7071067811865479
2025-12-10T16:00,49.4,22.8,43,7.956424955463171,-1.9837595439172726,660.0,0.0,43.5,-0.8660254037844385,-0.5000000000000004
2025-12-10T17:00,64.3,20.4,54,5.022519540362262,-0.8856057061013428,250.0,0.0,44.2,-0.9659258262890683,-0.25881904510252063
2025-12-10T18:00,75.2,20.3,53,5.553909369275841,-1.2822210097600302,220.0,0.0,48.6,-1.0,-1.8369701987210297e-16
2025-12-10T19:00,81.0,19.4,55,5.200352165796243,-1.7906248495143597,160.0,0.0,54.7,-0.9659258262890684,0.2588190451025203
2025-12-10T20:00,88.7,18.4,58,4.633233925779514,-2.3607505986456427,110.0,0.0,58.8,-0.8660254037844386,0.5000000000000001
2025-12-10T21:00,100.1,17.6,60,4.493970231495835,-2.191855733945387,85.0,0.0,59.6,-0.7071067811865477,0.7071067811865474
2025-12-10T22:00,108.7,17.0,61,4.676537180435969,-2.7000000000000006,80.0,0.0,58.5,-0.5000000000000004,0.8660254037844384
2025-12-10T23:00,110.4,16.6,61,3.6083246594477907,-4.150902691225245,100.0,0.0,55.8,-0.25881904510252157,0.9659258262890681
2025-12-11T00:00,111.3,15.2,64,4.791813060283758,-3.6108901389122874,80.0,0.0,50.8,0.0,1.0
2025-12-11T01:00,112.5,14.2,68,4.012982057577931,-3.6133052743378324,80.0,0.0,44.2,0.25881904510252074,0.9659258262890683
2025-12-11T02:00,112.5,13.2,73,4.330127018922193,-2.5000000000000004,70.0,0.0,38.4,0.49999999999999994,0.8660254037844387
2025-12-11T03:00,109.7,12.4,76,4.466457682385949,-0.5484120453231646,55.0,0.0,33.3,0.7071067811865476,0.7071067811865476
2025-12-11T04:00,106.4,12.1,78,5.050367150582008,0.7097828148963357,50.0,0.0,29.1,0.8660254037844386,0.5000000000000001
2025-12-11T05:00,119.7,11.1,85,6.50287234054864,1.9881275921146122,55.0,0.0,30.6,0.9659258262890683,0.25881904510252074
2025-12-11T06:00,130.9,10.8,86,6.086761704288983,1.9777087639996644,60.0,0.0,38.2,1.0,6.123233995736766e-17
2025-12-11T07:00,147.6,10.8,85,6.440453362786737,1.8467702839738926,60.0,0.0,48.3,0.9659258262890683,-0.25881904510252063
2025-12-11T08:00,147.6,12.4,76,6.873743416833045,0.601374624958842,80.0,0.0,52.3,0.8660254037844387,-0.4999999999999998
2025-12-11T09:00,136.4,15.2,64,3.2154212137912763,-0.7423384793347542,110.0,0.0,44.7,0.7071067811865476,-0.7071067811865475
2025-12-11T10:00,113.4,18.3,52,3.5900941872211876,-0.8951110137187696,185.0,0.0,31.1,0.49999999999999994,-0.8660254037844387
2025-12-11T11:00,84.3,21.5,44,4.82555798975982,-0.8508760705679569,370.0,0.0,20.1,0.258819045102521,-0.9659258262890682
2025-12-11T12:00,65.7,23.5,37,6.824958041162063,-1.9570252263006955,635.0,0.0,13.6,1.2246467991473532e-16,-1.0
2025-12-11T13:00,55.3,24.4,34,8.798003754859925,-2.6898196834491777,835.0,0.0,9.8,-0.2588190451025208,-0.9659258262890683
2025-12-11T14:00,49.7,24.7,33,9.94556946201557,-3.040665729116462,885.0,0.0,11.5,-0.4999999999999997,-0.8660254037844388
2025-12-11T15:00,46.9,24.3,34,9.396926207859083,-3.4202014332566897,805.0,0.0,22.4,-0.7071067811865471,-0.7071067811865479
2025-12-11T16:00,49.4,23.4,38,7.608452130361229,-2.472135954999578,705.0,0.0,38.9,-0.8660254037844385,-0.5000000000000004
2025-12-11T17:00,70.8,20.7,52,4.9,9.001153973733046e-16,185.0,0.0,48.0,-0.9659258262890683,-0.25881904510252063
2025-12-11T18:00,81.3,20.0,55,4.367203067221817,0.5362251109826476,105.0,0.0,53.8,-1.0,-1.8369701987210297e-16
2025-12-11T19:00,87.3,19.1,59,4.367203067221817,0.5362251109826476,75.0,0.0,61.7,-0.9659258262890684,0.2588190451025203
2025-12-11T20:00,94.3,18.2,62,4.497258721585931,-0.15704773516125575,65.0,0.0,66.2,-0.8660254037844386,0.5000000000000001
2025-12-11T21:00,100.8,17.5,64,3.6339580726595346,-1.1110124779463995,55.0,0.0,64.9,-0.7071067811865477,0.7071067811865474
2025-12-11T22:00,105.2,17.1,65,2.5160117038362726,-1.63391710504508,45.0,0.0,60.3,-0.5000000000000004,0.8660254037844384
2025-12-11T23:00,106.4,16.9,66,1.299038105676658,-0.7500000000000002,45.0,0.0,54.7,-0.25881904510252157,0.9659258262890681
2025-12-12T00:00,105.9,15.4,71,2.7,4.959819536546781e-16,35.0,0.0,47.7,0.0,1.0
2025-12-12T01:00,106.9,14.0,77,4.688551036221175,-0.32785542659738853,40.0,0.0,39.6,0.25881904510252074,0.9659258262890683
2025-12-12T02:00,109.0,13.2,80,5.086367523815789,-1.081140792252349,50.0,0.0,33.9,0.49999999999999994,0.8660254037844387
2025-12-12T03:00,111.8,12.4,83,4.711810480548786,-0.9158831778074165,55.0,0.0,31.6,0.7071067811865476,0.7071067811865476
2025-12-12T04:00,115.9,11.8,85,4.497258721585931,-0.15704773516125575,50.0,0.0,31.8,0.8660254037844386,0.5000000000000001
2025-12-12T05:00,131.8,11.2,88,5.596588631306936,-0.19543718153400716,60.0,0.0,37.5,0.9659258262890683,0.25881904510252074
2025-12-12T06:00,143.0,10.5,90,4.367203067221817,0.5362251109826476,55.0,0.0,45.3,1.0,6.123233995736766e-17
2025-12-12T07:00,161.1,10.4,90,3.994437368439645,1.2978713763747798,40.0,0.0,55.5,0.9659258262890683,-0.25881904510252063
2025-12-12T08:00,166.7,12.2,82,5.022519540362261,0.8856057061013446,55.0,0.0,59.5,0.8660254037844387,-0.4999999999999998
2025-12-12T09:00,156.0,15.3,69,3.395340418165551,0.17794225122601065,85.0,0.0,51.6,0.7071067811865476,-0.7071067811865475
2025-12-12T10:00,137.4,18.4,56,2.8929357457534906,-0.20229377385796313,160.0,0.0,37.6,0.49999999999999994,-0.8660254037844387
2025-12-12T11:00,114.3,21.0,47,3.0957515577391788,-0.16224146435312622,405.0,0.0,26.1,0.258819045102521,-0.9659258262890682
2025-12-12T12:00,95.5,22.9,40,2.8833635269318485,-1.8017254983928959,595.0,0.0,17.3,1.2246467991473532e-16,-1.0
2025-12-12T13:00,86.8,23.9,35,2.164994795668674,-2.490541614735147,720.0,0.0,11.0,-0.2588190451025208,-0.9659258262890683
2025-12-12T14:00,82.2,24.4,32,2.166534083347374,-2.875087836170254,795.0,0.0,14.9,-0.4999999999999997,-0.8660254037844388
2025-12-12T15:00,80.6,24.3,31,2.8678964048465345,-2.4930243101639267,790.0,0.0,34.8,-0.7071067811865471,-0.7071067811865479
2025-12-12T16:00,90.8,23.5,34,3.9610722749662814,-0.5566924038402619,610.0,0.0,65.0,-0.8660254037844385,-0.5000000000000004
2025-12-12T17:00,167.2,21.0,48,3.281922254715302,-0.3449439287832548,105.0,0.0,98.6,-0.9659258262890683,-0.25881904510252063
2025-12-12T18:00,212.8,19.9,53,2.8670321550114712,-2.007517527228661,130.0,0.0,122.8,-1.0,-1.8369701987210297e-16
2025-12-12T19:00,256.1,19.1,57,1.472087333989488,-1.6349186160502676,105.0,0.0,155.6,-0.9659258262890684,0.2588190451025203
2025-12-12T20:00,291.5,18.4,61,1.6349186160502682,-1.4720873339894873,80.0,0.0,176.2,-0.8660254037844386,0.5000000000000001
2025-12-12T21:00,312.0,17.9,63,4.898587196589413e-16,-2.0,90.0,0.0,174.2,-0.7071067811865477,0.7071067811865474
2025-12-12T22:00,319.4,17.2,66,-1.4106846055019355,-1.9416407864998737,90.0,0.0,160.0,-0.5000000000000004,0.8660254037844384
2025-12-12T23:00,312.0,16.4,69,-2.3704520174283306,-0.3754427160965542,65.0,0.0,144.3,-0.25881904510252157,0.9659258262890681
2025-12-13T00:00,290.6,15.3,75,-1.7874357113510329,-1.447436899414626,60.0,0.0,129.6,0.0,1.0
2025-12-13T01:00,269.2,14.3,80,-3.456909192082982,-0.5475206276408082,50.0,0.0,113.4,0.25881904510252074,0.9659258262890683
2025-12-13T02:00,250.5,13.9,82,-1.761649323676896,-0.7117525274902327,35.0,0.0,98.8,0.49999999999999994,0.8660254037844387
2025-12-13T03:00,237.0,13.7,82,-1.0606601717798214,-1.0606601717798214,30.0,0.0,86.1,0.7071067811865476,0.7071067811865476
2025-12-13T04:00,228.6,13.4,83,-0.5416335208368435,-0.7187719590425635,20.0,0.0,75.1,0.8660254037844386,0.5000000000000001
2025-12-13T05:00,222.6,13.1,82,0.4,7.347880794884119e-17,20.0,0.0,62.6,0.9659258262890683,0.25881904510252074
2025-12-13T06:00,229.1,12.8,83,0.0,0.0,35.0,0.0,68.8,1.0,6.123233995736766e-17
2025-12-13T07:00,242.1,12.7,84,-2.4492935982947065e-17,0.2,35.0,0.0,76.8,0.9659258262890683,-0.25881904510252063
2025-12-13T08:00,238.4,14.1,79,-2.8940993221413254,1.1109406435904308,45.0,0.0,77.7,0.8660254037844387,-0.4999999999999998
2025-12-13T09:00,211.4,16.5,69,-2.3384881554845647,0.539882530425276,100.0,0.0,65.0,0.7071067811865476,-0.7071067811865475
2025-12-13T10:00,188.6,19.3,58,-2.9108871788279895,0.7257656867990033,225.0,0.0,45.3,0.49999999999999994,-0.8660254037844387
2025-12-13T11:00,162.1,21.4,52,-3.1176914536239795,1.7999999999999992,455.0,0.0,30.1,0.258819045102521,-0.9659258262890682
2025-12-13T12:00,136.0,23.1,44,-2.2936257240091766,1.606014021782929,640.0,0.0,21.3,1.2246467991473532e-16,-1.0
2025-12-13T13:00,122.5,24.0,40,-1.4888192274619831,0.18280401510772104,805.0,0.0,16.8,-0.2588190451025208,-0.9659258262890683
2025-12-13T14:00,113.4,24.5,37,-1.0461621679246689,-0.3399186938124422,890.0,0.0,22.4,-0.4999999999999997,-0.8660254037844388
2025-12-13T15:00,109.7,24.4,37,-1.761649323676896,-0.7117525274902327,905.0,0.0,45.5,-0.7071067811865471,-0.7071067811865479
2025-12-13T16:00,128.5,23.8,39,-3.380740392011739,-0.9058666578588226,905.0,0.0,78.5,-0.8660254037844385,-0.5000000000000004
2025-12-13T17:00,200.7,21.0,52,-4.142271840535981,1.7582900782017323,150.0,0.0,91.6,-0.9659258262890683,-0.25881904510252063
2025-12-13T18:00,231.4,20.2,57,-3.3921923846257043,2.119677056932819,165.0,0.0,101.4,-1.0,-1.8369701987210297e-16
2025-12-13T19:00,257.0,19.2,64,-1.9777952441812454,2.1209257346955943,105.0,0.0,114.5,-0.9659258262890684,0.2588190451025203
2025-12-13T20:00,267.3,18.2,68,-1.9416407864998737,1.4106846055019353,85.0,0.0,121.6,-0.8660254037844386,0.5000000000000001
2025-12-13T21:00,262.6,17.3,72,-2.383958500719103,1.2675732195219056,75.0,0.0,117.8,-0.7071067811865477,0.7071067811865474
2025-12-13T22:00,251.5,16.3,77,-3.5640260967534716,1.815961998958187,60.0,0.0,108.1,-0.5000000000000004,0.8660254037844384
2025-12-13T23:00,244.0,15.4,83,-3.1146784891844415,2.3470785902929885,40.0,0.0,97.8,-0.25881904510252157,0.9659258262890681
2025-12-14T00:00,237.5,14.7,85,-2.737137537862673,1.455361844636262,35.0,0.0,88.1,0.0,1.0
2025-12-14T01:00,232.8,14.1,87,-2.3339510662430043,0.8959198738632507,30.0,0.0,77.9,0.25881904510252074,0.9659258262890683
2025-12-14T02:00,230.5,13.7,89,-1.4375439180851268,1.0832670416736871,20.0,0.0,69.4,0.49999999999999994,0.8660254037844387
2025-12-14T03:00,230.0,13.3,89,-1.0777488443215544,0.7269507745119708,20.0,0.0,62.9,0.7071067811865476,0.7071067811865476
2025-12-14T04:00,230.0,13.0,90,-0.36319239979163753,0.7128052193506943,15.0,0.0,58.2,0.8660254037844386,0.5000000000000001
2025-12-14T05:00,227.2,11.6,93,-1.0418180942629012,3.025659441917814,25.0,0.0,47.5,0.9659258262890683,0.25881904510252074
2025-12-14T06:00,230.0,11.2,94,-1.7489675652259418,3.9282454678631833,30.0,0.0,56.3,1.0,6.123233995736766e-17
2025-12-14T07:00,241.2,11.2,94,-2.1196770569328196,3.392192384625704,30.0,0.0,67.7,0.9659258262890683,-0.25881904510252063
2025-12-14T08:00,252.4,13.5,86,-2.708167604184217,3.5938597952128184,30.0,0.0,72.0,0.8660254037844387,-0.4999999999999998
2025-12-14T09:00,226.8,16.9,71,-0.9211382784680405,1.6617774435648518,85.0,0.0,62.1,0.7071067811865476,-0.7071067811865475
2025-12-14T10:00,206.3,19.8,60,-0.358328562562099,1.2496402047198145,240.0,0.0,45.1,0.49999999999999994,-0.8660254037844387
2025-12-14T11:00,180.7,21.2,54,-1.0624665165944192,1.575171387854579,470.0,0.0,31.6,0.258819045102521,-0.9659258262890682
2025-12-14T12:00,164.4,22.8,48,-0.7128052193506944,0.3631923997916374,635.0,0.0,23.3,1.2246467991473532e-16,-1.0
2025-12-14T13:00,152.3,23.7,43,-0.1815961998958187,-0.3564026096753472,725.0,0.0,18.5,-0.2588190451025208,-0.9659258262890683
2025-12-14T14:00,139.7,24.2,41,1.2246467991473532e-16,-0.5,815.0,0.0,23.4,-0.4999999999999997,-0.8660254037844388
2025-12-14T15:00,133.6,24.2,40,0.9325751537483649,-0.755184469259805,880.0,0.0,44.3,-0.7071067811865471,-0.7071067811865479
2025-12-14T16:00,150.4,23.4,51,0.7071067811865477,-0.7071067811865474,900.0,0.0,74.9,-0.8660254037844385,-0.5000000000000004
2025-12-14T17:00,216.5,21.1,60,2.1916283358018402,0.19174263404484818,140.0,0.0,125.2,-0.9659258262890683,-0.25881904510252063
2025-12-14T18:00,259.8,20.2,60,2.374737773668832,-1.9926415900282717,170.0,0.0,136.0,-1.0,-1.8369701987210297e-16
2025-12-14T19:00,291.5,19.4,62,0.3763024677635523,-3.580278823325784,180.0,0.0,150.5,-0.9659258262890684,0.2588190451025203
2025-12-14T20:00,314.8,18.8,65,-0.6973482684659815,-3.0205472008342293,150.0,0.0,158.4,-0.8660254037844386,0.5000000000000001
2025-12-14T21:00,328.8,18.3,68,-0.9008627491964483,-1.441681763465924,100.0,0.0,154.2,-0.7071067811865477,0.7071067811865474
2025-12-14T22:00,333.4,17.9,69,-0.3355157420824481,-0.497422543533025,75.0,0.0,143.3,-0.5000000000000004,0.8660254037844384
2025-12-14T23:00,329.7,17.4,71,-0.2,-1.2246467991473533e-17,80.0,0.0,132.1,-0.25881904510252157,0.9659258262890681
2025-12-15T00:00,318.5,16.3,75,0.8834644651028976,0.17172809583889015,55.0,0.0,122.2,0.0,1.0
2025-12-15T01:00,304.5,14.8,81,3.020547200834229,0.6973482684659823,35.0,0.0,111.9,0.25881904510252074,0.9659258262890683
2025-12-15T02:00,285.0,13.6,88,5.187333061351086,0.362733663469453,40.0,0.0,102.6,0.49999999999999994,0.8660254037844387
2025-12-15T03:00,258.9,12.6,93,5.8,1.0654427152581972e-15,45.0,0.0,95.0,0.7071067811865476,0.7071067811865476
2025-12-15T04:00,233.3,12.0,95,4.9969541350954785,-0.1744974835125064,50.0,0.0,88.3,0.8660254037844386,0.5000000000000001
2025-12-15T05:00,193.2,11.3,94,5.196832300499298,-0.18147738285300666,60.0,0.0,51.5,0.9659258262890683,0.25881904510252074
2025-12-15T06:00,200.2,10.9,95,5.0,9.184850993605148e-16,50.0,0.0,54.1,1.0,6.123233995736766e-17
2025-12-15T07:00,207.7,10.5,99,5.56932261406233,0.5853593942988587,45.0,0.0,57.2,0.9659258262890683,-0.25881904510252063
2025-12-15T08:00,204.0,11.5,97,6.1385314081469815,1.417191642366351,65.0,0.0,55.9,0.8660254037844387,-0.4999999999999998
2025-12-15T09:00,192.3,13.8,87,5.926130043570826,0.9386067902413862,90.0,0.0,46.1,0.7071067811865476,-0.7071067811865475
2025-12-15T10:00,162.1,16.1,76,4.2973805561821115,0.15006783582075325,130.0,0.0,31.9,0.49999999999999994,-0.8660254037844387
2025-12-15T11:00,119.2,19.4,63,5.3967104659031175,0.18845728219350413,295.0,0.0,20.6,0.258819045102521,-0.9659258262890682
2025-12-15T12:00,97.3,21.7,51,6.076787658359647,-0.531650030760713,470.0,0.0,13.8,1.2246467991473532e-16,-1.0
2025-12-15T13:00,84.1,22.9,44,6.651403684989877,-1.413799497560764,575.0,0.0,9.8,-0.2588190451025208,-0.9659258262890683
2025-12-15T14:00,74.0,23.3,46,7.2103384794107415,-1.6646378021446004,680.0,0.0,11.0,-0.4999999999999997,-0.8660254037844388
2025-12-15T15:00,68.5,23.2,48,7.2103384794107415,-1.6646378021446004,705.0,0.0,20.8,-0.7071067811865471,-0.7071067811865479
2025-12-15T16:00,69.4,22.4,50,6.824958041162063,-1.9570252263006955,665.0,0.0,35.7,-0.8660254037844385,-0.5000000000000004
2025-12-15T17:00,85.7,19.9,57,4.694574752607446,-1.9927287552952946,290.0,0.0,48.8,-0.9659258262890683,-0.25881904510252063
2025-12-15T18:00,92.2,19.1,60,4.676976310969129,-1.0797650608505516,150.0,0.0,47.8,-1.0,-1.8369701987210297e-16
2025-12-15T19:00,91.5,18.2,64,5.050367150582009,-0.7097828148963339,105.0,0.0,46.2,-0.9659258262890684,0.2588190451025203
2025-12-15T20:00,90.6,17.3,68,5.3967104659031175,-0.18845728219350694,90.0,0.0,43.6,-0.8660254037844386,0.5000000000000001
2025-12-15T21:00,92.9,16.6,69,6.296162210220303,-0.21986682922575806,95.0,0.0,39.4,-0.7071067811865477,0.7071067811865474
2025-12-15T22:00,97.1,16.2,68,7.605200222582561,-1.2045453808097761,120.0,0.0,34.1,-0.5000000000000004,0.8660254037844384
2025-12-15T23:00,97.8,15.4,70,7.978472076288047,-2.2877900532810953,145.0,0.0,28.8,-0.25881904510252157,0.9659258262890681
2025-12-16T00:00,95.5,14.4,73,7.423571704208676,-2.701959132272785,135.0,0.0,23.5,0.0,1.0
2025-12-16T01:00,92.9,13.7,76,7.232034065620942,-2.9219314286441134,135.0,0.0,18.3,0.25881904510252074,0.9659258262890683
2025-12-16T02:00,90.6,13.2,79,7.063580742871417,-3.7557725022871233,140.0,0.0,14.3,0.49999999999999994,0.8660254037844387
2025-12-16T03:00,88.0,12.8,82,7.200205325897744,-4.326319829244455,150.0,0.0,11.7,0.7071067811865476,0.7071067811865476
2025-12-16T04:00,85.4,12.5,85,7.8582335764444515,-4.178296908794425,160.0,0.0,10.3,0.8660254037844386,0.5000000000000001
2025-12-16T05:00,90.3,12.0,88,8.428662419440844,-3.930349834188507,170.0,0.0,11.7,0.9659258262890683,0.25881904510252074
2025-12-16T06:00,92.0,11.8,89,8.622809847471125,-3.4838413187679813,165.0,0.0,16.4,1.0,6.123233995736766e-17
2025-12-16T07:00,98.3,11.6,90,9.562665680261778,-2.562308546514951,165.0,0.0,22.7,0.9659258262890683,-0.25881904510252063
2025-12-16T08:00,100.6,13.0,83,10.994224454613835,-2.137060748217305,200.0,0.0,26.0,0.8660254037844387,-0.4999999999999998
2025-12-16T09:00,101.5,15.2,73,8.939733772226365,-2.5634274090980944,275.0,0.0,23.3,0.7071067811865476,-0.7071067811865475
2025-12-16T10:00,92.7,17.8,62,9.481199990560137,-4.024530623439517,390.0,0.0,17.5,0.49999999999999994,-0.8660254037844387
2025-12-16T11:00,81.5,20.0,56,10.125553387976845,-4.298042413382008,505.0,0.0,12.9,0.258819045102521,-0.9659258262890682
2025-12-16T12:00,74.5,21.9,48,10.603801108328803,-4.9446336623661855,580.0,0.0,10.2,1.2246467991473532e-16,-1.0
2025-12-16T13:00,69.8,23.0,45,10.4771775566047,-4.233054505599806,625.0,0.0,8.7,-0.2588190451025208,-0.9659258262890683
2025-12-16T14:00,68.2,23.3,45,10.430588090723582,-3.7964235909149258,665.0,0.0,10.0,-0.4999999999999997,-0.8660254037844388
2025-12-16T15:00,68.9,23.1,48,10.997504693574907,-3.362274604311472,680.0,0.0,16.6,-0.7071067811865471,-0.7071067811865479
2025-12-16T16:00,70.1,22.2,52,10.614982791189693,-3.2453259224223774,670.0,0.0,26.0,-0.8660254037844385,-0.5000000000000004
2025-12-16T17:00,68.7,20.5,60,7.727366045797065,-1.6425023574602995,495.0,0.0,33.5,-0.9659258262890683,-0.25881904510252063
2025-12-16T18:00,73.1,19.6,64,7.703557781990744,-2.5030376544370725,345.0,0.0,32.7,-1.0,-1.8369701987210297e-16
2025-12-16T19:00,76.4,18.8,67,8.266850585069541,-2.3704812600261946,275.0,0.0,31.5,-0.9659258262890684,0.2588190451025203
2025-12-16T20:00,80.1,18.1,69,8.671893576588594,-2.002064383660398,235.0,0.0,30.0,-0.8660254037844386,0.5000000000000001
2025-12-16T21:00,85.9,17.3,71,8.863269777109874,-1.5628335990023698,210.0,0.0,28.1,-0.7071067811865477,0.7071067811865474
2025-12-16T22:00,92.0,16.6,74,8.63563196385637,-2.15310487083704,200.0,0.0,25.9,-0.5000000000000004,0.8660254037844384
2025-12-16T23:00,94.5,15.5,79,7.323135175472683,-2.379430856687094,155.0,0.0,23.3,-0.25881904510252157,0.9659258262890681
2025-12-17T00:00,94.5,14.6,83,7.423571704208676,-2.701959132272785,145.0,0.0,19.8,0.0,1.0
2025-12-17T01:00,94.8,14.1,85,7.228029523843167,-2.3485291572495988,135.0,0.0,16.0,0.25881904510252074,0.9659258262890683
2025-12-17T02:00,95.0,13.5,86,7.608452130361229,-2.472135954999578,140.0,0.0,13.2,0.49999999999999994,0.8660254037844387
2025-12-17T03:00,95.0,13.1,87,8.2821455506745,-1.9120839619228518,150.0,0.0,11.6,0.7071067811865476,0.7071067811865476
2025-12-17T04:00,95.2,12.7,88,8.961750552411093,-1.5801984167690626,155.0,0.0,11.0,0.8660254037844386,0.5000000000000001
2025-12-17T05:00,97.8,11.6,90,9.158712103013537,-1.614928052302449,150.0,0.0,12.3,0.9659258262890683,0.25881904510252074
2025-12-17T06:00,99.9,11.4,90,8.80332840660425,-1.8712052173598348,150.0,0.0,17.4,1.0,6.123233995736766e-17
2025-12-17T07:00,104.8,11.4,90,8.987963899415753,-1.423553631866099,150.0,0.0,24.2,0.9659258262890683,-0.25881904510252063
2025-12-17T08:00,106.9,12.9,82,10.485610114923025,-0.5495275405509115,180.0,0.0,27.8,0.8660254037844387,-0.4999999999999998
2025-12-17T09:00,107.3,15.2,71,8.666893873398186,-0.7582549619046236,245.0,0.0,25.3,0.7071067811865476,-0.7071067811865475
2025-12-17T10:00,103.1,17.8,62,8.813385811799977,-1.2386405985445827,310.0,0.0,19.6,0.49999999999999994,-0.8660254037844387
2025-12-17T11:00,93.6,19.9,57,8.939733772226365,-2.5634274090980944,400.0,0.0,14.8,0.258819045102521,-0.9659258262890682
2025-12-17T12:00,79.6,21.8,51,8.268905225952336,-4.033014550459511,510.0,0.0,11.3,1.2246467991473532e-16,-1.0
2025-12-17T13:00,71.2,23.1,47,7.717237675023477,-4.822265304522162,630.0,0.0,8.8,-0.2588190451025208,-0.9659258262890683
2025-12-17T14:00,65.7,23.8,45,7.3780184365609065,-4.61029759882888,695.0,0.0,10.3,-0.4999999999999997,-0.8660254037844388
2025-12-17T15:00,62.6,23.7,46,7.1718815985430435,-3.9754388860199654,705.0,0.0,19.0,-0.7071067811865471,-0.7071067811865479
2025-12-17T16:00,63.1,22.8,50,7.228029523843167,-2.3485291572495988,655.0,0.0,31.7,-0.8660254037844385,-0.5000000000000004
2025-12-17T17:00,79.4,20.6,60,6.49109197590473,-0.3401837155791356,300.0,0.0,40.7,-0.9659258262890683,-0.25881904510252063
2025-12-17T18:00,79.9,19.6,64,7.012587218225478,-1.1106847017856378,220.0,0.0,40.4,-1.0,-1.8369701987210297e-16
2025-12-17T19:00,80.6,18.9,65,7.344841522145783,-0.9018331411980929,185.0,0.0,39.8,-0.9659258262890684,0.2588190451025203
2025-12-17T20:00,82.7,18.1,66,6.873743416833045,-0.6013746249588394,145.0,0.0,39.1,-0.8660254037844386,0.5000000000000001
2025-12-17T21:00,86.6,17.1,69,6.464392319893777,-0.6794350112397444,125.0,0.0,38.3,-0.7071067811865477,0.7071067811865474
2025-12-17T22:00,91.5,16.1,72,5.553909369275841,-1.2822210097600302,110.0,0.0,37.3,-0.5000000000000004,0.8660254037844384
2025-12-17T23:00,94.1,14.9,78,5.045537776635182,-1.2579938571182707,95.0,0.0,35.6,-0.25881904510252157,0.9659258262890681
2025-12-18T00:00,93.8,14.4,79,4.6796222421523135,-2.488199282765219,100.0,0.0,32.4,0.0,1.0
2025-12-18T01:00,94.8,13.4,85,3.600408882659197,-3.0211017655267347,95.0,0.0,28.5,0.25881904510252074,0.9659258262890683
2025-12-18T02:00,95.5,12.8,87,3.604268994871564,-2.523736319944603,75.0,0.0,25.5,0.49999999999999994,0.8660254037844387
2025-12-18T03:00,96.2,12.5,88,3.9357886821272805,-2.181643291108518,70.0,0.0,23.0,0.7071067811865476,0.7071067811865476
2025-12-18T04:00,97.1,12.0,89,4.469965626587222,-1.452379873562252,65.0,0.0,21.4,0.8660254037844386,0.5000000000000001
2025-12-18T05:00,120.1,11.9,92,6.153786140176196,-0.7555899291119157,75.0,0.0,27.2,0.9659258262890683,0.25881904510252074
2025-12-18T06:00,139.2,11.8,93,5.926130043570827,-0.938606790241384,75.0,0.0,35.2,1.0,6.123233995736766e-17
2025-12-18T07:00,177.0,11.6,94,5.955276909847932,-0.7312160604308862,75.0,0.0,45.8,0.9659258262890683,-0.25881904510252063
2025-12-18T08:00,173.2,12.9,89,6.695918541027941,-0.2338266279067586,90.0,0.0,50.9,0.8660254037844387,-0.4999999999999998
2025-12-18T09:00,177.9,15.3,78,4.45048250192058,-1.7981116483963773,150.0,0.0,45.6,0.7071067811865476,-0.7071067811865475
2025-12-18T10:00,152.7,17.8,68,3.940053768033609,-3.0783073766282927,250.0,0.0,34.9,0.49999999999999994,-0.8660254037844387
2025-12-18T11:00,130.4,19.3,61,3.6083246594477907,-4.150902691225245,390.0,0.0,25.6,0.258819045102521,-0.9659258262890682
2025-12-18T12:00,108.7,21.0,52,3.4303456319666754,-4.55222240726957,500.0,0.0,18.5,1.2246467991473532e-16,-1.0
2025-12-18T13:00,92.2,22.0,48,4.31335136523794,-4.3133513652379385,590.0,0.0,12.9,-0.2588190451025208,-0.9659258262890683
2025-12-18T14:00,82.7,22.5,47,5.035378602370558,-4.862608593212981,675.0,0.0,13.5,-0.4999999999999997,-0.8660254037844388
2025-12-18T15:00,78.5,22.4,49,5.553784032778523,-6.168102051462372,680.0,0.0,24.4,-0.7071067811865471,-0.7071067811865479
2025-12-18T16:00,83.6,21.6,53,5.219218729599093,-5.796529638723675,600.0,0.0,41.6,-0.8660254037844385,-0.5000000000000004
2025-12-18T17:00,123.9,19.3,62,4.125986671312233,-2.9977047866916116,325.0,0.0,60.2,-0.9659258262890683,-0.25881904510252063
2025-12-18T18:00,144.4,18.2,69,3.964183272437243,-2.8801477362331176,250.0,0.0,68.5,-1.0,-1.8369701987210297e-16
2025-12-18T19:00,166.2,17.6,73,3.4373623976101007,-3.2053922922937437,215.0,0.0,79.8,-0.9659258262890684,0.2588190451025203
2025-12-18T20:00,183.5,17.0,76,2.490620541896064,-3.985826051935202,175.0,0.0,86.9,-0.8660254037844386,0.5000000000000001
2025-12-18T21:00,196.0,16.2,81,1.7489675652259407,-3.928245467863184,150.0,0.0,87.2,-0.7071067811865477,0.7071067811865474
2025-12-18T22:00,205.8,15.4,85,2.0000000000000018,-3.4641016151377535,120.0,0.0,83.3,-0.5000000000000004,0.8660254037844384
2025-12-18T23:00,204.4,14.8,88,2.5172815641993513,-3.1085838458278823,100.0,0.0,76.0,-0.25881904510252157,0.9659258262890681
2025-12-19T00:00,190.0,13.9,91,3.5966990016932554,-3.4732918522949863,90.0,0.0,63.2,0.0,1.0
2025-12-19T01:00,171.8,13.3,93,4.326443205008743,-2.3004106576508634,75.0,0.0,47.0,0.25881904510252074,0.9659258262890683
2025-12-19T02:00,159.3,13.0,94,4.821356043747294,-1.9479542857627423,80.0,0.0,34.1,0.49999999999999994,0.8660254037844387
2025-12-19T03:00,151.3,12.9,94,5.988740122992224,-1.604678079635626,85.0,0.0,27.1,0.7071067811865476,0.7071067811865476
2025-12-19T04:00,146.2,12.4,95,6.675064847444114,-1.2975011685605067,80.0,0.0,23.4,0.8660254037844386,0.5000000000000001
2025-12-19T05:00,143.4,11.7,96,7.558529312547012,-1.4692292643993974,85.0,0.0,21.9,0.9659258262890683,0.25881904510252074
2025-12-19T06:00,140.2,11.2,97,5.991656052659468,-1.9468070645621676,85.0,0.0,26.8,1.0,6.123233995736766e-17
2025-12-19T07:00,139.7,11.2,97,5.601482558983211,-2.150207697271802,85.0,0.0,33.4,0.9659258262890683,-0.25881904510252063
2025-12-19T08:00,136.4,12.1,95,6.086761704288984,-1.9777087639996624,90.0,0.0,36.2,0.8660254037844387,-0.4999999999999998
2025-12-19T09:00,134.1,13.6,92,4.366330768241984,-1.0886485301985034,120.0,0.0,31.9,0.7071067811865476,-0.7071067811865475
2025-12-19T10:00,120.1,16.2,78,3.9610722749662814,-0.5566924038402619,190.0,0.0,23.9,0.49999999999999994,-0.8660254037844387
2025-12-19T11:00,101.7,18.0,66,5.3989495089621515,-1.0494494745709981,340.0,0.0,17.4,0.258819045102521,-0.9659258262890682
2025-12-19T12:00,82.7,20.0,55,6.443533974167083,-2.7351178994249143,435.0,0.0,13.0,1.2246467991473532e-16,-1.0
2025-12-19T13:00,74.0,21.3,48,6.798696465013739,-3.6149310334513562,525.0,0.0,10.0,-0.2588190451025208,-0.9659258262890683
2025-12-19T14:00,66.4,21.9,44,6.4455174278701675,-3.427142408337,555.0,0.0,11.5,-0.4999999999999997,-0.8660254037844388
2025-12-19T15:00,61.7,21.9,44,6.628421028130132,-2.5444124417716325,535.0,0.0,20.8,-0.7071067811865471,-0.7071067811865479
2025-12-19T16:00,60.8,21.0,50,6.598502816144945,-2.0173647625868836,500.0,0.0,34.6,-0.8660254037844385,-0.5000000000000004
2025-12-19T17:00,111.8,18.5,65,4.829629131445342,-1.2940952255126015,290.0,0.0,57.7,-0.9659258262890683,-0.25881904510252063
2025-12-19T18:00,114.8,17.6,70,5.050367150582009,-0.7097828148963339,155.0,0.0,58.0,-1.0,-1.8369701987210297e-16
2025-12-19T19:00,117.8,16.7,74,5.219481090964703,-0.9203353416347289,110.0,0.0,58.5,-0.9659258262890684,0.2588190451025203
2025-12-19T20:00,119.7,15.8,78,5.086367523815789,-1.081140792252349,90.0,0.0,58.6,-0.8660254037844386,0.5000000000000001
2025-12-19T21:00,123.4,15.0,80,4.87715425541148,-1.4910956940859572,80.0,0.0,58.8,-0.7071067811865477,0.7071067811865474
2025-12-19T22:00,129.0,14.2,83,4.711810480548786,-0.9158831778074165,65.0,0.0,58.8,-0.5000000000000004,0.8660254037844384
2025-12-19T23:00,130.4,13.5,85,5.086367523815789,-1.081140792252349,70.0,0.0,56.8,-0.25881904510252157,0.9659258262890681
2025-12-20T00:00,126.2,12.7,86,5.022519540362262,-0.8856057061013428,60.0,0.0,50.9,0.0,1.0
2025-12-20T01:00,122.0,12.2,88,5.18418228388917,-1.101931961334125,65.0,0.0,43.2,0.25881904510252074,0.9659258262890683
2025-12-20T02:00,121.1,11.6,89,5.087576656325104,-0.3557580160950386,55.0,0.0,37.7,0.49999999999999994,0.8660254037844387
2025-12-20T03:00,123.4,11.1,90,5.072061666378194,0.5330951626650321,55.0,0.0,36.0,0.7071067811865476,0.7071067811865476
2025-12-20T04:00,125.7,10.7,92,5.196832300499298,0.18147738285300397,55.0,0.0,36.6,0.8660254037844386,0.5000000000000001
2025-12-20T05:00,139.2,9.7,97,4.2973805561821115,0.15006783582075325,35.0,0.0,42.1,0.9659258262890683,0.25881904510252074
2025-12-20T06:00,154.6,9.6,98,3.395340418165551,-0.1779422512260094,35.0,0.0,52.3,1.0,6.123233995736766e-17
2025-12-20T07:00,183.9,9.5,99,2.9108871788279895,0.7257656867990033,35.0,0.0,65.8,0.9659258262890683,-0.25881904510252063
2025-12-20T08:00,213.7,10.7,95,1.8000513314744355,1.0815799573111142,40.0,0.0,71.5,0.8660254037844387,-0.4999999999999998
2025-12-20T09:00,170.4,13.7,83,-0.570633909777092,-0.18541019662496847,70.0,0.0,62.1,0.7071067811865476,-0.7071067811865475
2025-12-20T10:00,137.4,17.0,68,-1.2496402047198145,-0.35832856256209894,140.0,0.0,44.8,0.49999999999999994,-0.8660254037844387
2025-12-20T11:00,113.9,18.7,60,-3.08144647592461,1.4369020899183778,405.0,0.0,31.0,0.258819045102521,-0.9659258262890682
2025-12-20T12:00,97.1,20.3,54,-2.71892336110995,1.267854785222098,600.0,0.0,22.0,1.2246467991473532e-16,-1.0
2025-12-20T13:00,85.7,21.2,50,-2.1346505978071924,0.5322281703192692,740.0,0.0,16.4,-0.2588190451025208,-0.9659258262890683
2025-12-20T14:00,78.5,21.8,48,-1.1,-6.735557395310444e-17,810.0,0.0,20.9,-0.4999999999999997,-0.8660254037844388
2025-12-20T15:00,76.4,21.8,48,-1.3,-7.960204194457797e-17,810.0,0.0,43.2,-0.7071067811865471,-0.7071067811865479
2025-12-20T16:00,88.0,21.2,51,-2.4939101256495606,0.1743911843603133,415.0,0.0,75.7,-0.8660254037844385,-0.5000000000000004
2025-12-20T17:00,175.6,18.1,73,-3.0205472008342293,0.6973482684659816,110.0,0.0,106.1,-0.9659258262890683,-0.25881904510252063
2025-12-20T18:00,214.7,17.2,75,-5.767663311155832,1.9859657421886554,170.0,0.0,112.3,-1.0,-1.8369701987210297e-16
2025-12-20T19:00,220.7,16.1,80,-5.748539898314082,2.322560879178655,180.0,0.0,120.2,-0.9659258262890684,0.2588190451025203
2025-12-20T20:00,207.7,15.1,84,-6.1520748540052415,1.764079077228794,160.0,0.0,120.8,-0.8660254037844386,0.5000000000000001
2025-12-20T21:00,198.8,14.1,88,-6.086761704288984,1.977708763999663,145.0,0.0,108.0,-0.7071067811865477,0.7071067811865474
2025-12-20T22:00,194.2,13.3,91,-6.253523730552885,2.9160660060108254,140.0,0.0,87.8,-0.5000000000000004,0.8660254037844384
2025-12-20T23:00,190.5,12.5,95,-5.932040705574502,2.8932495688079114,140.0,0.0,69.8,-0.25881904510252157,0.9659258262890681
2025-12-21T00:00,188.1,12.0,96,-4.679622242152313,2.4881992827652217,120.0,0.0,57.0,0.0,1.0
2025-12-21T01:00,188.6,11.7,96,-4.114403043370139,2.4721827595682604,105.0,0.0,46.3,0.25881904510252074,0.9659258262890683
2025-12-21T02:00,189.1,11.3,97,-3.9357886821272814,2.1816432911085166,95.0,0.0,38.0,0.49999999999999994,0.8660254037844387
2025-12-21T03:00,190.0,11.0,97,-3.9357886821272814,2.1816432911085166,90.0,0.0,31.7,0.7071067811865476,0.7071067811865476
2025-12-21T04:00,190.9,10.7,98,-3.833450448227005,2.888712111129832,90.0,0.0,27.8,0.8660254037844386,0.5000000000000001
2025-12-21T05:00,190.9,10.8,99,-3.4125660924301773,3.79003860993471,90.0,0.0,28.5,0.9659258262890683,0.25881904510252074
2025-12-21T06:00,200.2,11.0,98,-4.301844607269802,3.739536465245891,110.0,0.0,36.3,1.0,6.123233995736766e-17
2025-12-21T07:00,217.0,11.1,98,-3.610890138912289,4.791813060283758,110.0,0.0,46.9,0.9659258262890683,-0.25881904510252063
2025-12-21T08:00,219.8,11.5,98,-2.914555953282627,4.664264528860342,100.0,0.0,52.7,0.8660254037844387,-0.4999999999999998
2025-12-21T09:00,218.4,12.9,91,-3.6083246594477902,4.150902691225246,155.0,0.0,49.5,0.7071067811865476,-0.7071067811865475
2025-12-21T10:00,204.9,15.1,81,-4.325045290397773,2.702588247589344,245.0,0.0,41.5,0.49999999999999994,-0.8660254037844387
2025-12-21T11:00,180.7,16.2,75,-3.734321705988807,1.433471798181201,305.0,0.0,34.7,0.258819045102521,-0.9659258262890682
2025-12-21T12:00,160.7,18.1,67,-3.7947922320673806,0.1988766337231866,390.0,0.0,28.7,1.2246467991473532e-16,-1.0
2025-12-21T13:00,149.0,19.4,61,-3.395340418165551,0.17794225122600907,480.0,0.0,23.7,-0.2588190451025208,-0.9659258262890683
2025-12-21T14:00,143.9,20.2,57,-3.4,-2.0818995585505003e-16,550.0,0.0,26.6,-0.4999999999999997,-0.8660254037844388
2025-12-21T15:00,143.0,20.4,56,-3.580278823325784,-0.3763024677635525,565.0,0.0,43.4,-0.7071067811865471,-0.7071067811865479
2025-12-21T16:00,151.8,19.8,59,-4.0,-2.4492935982947064e-16,475.0,0.0,68.1,-0.8660254037844385,-0.5000000000000004
2025-12-21T17:00,211.9,16.6,78,-2.521634411541511,1.9701167210421067,250.0,0.0,96.6,-0.9659258262890683,-0.25881904510252063
2025-12-21T18:00,244.9,16.0,80,-2.3334523779156067,2.3334523779156067,140.0,0.0,102.6,-1.0,-1.8369701987210297e-16
2025-12-21T19:00,266.4,15.3,84,-2.1920310216782974,2.192031021678297,85.0,0.0,110.7,-0.9659258262890684,0.2588190451025203
2025-12-21T20:00,272.9,14.8,87,-2.3334523779156067,2.3334523779156067,70.0,0.0,115.1,-0.8660254037844386,0.5000000000000001
2025-12-21T21:00,271.9,14.4,88,-1.6263455967290592,1.626345596729059,65.0,0.0,113.1,-0.7071067811865477,0.7071067811865474
2025-12-21T22:00,267.3,13.8,91,-2.7060086959909313,2.523393932231244,80.0,0.0,107.4,-0.5000000000000004,0.8660254037844384
2025-12-21T23:00,258.0,13.3,93,-3.2910916572862674,3.0689926202812425,90.0,0.0,99.9,-0.25881904510252157,0.9659258262890681
2025-12-22T00:00,241.2,12.6,95,-2.2926909042300623,3.3990540474756705,80.0,0.0,89.7,0.0,1.0
2025-12-22T01:00,230.0,12.2,96,-1.4609657143220578,3.6160170328104706,70.0,0.0,77.6,0.25881904510252074,0.9659258262890683
2025-12-22T02:00,223.1,11.7,98,-0.5566924038402613,3.9610722749662814,50.0,0.0,68.3,0.49999999999999994,0.8660254037844387
2025-12-22T03:00,224.0,11.4,100,-0.9058666578588236,3.380740392011739,45.0,0.0,63.3,0.7071067811865476,0.7071067811865476
2025-12-22T04:00,230.5,11.4,100,-1.4499999999999997,2.511473670974872,55.0,0.0,60.9,0.8660254037844386,0.5000000000000001
2025-12-22T05:00,197.9,11.8,99,-2.907803098047884,4.310995377286217,100.0,0.0,33.4,0.9659258262890683,0.25881904510252074
2025-12-22T06:00,207.2,11.9,100,-2.8643931122624937,3.071685546800516,90.0,0.0,42.1,1.0,6.123233995736766e-17
2025-12-22T07:00,223.1,11.9,99,-2.7169544888019797,2.361812504365826,75.0,0.0,53.6,0.9659258262890683,-0.25881904510252063
2025-12-22T08:00,224.4,12.1,98,-1.8309390948649737,3.4434956121498153,75.0,0.0,59.3,0.8660254037844387,-0.4999999999999998
2025-12-22T09:00,215.1,13.0,94,-1.2954955723398964,4.517929970910099,90.0,0.0,53.6,0.7071067811865476,-0.7071067811865475
2025-12-22T10:00,192.8,15.1,83,-0.6973482684659821,3.020547200834229,290.0,0.0,41.9,0.49999999999999994,-0.8660254037844387
2025-12-22T11:00,177.0,16.1,79,-0.497422543533025,0.335515742082448,335.0,0.0,32.0,0.258819045102521,-0.9659258262890682
2025-12-22T12:00,165.3,18.3,71,-0.7263847995832748,-1.4256104387013888,365.0,0.0,24.3,1.2246467991473532e-16,-1.0
2025-12-22T13:00,155.5,19.9,63,-0.18834247910913832,-2.6934229357015256,405.0,0.0,18.4,-0.2588190451025208,-0.9659258262890683
2025-12-22T14:00,146.2,21.0,57,0.7276909178621596,-3.4235166025683195,460.0,0.0,20.6,-0.4999999999999997,-0.8660254037844388
2025-12-22T15:00,143.0,21.3,55,0.7257656867990037,-2.9108871788279895,480.0,0.0,36.9,-0.7071067811865471,-0.7071067811865479
2025-12-22T16:00,150.4,20.8,60,0.17431148549531664,-1.992389396183491,455.0,0.0,61.3,-0.8660254037844385,-0.5000000000000004
2025-12-22T17:00,189.5,19.1,68,1.0777488443215544,0.7269507745119705,40.0,0.0,97.8,-0.9659258262890683,-0.25881904510252063
2025-12-22T18:00,226.3,17.9,73,2.537170076121953,0.9234543869793052,55.0,0.0,113.1,-1.0,-1.8369701987210297e-16
2025-12-22T19:00,264.5,17.1,77,3.0205472008342293,-0.6973482684659813,75.0,0.0,133.9,-0.9659258262890684,0.2588190451025203
2025-12-22T20:00,293.4,16.4,80,2.87726160734309,-3.195522749552795,105.0,0.0,146.7,-0.8660254037844386,0.5000000000000001
2025-12-22T21:00,312.9,15.9,82,1.4235782507653005,-3.1974091017491033,95.0,0.0,145.8,-0.7071067811865477,0.7071067811865474
2025-12-22T22:00,324.1,15.4,84,1.250000000000001,-2.165063509461096,75.0,0.0,136.9,-0.5000000000000004,0.8660254037844384
2025-12-22T23:00,312.0,14.6,89,2.8512208774027776,-1.4527695991665492,55.0,0.0,124.4,-0.25881904510252157,0.9659258262890681
2025-12-23T00:00,272.9,13.5,94,3.395340418165551,-0.1779422512260094,30.0,0.0,107.8,0.0,1.0
2025-12-23T01:00,236.6,12.9,96,4.112110450641052,1.2571983303077694,35.0,0.0,87.6,0.25881904510252074,0.9659258262890683
2025-12-23T02:00,209.1,12.7,97,4.153481053042993,1.1129218939408387,35.0,0.0,69.1,0.49999999999999994,0.8660254037844387
2025-12-23T03:00,187.7,12.4,98,5.629823541392285,0.8916764507293169,45.0,0.0,53.0,0.7071067811865476,0.7071067811865476
2025-12-23T04:00,171.8,12.4,98,7.190132650232932,0.376818884949199,65.0,0.0,38.5,0.8660254037844386,0.5000000000000001
2025-12-23T05:00,162.5,11.7,98,8.67880723726047,0.6068813215738925,85.0,0.0,27.0,0.9659258262890683,0.25881904510252074
2025-12-23T06:00,162.5,11.6,98,8.075423574700107,-1.4239150568688257,100.0,0.0,31.3,1.0,6.123233995736766e-17
2025-12-23T07:00,162.5,11.7,97,8.25453173155667,-0.8675862451215198,110.0,0.0,37.0,0.9659258262890683,-0.25881904510252063
2025-12-23T08:00,155.1,12.6,96,8.789925019230523,-2.3552533104329347,125.0,0.0,39.0,0.8660254037844387,-0.4999999999999998
2025-12-23T09:00,148.5,14.1,93,6.71318188675515,-2.31153389664581,160.0,0.0,33.9,0.7071067811865476,-0.7071067811865475
2025-12-23T10:00,130.9,16.8,79,6.651403684989877,-1.413799497560764,215.0,0.0,25.2,0.49999999999999994,-0.8660254037844387
2025-12-23T11:00,108.5,19.0,69,7.180188374442375,-1.790222027437539,285.0,0.0,18.0,0.258819045102521,-0.9659258262890682
2025-12-23T12:00,90.3,21.0,61,7.1859411745548085,-2.474317973874388,365.0,0.0,13.5,1.2246467991473532e-16,-1.0
2025-12-23T13:00,80.6,22.4,57,7.612985411107859,-3.549993398621877,520.0,0.0,10.5,-0.2588190451025208,-0.9659258262890683
2025-12-23T14:00,73.3,23.1,53,8.308887217824259,-4.605691392340204,635.0,0.0,11.1,-0.4999999999999997,-0.8660254037844388
2025-12-23T15:00,69.2,22.9,54,8.395676151948619,-5.246200715908727,675.0,0.0,18.2,-0.7071067811865471,-0.7071067811865479
2025-12-23T16:00,70.8,22.0,59,7.886847294254763,-4.928249157368804,655.0,0.0,28.8,-0.8660254037844385,-0.5000000000000004
2025-12-23T17:00,89.2,20.5,65,7.232034065620942,-2.9219314286441134,555.0,0.0,37.9,-0.9659258262890683,-0.25881904510252063
2025-12-23T18:00,92.9,19.4,71,7.753252319914399,-2.6696588665486813,435.0,0.0,35.7,-1.0,-1.8369701987210297e-16
2025-12-23T19:00,95.5,18.3,76,8.415115322833921,-2.897556574668691,350.0,0.0,32.5,-0.9659258262890684,0.2588190451025203
2025-12-23T20:00,97.1,17.4,78,8.588939923774255,-3.2969851358167634,330.0,0.0,29.1,-0.8660254037844386,0.5000000000000001
2025-12-23T21:00,97.6,16.6,80,8.84482560154493,-2.8738580476870093,300.0,0.0,25.7,-0.7071067811865477,0.7071067811865474
2025-12-23T22:00,96.6,15.9,82,9.360633898433239,-3.2231247291258476,295.0,0.0,22.2,-0.5000000000000004,0.8660254037844384
2025-12-23T23:00,92.4,15.2,84,9.772803256173447,-3.5570094905869576,285.0,0.0,19.0,-0.25881904510252157,0.9659258262890681
2025-12-24T00:00,85.7,14.5,87,9.167699272251504,-4.471385697248589,295.0,0.0,16.2,0.0,1.0
2025-12-24T01:00,78.9,14.1,88,9.020947563833918,-3.8291650591948807,280.0,0.0,13.8,0.25881904510252074,0.9659258262890683
2025-12-24T02:00,72.6,13.7,89,9.208987683701903,-3.351797404591556,285.0,0.0,12.3,0.49999999999999994,0.8660254037844387
2025-12-24T03:00,66.8,13.4,90,9.18052565724514,-2.8067683653382725,260.0,0.0,11.6,0.7071067811865476,0.7071067811865476
2025-12-24T04:00,62.2,12.9,90,9.030970087718506,-1.7554427574642149,230.0,0.0,11.8,0.8660254037844386,0.5000000000000001
2025-12-24T05:00,57.0,12.5,91,9.547410195535424,-1.0034732473694685,235.0,0.0,12.8,0.9659258262890683,0.25881904510252074
2025-12-24T06:00,56.6,11.9,90,9.563469101680758,-0.8366951303775158,225.0,0.0,16.7,1.0,6.123233995736766e-17
2025-12-24T07:00,58.9,11.6,90,9.576614882494313,-0.6696621479436021,205.0,0.0,22.0,0.9659258262890683,-0.25881904510252063
2025-12-24T08:00,59.6,12.6,84,9.694091022085228,0.33852511801425733,230.0,0.0,24.7,0.8660254037844387,-0.4999999999999998
2025-12-24T09:00,58.3,14.6,75,8.594761112364223,0.3001356716415065,300.0,0.0,22.6,0.7071067811865476,-0.7071067811865475
2025-12-24T10:00,52.6,16.7,67,8.794639277768043,-0.3071155709820113,435.0,0.0,18.0,0.49999999999999994,-0.8660254037844387
2025-12-24T11:00,46.4,18.9,60,10.271958742189433,-1.626918436418399,890.0,0.0,14.0,0.258819045102521,-0.9659258262890682
2025-12-24T12:00,34.7,20.4,45,11.37028071150949,-4.138443734240595,1005.0,0.0,10.6,1.2246467991473532e-16,-1.0
2025-12-24T13:00,25.5,21.0,41,11.01624903266698,-4.228741804634545,1095.0,0.0,7.7,-0.2588190451025208,-0.9659258262890683
2025-12-24T14:00,24.3,21.1,40,10.597127308654173,-4.718145059679277,1130.0,0.0,8.1,-0.4999999999999997,-0.8660254037844388
2025-12-24T15:00,24.0,20.8,42,10.424776333003905,-5.311688846952696,1125.0,0.0,14.0,-0.7071067811865471,-0.7071067811865479
2025-12-24T16:00,26.0,20.0,44,9.343123577653024,-5.613915016519591,1100.0,0.0,23.1,-0.8660254037844385,-0.5000000000000004
2025-12-24T17:00,36.4,18.6,50,6.41524697415625,-3.268731598124736,615.0,0.0,35.4,-0.9659258262890683,-0.25881904510252063
2025-12-24T18:00,48.9,17.5,57,5.062776693988423,-2.149021206691004,315.0,0.0,43.2,-1.0,-1.8369701987210297e-16
2025-12-24T19:00,60.5,16.3,64,4.515485043859253,-0.8777213787321074,140.0,0.0,54.0,-0.9659258262890684,0.2588190451025203
2025-12-24T20:00,73.3,15.5,67,4.897015052393569,0.17100753384225373,95.0,0.0,61.6,-0.8660254037844386,0.5000000000000001
2025-12-24T21:00,85.7,14.7,68,5.3967104659031175,0.18845728219350413,85.0,0.0,63.5,-0.7071067811865477,0.7071067811865474
2025-12-24T22:00,94.3,14.1,69,5.756767679519668,0.7068421917498535,80.0,0.0,62.3,-0.5000000000000004,0.8660254037844384
2025-12-24T23:00,94.3,13.0,74,5.2395969218903815,1.3063782362382061,70.0,0.0,59.8,-0.25881904510252157,0.9659258262890681
2025-12-25T00:00,90.6,12.3,75,5.370418234988676,0.5644537016453282,65.0,0.0,56.1,0.0,1.0
2025-12-25T01:00,85.4,11.9,75,5.926130043570826,0.9386067902413862,80.0,0.0,51.2,0.25881904510252074,0.9659258262890683
2025-12-25T02:00,80.3,11.3,76,6.436742446820206,0.9046251562404278,85.0,0.0,46.3,0.49999999999999994,0.8660254037844387
2025-12-25T03:00,76.4,10.8,77,6.5187430479279085,1.0324674692655247,80.0,0.0,41.3,0.7071067811865476,0.7071067811865476
2025-12-25T04:00,72.9,10.2,78,6.81504955010645,1.0793978087775942,85.0,0.0,36.4,0.8660254037844386,0.5000000000000001
2025-12-25T05:00,71.0,9.8,82,7.770318645115615,0.6798147934317343,85.0,0.0,38.4,0.9659258262890683,0.25881904510252074
2025-12-25T06:00,71.2,9.4,82,7.0470776766533865,0.8652723381765449,85.0,0.0,39.2,1.0,6.123233995736766e-17
2025-12-25T07:00,75.9,9.3,81,7.4270105155617765,1.0437982572004938,85.0,0.0,40.0,0.9659258262890683,-0.25881904510252063
2025-12-25T08:00,79.2,10.7,74,7.922144549932562,1.1133848076805266,100.0,0.0,39.1,0.8660254037844387,-0.4999999999999998
2025-12-25T09:00,76.1,13.1,64,4.5,8.266365894244633e-16,125.0,0.0,34.9,0.7071067811865476,-0.7071067811865475
2025-12-25T10:00,73.1,15.9,53,3.734321705988807,-1.4334717981812015,195.0,0.0,28.9,0.49999999999999994,-0.8660254037844387
2025-12-25T11:00,68.0,18.5,46,4.7128004925905795,-2.197614961051638,395.0,0.0,23.5,0.258819045102521,-0.9659258262890682
2025-12-25T12:00,59.5,19.9,43,5.450217200558268,-1.98371683128888,670.0,0.0,17.7,1.2246467991473532e-16,-1.0
2025-12-25T13:00,50.4,20.7,40,6.440453362786736,-1.846770283973896,1010.0,0.0,12.3,-0.2588190451025208,-0.9659258262890683
2025-12-25T14:00,44.0,21.0,38,6.334974456515424,-2.1813066348629473,1105.0,0.0,12.8,-0.4999999999999997,-0.8660254037844388
2025-12-25T15:00,40.4,20.8,39,6.14587074139556,-2.116193003971516,1105.0,0.0,22.9,-0.7071067811865471,-0.7071067811865479
2025-12-25T16:00,43.5,19.9,45,4.32637281122647,-1.8364363038995855,915.0,0.0,38.8,-0.8660254037844385,-0.5000000000000004
2025-12-25T17:00,94.8,17.9,54,4.367203067221817,-0.5362251109826498,155.0,0.0,59.4,-0.9659258262890683,-0.25881904510252063
2025-12-25T18:00,126.2,17.1,57,4.688551036221175,-0.32785542659738853,115.0,0.0,70.8,-1.0,-1.8369701987210297e-16
2025-12-25T19:00,146.2,16.0,65,4.1,7.531577814756221e-16,65.0,0.0,86.3,-0.9659258262890684,0.2588190451025203
2025-12-25T20:00,159.7,15.2,69,3.763018661217967,0.5288577836482501,40.0,0.0,96.8,-0.8660254037844386,0.5000000000000001
2025-12-25T21:00,167.2,14.6,73,2.9108871788279895,0.7257656867990033,35.0,0.0,97.7,-0.7071067811865477,0.7071067811865474
2025-12-25T22:00,177.4,14.1,75,2.1916283358018402,0.19174263404484818,35.0,0.0,93.6,-0.5000000000000004,0.8660254037844384
2025-12-25T23:00,186.3,13.2,79,2.0284442352070435,0.5435199947152933,25.0,0.0,89.5,-0.25881904510252157,0.9659258262890681
2025-12-26T00:00,189.5,12.9,79,1.4554435894139948,0.36288284339950166,20.0,0.0,87.1,0.0,1.0
2025-12-26T01:00,189.5,12.6,79,1.2873484893640414,-0.18092503124808512,20.0,0.0,84.7,0.25881904510252074,0.9659258262890683
2025-12-26T02:00,186.3,11.9,82,1.9505106211597798,-1.2188143077363707,30.0,0.0,81.5,0.49999999999999994,0.8660254037844387
2025-12-26T03:00,180.7,11.3,83,2.66295824562643,-0.8652475842498522,35.0,0.0,76.8,0.7071067811865476,0.7071067811865476
2025-12-26T04:00,173.2,10.7,85,4.283637201794505,-0.3747696938149289,45.0,0.0,71.3,0.8660254037844386,0.5000000000000001
2025-12-26T05:00,144.4,10.4,87,4.688551036221174,0.32785542659739025,60.0,0.0,65.2,0.9659258262890683,0.25881904510252074
2025-12-26T06:00,133.6,10.1,87,4.283637201794505,0.37476969381493047,55.0,0.0,64.7,1.0,6.123233995736766e-17
2025-12-26T07:00,138.8,9.9,86,3.3813744442521294,0.35539677511002143,40.0,0.0,63.8,0.9659258262890683,-0.25881904510252063
2025-12-26T08:00,146.7,11.3,79,3.2593715239639542,0.5162337346327623,35.0,0.0,60.6,0.8660254037844387,-0.4999999999999998
2025-12-26T09:00,134.6,13.7,68,2.187429987478853,-0.7107390870623785,95.0,0.0,53.8,0.7071067811865476,-0.7071067811865475
2025-12-26T10:00,116.9,16.3,58,2.7189233611099493,-1.2678547852220987,200.0,0.0,44.9,0.49999999999999994,-0.8660254037844387
2025-12-26T11:00,87.3,18.3,52,5.544186462636859,-2.017918845621447,510.0,0.0,36.3,0.258819045102521,-0.9659258262890682
2025-12-26T12:00,67.1,19.8,43,6.8515909323195086,-3.050524823068498,775.0,0.0,26.5,1.2246467991473532e-16,-1.0
2025-12-26T13:00,56.6,20.7,39,6.710401705727846,-3.567983877172767,920.0,0.0,17.2,-0.2588190451025208,-0.9659258262890683
2025-12-26T14:00,51.3,21.1,38,6.880877172027532,-4.818042065348787,1035.0,0.0,15.6,-0.4999999999999997,-0.8660254037844388
2025-12-26T15:00,49.0,20.8,40,5.728786224524986,-6.143371093601034,1045.0,0.0,27.5,-0.7071067811865471,-0.7071067811865479
2025-12-26T16:00,55.5,20.0,44,5.048424097670397,-6.46168817957512,970.0,0.0,47.2,-0.8660254037844385,-0.5000000000000004
2025-12-26T17:00,112.2,18.6,51,4.791813060283758,-3.6108901389122874,415.0,0.0,62.6,-0.9659258262890683,-0.25881904510252063
2025-12-26T18:00,133.6,17.7,59,2.852279436314764,-2.6597936042437444,290.0,0.0,69.1,-1.0,-1.8369701987210297e-16
2025-12-26T19:00,149.9,16.7,65,1.7749966993109367,-3.8064927055539304,195.0,0.0,77.8,-0.9659258262890684,0.2588190451025203
2025-12-26T20:00,156.5,16.0,69,1.4214781741247593,-4.3748599749577055,155.0,0.0,81.8,-0.8660254037844386,0.5000000000000001
2025-12-26T21:00,155.1,15.2,73,1.4214781741247593,-4.3748599749577055,135.0,0.0,77.8,-0.7071067811865477,0.7071067811865474
2025-12-26T22:00,152.7,14.5,77,1.7582900782017326,-4.142271840535981,115.0,0.0,69.1,-0.5000000000000004,0.8660254037844384
2025-12-26T23:00,147.1,13.9,81,1.6416966879632093,-4.51052457977236,130.0,0.0,59.6,-0.25881904510252157,0.9659258262890681
2025-12-27T00:00,137.8,12.8,85,2.3153515486716896,-4.544133273360675,90.0,0.0,49.4,0.0,1.0
2025-12-27T01:00,129.9,12.2,87,2.708910491432896,-3.467247315869577,70.0,0.0,38.4,0.25881904510252074,0.9659258262890683
2025-12-27T02:00,122.5,11.8,89,2.668731271573632,-4.109485782932578,75.0,0.0,29.7,0.49999999999999994,0.8660254037844387
2025-12-27T03:00,115.9,11.2,92,3.790038609934712,-3.4125660924301746,75.0,0.0,24.0,0.7071067811865476,0.7071067811865476
2025-12-27T04:00,110.8,10.6,95,4.544133273360677,-2.315351548671688,65.0,0.0,20.5,0.8660254037844386,0.5000000000000001
2025-12-27T05:00,112.0,10.1,98,5.34744757120448,-0.7515347451843536,60.0,0.0,18.6,0.9659258262890683,0.25881904510252074
2025-12-27T06:00,115.9,9.8,98,5.3967104659031175,-0.18845728219350694,60.0,0.0,26.0,1.0,6.123233995736766e-17
2025-12-27T07:00,125.7,9.7,98,5.196832300499298,0.18147738285300397,65.0,0.0,35.8,0.9659258262890683,-0.25881904510252063
2025-12-27T08:00,130.4,10.7,94,5.596588631306936,0.19543718153400425,85.0,0.0,40.9,0.8660254037844387,-0.4999999999999998
2025-12-27T09:00,129.0,12.5,86,4.3458286986186065,-0.688311646177015,120.0,0.0,36.7,0.7071067811865476,-0.7071067811865475
2025-12-27T10:00,119.2,15.1,73,4.107753876587688,-1.5768189779993218,195.0,0.0,27.6,0.49999999999999994,-0.8660254037844387
2025-12-27T11:00,109.0,17.3,65,4.548022477124857,-2.5210100252809537,440.0,0.0,20.0,0.258819045102521,-0.9659258262890682
2025-12-27T12:00,94.3,19.1,56,5.615079606059886,-2.383459883784568,590.0,0.0,14.5,1.2246467991473532e-16,-1.0
2025-12-27T13:00,80.3,20.0,52,5.800369837034559,-2.7047568751404776,695.0,0.0,10.5,-0.2588190451025208,-0.9659258262890683
2025-12-27T14:00,71.7,20.5,51,5.94741400854789,-3.2967054176750934,775.0,0.0,12.0,-0.4999999999999997,-0.8660254037844388
2025-12-27T15:00,69.2,20.5,50,6.710401705727846,-3.567983877172767,805.0,0.0,22.8,-0.7071067811865471,-0.7071067811865479
2025-12-27T16:00,73.1,19.8,54,5.57358619108046,-5.018479547691434,760.0,0.0,39.2,-0.8660254037844385,-0.5000000000000004
2025-12-27T17:00,146.7,18.2,66,3.564026096753472,-1.8159619989581866,255.0,0.0,80.1,-0.9659258262890683,-0.25881904510252063
2025-12-27T18:00,180.7,17.6,67,3.9602958877851804,-1.061158084920333,155.0,0.0,92.2,-1.0,-1.8369701987210297e-16
2025-12-27T19:00,216.5,16.9,71,3.7489206141594433,-1.0749856876862975,105.0,0.0,108.9,-0.9659258262890684,0.2588190451025203
2025-12-27T20:00,251.5,16.3,75,2.3640322608201654,-1.8469844259769754,75.0,0.0,122.1,-0.8660254037844386,0.5000000000000001
2025-12-27T21:00,281.3,15.5,77,0.9234543869793053,-2.537170076121953,65.0,0.0,129.2,-0.7071067811865477,0.7071067811865474
2025-12-27T22:00,305.5,14.9,79,1.4,2.5717582782094415e-16,25.0,0.0,132.7,-0.5000000000000004,0.8660254037844384
2025-12-27T23:00,318.5,13.8,85,2.3384881554845642,0.5398825304252766,30.0,0.0,132.4,-0.25881904510252157,0.9659258262890681
2025-12-28T00:00,318.5,12.9,88,3.763018661217967,0.5288577836482501,35.0,0.0,127.6,0.0,1.0
2025-12-28T01:00,310.1,12.1,91,4.497258721585931,0.15704773516125342,45.0,0.0,118.8,0.25881904510252074,0.9659258262890683
2025-12-28T02:00,294.3,11.5,92,4.664966912714213,-0.5727859140041941,55.0,0.0,107.5,0.49999999999999994,0.8660254037844387
2025-12-28T03:00,275.7,10.9,94,4.517929970910099,-1.295495572339897,65.0,0.0,91.8,0.7071067811865476,0.7071067811865476
2025-12-28T04:00,255.2,10.1,95,4.108219923081983,-0.8732291014345896,50.0,0.0,73.5,0.8660254037844386,0.5000000000000001
2025-12-28T05:00,217.0,9.6,97,4.497258721585931,-0.15704773516125575,40.0,0.0,51.3,0.9659258262890683,0.25881904510252074
2025-12-28T06:00,217.0,9.6,97,4.2973805561821115,0.15006783582075325,40.0,0.0,51.3,1.0,6.123233995736766e-17
2025-12-28T07:00,224.0,9.4,99,4.6421352007971475,0.7352419856890859,50.0,0.0,51.1,0.9659258262890683,-0.25881904510252063
2025-12-28T08:00,220.7,10.1,96,4.82555798975982,0.8508760705679587,60.0,0.0,49.0,0.8660254037844387,-0.4999999999999998
2025-12-28T09:00,205.4,11.9,89,4.136192562651273,0.7293223462011075,85.0,0.0,43.6,0.7071067811865476,-0.7071067811865475
2025-12-28T10:00,179.3,15.2,74,3.7947922320673806,0.19887663372318837,150.0,0.0,36.2,0.49999999999999994,-0.8660254037844387
2025-12-28T11:00,145.3,17.7,64,5.586358681455016,-0.3906362529671012,405.0,0.0,29.3,0.258819045102521,-0.9659258262890682
2025-12-28T12:00,111.8,19.1,56,6.1385314081469815,-1.4171916423663489,535.0,0.0,21.6,1.2246467991473532e-16,-1.0
2025-12-28T13:00,88.7,20.1,52,5.748539898314082,-2.322560879178654,630.0,0.0,14.4,-0.2588190451025208,-0.9659258262890683
2025-12-28T14:00,76.6,20.5,50,5.256938492711371,-2.678543948463325,705.0,0.0,13.5,-0.4999999999999997,-0.8660254037844388
2025-12-28T15:00,71.9,20.4,50,4.330127018922193,-2.5000000000000004,720.0,0.0,23.7,-0.7071067811865471,-0.7071067811865479
2025-12-28T16:00,74.5,19.8,55,4.800136883931828,-2.8842132194963033,680.0,0.0,40.4,-0.8660254037844385,-0.5000000000000004
2025-12-28T17:00,164.4,18.0,64,4.142271840535982,-1.7582900782017308,215.0,0.0,72.2,-0.9659258262890683,-0.25881904510252063
2025-12-28T18:00,182.5,17.0,71,2.5233939322312438,-2.7060086959909317,135.0,0.0,80.6,-1.0,-1.8369701987210297e-16
2025-12-28T19:00,200.7,16.7,73,1.2188143077363713,-1.9505106211597794,60.0,0.0,92.0,-0.9659258262890684,0.2588190451025203
2025-12-28T20:00,218.9,15.8,76,-1.4499999999999997,-2.511473670974872,80.0,0.0,99.7,-0.8660254037844386,0.5000000000000001
2025-12-28T21:00,237.0,14.9,81,-2.6572186321765483,-1.5966180322211678,80.0,0.0,101.0,-0.7071067811865477,0.7071067811865474
2025-12-28T22:00,253.3,14.1,85,-2.2943973155975956,-0.16043988961148803,60.0,0.0,98.5,-0.5000000000000004,0.8660254037844384
2025-12-28T23:00,259.8,13.3,89,-1.0692078290260414,0.5447885996874561,30.0,0.0,93.4,-0.25881904510252157,0.9659258262890681
2025-12-29T00:00,249.6,13.0,89,-0.21213203435596426,0.21213203435596423,15.0,0.0,84.9,0.0,1.0
2025-12-29T01:00,229.1,12.7,91,-2.4492935982947065e-17,0.2,40.0,0.0,73.7,0.25881904510252074,0.9659258262890683
2025-12-29T02:00,206.8,11.4,98,0.18159619989581866,0.3564026096753472,10.0,0.0,63.1,0.49999999999999994,0.8660254037844387
2025-12-29T03:00,185.3,11.1,99,1.5751713878545794,1.0624665165944185,35.0,0.0,53.0,0.7071067811865476,0.7071067811865476
2025-12-29T04:00,168.1,11.0,99,3.0814464759246105,1.436902089918377,55.0,0.0,43.5,0.8660254037844386,0.5000000000000001
2025-12-29T05:00,222.1,10.6,98,3.748920614159444,1.0749856876862955,65.0,0.0,62.6,0.9659258262890683,0.25881904510252074
2025-12-29T06:00,207.7,10.6,97,3.7947922320673806,0.19887663372318837,75.0,0.0,61.5,1.0,6.123233995736766e-17
2025-12-29T07:00,199.3,10.7,95,3.0957515577391788,0.16224146435312736,90.0,0.0,59.8,0.9659258262890683,-0.25881904510252063
2025-12-29T08:00,187.2,10.9,95,3.076037427002621,0.8820395386143964,90.0,0.0,56.8,0.8660254037844387,-0.4999999999999998
2025-12-29T09:00,177.4,11.6,96,3.0814464759246105,1.436902089918377,60.0,0.0,52.1,0.7071067811865476,-0.7071067811865475
2025-12-29T10:00,171.4,13.4,86,2.295131414311285,0.701692091334569,145.0,0.0,46.0,0.49999999999999994,-0.8660254037844387
2025-12-29T11:00,155.1,15.3,77,3.9949172656194643,-0.9222993228098461,270.0,0.0,39.3,0.258819045102521,-0.9659258262890682
2025-12-29T12:00,127.6,17.5,65,4.476372742448746,-1.993009551071419,390.0,0.0,29.4,1.2246467991473532e-16,-1.0
2025-12-29T13:00,105.2,18.9,53,4.900535883036024,-2.4969477485675067,495.0,0.0,18.9,-0.2588190451025208,-0.9659258262890683
2025-12-29T14:00,94.8,19.8,46,4.696555180494376,-3.049978596084149,560.0,0.0,15.9,-0.4999999999999997,-0.8660254037844388
2025-12-29T15:00,89.6,19.9,44,4.696555180494376,-3.049978596084149,590.0,0.0,26.1,-0.7071067811865471,-0.7071067811865479
2025-12-29T16:00,92.2,19.2,49,4.800136883931828,-2.8842132194963033,550.0,0.0,43.9,-0.8660254037844385,-0.5000000000000004
2025-12-29T17:00,172.8,16.8,66,3.8042260651806146,-1.236067977499789,220.0,0.0,69.2,-0.9659258262890683,-0.25881904510252063
2025-12-29T18:00,199.3,15.7,73,3.5929705872774043,-1.237158986937194,90.0,0.0,78.1,-1.0,-1.8369701987210297e-16
2025-12-29T19:00,218.9,15.0,78,3.423803458662553,-1.11246117974981,55.0,0.0,90.1,-0.9659258262890684,0.2588190451025203
2025-12-29T20:00,224.9,14.4,81,3.268289766190284,-0.9371670097777979,40.0,0.0,96.7,-0.8660254037844386,0.5000000000000001
2025-12-29T21:00,224.0,13.7,84,2.475670171853926,0.3479327524001646,30.0,0.0,93.3,-0.7071067811865477,0.7071067811865474
2025-12-29T22:00,221.2,12.9,87,2.0284442352070435,0.5435199947152933,20.0,0.0,84.5,-0.5000000000000004,0.8660254037844384
2025-12-29T23:00,215.1,12.0,92,3.076037427002621,0.8820395386143964,25.0,0.0,75.8,-0.25881904510252157,0.9659258262890681
2025-12-30T00:00,205.4,11.2,96,2.851220877402777,1.4527695991665501,20.0,0.0,68.8,0.0,1.0
2025-12-30T01:00,197.4,10.7,98,2.846718831998225,-0.5533460865919808,25.0,0.0,61.9,0.25881904510252074,0.9659258262890683
2025-12-30T02:00,192.3,10.6,97,2.5431837619078945,-0.5405703961261745,45.0,0.0,55.2,0.49999999999999994,0.8660254037844387
2025-12-30T03:00,186.3,10.4,99,3.281922254715302,-0.3449439287832548,55.0,0.0,47.7,0.7071067811865476,0.7071067811865476
2025-12-30T04:00,178.8,9.8,99,4.871850323926176,-1.1247552717193245,60.0,0.0,40.4,0.8660254037844386,0.5000000000000001
2025-12-30T05:00,169.5,9.8,99,4.160281732636995,-1.4324998796114878,60.0,0.0,28.3,0.9659258262890683,0.25881904510252074
2025-12-30T06:00,169.5,9.7,99,4.136192562651274,-0.7293223462011059,65.0,0.0,36.3,1.0,6.123233995736766e-17
2025-12-30T07:00,182.1,9.7,99,4.3458286986186065,-0.688311646177015,70.0,0.0,46.9,0.9659258262890683,-0.25881904510252063
2025-12-30T08:00,193.7,10.0,98,4.1,7.531577814756221e-16,80.0,0.0,51.7,0.8660254037844387,-0.4999999999999998
2025-12-30T09:00,176.5,10.9,97,4.7,8.63375993398884e-16,90.0,0.0,45.2,0.7071067811865476,-0.7071067811865475
2025-12-30T10:00,152.3,13.8,80,3.6,6.613092715395707e-16,155.0,0.0,32.8,0.49999999999999994,-0.8660254037844387
2025-12-30T11:00,120.6,16.7,67,5.0,9.184850993605148e-16,300.0,0.0,22.7,0.258819045102521,-0.9659258262890682
2025-12-30T12:00,96.4,18.6,56,5.977168188550474,-0.5229344564859473,425.0,0.0,16.8,1.2246467991473532e-16,-1.0
2025-12-30T13:00,85.7,19.9,47,6.475265537596346,-0.5665123278597762,510.0,0.0,13.1,-0.2588190451025208,-0.9659258262890683
2025-12-30T14:00,80.3,20.4,46,7.2,1.3226185430791415e-15,555.0,0.0,14.0,-0.4999999999999997,-0.8660254037844388
2025-12-30T15:00,76.6,20.4,45,7.581486781974664,0.5301492004553544,550.0,0.0,22.0,-0.7071067811865471,-0.7071067811865479
2025-12-30T16:00,78.7,19.6,52,7.398872944157295,-0.12914780763589517,515.0,0.0,34.5,-0.8660254037844385,-0.5000000000000004
2025-12-30T17:00,107.6,17.9,62,4.829629131445342,-1.2940952255126015,305.0,0.0,45.9,-0.9659258262890683,-0.25881904510252063
2025-12-30T18:00,121.1,16.7,69,4.350277377775919,-2.028567656355358,180.0,0.0,53.8,-1.0,-1.8369701987210297e-16
2025-12-30T19:00,134.1,15.9,72,4.198174594269099,-2.327086177182419,110.0,0.0,64.5,-0.9659258262890684,0.2588190451025203
2025-12-30T20:00,145.8,15.3,74,3.8334504482270066,-2.88871211112983,75.0,0.0,71.6,-0.8660254037844386,0.5000000000000001
2025-12-30T21:00,155.1,14.8,76,2.0075175272286625,-2.8670321550114704,55.0,0.0,71.5,-0.7071067811865477,0.7071067811865474
2025-12-30T22:00,166.2,14.2,78,0.3777949645559564,-3.0768930700880985,55.0,0.0,67.8,-0.5000000000000004,0.8660254037844384
2025-12-30T23:00,176.0,13.4,80,0.5398825304252768,-2.3384881554845642,50.0,0.0,64.4,-0.25881904510252157,0.9659258262890681
2025-12-31T00:00,183.5,12.8,80,-0.3631923997916374,-0.7128052193506944,30.0,0.0,62.9,0.0,1.0
2025-12-31T01:00,192.3,12.2,82,-1.0692078290260414,0.5447885996874561,35.0,0.0,61.7,0.25881904510252074,0.9659258262890683
2025-12-31T02:00,200.7,11.2,86,-1.9505106211597798,1.218814307736371,35.0,0.0,60.8,0.49999999999999994,0.8660254037844387
2025-12-31T03:00,206.8,10.3,90,-1.4106846055019358,1.9416407864998735,30.0,0.0,59.7,0.7071067811865476,0.7071067811865476
2025-12-31T04:00,211.9,9.4,95,-2.5455844122715714,2.545584412271571,30.0,0.0,58.8,0.8660254037844386,0.5000000000000001
2025-12-31T05:00,242.1,9.1,99,-4.149853686436956,2.2065163450936875,35.0,0.0,71.9,0.9659258262890683,0.25881904510252074
2025-12-31T06:00,238.4,9.2,99,-5.450217200558269,1.9837168312888784,50.0,0.0,71.4,1.0,6.123233995736766e-17
2025-12-31T07:00,242.1,9.2,98,-5.031403713297944,3.7914346458579047,60.0,0.0,70.2,0.9659258262890683,-0.25881904510252063
2025-12-31T08:00,220.7,10.4,93,-5.374011537017761,5.37401153701776,95.0,0.0,66.5,0.8660254037844387,-0.4999999999999998
2025-12-31T09:00,197.0,11.6,91,-4.167950222753983,4.316038802031908,125.0,0.0,58.1,0.7071067811865476,-0.7071067811865475
2025-12-31T10:00,166.7,14.2,77,-4.51966221440197,3.7924468971505823,195.0,0.0,47.0,0.49999999999999994,-0.8660254037844387
2025-12-31T11:00,139.7,16.2,71,-5.018479547691437,5.573586191080456,365.0,0.0,37.7,0.258819045102521,-0.9659258262890682
2025-12-31T12:00,115.3,17.8,68,-5.358438019581682,4.658019105832601,495.0,0.0,29.8,1.2246467991473532e-16,-1.0
2025-12-31T13:00,100.1,18.9,64,-5.043268823083022,3.9402334420842133,600.0,0.0,23.7,-0.2588190451025208,-0.9659258262890683
2025-12-31T14:00,93.1,19.4,61,-5.400153994423308,3.2447398719333416,665.0,0.0,24.2,-0.4999999999999997,-0.8660254037844388
2025-12-31T15:00,90.3,19.3,61,-7.548139798310009,3.203995253612045,650.0,0.0,36.5,-0.7071067811865471,-0.7071067811865479
2025-12-31T16:00,95.0,18.3,65,-8.272385125302547,1.4586446924022145,550.0,0.0,55.4,-0.8660254037844385,-0.5000000000000004
2025-12-31T17:00,142.5,14.7,80,-9.194587446897774,1.9543698936869378,335.0,0.0,64.3,-0.9659258262890683,-0.25881904510252063
2025-12-31T18:00,165.3,13.4,86,-10.955253128218622,2.3286109371589045,290.0,0.0,69.5,-1.0,-1.8369701987210297e-16
2025-12-31T19:00,170.9,12.4,89,-10.041199937611873,3.069902899588735,265.0,0.0,76.2,-0.9659258262890684,0.2588190451025203
2025-12-31T20:00,169.0,12.1,90,-9.228112281007862,2.6461186158431906,250.0,0.0,77.5,-0.8660254037844386,0.5000000000000001
2025-12-31T21:00,164.4,11.8,91,-8.495972756076188,3.7826507806049428,240.0,0.0,68.6,-0.7071067811865477,0.7071067811865474
2025-12-31T22:00,160.2,11.6,93,-8.428662419440846,3.930349834188504,245.0,0.0,54.3,-0.5000000000000004,0.8660254037844384
2025-12-31T23:00,155.5,11.4,96,-7.587037345449281,5.717242719944459,245.0,0.0,41.7,-0.25881904510252157,0.9659258262890681
2026-01-01T00:00,149.5,11.1,97,-7.188010851410842,4.149999999999999,200.0,0.0,33.1,0.0,1.0
2026-01-01T01:00,144.4,10.9,97,-6.614775150020123,4.133370261018997,195.0,0.0,26.3,0.25881904510252074,0.9659258262890683
2026-01-01T02:00,140.6,10.6,97,-6.148780366869515,3.549999999999998,185.0,0.0,21.2,0.49999999999999994,0.8660254037844387
2026-01-01T03:00,137.4,10.5,98,-5.4378467222199,2.535709570444196,175.0,0.0,17.4,0.7071067811865476,0.7071067811865476
2026-01-01T04:00,134.6,10.5,98,-5.755336383148386,2.5624408513775414,165.0,0.0,15.3,0.8660254037844386,0.5000000000000001
2026-01-01T05:00,144.4,10.7,99,-6.357222668584273,3.3801952520584146,175.0,0.0,21.6,0.9659258262890683,0.25881904510252074
2026-01-01T06:00,142.0,10.9,98,-6.664586655135108,5.592252204272892,215.0,1.1,28.1,1.0,6.123233995736766e-17
2026-01-01T07:00,145.3,11.0,98,-7.9283665448744856,5.760295472466236,220.0,0.5,36.8,0.9659258262890683,-0.25881904510252063
2026-01-01T08:00,150.9,11.5,96,-5.36825187331917,7.958760696528399,225.0,0.0,42.1,0.8660254037844387,-0.4999999999999998
2026-01-01T09:00,150.4,12.2,94,-4.342310698243878,5.3623071340531,165.0,0.0,40.6,0.7071067811865476,-0.7071067811865475
2026-01-01T10:00,144.8,13.2,91,-3.8154187024790756,6.105946292326267,225.0,0.0,35.6,0.49999999999999994,-0.8660254037844387
2026-01-01T11:00,131.3,14.0,88,-3.085113310707106,6.616046845367545,280.0,0.0,31.0,0.258819045102521,-0.9659258262890682
2026-01-01T12:00,116.9,15.5,82,0.16402763450175423,4.6971368869897505,385.0,0.0,25.9,1.2246467991473532e-16,-1.0
2026-01-01T13:00,106.9,16.6,78,2.8522794363147645,2.6597936042437444,525.0,0.0,21.1,-0.2588190451025208,-0.9659258262890683
2026-01-01T14:00,104.1,16.9,77,3.2593715239639542,0.5162337346327623,570.0,0.0,23.1,-0.4999999999999997,-0.8660254037844388
2026-01-01T15:00,101.0,16.9,77,2.5079526825623377,-1.8221342821066662,580.0,0.0,36.7,-0.7071067811865471,-0.7071067811865479
2026-01-01T16:00,104.3,16.8,78,1.6431504697506178,-3.0903165750062445,540.0,0.0,57.2,-0.8660254037844385,-0.5000000000000004
2026-01-01T17:00,161.1,15.5,81,0.3553967751100216,-3.381374444252129,520.0,0.0,75.5,-0.9659258262890683,-0.25881904510252063
2026-01-01T18:00,195.6,15.0,85,0.1988766337231886,-3.7947922320673806,505.0,0.0,82.8,-1.0,-1.8369701987210297e-16
2026-01-01T19:00,219.3,14.4,88,-0.34345619167778063,-1.7669289302057951,185.0,0.0,92.8,-0.9659258262890684,0.2588190451025203
2026-01-01T20:00,241.2,14.2,88,0.7500000000000007,-1.2990381056766576,130.0,0.0,99.8,-0.8660254037844386,0.5000000000000001
2026-01-01T21:00,260.8,14.1,89,-0.3757673725921767,-2.67372378560224,160.0,0.0,101.9,-0.7071067811865477,0.7071067811865474
2026-01-01T22:00,280.3,13.3,91,-1.9877194430099818,-3.585940799271522,140.0,0.0,100.9,-0.5000000000000004,0.8660254037844384
2026-01-01T23:00,288.7,13.2,93,4.330127018922193,-2.5000000000000004,185.0,0.0,96.7,-0.25881904510252157,0.9659258262890681
2026-01-02T00:00,266.4,13.3,94,5.173093386554199,-3.2325075118225484,315.0,0.0,87.6,0.0,1.0
2026-01-02T01:00,229.1,13.4,92,5.362307134053099,-4.342310698243879,500.0,0.0,75.3,0.25881904510252074,0.9659258262890683
2026-01-02T02:00,197.0,13.2,92,5.232590180780453,-5.23259018078045,495.0,0.0,64.4,0.49999999999999994,0.8660254037844387
2026-01-02T03:00,169.0,13.1,92,5.540953277930924,-7.092096782460498,515.0,0.0,56.6,0.7071067811865476,0.7071067811865476
2026-01-02T04:00,150.9,13.0,92,4.6102975988288835,-7.378018436560904,515.0,0.0,50.2,0.8660254037844386,0.5000000000000001
2026-01-02T05:00,106.9,12.4,93,5.56369143260515,-7.945774829603217,475.0,0.0,18.1,0.9659258262890683,0.25881904510252074
2026-01-02T06:00,100.8,12.8,90,6.728454054896367,-6.274384912574987,505.0,0.0,19.8,1.0,6.123233995736766e-17
2026-01-02T07:00,102.0,12.7,89,7.084419627829105,-3.9269579239953316,500.0,0.0,21.9,0.9659258262890683,-0.25881904510252063
2026-01-02T08:00,97.8,13.1,85,8.089146416692504,-3.9453403211016966,500.0,0.0,22.6,0.8660254037844387,-0.4999999999999998
2026-01-02T09:00,90.6,14.1,78,8.041664453783904,-5.424171163666245,525.0,0.0,20.3,0.7071067811865476,-0.7071067811865475
2026-01-02T10:00,78.5,15.4,70,7.208408817329621,-4.504313745982239,710.0,0.0,16.4,0.49999999999999994,-0.8660254037844387
2026-01-02T11:00,73.1,15.9,67,7.8582335764444515,-4.178296908794425,800.0,0.0,13.4,0.258819045102521,-0.9659258262890682
2026-01-02T12:00,72.2,16.8,60,7.8859391664594325,-4.738350289172498,910.0,0.0,11.4,1.2246467991473532e-16,-1.0
2026-01-02T13:00,70.3,17.3,56,8.650090580795545,-5.405176495178687,995.0,0.0,10.2,-0.2588190451025208,-0.9659258262890683
2026-01-02T14:00,69.4,17.5,55,7.047608876694598,-5.91364600911616,955.0,0.0,11.6,-0.4999999999999997,-0.8660254037844388
2026-01-02T15:00,67.8,17.4,55,6.450311480092858,-5.2233592457136515,940.0,0.0,16.9,-0.7071067811865471,-0.7071067811865479
2026-01-02T16:00,67.5,16.9,58,6.5144714853360535,-3.9142893693164114,930.0,0.0,24.9,-0.8660254037844385,-0.5000000000000004
2026-01-02T17:00,66.6,15.0,67,7.3780184365609065,-4.61029759882888,815.0,0.0,35.8,-0.9659258262890683,-0.25881904510252063
2026-01-02T18:00,79.9,13.8,75,4.150902691225247,-3.608324659447789,415.0,0.0,40.3,-1.0,-1.8369701987210297e-16
2026-01-02T19:00,85.9,13.1,80,3.4184661971960146,-3.0780007892507455,285.0,0.0,46.4,-0.9659258262890684,0.2588190451025203
2026-01-02T20:00,91.0,12.3,84,2.875087836170255,-2.1665340833473725,135.0,0.0,50.3,-0.8660254037844386,0.5000000000000001
2026-01-02T21:00,95.9,12.0,84,2.1916283358018402,0.19174263404484818,45.0,0.0,50.2,-0.7071067811865477,0.7071067811865474
2026-01-02T22:00,100.8,11.1,88,3.748920614159444,1.0749856876862955,45.0,0.0,47.8,-0.5000000000000004,0.8660254037844384
2026-01-02T23:00,105.0,11.2,90,2.868914267889106,-0.8771151141682101,55.0,0.0,44.8,-0.25881904510252157,0.9659258262890681
2026-01-03T00:00,105.7,11.8,89,2.0064910287889655,-1.8066526371689162,95.0,0.0,41.3,0.0,1.0
2026-01-03T01:00,105.9,12.0,88,2.5079526825623377,-1.8221342821066662,110.0,0.0,37.1,0.25881904510252074,0.9659258262890683
2026-01-03T02:00,105.0,11.9,90,1.9701167210421062,-2.521634411541511,140.0,0.0,33.1,0.49999999999999994,0.8660254037844387
2026-01-03T03:00,103.8,11.8,90,1.2362017582725107,-3.059706720070398,260.0,0.0,28.9,0.7071067811865476,0.7071067811865476
2026-01-03T04:00,103.1,11.6,88,1.7874357113510326,-1.447436899414626,200.0,0.0,24.9,0.8660254037844386,0.5000000000000001
2026-01-03T05:00,104.8,10.7,94,4.9,9.001153973733046e-16,110.0,0.0,23.4,0.9659258262890683,0.25881904510252074
2026-01-03T06:00,104.1,11.1,92,5.087576656325103,0.35575801609504043,150.0,0.0,26.5,1.0,6.123233995736766e-17
2026-01-03T07:00,110.1,11.3,91,3.939231012048832,0.6945927106677213,175.0,0.0,30.6,0.9659258262890683,-0.25881904510252063
2026-01-03T08:00,113.2,11.8,88,3.555678026142496,-0.5631640741448305,225.0,0.0,31.8,0.8660254037844387,-0.4999999999999998
2026-01-03T09:00,97.1,13.0,83,3.81051177665153,-2.2000000000000006,685.0,0.0,27.3,0.7071067811865476,-0.7071067811865475
2026-01-03T10:00,83.6,13.9,75,4.981083229470297,-4.3299895913373465,665.0,0.0,20.0,0.49999999999999994,-0.8660254037844387
2026-01-03T11:00,68.9,14.8,70,5.2709943663121335,-3.971979152803516,825.0,0.0,14.3,0.258819045102521,-0.9659258262890682
2026-01-03T12:00,68.0,15.7,65,4.900535883036024,-2.4969477485675067,1015.0,0.0,10.9,1.2246467991473532e-16,-1.0
2026-01-03T13:00,66.4,16.6,59,4.998560818879258,-1.4333142502483969,1130.0,0.0,9.2,-0.2588190451025208,-0.9659258262890683
2026-01-03T14:00,66.1,17.0,55,5.18418228388917,-1.101931961334125,1235.0,0.0,12.1,-0.4999999999999997,-0.8660254037844388
2026-01-03T15:00,65.2,17.1,54,5.2395969218903815,-1.3063782362382041,1255.0,0.0,22.6,-0.7071067811865471,-0.7071067811865479
2026-01-03T16:00,66.8,16.6,55,5.200352165796243,-1.7906248495143597,1240.0,0.0,37.7,-0.8660254037844385,-0.5000000000000004
2026-01-03T17:00,92.0,14.3,70,2.3618125043658265,-2.7169544888019788,325.0,0.0,49.6,-0.9659258262890683,-0.25881904510252063
2026-01-03T18:00,120.6,13.3,73,2.493024310163928,-2.867896404846533,170.0,0.0,61.3,-1.0,-1.8369701987210297e-16
2026-01-03T19:00,147.6,12.6,76,1.4527695991665504,-2.851220877402777,100.0,0.0,77.3,-0.9659258262890684,0.2588190451025203
2026-01-03T20:00,170.4,12.3,77,0.3434561916777804,-1.7669289302057951,55.0,0.0,88.4,-0.8660254037844386,0.5000000000000001
2026-01-03T21:00,186.3,12.3,76,0.17207791154425423,-1.0864571746546514,35.0,0.0,90.1,-0.7071067811865477,0.7071067811865474
2026-01-03T22:00,198.4,12.2,75,1.7145055188062944e-16,-0.7,30.0,0.0,86.9,-0.5000000000000004,0.8660254037844384
2026-01-03T23:00,200.2,11.3,81,-0.5375519243179504,-1.4003706397458027,30.0,0.0,82.4,-0.25881904510252157,0.9659258262890681
2026-01-04T00:00,190.0,10.7,83,0.7321259575364403,-1.6443818237566818,35.0,0.0,77.8,0.0,1.0
2026-01-04T01:00,177.0,9.9,87,1.9733545036504077,-0.718242300983905,30.0,0.0,71.9,0.25881904510252074,0.9659258262890683
2026-01-04T02:00,162.5,9.1,91,3.1956145112146364,-0.16747505997742063,30.0,0.0,65.4,0.49999999999999994,0.8660254037844387
2026-01-04T03:00,147.6,8.5,93,3.9392310120488325,-0.6945927106677199,30.0,0.0,57.4,0.7071067811865476,0.7071067811865476
2026-01-04T04:00,136.0,8.7,94,4.3458286986186065,-0.688311646177015,40.0,0.0,48.8,0.8660254037844386,0.5000000000000001
2026-01-04T05:00,132.2,8.7,96,4.350277377775921,2.028567656355356,45.0,0.0,43.8,0.9659258262890683,0.25881904510252074
2026-01-04T06:00,127.1,9.1,96,6.276026597977997,-0.5490811793102447,80.0,0.0,44.8,1.0,6.123233995736766e-17
2026-01-04T07:00,129.0,9.3,94,6.291366068953815,0.3297165243305491,95.0,0.0,45.7,0.9659258262890683,-0.25881904510252063
2026-01-04T08:00,132.2,10.4,90,5.1715138559150216,-0.5435480089917956,130.0,0.0,43.9,0.8660254037844387,-0.4999999999999998
2026-01-04T09:00,127.1,11.9,83,5.0,9.184850993605148e-16,200.0,0.0,36.7,0.7071067811865476,-0.7071067811865475
2026-01-04T10:00,114.3,13.7,75,4.886401628086723,-1.7785047452934788,375.0,0.0,26.8,0.49999999999999994,-0.8660254037844387
2026-01-04T11:00,91.7,15.1,68,7.715769225097903,-5.010679122138245,910.0,0.0,18.8,0.258819045102521,-0.9659258262890682
2026-01-04T12:00,65.7,16.1,61,5.232590180780453,-5.23259018078045,1175.0,0.0,13.6,1.2246467991473532e-16,-1.0
2026-01-04T13:00,61.2,16.5,58,5.42495722598498,-4.8846534264196615,1230.0,0.0,10.4,-0.2588190451025208,-0.9659258262890683
2026-01-04T14:00,60.1,16.9,56,5.207496103537129,-4.526807300034499,1280.0,0.0,11.9,-0.4999999999999997,-0.8660254037844388
2026-01-04T15:00,59.0,17.1,55,4.8329970613050515,-3.384100974471172,1230.0,0.0,21.0,-0.7071067811865471,-0.7071067811865479
2026-01-04T16:00,60.5,16.5,56,5.430978635369399,-2.305313658086714,1095.0,0.0,34.9,-0.8660254037844385,-0.5000000000000004
2026-01-04T17:00,95.2,14.8,68,3.2572357426680267,-1.9571446846582057,455.0,0.0,64.9,-0.9659258262890683,-0.25881904510252063
2026-01-04T18:00,110.1,13.6,74,3.205392292293742,-3.4373623976101024,150.0,0.0,67.9,-1.0,-1.8369701987210297e-16
2026-01-04T19:00,120.1,12.8,79,2.163159914622229,-3.600102662948871,95.0,0.0,71.7,-0.9659258262890684,0.2588190451025203
2026-01-04T20:00,127.1,12.7,80,1.231272515972407,-3.3828934348292705,80.0,0.0,73.2,-0.8660254037844386,0.5000000000000001
2026-01-04T21:00,130.9,12.8,81,1.7749966993109367,-3.8064927055539304,150.0,0.0,70.7,-0.7071067811865477,0.7071067811865474
2026-01-04T22:00,135.0,12.3,85,2.0187277199793305,-3.796674649293386,175.0,0.0,65.7,-0.5000000000000004,0.8660254037844384
2026-01-04T23:00,132.7,11.4,89,0.8856057061013449,-5.022519540362261,200.0,0.0,59.7,-0.25881904510252157,0.9659258262890681
2026-01-05T00:00,123.9,11.1,88,1.0766187015349684,-6.10580806867569,210.0,0.0,52.5,0.0,1.0
2026-01-05T01:00,118.0,10.4,86,2.18130663486295,-6.334974456515423,215.0,0.0,44.2,0.25881904510252074,0.9659258262890683
2026-01-05T02:00,114.6,10.0,85,1.9859657421886558,-5.767663311155832,170.0,0.0,37.0,0.49999999999999994,0.8660254037844387
2026-01-05T03:00,111.8,9.5,85,2.3607505986456445,-4.633233925779512,100.0,0.0,30.8,0.7071067811865476,0.7071067811865476
2026-01-05T04:00,109.0,9.2,85,3.6122235263867877,-3.7405669617609845,85.0,0.0,25.7,0.8660254037844386,0.5000000000000001
2026-01-05T05:00,106.6,8.6,89,3.924489817158416,-3.4115069507506366,100.0,0.0,22.6,0.9659258262890683,0.25881904510252074
2026-01-05T06:00,106.4,8.6,90,3.0780007892507473,-3.4184661971960133,95.0,0.0,28.1,1.0,6.123233995736766e-17
2026-01-05T07:00,114.1,8.5,90,2.875087836170255,-2.1665340833473725,70.0,0.0,35.4,0.9659258262890683,-0.25881904510252063
2026-01-05T08:00,121.5,10.1,87,5.355306633392998,-1.6372815464473256,80.0,0.0,38.5,0.8660254037844387,-0.4999999999999998
2026-01-05T09:00,120.1,12.0,80,3.562827284806144,-1.586272907995619,210.0,0.0,33.4,0.7071067811865476,-0.7071067811865475
2026-01-05T10:00,109.4,13.8,71,3.4471999940354014,-2.892544243589427,560.0,0.0,24.1,0.49999999999999994,-0.8660254037844387
2026-01-05T11:00,93.8,14.6,68,5.346039145130208,-2.7239429984372796,705.0,0.0,16.9,0.258819045102521,-0.9659258262890682
2026-01-05T12:00,78.9,15.8,64,4.476802891797225,-3.019641678742034,755.0,0.0,13.3,1.2246467991473532e-16,-1.0
2026-01-05T13:00,77.8,16.6,61,3.4184661971960146,-3.0780007892507455,750.0,0.0,11.7,-0.2588190451025208,-0.9659258262890683
2026-01-05T14:00,78.2,17.2,60,5.075323607405239,-2.3666622657479177,785.0,0.0,13.7,-0.4999999999999997,-0.8660254037844388
2026-01-05T15:00,78.7,17.2,61,5.36935750346352,-3.100000000000001,785.0,0.0,21.1,-0.7071067811865471,-0.7071067811865479
2026-01-05T16:00,80.3,16.6,64,8.081356538758811,-2.9413732326007533,810.0,0.0,31.9,-0.8660254037844385,-0.5000000000000004
2026-01-05T17:00,84.1,15.0,74,5.213005468535169,-2.5425526513766488,365.0,0.0,44.8,-0.9659258262890683,-0.25881904510252063
2026-01-05T18:00,99.7,14.1,79,5.450217200558268,-1.98371683128888,265.0,0.0,49.8,-1.0,-1.8369701987210297e-16
2026-01-05T19:00,103.8,13.2,84,4.326443205008743,-2.3004106576508634,165.0,0.0,56.6,-0.9659258262890684,0.2588190451025203
2026-01-05T20:00,103.8,12.8,86,2.292690904230061,-3.3990540474756714,125.0,0.0,60.5,-0.8660254037844386,0.5000000000000001
2026-01-05T21:00,103.8,12.2,88,2.028567656355356,-4.35027737777592,165.0,0.0,59.4,-0.7071067811865477,0.7071067811865474
2026-01-05T22:00,105.0,11.3,90,2.88014773623312,-3.9641832724372423,155.0,0.0,55.4,-0.5000000000000004,0.8660254037844384
2026-01-05T23:00,107.3,11.0,91,2.1976149610516362,-4.71280049259058,135.0,0.0,49.8,-0.25881904510252157,0.9659258262890681
2026-01-06T00:00,104.3,10.4,92,2.181643291108516,-3.9357886821272814,100.0,0.0,41.7,0.0,1.0
2026-01-06T01:00,100.1,9.9,93,3.790038609934712,-3.4125660924301746,90.0,0.0,32.0,0.25881904510252074,0.9659258262890683
2026-01-06T02:00,97.3,9.5,94,3.9634444034305507,-3.209533994354171,85.0,0.0,24.2,0.49999999999999994,0.8660254037844387
2026-01-06T03:00,96.4,9.0,95,3.730669076497687,-2.5163680656183613,70.0,0.0,19.3,0.7071067811865476,0.7071067811865476
2026-01-06T04:00,97.1,8.5,98,4.517929970910099,-1.295495572339897,50.0,0.0,16.3,0.8660254037844386,0.5000000000000001
2026-01-06T05:00,102.9,8.7,99,5.259676157796695,-1.608044375975052,85.0,0.0,19.5,0.9659258262890683,0.25881904510252074
2026-01-06T06:00,105.7,8.6,99,3.564026096753472,-1.8159619989581866,80.0,0.0,25.8,1.0,6.123233995736766e-17
2026-01-06T07:00,115.5,9.0,98,4.688551036221174,0.32785542659739025,85.0,0.0,34.3,0.9659258262890683,-0.25881904510252063
2026-01-06T08:00,124.3,9.9,96,6.6347960605685214,-0.9324597764324386,105.0,0.0,38.4,0.8660254037844387,-0.4999999999999998
2026-01-06T09:00,123.4,11.4,92,4.829629131445342,-1.2940952255126015,160.0,0.0,34.2,0.7071067811865476,-0.7071067811865475
2026-01-06T10:00,118.3,13.4,84,5.926130043570827,-0.938606790241384,280.0,0.0,25.8,0.49999999999999994,-0.8660254037844387
2026-01-06T11:00,104.1,14.2,75,7.956424955463171,-1.9837595439172726,475.0,0.0,18.8,0.258819045102521,-0.9659258262890682
2026-01-06T12:00,84.8,15.4,69,7.228029523843167,-2.3485291572495988,540.0,0.0,14.1,1.2246467991473532e-16,-1.0
2026-01-06T13:00,72.2,16.4,64,6.668395609140178,-3.850000000000001,605.0,0.0,10.9,-0.2588190451025208,-0.9659258262890683
2026-01-06T14:00,67.1,17.0,61,6.300685551418316,-4.2498660663776775,655.0,0.0,12.3,-0.4999999999999997,-0.8660254037844388
2026-01-06T15:00,66.1,17.1,63,6.134878036907308,-4.138027485683528,645.0,0.0,21.9,-0.7071067811865471,-0.7071067811865479
2026-01-06T16:00,68.9,16.5,67,6.466493065929325,-4.361704647071827,585.0,0.0,36.1,-0.8660254037844385,-0.5000000000000004
2026-01-06T17:00,108.3,14.6,73,5.247718242836374,-2.908857721478024,275.0,0.0,47.5,-0.9659258262890683,-0.25881904510252063
2026-01-06T18:00,121.1,13.2,79,4.8338741480916285,-3.0205398061292668,175.0,0.0,51.8,-1.0,-1.8369701987210297e-16
2026-01-06T19:00,126.2,12.5,82,4.897870359980615,-2.7149338733794885,135.0,0.0,57.6,-0.9659258262890684,0.2588190451025203
2026-01-06T20:00,127.6,11.7,86,4.176456994115625,-3.26300581922599,125.0,0.0,60.0,-0.8660254037844386,0.5000000000000001
2026-01-06T21:00,126.2,10.9,89,2.9977047866916138,-4.125986671312231,125.0,0.0,56.5,-0.7071067811865477,0.7071067811865474
2026-01-06T22:00,125.7,10.3,92,2.6781979895322836,-4.457269963650983,125.0,0.0,49.8,-0.5000000000000004,0.8660254037844384
2026-01-06T23:00,123.4,9.6,96,2.4721827595682613,-4.114403043370138,105.0,0.0,42.8,-0.25881904510252157,0.9659258262890681
2026-01-07T00:00,118.3,9.7,96,3.5966990016932554,-3.4732918522949863,105.0,0.0,36.2,0.0,1.0
2026-01-07T01:00,115.3,9.5,97,4.125986671312233,-2.9977047866916116,100.0,0.0,29.3,0.25881904510252074,0.9659258262890683
2026-01-07T02:00,112.9,9.0,97,4.330127018922193,-2.5000000000000004,95.0,0.0,23.9,0.49999999999999994,0.8660254037844387
2026-01-07T03:00,111.3,7.9,99,4.727592877996585,-1.6278407722857815,85.0,0.0,20.0,0.7071067811865476,0.7071067811865476
2026-01-07T04:00,110.1,7.9,100,4.852313536833695,-0.6819481947043208,80.0,0.0,17.5,0.8660254037844386,0.5000000000000001
2026-01-07T05:00,117.6,8.5,99,6.7,1.23077003314309e-15,95.0,0.0,21.8,0.9659258262890683,0.25881904510252074
2026-01-07T06:00,118.3,8.7,99,5.086367523815789,-1.081140792252349,110.0,0.0,25.3,1.0,6.123233995736766e-17
2026-01-07T07:00,128.5,8.9,99,6.443533974167083,-2.7351178994249143,120.0,0.0,29.8,0.9659258262890683,-0.25881904510252063
2026-01-07T08:00,125.3,9.5,98,6.953994388482693,-4.345337966712278,190.0,0.0,31.7,0.8660254037844387,-0.4999999999999998
2026-01-07T09:00,117.1,9.9,98,7.362054648812022,-5.348845795861504,195.0,0.0,28.4,0.7071067811865476,-0.7071067811865475
2026-01-07T10:00,106.2,10.5,94,8.196675541373065,-6.87782742364597,200.0,0.0,22.5,0.49999999999999994,-0.8660254037844387
2026-01-07T11:00,94.1,11.6,84,5.584850893648515,-4.854836814529753,375.0,0.0,17.7,0.258819045102521,-0.9659258262890682
2026-01-07T12:00,87.1,13.4,77,4.325045290397773,-2.7025882475893437,445.0,0.0,14.4,1.2246467991473532e-16,-1.0
2026-01-07T13:00,84.3,14.5,73,4.7128004925905795,-2.197614961051638,510.0,0.0,12.1,-0.2588190451025208,-0.9659258262890683
2026-01-07T14:00,82.4,15.3,69,4.150902691225247,-3.608324659447789,565.0,0.0,13.8,-0.4999999999999997,-0.8660254037844388
2026-01-07T15:00,82.2,15.4,69,3.808015211139157,-3.083669916144204,600.0,0.0,22.0,-0.7071067811865471,-0.7071067811865479
2026-01-07T16:00,83.6,15.0,71,4.32637281122647,-1.8364363038995855,635.0,0.0,34.0,-0.8660254037844385,-0.5000000000000004
2026-01-07T17:00,127.6,12.7,82,3.2360679774997902,-2.3511410091698917,465.0,0.0,45.8,-0.9659258262890683,-0.25881904510252063
2026-01-07T18:00,137.8,11.9,84,3.5996106142446216,-4.289848881466275,220.0,0.0,47.9,-1.0,-1.8369701987210297e-16
2026-01-07T19:00,141.1,11.2,87,3.785604479916907,-5.406403492307344,215.0,0.0,50.7,-0.9659258262890684,0.2588190451025203
2026-01-07T20:00,144.4,10.5,90,3.6135315490115927,-5.160657879020647,200.0,0.0,51.9,-0.8660254037844386,0.5000000000000001
2026-01-07T21:00,148.1,10.1,91,3.900319767187116,-5.5702339011651425,210.0,0.0,50.8,-0.7071067811865477,0.7071067811865474
2026-01-07T22:00,152.7,9.9,91,4.656970893768801,-5.750880114781583,205.0,0.0,48.2,-0.5000000000000004,0.8660254037844384
2026-01-07T23:00,152.7,9.3,96,4.879036790187179,-4.879036790187177,150.0,0.0,44.2,-0.25881904510252157,0.9659258262890681
2026-01-08T00:00,146.2,8.4,98,4.6628757687418245,-3.775922346299025,150.0,0.0,37.8,0.0,1.0
2026-01-08T01:00,140.2,8.8,98,5.989766325354698,-4.51361267364036,175.0,0.0,29.9,0.25881904510252074,0.9659258262890683
2026-01-08T02:00,135.5,8.9,98,6.294882287801463,-5.097495167503683,255.0,0.0,23.8,0.49999999999999994,0.8660254037844387
2026-01-08T03:00,131.8,9.1,98,6.664586655135109,-5.592252204272891,290.0,0.0,20.1,0.7071067811865476,0.7071067811865476
2026-01-08T04:00,130.4,8.8,99,6.466493065929325,-4.361704647071827,285.0,0.0,18.1,0.8660254037844386,0.5000000000000001
2026-01-08T05:00,122.9,7.5,100,4.444954010110749,-2.886586885579641,110.0,0.0,13.1,0.9659258262890683,0.25881904510252074
2026-01-08T06:00,113.9,7.7,98,3.4184661971960146,-3.0780007892507455,140.0,0.0,15.6,1.0,6.123233995736766e-17
2026-01-08T07:00,111.5,7.7,96,3.0780007892507473,-3.4184661971960133,155.0,0.0,18.9,0.9659258262890683,-0.25881904510252063
2026-01-08T08:00,112.0,7.8,95,2.68984201886108,-3.0943092789133644,145.0,0.0,21.2,0.8660254037844387,-0.4999999999999998
2026-01-08T09:00,116.2,8.1,95,1.9798989873223334,-1.9798989873223325,105.0,0.0,21.3,0.7071067811865476,-0.7071067811865475
2026-01-08T10:00,111.8,9.0,92,2.3618125043658265,-2.7169544888019788,245.0,0.0,20.3,0.49999999999999994,-0.8660254037844387
2026-01-08T11:00,92.4,10.2,82,1.5998717468129116,-2.886245033560006,355.0,0.0,19.5,0.258819045102521,-0.9659258262890682
2026-01-08T12:00,90.3,12.2,76,1.2608835935349805,-2.831990918692063,390.0,0.0,17.6,1.2246467991473532e-16,-1.0
2026-01-08T13:00,85.7,13.4,73,1.9877194430099812,-3.5859407992715226,405.0,0.0,15.8,-0.2588190451025208,-0.9659258262890683
2026-01-08T14:00,82.2,14.2,68,2.0187277199793305,-3.796674649293386,440.0,0.0,18.9,-0.4999999999999997,-0.8660254037844388
2026-01-08T15:00,77.5,14.4,67,1.2362017582725107,-3.059706720070398,445.0,0.0,30.7,-0.7071067811865471,-0.7071067811865479
2026-01-08T16:00,75.9,14.1,69,1.633917105045081,-2.516011703836272,415.0,0.0,47.3,-0.8660254037844385,-0.5000000000000004
2026-01-08T17:00,112.9,13.3,73,1.9733545036504077,-0.718242300983905,75.0,0.0,68.0,-0.9659258262890683,-0.25881904510252063
2026-01-08T18:00,148.5,11.8,79,3.734321705988807,-1.4334717981812015,65.0,0.0,77.0,-1.0,-1.8369701987210297e-16
2026-01-08T19:00,173.7,10.8,85,3.8334504482270066,-2.88871211112983,85.0,0.0,89.1,-0.9659258262890684,0.2588190451025203
2026-01-08T20:00,187.2,10.2,88,2.7081676041842173,-3.5938597952128175,95.0,0.0,96.4,-0.8660254037844386,0.5000000000000001
2026-01-08T21:00,198.4,9.6,90,0.9222993228098478,-3.994917265619464,100.0,0.0,94.8,-0.7071067811865477,0.7071067811865474
2026-01-08T22:00,209.1,8.9,93,-1.257198330307768,-4.112110450641052,95.0,0.0,88.3,-0.5000000000000004,0.8660254037844384
2026-01-08T23:00,213.7,8.6,97,-1.5862729079956208,-3.562827284806143,75.0,0.0,81.4,-0.25881904510252157,0.9659258262890681
2026-01-09T00:00,202.6,8.3,100,-1.7749966993109376,-3.80649270555393,75.0,0.0,75.3,0.0,1.0
2026-01-09T01:00,191.4,8.4,100,-1.9877194430099818,-3.585940799271522,75.0,0.0,68.7,0.25881904510252074,0.9659258262890683
2026-01-09T02:00,189.1,8.3,98,-2.0285676563553574,-4.350277377775919,85.0,0.0,62.3,0.49999999999999994,0.8660254037844387
2026-01-09T03:00,184.9,7.9,96,-2.8865868855796433,-4.444954010110747,90.0,0.0,55.7,0.7071067811865476,0.7071067811865476
2026-01-09T04:00,170.0,7.6,97,-3.7759223462990246,-4.662875768741825,110.0,0.0,49.1,0.8660254037844386,0.5000000000000001
2026-01-09T05:00,147.1,7.5,97,-2.180852323535913,-3.233246532964663,75.0,0.0,30.5,0.9659258262890683,0.25881904510252074
2026-01-09T06:00,141.6,7.7,95,-1.6249005625105304,-2.1563158771276907,70.0,0.7,32.9,1.0,6.123233995736766e-17
2026-01-09T07:00,146.2,7.8,95,0.7321259575364403,-1.6443818237566818,30.0,0.0,36.2,0.9659258262890683,-0.25881904510252063
2026-01-09T08:00,143.9,8.2,95,-0.3449439287832564,-3.2819222547153015,90.0,0.0,38.3,0.8660254037844387,-0.4999999999999998
2026-01-09T09:00,148.1,9.3,96,-2.9,-1.7757378587636622e-16,80.0,0.0,38.1,0.7071067811865476,-0.7071067811865475
2026-01-09T10:00,139.7,11.4,89,-0.9,-5.5109105961630896e-17,170.0,0.0,36.6,0.49999999999999994,-0.8660254037844387
2026-01-09T11:00,107.3,13.4,78,-0.7182423009839046,1.9733545036504077,260.0,0.0,35.2,0.258819045102521,-0.9659258262890682
2026-01-09T12:00,81.7,15.3,67,-0.34345619167778096,1.7669289302057951,375.0,0.0,32.4,1.2246467991473532e-16,-1.0
2026-01-09T13:00,69.8,16.5,59,-0.2,-1.2246467991473533e-17,470.0,0.0,29.7,-0.2588190451025208,-0.9659258262890683
2026-01-09T14:00,66.8,17.1,54,-0.1828040151077212,-1.488819227461983,540.0,0.0,32.4,-0.4999999999999997,-0.8660254037844388
2026-01-09T15:00,66.6,17.3,52,4.898587196589413e-16,-2.0,595.0,0.0,46.2,-0.7071067811865471,-0.7071067811865479
2026-01-09T16:00,73.3,16.9,55,0.1743911843603141,-2.4939101256495606,620.0,0.0,65.4,-0.8660254037844385,-0.5000000000000004
2026-01-09T17:00,116.2,15.0,65,1.050657780874822,-3.233592155403522,80.0,0.0,76.5,-0.9659258262890683,-0.25881904510252063
2026-01-09T18:00,132.7,13.8,70,1.575986671312233,-4.850388233105282,130.0,0.0,75.8,-1.0,-1.8369701987210297e-16
2026-01-09T19:00,138.8,12.9,78,1.3976228435536118,-5.215999461960969,135.0,0.0,74.6,-0.9659258262890684,0.2588190451025203
2026-01-09T20:00,140.6,12.2,82,1.0418890660015823,-5.908846518073248,145.0,0.0,71.7,-0.8660254037844386,0.5000000000000001
2026-01-09T21:00,140.6,11.2,87,0.8856057061013449,-5.022519540362261,140.0,0.0,65.9,-0.7071067811865477,0.7071067811865474
2026-01-09T22:00,143.0,10.4,89,1.2403681011764953,-4.325677631722435,120.0,0.0,58.5,-0.5000000000000004,0.8660254037844384
2026-01-09T23:00,144.4,10.0,91,2.200000000000002,-3.8105117766515293,105.0,0.0,51.3,-0.25881904510252157,0.9659258262890681
2026-01-10T00:00,141.6,9.4,93,2.7081676041842173,-3.5938597952128175,90.0,0.0,44.9,0.0,1.0
2026-01-10T01:00,137.8,8.8,95,2.8887121111298315,-3.8334504482270053,85.0,0.0,38.9,0.25881904510252074,0.9659258262890683
2026-01-10T02:00,133.6,8.5,96,3.600408882659197,-3.0211017655267347,90.0,0.0,33.9,0.49999999999999994,0.8660254037844387
2026-01-10T03:00,129.9,8.2,97,3.773547901113861,-3.280295144952535,95.0,0.0,29.7,0.7071067811865476,0.7071067811865476
2026-01-10T04:00,127.1,7.8,98,4.544133273360677,-2.315351548671688,85.0,0.0,26.6,0.8660254037844386,0.5000000000000001
2026-01-10T05:00,115.5,7.2,98,4.149853686436957,-2.206516345093685,70.0,0.0,21.7,0.9659258262890683,0.25881904510252074
2026-01-10T06:00,117.3,7.0,98,4.2768313161041664,-2.179154398749824,75.0,0.0,26.3,1.0,6.123233995736766e-17
2026-01-10T07:00,127.1,6.6,98,5.074340152243905,-1.8469087739586127,85.0,0.0,32.4,0.9659258262890683,-0.25881904510252063
2026-01-10T08:00,136.0,7.9,96,6.295940559265586,-2.2915349602819823,105.0,0.0,35.8,0.8660254037844387,-0.4999999999999998
2026-01-10T09:00,133.2,9.5,92,5.421022142882376,-1.7613968679371992,140.0,0.0,34.2,0.7071067811865476,-0.7071067811865475
2026-01-10T10:00,130.4,11.5,85,5.18418228388917,-1.101931961334125,185.0,0.0,29.8,0.49999999999999994,-0.8660254037844387
2026-01-10T11:00,121.1,13.4,75,5.918803930283579,-1.4757235631579713,240.0,0.0,25.6,0.258819045102521,-0.9659258262890682
2026-01-10T12:00,106.2,15.2,66,5.788198644282651,-2.2218812871808624,305.0,0.0,21.0,1.2246467991473532e-16,-1.0
2026-01-10T13:00,89.9,16.5,58,6.2915583240941695,-3.068598027523542,390.0,0.0,16.4,-0.2588190451025208,-0.9659258262890683
2026-01-10T14:00,76.4,17.1,54,6.887939181478538,-3.2118987892293167,465.0,0.0,16.3,-0.4999999999999997,-0.8660254037844388
2026-01-10T15:00,72.2,17.0,54,6.710401705727846,-3.567983877172767,505.0,0.0,24.2,-0.7071067811865471,-0.7071067811865479
2026-01-10T16:00,74.5,16.3,58,6.822033715687286,-3.7815150379214306,500.0,0.0,36.5,-0.8660254037844385,-0.5000000000000004
2026-01-10T17:00,81.0,14.9,66,7.188569284028453,-2.759433211498813,355.0,0.0,39.2,-0.9659258262890683,-0.25881904510252063
2026-01-10T18:00,87.5,13.6,72,5.9200635109512225,-2.1547269029517144,225.0,0.0,41.5,-1.0,-1.8369701987210297e-16
2026-01-10T19:00,91.0,12.9,73,6.68254893141276,-3.4049287480465997,240.0,0.0,44.6,-0.9659258262890684,0.2588190451025203
2026-01-10T20:00,95.2,12.1,76,5.886166765140795,-3.9702696146423038,210.0,0.0,45.5,-0.8660254037844386,0.5000000000000001
2026-01-10T21:00,98.0,11.0,80,5.786826918823428,-3.758009341603684,195.0,0.0,42.6,-0.7071067811865477,0.7071067811865474
2026-01-10T22:00,102.0,10.2,82,5.427507815401127,-3.39148329109251,170.0,0.0,37.6,-0.5000000000000004,0.8660254037844384
2026-01-10T23:00,105.9,9.6,86,4.800136883931828,-2.8842132194963033,135.0,0.0,32.5,-0.25881904510252157,0.9659258262890681
2026-01-11T00:00,106.9,9.4,86,5.9697437120620656,-3.0417363482549624,135.0,0.0,27.5,0.0,1.0
2026-01-11T01:00,108.0,8.8,88,6.41524697415625,-3.268731598124736,140.0,0.0,22.4,0.25881904510252074,0.9659258262890683
2026-01-11T02:00,109.2,8.2,90,5.975575286112627,-3.450000000000001,140.0,0.0,18.4,0.49999999999999994,0.8660254037844387
2026-01-11T03:00,109.9,7.7,92,5.7340643100229425,-4.015035054457322,155.0,0.0,15.4,0.7071067811865476,0.7071067811865476
2026-01-11T04:00,110.4,7.2,93,6.3219854476264015,-3.650000000000001,155.0,0.0,13.5,0.8660254037844386,0.5000000000000001
2026-01-11T05:00,101.3,6.6,95,6.148780366869514,-3.5500000000000007,130.0,0.0,13.6,0.9659258262890683,0.25881904510252074
2026-01-11T06:00,101.0,6.3,95,5.256938492711371,-2.678543948463325,115.0,0.0,21.1,1.0,6.123233995736766e-17
2026-01-11T07:00,109.2,6.0,96,6.105808068675691,-1.0766187015349657,95.0,0.0,31.2,0.9659258262890683,-0.25881904510252063
2026-01-11T08:00,118.5,6.9,95,7.892397524760405,-1.8221035401853058,135.0,0.0,36.6,0.8660254037844387,-0.4999999999999998
2026-01-11T09:00,114.3,8.6,88,7.2444436971680135,-1.9411428382689022,175.0,0.0,32.8,0.7071067811865476,-0.7071067811865475
2026-01-11T10:00,108.5,10.9,77,6.4455174278701675,-3.427142408337,225.0,0.0,24.3,0.49999999999999994,-0.8660254037844387
2026-01-11T11:00,93.4,12.6,69,6.148529157249601,-4.467167917422794,300.0,0.0,17.2,0.258819045102521,-0.9659258262890682
2026-01-11T12:00,65.2,14.4,57,6.149493427364157,-4.633975678270769,415.0,0.0,12.7,1.2246467991473532e-16,-1.0
2026-01-11T13:00,49.6,15.8,48,6.96391560946235,-4.697220389154275,580.0,0.0,9.7,-0.2588190451025208,-0.9659258262890683
2026-01-11T14:00,44.7,16.4,45,8.140638795573723,-4.700000000000001,660.0,0.0,10.2,-0.4999999999999997,-0.8660254037844388
2026-01-11T15:00,44.2,16.3,46,8.808181653731838,-4.296037238532959,625.0,0.0,16.9,-0.7071067811865471,-0.7071067811865479
2026-01-11T16:00,48.9,15.5,52,8.495581881124535,-3.2611483408622335,535.0,0.0,27.2,-0.8660254037844385,-0.5000000000000004
2026-01-11T17:00,61.9,13.7,61,7.037818220584137,-2.2867257583746095,335.0,0.0,35.7,-0.9659258262890683,-0.25881904510252063
2026-01-11T18:00,75.7,12.5,66,7.602907607447656,-3.071774066010478,270.0,0.0,41.0,-1.0,-1.8369701987210297e-16
2026-01-11T19:00,83.8,11.6,69,8.457233587073175,-3.078181289931021,255.0,0.0,44.5,-0.9659258262890684,0.2588190451025203
2026-01-11T20:00,89.4,10.8,73,8.86139093913323,-3.9453454378352575,265.0,0.0,45.2,-0.8660254037844386,0.5000000000000001
2026-01-11T21:00,93.1,10.1,75,8.123117854302128,-4.319138377630192,245.0,0.0,41.9,-0.7071067811865477,0.7071067811865474
2026-01-11T22:00,97.1,9.3,80,6.472185832831528,-3.5875911898228963,195.0,0.0,35.8,-0.5000000000000004,0.8660254037844384
2026-01-11T23:00,99.2,8.7,83,7.1718815985430435,-3.9754388860199654,195.0,0.0,30.0,-0.25881904510252157,0.9659258262890681
2026-01-12T00:00,98.7,8.2,85,7.370111179653169,-3.5946434036704344,200.0,0.0,25.0,0.0,1.0
2026-01-12T01:00,99.2,7.7,86,7.232034065620942,-2.9219314286441134,185.0,0.0,20.3,0.25881904510252074,0.9659258262890683
2026-01-12T02:00,99.4,7.1,88,7.047694655894312,-2.5651510749425173,160.0,0.0,16.9,0.49999999999999994,0.8660254037844387
2026-01-12T03:00,100.4,6.6,89,6.14587074139556,-2.116193003971516,135.0,0.0,14.6,0.7071067811865476,0.7071067811865476
2026-01-12T04:00,101.5,6.0,89,5.988740122992224,-1.604678079635626,115.0,0.0,13.5,0.8660254037844386,0.5000000000000001
2026-01-12T05:00,93.4,5.4,92,5.918803930283579,-1.4757235631579713,80.0,0.0,14.2,0.9659258262890683,0.25881904510252074
2026-01-12T06:00,96.9,5.1,93,6.105808068675691,-1.0766187015349657,80.0,0.0,22.2,1.0,6.123233995736766e-17
2026-01-12T07:00,107.6,4.9,93,6.695918541027941,-0.2338266279067586,80.0,0.0,33.0,0.9659258262890683,-0.25881904510252063
2026-01-12T08:00,119.0,5.9,91,6.98294835181877,-0.48829531620887656,90.0,0.0,39.0,0.8660254037844387,-0.4999999999999998
2026-01-12T09:00,118.5,8.1,85,4.482102298012082,-1.0347748499817786,125.0,0.0,35.5,0.7071067811865476,-0.7071067811865475
2026-01-12T10:00,112.7,10.9,72,3.5859407992715218,-1.9877194430099827,180.0,0.0,27.3,0.49999999999999994,-0.8660254037844387
2026-01-12T11:00,104.1,13.2,62,2.2026213686744325,-2.720010865099397,255.0,0.0,20.3,0.258819045102521,-0.9659258262890682
2026-01-12T12:00,88.7,15.3,49,1.6343657990623692,-3.207623487078124,400.0,0.0,14.8,1.2246467991473532e-16,-1.0
2026-01-12T13:00,73.6,16.5,41,2.331644762626102,-3.731411623088274,545.0,0.0,10.7,-0.2588190451025208,-0.9659258262890683
2026-01-12T14:00,64.7,17.1,37,3.263005819225988,-4.176456994115626,655.0,0.0,13.5,-0.4999999999999997,-0.8660254037844388
2026-01-12T15:00,62.2,17.2,37,3.205392292293742,-3.4373623976101024,660.0,0.0,27.9,-0.7071067811865471,-0.7071067811865479
2026-01-12T16:00,66.1,16.6,47,1.4142135623730954,-1.4142135623730947,460.0,0.0,49.2,-0.8660254037844385,-0.5000000000000004
2026-01-12T17:00,99.7,14.9,53,2.187429987478853,-0.7107390870623785,80.0,0.0,66.3,-0.9659258262890683,-0.25881904510252063
2026-01-12T18:00,133.2,13.3,57,1.8159619989581879,-3.564026096753471,80.0,0.0,78.8,-1.0,-1.8369701987210297e-16
2026-01-12T19:00,162.5,12.3,60,-0.35539677511002177,-3.381374444252129,75.0,0.0,95.9,-0.9659258262890684,0.2588190451025203
2026-01-12T20:00,184.9,11.5,64,-1.6343657990623683,-3.2076234870781244,75.0,0.0,107.0,-0.8660254037844386,0.5000000000000001
2026-01-12T21:00,199.8,10.6,70,-2.678197989532282,-4.457269963650984,95.0,0.0,106.7,-0.7071067811865477,0.7071067811865474
2026-01-12T22:00,212.8,10.0,73,-2.3284854468843985,-2.8754400573907923,65.0,0.0,100.5,-0.5000000000000004,0.8660254037844384
2026-01-12T23:00,220.3,9.4,76,-2.3640322608201663,-1.846984425976975,45.0,0.0,94.3,-0.25881904510252157,0.9659258262890681
2026-01-13T00:00,221.7,8.6,79,-1.5912350325892373,-0.16724554122824553,20.0,0.0,90.3,0.0,1.0
2026-01-13T01:00,223.5,8.4,80,-0.5656854249492381,-0.5656854249492381,15.0,0.0,86.4,0.25881904510252074,0.9659258262890683
2026-01-13T02:00,224.4,7.8,83,0.5150380749100545,-0.8571673007021121,15.0,0.0,81.8,0.49999999999999994,0.8660254037844387
2026-01-13T03:00,219.8,7.2,86,0.5555062389732006,-1.816979036329767,25.0,0.0,75.6,0.7071067811865476,0.7071067811865476
2026-01-13T04:00,208.2,6.7,89,1.4235782507653005,-3.1974091017491033,40.0,0.0,68.9,0.8660254037844386,0.5000000000000001
2026-01-13T05:00,180.7,5.4,95,2.6697560814373267,-1.9396913325651606,20.0,0.0,54.8,0.9659258262890683,0.25881904510252074
2026-01-13T06:00,176.5,5.0,99,3.117691453623979,-1.8000000000000005,25.0,0.0,57.1,1.0,6.123233995736766e-17
2026-01-13T07:00,187.2,5.0,100,2.52163441154151,-1.9701167210421073,30.0,0.0,59.8,0.9659258262890683,-0.25881904510252063
2026-01-13T08:00,197.0,6.4,98,3.0192140446035274,-1.960700526054096,55.0,0.0,58.5,0.8660254037844387,-0.4999999999999998
2026-01-13T09:00,178.8,9.0,92,2.659793604243743,-2.8522794363147654,70.0,0.0,49.7,0.7071067811865476,-0.7071067811865475
2026-01-13T10:00,142.5,10.7,87,1.806652637168917,-2.0064910287889646,105.0,0.0,37.0,0.49999999999999994,-0.8660254037844387
2026-01-13T11:00,108.3,14.0,69,2.8833635269318485,-1.8017254983928959,200.0,0.0,26.3,0.258819045102521,-0.9659258262890682
2026-01-13T12:00,80.8,16.7,55,4.493970231495835,-2.191855733945387,375.0,0.0,18.9,1.2246467991473532e-16,-1.0
2026-01-13T13:00,65.4,18.1,48,6.326146321737412,-3.223332548150781,615.0,0.0,13.5,-0.2588190451025208,-0.9659258262890683
2026-01-13T14:00,58.0,18.5,48,7.200205325897744,-4.326319829244455,700.0,0.0,12.8,-0.4999999999999997,-0.8660254037844388
2026-01-13T15:00,56.2,18.3,51,7.715769225097903,-5.010679122138245,705.0,0.0,19.7,-0.7071067811865471,-0.7071067811865479
2026-01-13T16:00,59.4,17.3,56,7.372368398600926,-5.162187927159414,625.0,0.0,31.3,-0.8660254037844385,-0.5000000000000004
2026-01-13T17:00,80.3,15.7,57,5.554551736118779,-3.746592453254005,445.0,0.0,40.2,-0.9659258262890683,-0.25881904510252063
2026-01-13T18:00,89.6,14.3,61,4.885666672361675,-3.8171011470190828,305.0,0.0,42.7,-1.0,-1.8369701987210297e-16
2026-01-13T19:00,95.9,13.1,66,4.167950222753985,-4.316038802031905,230.0,0.0,46.1,-0.9659258262890684,0.2588190451025203
2026-01-13T20:00,101.7,11.8,72,4.1616110226734095,-3.7471313956096033,175.0,0.0,48.2,-0.8660254037844386,0.5000000000000001
2026-01-13T21:00,108.0,10.7,77,4.125986671312233,-2.9977047866916116,125.0,0.0,48.1,-0.7071067811865477,0.7071067811865474
2026-01-13T22:00,116.6,9.9,80,3.593859795212819,-2.7081676041842155,90.0,0.0,46.6,-0.5000000000000004,0.8660254037844384
2026-01-13T23:00,124.3,9.1,84,3.9634444034305507,-3.209533994354171,85.0,0.0,43.9,-0.25881904510252157,0.9659258262890681
2026-01-14T00:00,127.1,8.4,87,3.924489817158416,-3.4115069507506366,85.0,0.0,39.5,0.0,1.0
2026-01-14T01:00,130.4,7.9,89,4.312631754255383,-3.249801125021059,95.0,0.0,33.8,0.25881904510252074,0.9659258262890683
2026-01-14T02:00,132.2,7.7,90,5.256938492711371,-2.678543948463325,115.0,0.0,28.8,0.49999999999999994,0.8660254037844387
2026-01-14T03:00,132.7,7.3,92,5.572523087054836,-2.71790111009228,120.0,0.0,24.1,0.7071067811865476,0.7071067811865476
2026-01-14T04:00,132.2,6.7,94,6.162892951849218,-2.8738041798367573,120.0,0.0,20.0,0.8660254037844386,0.5000000000000001
2026-01-14T05:00,122.5,5.9,97,6.8611605237942275,-2.7720887912777488,110.0,0.0,15.8,0.9659258262890683,0.25881904510252074
2026-01-14T06:00,123.4,5.7,99,7.602907607447656,-3.071774066010478,140.0,0.0,22.4,1.0,6.123233995736766e-17
2026-01-14T07:00,131.3,5.6,99,7.034300023848028,-3.131872151683658,145.0,0.0,31.2,0.9659258262890683,-0.25881904510252063
2026-01-14T08:00,136.0,5.9,96,6.304850211054155,-2.5473248352282014,150.0,0.0,35.7,0.8660254037844387,-0.4999999999999998
2026-01-14T09:00,135.0,7.1,89,6.162892951849218,-2.8738041798367573,175.0,0.0,32.0,0.7071067811865476,-0.7071067811865475
2026-01-14T10:00,125.7,9.7,76,5.377666356487367,-2.1727182418122895,235.0,0.0,24.0,0.49999999999999994,-0.8660254037844387
2026-01-14T11:00,105.9,12.5,64,5.575317836442249,-1.5986966637385964,295.0,0.0,17.4,0.258819045102521,-0.9659258262890682
2026-01-14T12:00,85.7,15.0,53,6.14587074139556,-2.116193003971516,420.0,0.0,13.1,1.2246467991473532e-16,-1.0
2026-01-14T13:00,71.9,16.6,45,7.001853198729013,-2.687759621589753,540.0,0.0,10.1,-0.2588190451025208,-0.9659258262890683
2026-01-14T14:00,64.3,17.4,42,7.753252319914399,-2.6696588665486813,615.0,0.0,11.1,-0.4999999999999997,-0.8660254037844388
2026-01-14T15:00,60.5,17.4,42,8.247400862033514,-3.845826181840366,635.0,0.0,18.2,-0.7071067811865471,-0.7071067811865479
2026-01-14T16:00,63.6,16.6,48,7.573555455601128,-3.8589192477861465,555.0,0.0,29.3,-0.8660254037844385,-0.5000000000000004
2026-01-14T17:00,108.3,15.1,55,6.161630814881531,-2.3652284669989823,445.0,0.0,44.6,-0.9659258262890683,-0.25881904510252063
2026-01-14T18:00,119.0,13.4,65,4.821356043747294,-1.9479542857627423,255.0,0.0,47.6,-1.0,-1.8369701987210297e-16
2026-01-14T19:00,125.7,12.5,72,4.444954010110749,-2.886586885579641,180.0,0.0,51.6,-0.9659258262890684,0.2588190451025203
2026-01-14T20:00,136.0,11.8,77,4.33405914483697,-3.3861381142911218,170.0,0.0,53.4,-0.8660254037844386,0.5000000000000001
2026-01-14T21:00,147.6,11.2,80,4.5522224072695705,-3.430345631966673,150.0,0.0,51.3,-0.7071067811865477,0.7071067811865474
2026-01-14T22:00,155.5,10.4,84,4.1616110226734095,-3.7471313956096033,130.0,0.0,47.1,-0.5000000000000004,0.8660254037844384
2026-01-14T23:00,159.3,9.4,88,4.301844607269802,-3.7395364652458905,140.0,0.0,42.8,-0.25881904510252157,0.9659258262890681
2026-01-15T00:00,161.6,8.6,89,2.8678821817552325,-4.095760221444958,100.0,0.0,39.0,0.0,1.0
2026-01-15T01:00,167.6,8.2,91,1.2542878234085526,-3.2675314927402055,70.0,0.0,35.2,0.25881904510252074,0.9659258262890683
2026-01-15T02:00,173.7,7.7,92,1.960700526054097,-3.0192140446035265,60.0,0.0,31.7,0.49999999999999994,0.8660254037844387
2026-01-15T03:00,177.4,7.2,94,1.957144684658207,-3.257235742668026,60.0,0.0,27.8,0.7071067811865476,0.7071067811865476
2026-01-15T04:00,177.0,6.7,96,2.875087836170255,-2.1665340833473725,50.0,0.0,24.2,0.8660254037844386,0.5000000000000001
2026-01-15T05:00,164.4,5.8,100,4.326443205008743,-2.3004106576508634,45.0,0.0,15.7,0.9659258262890683,0.25881904510252074
2026-01-15T06:00,165.3,6.1,100,6.064515124549595,-1.2890524830701084,65.0,0.0,21.3,1.0,6.123233995736766e-17
2026-01-15T07:00,170.4,6.0,98,7.374247519697573,-1.8386064065574723,80.0,0.0,28.8,0.9659258262890683,-0.25881904510252063
2026-01-15T08:00,173.2,6.9,96,7.001853198729013,-2.687759621589753,110.0,0.0,32.9,0.8660254037844387,-0.4999999999999998
2026-01-15T09:00,167.6,8.2,97,6.771649583831596,-3.4503277980205542,115.0,0.0,30.6,0.7071067811865476,-0.7071067811865475
2026-01-15T10:00,161.6,10.8,81,4.821356043747294,-1.9479542857627423,205.0,0.0,24.9,0.49999999999999994,-0.8660254037844387
2026-01-15T11:00,146.2,12.6,67,5.213005468535169,-2.5425526513766488,300.0,0.0,19.8,0.258819045102521,-0.9659258262890682
2026-01-15T12:00,127.1,15.1,54,5.36935750346352,-3.100000000000001,385.0,0.0,15.8,1.2246467991473532e-16,-1.0
2026-01-15T13:00,107.8,16.9,45,7.046597294707584,-2.8470101099609306,475.0,0.0,12.4,-0.2588190451025208,-0.9659258262890683
2026-01-15T14:00,92.7,17.8,42,8.793322753073648,-3.027783836451554,530.0,0.0,12.0,-0.4999999999999997,-0.8660254037844388
2026-01-15T15:00,81.5,17.9,42,9.772803256173447,-3.5570094905869576,540.0,0.0,17.0,-0.7071067811865471,-0.7071067811865479
2026-01-15T16:00,78.0,17.3,48,9.75430851082296,-2.9821913881719144,500.0,0.0,25.0,-0.8660254037844385,-0.5000000000000004
2026-01-15T17:00,94.5,15.8,59,7.703557781990744,-2.5030376544370725,395.0,0.0,29.5,-0.9659258262890683,-0.25881904510252063
2026-01-15T18:00,98.0,14.3,65,7.047694655894312,-2.5651510749425173,275.0,0.0,30.8,-1.0,-1.8369701987210297e-16
2026-01-15T19:00,103.6,13.4,69,6.443533974167083,-2.7351178994249143,205.0,0.0,32.5,-0.9659258262890684,0.2588190451025203
2026-01-15T20:00,109.7,12.5,71,6.675723752880869,-2.697167472594566,170.0,0.0,33.7,-0.8660254037844386,0.5000000000000001
2026-01-15T21:00,116.4,11.7,72,6.483879083422767,-2.3599389889471163,145.0,0.0,34.1,-0.7071067811865477,0.7071067811865474
2026-01-15T22:00,124.8,10.9,75,5.748539898314082,-2.322560879178654,120.0,0.0,34.0,-0.5000000000000004,0.8660254037844384
2026-01-15T23:00,130.4,9.7,82,4.289848881466277,-3.5996106142446194,115.0,0.0,32.6,-0.25881904510252157,0.9659258262890681
2026-01-16T00:00,131.8,8.9,84,3.924489817158416,-3.4115069507506366,100.0,0.0,29.2,0.0,1.0
2026-01-16T01:00,133.6,8.3,86,3.9858260519352027,-2.490620541896062,80.0,0.0,24.5,0.25881904510252074,0.9659258262890683
2026-01-16T02:00,135.5,7.8,87,4.493970231495835,-2.191855733945387,70.0,0.0,20.8,0.49999999999999994,0.8660254037844387
2026-01-16T03:00,137.4,7.4,89,4.548022477124857,-2.5210100252809537,70.0,0.0,18.0,0.7071067811865476,0.7071067811865476
2026-01-16T04:00,139.2,6.9,90,4.850388233105283,-1.5759866713122308,65.0,0.0,16.1,0.8660254037844386,0.5000000000000001
2026-01-16T05:00,155.5,6.2,93,4.852313536833695,-0.6819481947043208,60.0,0.0,18.6,0.9659258262890683,0.25881904510252074
2026-01-16T06:00,155.5,6.1,93,4.9969541350954785,0.1744974835125038,55.0,0.0,25.1,1.0,6.123233995736766e-17
2026-01-16T07:00,160.7,6.2,92,6.096284044816484,0.21288692988525462,60.0,0.0,33.8,0.9659258262890683,-0.25881904510252063
2026-01-16T08:00,163.4,7.8,86,8.635151519279502,1.0602632876247804,85.0,0.0,38.5,0.8660254037844387,-0.4999999999999998
2026-01-16T09:00,161.1,10.8,75,5.896405879412665,-0.20590703054475756,125.0,0.0,35.4,0.7071067811865476,-0.7071067811865475
2026-01-16T10:00,148.5,14.0,62,4.153481053042994,-1.1129218939408372,165.0,0.0,28.3,0.49999999999999994,-0.8660254037844387
2026-01-16T11:00,132.2,16.6,51,3.217386661099708,-2.699707960683465,265.0,0.0,22.1,0.258819045102521,-0.9659258262890682
2026-01-16T12:00,110.6,18.5,41,2.68984201886108,-3.0943092789133644,370.0,0.0,16.8,1.2246467991473532e-16,-1.0
2026-01-16T13:00,94.1,19.8,35,2.292690904230061,-3.3990540474756714,475.0,0.0,12.5,-0.2588190451025208,-0.9659258262890683
2026-01-16T14:00,85.2,20.5,33,2.699707960683466,-3.217386661099707,535.0,0.0,14.3,-0.4999999999999997,-0.8660254037844388
2026-01-16T15:00,78.9,20.5,35,2.0187277199793305,-3.796674649293386,545.0,0.0,26.1,-0.7071067811865471,-0.7071067811865479
2026-01-16T16:00,80.8,19.8,41,1.2608835935349805,-2.831990918692063,515.0,0.0,44.0,-0.8660254037844385,-0.5000000000000004
2026-01-16T17:00,119.7,17.3,55,0.3534210958749269,-2.878383839759834,110.0,0.0,59.3,-0.9659258262890683,-0.25881904510252063
2026-01-16T18:00,152.3,15.6,60,-0.8820395386143973,-3.0760374270026207,65.0,0.0,75.2,-1.0,-1.8369701987210297e-16
2026-01-16T19:00,184.4,14.5,66,-2.4905416147351476,-2.1649947956686737,55.0,0.0,97.1,-0.9659258262890684,0.2588190451025203
2026-01-16T20:00,214.7,13.8,68,-2.5,-1.5308084989341916e-16,35.0,0.0,113.5,-0.8660254037844386,0.5000000000000001
2026-01-16T21:00,240.3,13.2,70,-1.2928890981838828,1.654822582574116,25.0,0.0,119.7,-0.7071067811865477,0.7071067811865474
2026-01-16T22:00,258.9,12.2,72,-0.1743911843603138,2.4939101256495606,20.0,0.0,120.3,-0.5000000000000004,0.8660254037844384
2026-01-16T23:00,263.6,11.2,77,0.8508760705679593,4.82555798975982,35.0,0.0,117.5,-0.25881904510252157,0.9659258262890681
2026-01-17T00:00,257.0,10.5,79,0.16224146435312506,3.0957515577391788,25.0,0.0,110.7,0.0,1.0
2026-01-17T01:00,250.5,10.3,79,-1.0692078290260414,0.5447885996874561,15.0,0.0,100.6,0.25881904510252074,0.9659258262890683
2026-01-17T02:00,243.1,9.6,82,-1.7835475811457462,-1.6059134552612597,25.0,0.0,91.3,0.49999999999999994,0.8660254037844387
2026-01-17T03:00,237.0,9.0,85,-3.6062834421653234,-2.3419478505646163,35.0,0.0,83.7,0.7071067811865476,0.7071067811865476
2026-01-17T04:00,229.6,8.4,88,-3.38289343482927,-1.2312725159724078,35.0,0.0,76.9,0.8660254037844386,0.5000000000000001
2026-01-17T05:00,237.5,7.9,91,-2.521634411541511,-1.9701167210421067,35.0,0.0,75.0,0.9659258262890683,0.25881904510252074
2026-01-17T06:00,251.5,7.8,90,-3.2593715239639547,-0.516233734632762,30.0,0.0,72.5,1.0,6.123233995736766e-17
2026-01-17T07:00,282.2,7.8,90,-1.4416817634659242,0.9008627491964482,15.0,0.0,69.0,0.9659258262890683,-0.25881904510252063
2026-01-17T08:00,321.3,9.4,88,-2.6697560814373262,1.9396913325651608,30.0,0.0,65.0,0.8660254037844387,-0.4999999999999998
2026-01-17T09:00,240.3,12.1,79,-2.537170076121953,0.9234543869793056,65.0,0.0,61.0,0.7071067811865476,-0.7071067811865475
2026-01-17T10:00,197.0,15.6,65,-1.9733545036504079,0.7182423009839043,130.0,0.0,56.7,0.49999999999999994,-0.8660254037844387
2026-01-17T11:00,141.1,18.3,54,-1.0815799573111142,1.8000513314744357,265.0,0.0,51.4,0.258819045102521,-0.9659258262890682
2026-01-17T12:00,109.4,20.7,45,-0.18092503124808493,1.2873484893640414,425.0,0.0,41.2,1.2246467991473532e-16,-1.0
2026-01-17T13:00,87.5,21.9,40,0.5416335208368436,0.7187719590425635,585.0,0.0,30.1,-0.2588190451025208,-0.9659258262890683
2026-01-17T14:00,72.9,22.5,39,1.0864571746546514,0.17207791154425414,720.0,0.0,29.6,-0.4999999999999997,-0.8660254037844388
2026-01-17T15:00,68.5,22.6,39,0.9271838545667874,-0.37460659341591196,805.0,0.0,48.9,-0.7071067811865471,-0.7071067811865479
2026-01-17T16:00,78.2,22.0,45,-0.5470235798849833,-1.2887067948334165,805.0,0.0,78.7,-0.8660254037844385,-0.5000000000000004
2026-01-17T17:00,161.1,19.7,53,-1.6263455967290592,-1.6263455967290592,80.0,0.0,125.9,-0.9659258262890683,-0.25881904510252063
2026-01-17T18:00,200.2,17.6,57,-3.920428706428819,-1.997558198854006,135.0,0.0,128.4,-1.0,-1.8369701987210297e-16
2026-01-17T19:00,224.4,16.3,65,-4.871850323926176,-1.1247552717193245,120.0,0.0,131.4,-0.9659258262890684,0.2588190451025203
2026-01-17T20:00,228.6,15.4,72,-3.580278823325784,-0.3763024677635525,90.0,0.0,131.1,-0.8660254037844386,0.5000000000000001
2026-01-17T21:00,231.0,14.5,78,-3.2593715239639547,-0.516233734632762,65.0,0.0,124.3,-0.7071067811865477,0.7071067811865474
2026-01-17T22:00,242.1,13.6,82,-3.2,-1.9594348786357652e-16,55.0,0.0,114.0,-0.5000000000000004,0.8660254037844384
2026-01-17T23:00,251.5,12.8,87,-2.659793604243744,2.8522794363147645,50.0,0.0,105.6,-0.25881904510252157,0.9659258262890681
2026-01-18T00:00,252.4,12.0,88,-1.9926415900282723,2.3747377736688318,40.0,0.0,101.4,0.0,1.0
2026-01-18T01:00,252.4,11.5,89,-1.0863591209061454,2.688833178243683,35.0,0.0,99.1,0.25881904510252074,0.9659258262890683
2026-01-18T02:00,250.5,11.1,89,-1.2499999999999998,2.165063509461097,35.0,0.0,96.9,0.49999999999999994,0.8660254037844387
2026-01-18T03:00,245.9,10.7,90,-1.800051331474436,1.081579957311114,25.0,0.0,94.8,0.7071067811865476,0.7071067811865476
2026-01-18T04:00,243.1,10.1,92,-1.7874357113510333,1.4474368994146256,20.0,0.0,92.9,0.8660254037844386,0.5000000000000001
2026-01-18T05:00,200.7,8.1,100,-0.5383093507674839,3.052904034337845,15.0,0.0,96.6,0.9659258262890683,0.25881904510252074
2026-01-18T06:00,208.2,8.2,99,-2.511473670974872,1.4499999999999993,15.0,0.0,93.4,1.0,6.123233995736766e-17
2026-01-18T07:00,231.4,8.2,99,-3.562827284806143,1.586272907995621,35.0,0.0,88.5,0.9659258262890683,-0.25881904510252063
2026-01-18T08:00,241.2,9.3,97,-2.180852323535913,3.2332465329646625,65.0,0.0,81.6,0.8660254037844387,-0.4999999999999998
2026-01-18T09:00,213.7,10.7,94,-4.112110450641053,1.2571983303077676,90.0,0.0,71.5,0.7071067811865476,-0.7071067811865475
2026-01-18T10:00,192.3,13.0,85,-3.2819222547153015,0.3449439287832567,135.0,0.0,59.3,0.49999999999999994,-0.8660254037844387
2026-01-18T11:00,165.3,16.8,71,-3.939231012048832,0.6945927106677212,225.0,0.0,48.4,0.258819045102521,-0.9659258262890682
2026-01-18T12:00,139.2,20.2,56,-4.1981745942691,2.3270861771824176,405.0,0.0,37.2,1.2246467991473532e-16,-1.0
2026-01-18T13:00,119.7,21.5,49,-4.3160388020319065,4.167950222753984,605.0,0.0,27.4,-0.2588190451025208,-0.9659258262890683
2026-01-18T14:00,106.6,22.0,46,-4.5268073000345,5.207496103537127,760.0,0.0,26.6,-0.4999999999999997,-0.8660254037844388
2026-01-18T15:00,100.4,22.0,43,-3.7471313956096064,4.161611022673407,750.0,0.0,41.6,-0.7071067811865471,-0.7071067811865479
2026-01-18T16:00,108.5,21.6,43,-3.9641832724372428,2.880147736233118,665.0,0.0,65.7,-0.8660254037844385,-0.5000000000000004
2026-01-18T17:00,153.2,20.2,50,-4.45048250192058,1.798111648396378,285.0,0.0,71.0,-0.9659258262890683,-0.25881904510252063
2026-01-18T18:00,188.6,18.8,61,-5.421022142882376,1.7613968679371999,165.0,0.0,87.6,-1.0,-1.8369701987210297e-16
2026-01-18T19:00,220.3,17.6,71,-5.421022142882376,1.7613968679371999,125.0,0.0,109.9,-0.9659258262890684,0.2588190451025203
2026-01-18T20:00,239.3,16.3,79,-4.374859974957706,1.4214781741247577,100.0,0.0,122.7,-0.8660254037844386,0.5000000000000001
2026-01-18T21:00,241.2,15.6,82,-4.543366366737634,0.7195985391850617,85.0,0.0,117.4,-0.7071067811865477,0.7071067811865474
2026-01-18T22:00,229.1,14.9,86,-4.897015052393569,0.1710075338422547,90.0,0.0,102.5,-0.5000000000000004,0.8660254037844384
2026-01-18T23:00,213.7,14.1,89,-5.08636752381579,1.0811407922523486,85.0,0.0,89.0,-0.25881904510252157,0.9659258262890681
2026-01-19T00:00,198.8,13.7,89,-5.215999461960969,1.3976228435536127,90.0,0.0,80.5,0.0,1.0
2026-01-19T01:00,190.5,13.8,87,-5.908846518073248,1.0418890660015818,105.0,0.0,73.3,0.25881904510252074,0.9659258262890683
2026-01-19T02:00,188.1,13.3,87,-5.627715212400779,1.403146994478073,100.0,0.0,66.9,0.49999999999999994,0.8660254037844387
2026-01-19T03:00,190.0,12.4,89,-4.877154255411481,1.4910956940859568,85.0,0.0,60.1,0.7071067811865476,0.7071067811865476
2026-01-19T04:00,191.4,11.5,91,-4.51052457977236,1.6416966879632098,75.0,0.0,54.1,0.8660254037844386,0.5000000000000001
2026-01-19T05:00,175.1,11.3,91,-3.9945181390182953,-0.20934382497177587,60.0,0.0,41.9,0.9659258262890683,0.25881904510252074
2026-01-19T06:00,176.0,10.9,92,-2.4939101256495606,-0.1743911843603131,45.0,0.0,51.7,1.0,6.123233995736766e-17
2026-01-19T07:00,193.2,10.7,92,-2.0284442352070435,-0.5435199947152936,40.0,0.0,64.7,0.9659258262890683,-0.25881904510252063
2026-01-19T08:00,217.0,12.3,87,-4.097502390778292,-0.14308793648025442,50.0,0.0,70.5,0.8660254037844387,-0.4999999999999998
2026-01-19T09:00,181.1,15.0,74,-1.6617774435648518,-0.9211382784680405,95.0,0.0,62.4,0.7071067811865476,-0.7071067811865475
2026-01-19T10:00,156.9,18.2,60,-0.7071067811865476,-0.7071067811865476,185.0,0.0,47.1,0.49999999999999994,-0.8660254037844387
2026-01-19T11:00,123.9,20.7,46,-0.7,-4.286263797015736e-17,375.0,0.0,34.3,0.258819045102521,-0.9659258262890682
2026-01-19T12:00,92.2,23.6,29,-0.5416335208368435,-0.7187719590425635,730.0,0.0,25.5,1.2246467991473532e-16,-1.0
2026-01-19T13:00,72.6,24.7,22,-0.9008627491964483,-1.441681763465924,1530.0,0.0,19.2,-0.2588190451025208,-0.9659258262890683
2026-01-19T14:00,67.5,25.1,21,-1.7998053071223097,-2.1449244407331385,1865.0,0.0,20.2,-0.4999999999999997,-0.8660254037844388
2026-01-19T15:00,67.5,25.0,21,-2.3284854468843985,-2.8754400573907923,2240.0,0.0,34.3,-0.7071067811865471,-0.7071067811865479
2026-01-19T16:00,76.1,24.4,23,-1.9930095510714212,-4.476372742448745,2125.0,0.0,55.7,-0.8660254037844385,-0.5000000000000004
2026-01-19T17:00,132.2,22.3,28,-1.445705175410313,-3.4058679577740296,695.0,0.0,78.0,-0.9659258262890683,-0.25881904510252063
2026-01-19T18:00,161.1,20.2,37,-0.14308793648025397,-4.097502390778292,265.0,0.0,86.0,-1.0,-1.8369701987210297e-16
2026-01-19T19:00,182.5,19.0,46,1.231272515972407,-3.3828934348292705,175.0,0.0,96.6,-0.9659258262890684,0.2588190451025203
2026-01-19T20:00,194.6,18.0,53,2.331644762626102,-3.731411623088274,145.0,0.0,101.5,-0.8660254037844386,0.5000000000000001
2026-01-19T21:00,196.5,17.1,60,1.957144684658207,-3.257235742668026,115.0,0.0,95.8,-0.7071067811865477,0.7071067811865474
2026-01-19T22:00,199.3,16.3,67,2.8670321550114712,-2.007517527228661,85.0,0.0,84.4,-0.5000000000000004,0.8660254037844384
2026-01-19T23:00,199.3,15.1,75,5.196832300499298,-0.18147738285300666,70.0,0.0,73.7,-0.25881904510252157,0.9659258262890681
2026-01-20T00:00,192.3,14.3,79,5.022519540362262,-0.8856057061013428,60.0,0.0,65.8,0.0,1.0
2026-01-20T01:00,185.3,13.3,82,3.9793803482641996,-2.6841259366595858,55.0,0.0,58.6,0.25881904510252074,0.9659258262890683
2026-01-20T02:00,179.3,12.8,82,3.2910916572862665,-3.068992620281244,60.0,0.0,51.7,0.49999999999999994,0.8660254037844387
2026-01-20T03:00,172.8,12.5,80,2.493024310163928,-2.867896404846533,60.0,0.0,43.6,0.7071067811865476,0.7071067811865476
2026-01-20T04:00,164.4,11.8,82,3.9357886821272805,-2.181643291108518,50.0,0.0,35.9,0.8660254037844386,0.5000000000000001
2026-01-20T05:00,172.3,11.0,85,5.4322858732732575,-0.8603895577212687,65.0,0.0,31.2,0.9659258262890683,0.25881904510252074
2026-01-20T06:00,174.6,10.6,85,6.139662026197737,-0.8628732259524059,70.0,0.0,38.0,1.0,6.123233995736766e-17
2026-01-20T07:00,190.0,10.2,85,5.966700364476214,-1.2682613139883325,70.0,0.0,47.2,0.9659258262890683,-0.25881904510252063
2026-01-20T08:00,204.4,12.0,75,7.5260373224359345,-1.0577155672964975,75.0,0.0,51.8,0.8660254037844387,-0.4999999999999998
2026-01-20T09:00,189.5,15.3,62,5.756767679519667,-0.7068421917498565,105.0,0.0,48.1,0.7071067811865476,-0.7071067811865475
2026-01-20T10:00,174.2,18.7,51,4.636443966187528,-1.2423314164920973,190.0,0.0,40.0,0.49999999999999994,-0.8660254037844387
2026-01-20T11:00,146.7,21.7,44,6.820590453496647,-1.5746573804070545,480.0,0.0,32.1,0.258819045102521,-0.9659258262890682
2026-01-20T12:00,110.6,23.5,36,7.55480757210798,-2.3097364673096203,1645.0,0.0,24.4,1.2246467991473532e-16,-1.0
2026-01-20T13:00,90.8,24.2,31,7.878462024097665,-1.3891854213354398,1850.0,0.0,16.9,-0.2588190451025208,-0.9659258262890683
2026-01-20T14:00,85.2,24.3,32,8.477019563631545,-1.9570741727916245,1870.0,0.0,15.0,-0.4999999999999997,-0.8660254037844388
2026-01-20T15:00,83.4,23.9,33,7.893418014601631,-2.87296920393562,1750.0,0.0,22.6,-0.7071067811865471,-0.7071067811865479
2026-01-20T16:00,86.8,23.2,35,7.399718206905068,-3.294566808913978,1635.0,0.0,35.7,-0.8660254037844385,-0.5000000000000004
2026-01-20T17:00,105.5,22.1,33,5.5352257484397995,-3.5946176310991755,445.0,0.0,50.9,-0.9659258262890683,-0.25881904510252063
2026-01-20T18:00,118.7,20.4,41,4.519662214401971,-3.792446897150582,230.0,0.0,56.4,-1.0,-1.8369701987210297e-16
2026-01-20T19:00,128.1,19.1,51,2.668731271573632,-4.109485782932578,180.0,0.0,63.9,-0.9659258262890684,0.2588190451025203
2026-01-20T20:00,135.0,18.1,60,1.2940952255126035,-4.8296291314453415,155.0,0.0,68.7,-0.8660254037844386,0.5000000000000001
2026-01-20T21:00,142.0,17.2,68,0.572785914004192,-4.664966912714214,115.0,0.0,68.8,-0.7071067811865477,0.7071067811865474
2026-01-20T22:00,150.4,16.5,72,-0.5727859140041932,-4.664966912714213,105.0,0.0,66.2,-0.5000000000000004,0.8660254037844384
2026-01-20T23:00,151.3,15.9,78,1.4326213531414123,-4.685893304218873,135.0,0.0,62.1,-0.25881904510252157,0.9659258262890681
2026-01-21T00:00,144.4,14.5,81,2.3153515486716896,-4.544133273360675,105.0,0.0,56.0,0.0,1.0
2026-01-21T01:00,139.7,13.8,82,2.708910491432896,-3.467247315869577,85.0,0.0,48.4,0.25881904510252074,0.9659258262890683
2026-01-21T02:00,135.5,13.0,83,3.108583845827883,-2.51728156419935,75.0,0.0,41.9,0.49999999999999994,0.8660254037844387
2026-01-21T03:00,131.8,12.5,83,2.8833635269318485,-1.8017254983928959,50.0,0.0,36.9,0.7071067811865476,0.7071067811865476
2026-01-21T04:00,127.1,11.6,85,4.366330768241984,-1.0886485301985034,45.0,0.0,33.1,0.8660254037844386,0.5000000000000001
2026-01-21T05:00,114.1,11.1,94,4.107753876587688,-1.5768189779993218,50.0,0.0,26.9,0.9659258262890683,0.25881904510252074
2026-01-21T06:00,116.6,10.2,96,3.7740698991550055,-1.6019976268060212,45.0,0.0,31.6,1.0,6.123233995736766e-17
2026-01-21T07:00,129.5,9.7,99,5.040599536364314,-1.6377900701872203,50.0,0.0,37.9,0.9659258262890683,-0.25881904510252063
2026-01-21T08:00,139.7,10.6,94,4.482102298012082,-1.0347748499817786,60.0,0.0,40.8,0.8660254037844387,-0.4999999999999998
2026-01-21T09:00,133.6,13.2,81,3.564026096753472,-1.8159619989581866,90.0,0.0,37.7,0.7071067811865476,-0.7071067811865475
2026-01-21T10:00,122.5,16.9,63,3.0192140446035274,-1.960700526054096,160.0,0.0,31.4,0.49999999999999994,-0.8660254037844387
2026-01-21T11:00,100.8,20.4,50,4.33405914483697,-3.3861381142911218,540.0,0.0,25.0,0.258819045102521,-0.9659258262890682
2026-01-21T12:00,62.4,22.3,40,6.710401705727846,-3.567983877172767,1175.0,0.0,18.3,1.2246467991473532e-16,-1.0
2026-01-21T13:00,49.8,23.0,36,8.477019563631545,-1.9570741727916245,1290.0,0.0,11.7,-0.2588190451025208,-0.9659258262890683
2026-01-21T14:00,48.1,23.2,34,8.987963899415753,-1.423553631866099,1320.0,0.0,9.4,-0.4999999999999997,-0.8660254037844388
2026-01-21T15:00,47.4,22.9,34,9.030970087718506,-1.7554427574642149,1265.0,0.0,13.8,-0.7071067811865471,-0.7071067811865479
2026-01-21T16:00,49.0,22.1,36,8.081356538758811,-2.9413732326007533,1095.0,0.0,22.5,-0.8660254037844385,-0.5000000000000004
2026-01-21T17:00,66.4,20.8,39,6.6648882013945725,-1.7858514112073902,730.0,0.0,33.5,-0.9659258262890683,-0.25881904510252063
2026-01-21T18:00,80.6,19.3,44,5.062776693988423,-2.149021206691004,225.0,0.0,41.6,-1.0,-1.8369701987210297e-16
2026-01-21T19:00,89.9,18.1,49,3.8334504482270066,-2.88871211112983,165.0,0.0,52.6,-0.9659258262890684,0.2588190451025203
2026-01-21T20:00,96.6,16.9,56,2.4721827595682613,-4.114403043370138,160.0,0.0,60.8,-0.8660254037844386,0.5000000000000001
2026-01-21T21:00,101.5,16.1,62,1.2423314164920993,-4.636443966187528,140.0,0.0,63.8,-0.7071067811865477,0.7071067811865474
2026-01-21T22:00,110.6,15.4,65,0.5533460865919795,-2.8467188319982255,95.0,0.0,63.8,-0.5000000000000004,0.8660254037844384
2026-01-21T23:00,116.9,14.8,69,-0.7059932828932158,-3.632020578756357,80.0,0.0,61.7,-0.25881904510252157,0.9659258262890681
2026-01-22T00:00,116.4,13.8,72,-0.1674750599774203,-3.1956145112146364,55.0,0.0,56.6,0.0,1.0
2026-01-22T01:00,116.6,13.3,73,0.7016920913345691,-2.295131414311285,40.0,0.0,49.3,0.25881904510252074,0.9659258262890683
2026-01-22T02:00,117.3,12.5,76,1.2362017582725107,-3.059706720070398,45.0,0.0,43.1,0.49999999999999994,0.8660254037844387
2026-01-22T03:00,118.3,11.6,78,1.8000000000000016,-3.117691453623978,45.0,0.0,37.6,0.7071067811865476,0.7071067811865476
2026-01-22T04:00,119.7,11.3,77,1.977795244181245,-2.1209257346955948,40.0,0.0,33.1,0.8660254037844386,0.5000000000000001
2026-01-22T05:00,125.3,10.5,81,1.8221342821066675,-2.507952682562337,40.0,0.0,37.4,0.9659258262890683,0.25881904510252074
2026-01-22T06:00,136.0,10.1,82,1.4339482024232673,-1.2465121550819633,30.0,0.0,46.8,1.0,6.123233995736766e-17
2026-01-22T07:00,177.4,10.0,82,0.7187719590425637,-0.5416335208368431,15.0,0.0,59.3,0.9659258262890683,-0.25881904510252063
2026-01-22T08:00,214.7,11.8,74,1.1,2.0206672185931328e-16,10.0,0.0,65.5,0.8660254037844387,-0.4999999999999998
2026-01-22T09:00,166.7,15.4,61,-1.0815799573111142,1.8000513314744357,65.0,0.0,59.5,0.7071067811865476,-0.7071067811865475
2026-01-22T10:00,132.7,19.0,44,0.1743911843603132,2.4939101256495606,220.0,0.0,47.2,0.49999999999999994,-0.8660254037844387
2026-01-22T11:00,95.2,21.5,39,1.2362017582725096,3.0597067200703982,520.0,0.0,36.2,0.258819045102521,-0.9659258262890682
2026-01-22T12:00,77.8,23.5,37,-0.8773091119410743,3.800043252662417,700.0,0.0,28.3,1.2246467991473532e-16,-1.0
2026-01-22T13:00,72.2,24.6,34,-1.6108083516884226,3.986890574637185,870.0,0.0,21.7,-0.2588190451025208,-0.9659258262890683
2026-01-22T14:00,70.8,25.0,34,-4.113840701993853,4.902684435961459,1055.0,0.0,19.6,-0.4999999999999997,-0.8660254037844388
2026-01-22T15:00,70.5,24.8,36,-5.374011537017761,5.37401153701776,1105.0,0.0,25.1,-0.7071067811865471,-0.7071067811865479
2026-01-22T16:00,72.4,23.8,41,-7.737048875501678,6.4921548578340476,740.0,0.0,34.9,-0.8660254037844385,-0.5000000000000004
2026-01-22T17:00,107.8,21.9,50,-7.945774829603219,5.563691432605148,575.0,0.0,51.1,-0.9659258262890683,-0.25881904510252063
2026-01-22T18:00,116.2,20.4,59,-5.270858399429623,6.2815644335756184,465.0,0.0,50.5,-1.0,-1.8369701987210297e-16
2026-01-22T19:00,122.9,19.5,66,-6.2898276997732685,6.985561359487505,385.0,0.0,49.4,-0.9659258262890684,0.2588190451025203
2026-01-22T20:00,122.5,19.0,68,-8.34988442999686,7.006384945583279,345.0,0.0,46.4,-0.8660254037844386,0.5000000000000001
2026-01-22T21:00,119.7,18.7,69,-8.99205238827647,8.096480336942184,345.0,0.0,40.1,-0.7071067811865477,0.7071067811865474
2026-01-22T22:00,115.7,18.1,70,-10.280065899682517,6.933992003037259,330.0,0.0,31.9,-0.5000000000000004,0.8660254037844384
2026-01-22T23:00,108.7,17.9,70,-10.323759005323595,10.323759005323593,370.0,0.0,24.9,-0.25881904510252157,0.9659258262890681
2026-01-23T00:00,101.7,17.1,72,-11.031039980913283,9.256141579486167,430.0,0.0,20.2,0.0,1.0
2026-01-23T01:00,95.7,16.6,74,-11.444430312351871,10.304611337926417,455.0,0.0,16.6,0.25881904510252074,0.9659258262890683
2026-01-23T02:00,91.7,16.2,74,-12.58976457560293,10.194990335007363,445.0,0.0,13.8,0.49999999999999994,0.8660254037844387
2026-01-23T03:00,89.2,16.2,73,-7.610284736289884,8.754631130584155,495.0,0.0,11.2,0.7071067811865476,0.7071067811865476
2026-01-23T04:00,85.2,16.3,71,-6.544932066918309,8.082317999152497,480.0,0.0,9.4,0.8660254037844386,0.5000000000000001
2026-01-23T05:00,71.7,15.7,75,-11.295801347256392,10.170785216654645,465.0,0.0,10.0,0.9659258262890683,0.25881904510252074
2026-01-23T06:00,74.0,15.3,77,-13.399159919271533,8.372724374884635,540.0,0.0,14.2,1.0,6.123233995736766e-17
2026-01-23T07:00,77.1,15.1,78,-8.890434763441212,12.696856686479375,610.0,0.0,20.1,0.9659258262890683,-0.25881904510252063
2026-01-23T08:00,83.1,14.6,85,4.610297598828882,7.3780184365609065,350.0,3.9,25.5,0.8660254037844387,-0.4999999999999998
2026-01-23T09:00,94.5,14.4,88,-10.860392200471047,7.325427035466781,375.0,2.4,30.8,0.7071067811865476,-0.7071067811865475
2026-01-23T10:00,97.1,14.7,88,-15.675059808498341,9.049999999999997,440.0,1.0,35.6,0.49999999999999994,-0.8660254037844387
2026-01-23T11:00,91.3,14.1,90,-14.760601995839464,9.585647016264478,440.0,1.8,37.0,0.258819045102521,-0.9659258262890682
2026-01-23T12:00,84.8,14.6,89,-15.94330420774081,9.96248216758425,475.0,0.7,31.2,1.2246467991473532e-16,-1.0
2026-01-23T13:00,73.8,16.1,84,-14.70160764910807,7.490843245702521,495.0,1.6,22.0,-0.2588190451025208,-0.9659258262890683
2026-01-23T14:00,63.6,17.5,75,-11.377340691451748,13.558986643205909,835.0,0.0,17.2,-0.4999999999999997,-0.8660254037844388
2026-01-23T15:00,62.6,16.8,82,-10.746938634135237,3.491892036436905,645.0,2.4,20.7,-0.7071067811865471,-0.7071067811865479
2026-01-23T16:00,62.6,16.7,84,-6.334968321393669,10.543157798635981,660.0,0.1,28.8,-0.8660254037844385,-0.5000000000000004
2026-01-23T17:00,94.3,15.5,85,-14.42991959668066,2.8048922320352085,520.0,8.6,26.2,-0.9659258262890683,-0.25881904510252063
2026-01-23T18:00,95.9,14.4,88,-1.0766187015349677,6.10580806867569,425.0,0.7,32.7,-1.0,-1.8369701987210297e-16
2026-01-23T19:00,93.1,14.4,91,-6.833728103217185,6.599254519360475,430.0,0.2,41.7,-0.9659258262890684,0.2588190451025203
2026-01-23T20:00,98.7,14.2,92,-5.773319455116464,6.641444305960395,350.0,0.2,49.4,-0.8660254037844386,0.5000000000000001
2026-01-23T21:00,106.6,13.7,93,-0.8777213787321068,4.515485043859254,110.0,0.2,55.0,-0.7071067811865477,0.7071067811865474
2026-01-23T22:00,120.1,13.1,92,-0.9325751537483652,0.7551844692598048,35.0,0.1,59.3,-0.5000000000000004,0.8660254037844384
2026-01-23T23:00,122.5,12.9,95,-0.8652475842498527,-2.6629582456264296,40.0,0.0,60.7,-0.25881904510252157,0.9659258262890681
2026-01-24T00:00,116.4,12.5,95,0.7551844692598054,-0.9325751537483646,25.0,0.0,58.4,0.0,1.0
2026-01-24T01:00,113.9,12.9,94,5.767663311155833,-1.9859657421886534,115.0,0.0,53.4,0.25881904510252074,0.9659258262890683
2026-01-24T02:00,103.6,12.3,97,8.386705679454243,-5.446390350150266,220.0,0.0,46.5,0.49999999999999994,0.8660254037844387
2026-01-24T03:00,84.5,11.2,97,8.999165894302516,-4.585304047369421,245.0,0.0,36.1,0.7071067811865476,0.7071067811865476
2026-01-24T04:00,71.9,9.7,89,8.485281374238571,-8.485281374238568,255.0,0.0,24.0,0.8660254037844386,0.5000000000000001
2026-01-24T05:00,38.9,9.9,75,4.646734155964224,-9.527216890771168,300.0,0.0,11.3,0.9659258262890683,0.25881904510252074
2026-01-24T06:00,39.6,9.3,70,3.337383539249435,-10.271410375987658,335.0,0.0,14.6,1.0,6.123233995736766e-17
2026-01-24T07:00,45.1,9.0,70,3.7835265935007145,-9.364556931124552,295.0,0.0,19.1,0.9659258262890683,-0.25881904510252063
2026-01-24T08:00,50.5,9.6,69,2.503037654437076,-7.703557781990743,285.0,0.0,21.6,0.8660254037844387,-0.4999999999999998
2026-01-24T09:00,52.6,10.8,65,2.8729692039356163,-7.8934180146016315,385.0,0.0,20.1,0.7071067811865476,-0.7071067811865475
2026-01-24T10:00,53.0,12.2,59,1.640957360238284,-8.441993777649909,445.0,0.0,16.6,0.49999999999999994,-0.8660254037844387
2026-01-24T11:00,49.6,14.0,50,4.60082131530173,-8.652886410017485,430.0,0.0,13.8,0.258819045102521,-0.9659258262890682
2026-01-24T12:00,42.1,15.4,45,3.214989347261285,-8.83311063538754,520.0,0.0,12.0,1.2246467991473532e-16,-1.0
2026-01-24T13:00,37.1,16.1,44,5.583959896778497,-7.6856614465619995,615.0,0.0,10.8,-0.2588190451025208,-0.9659258262890683
2026-01-24T14:00,34.7,16.4,46,6.757407998602226,-7.773508676294552,635.0,0.0,11.9,-0.4999999999999997,-0.8660254037844388
2026-01-24T15:00,32.6,16.2,49,6.859592262443233,-8.470890979880979,615.0,0.0,16.9,-0.7071067811865471,-0.7071067811865479
2026-01-24T16:00,31.7,15.4,52,6.958958306132125,-7.7287061849649,570.0,0.0,24.1,-0.8660254037844385,-0.5000000000000004
2026-01-24T17:00,40.2,14.0,60,6.547184256599983,-7.0209955355440385,450.0,0.0,28.1,-0.9659258262890683,-0.25881904510252063
2026-01-24T18:00,47.4,12.5,66,6.293250352560275,-6.293250352560272,395.0,0.0,30.1,-1.0,-1.8369701987210297e-16
2026-01-24T19:00,53.2,11.6,69,6.838884460821344,-5.53801944123857,365.0,0.0,32.7,-0.9659258262890684,0.2588190451025203
2026-01-24T20:00,57.3,10.7,71,6.151828996322965,-6.151828996322961,330.0,0.0,33.8,-0.8660254037844386,0.5000000000000001
2026-01-24T21:00,59.6,10.0,73,6.876644452187055,-4.99617464448602,280.0,0.0,31.9,-0.7071067811865477,0.7071067811865474
2026-01-24T22:00,61.5,9.4,74,6.582183314572533,-6.137985240562488,270.0,0.0,28.5,-0.5000000000000004,0.8660254037844384
2026-01-24T23:00,62.4,9.1,75,7.951649632608121,-7.159697488039778,280.0,0.0,25.2,-0.25881904510252157,0.9659258262890681
2026-01-25T00:00,61.0,8.8,75,7.372368398600926,-5.162187927159414,240.0,0.0,22.5,0.0,1.0
2026-01-25T01:00,60.5,8.4,76,7.536198807458724,-5.276903214429623,215.0,0.0,19.9,0.25881904510252074,0.9659258262890683
2026-01-25T02:00,61.0,8.3,76,6.94305513568711,-4.171808406771438,200.0,0.0,18.1,0.49999999999999994,0.8660254037844387
2026-01-25T03:00,61.0,7.7,79,7.034300023848028,-3.131872151683658,185.0,0.0,17.3,0.7071067811865476,0.7071067811865476
2026-01-25T04:00,60.3,7.2,81,6.8597561317371305,-2.4967470462773838,170.0,0.0,17.3,0.8660254037844386,0.5000000000000001
2026-01-25T05:00,58.9,6.9,84,7.531736525650303,-1.6009200192967477,165.0,0.0,18.9,0.9659258262890683,0.25881904510252074
2026-01-25T06:00,58.7,6.8,85,6.253040755340328,-0.7677768634524303,135.0,0.0,22.0,1.0,6.123233995736766e-17
2026-01-25T07:00,64.0,6.4,86,9.177589262390383,-0.641759558445952,160.0,0.0,26.1,0.9659258262890683,-0.25881904510252063
2026-01-25T08:00,68.2,7.1,84,9.308519846170762,-1.3082271490246153,200.0,0.0,27.8,0.8660254037844387,-0.4999999999999998
2026-01-25T09:00,64.5,8.9,78,9.70462707366739,-1.3638963894086416,230.0,0.0,24.7,0.7071067811865476,-0.7071067811865475
2026-01-25T10:00,61.7,11.2,72,8.691657397237213,-1.37662329235403,285.0,0.0,19.2,0.49999999999999994,-0.8660254037844387
2026-01-25T11:00,58.6,13.6,65,9.353952621938259,-2.159530121701103,380.0,0.0,14.7,0.258819045102521,-0.9659258262890682
2026-01-25T12:00,54.8,15.1,59,9.335804264972017,-3.583679495453004,480.0,0.0,11.6,1.2246467991473532e-16,-1.0
2026-01-25T13:00,50.5,16.0,54,8.247400862033514,-3.845826181840366,580.0,0.0,9.6,-0.2588190451025208,-0.9659258262890683
2026-01-25T14:00,47.5,16.4,53,6.94305513568711,-4.171808406771438,650.0,0.0,10.3,-0.4999999999999997,-0.8660254037844388
2026-01-25T15:00,46.6,16.5,53,5.886166765140795,-3.9702696146423038,690.0,0.0,14.8,-0.7071067811865471,-0.7071067811865479
2026-01-25T16:00,47.3,15.9,57,3.9595527116162863,-4.10023686193031,650.0,0.0,22.1,-0.8660254037844385,-0.5000000000000004
2026-01-25T17:00,70.1,14.2,73,3.734321705988807,-1.4334717981812015,185.0,0.0,37.1,-0.9659258262890683,-0.25881904510252063
2026-01-25T18:00,85.4,12.8,75,5.18418228388917,-1.101931961334125,120.0,0.0,44.8,-1.0,-1.8369701987210297e-16
2026-01-25T19:00,92.7,12.0,77,5.248420764330323,-0.737617435088347,95.0,0.0,55.2,-0.9659258262890684,0.2588190451025203
2026-01-25T20:00,97.1,11.2,79,5.386845871403051,0.37668495821827813,85.0,0.0,61.8,-0.8660254037844386,0.5000000000000001
2026-01-25T21:00,103.1,10.6,79,5.991777208527443,0.31401573745766587,90.0,0.0,61.2,-0.7071067811865477,0.7071067811865474
2026-01-25T22:00,104.1,9.9,81,5.386845871403052,-0.3766849582182762,80.0,0.0,56.8,-0.5000000000000004,0.8660254037844384
2026-01-25T23:00,100.4,9.2,85,4.51052457977236,-1.641696687963211,80.0,0.0,52.6,-0.25881904510252157,0.9659258262890681
2026-01-26T00:00,101.3,8.7,86,4.469965626587222,-1.452379873562252,65.0,0.0,50.1,0.0,1.0
2026-01-26T01:00,104.3,8.2,88,4.303849443228745,0.9148114395981432,50.0,0.0,47.9,0.25881904510252074,0.9659258262890683
2026-01-26T02:00,101.7,7.8,89,4.82555798975982,0.8508760705679587,50.0,0.0,45.7,0.49999999999999994,0.8660254037844387
2026-01-26T03:00,101.7,7.5,89,5.6,1.0287033112837766e-15,65.0,0.0,43.1,0.7071067811865476,0.7071067811865476
2026-01-26T04:00,102.7,6.9,90,4.5179299709100995,1.2954955723398949,55.0,0.0,40.6,0.8660254037844386,0.5000000000000001
2026-01-26T05:00,101.0,6.3,93,4.87315728730454,-0.5121894700114996,55.0,0.0,36.9,0.9659258262890683,0.25881904510252074
2026-01-26T06:00,103.6,6.4,92,4.482102298012082,-1.0347748499817786,55.0,0.0,40.7,1.0,6.123233995736766e-17
2026-01-26T07:00,120.6,6.2,93,3.8064927055539295,-1.7749966993109385,55.0,0.0,45.7,0.9659258262890683,-0.25881904510252063
2026-01-26T08:00,132.2,7.9,89,3.9282454678631846,-1.7489675652259389,60.0,0.0,47.1,0.8660254037844387,-0.4999999999999998
2026-01-26T09:00,118.3,10.5,83,1.802134497435782,-1.2618681599723014,105.0,0.0,41.3,0.7071067811865476,-0.7071067811865475
2026-01-26T10:00,105.2,13.1,76,0.9271838545667874,-0.37460659341591196,180.0,0.0,31.9,0.49999999999999994,-0.8660254037844387
2026-01-26T11:00,98.5,15.2,68,-0.3631923997916374,-0.7128052193506944,360.0,0.0,25.1,0.258819045102521,-0.9659258262890682
2026-01-26T12:00,88.2,17.1,62,-0.8571673007021123,-0.5150380749100542,570.0,0.0,22.0,1.2246467991473532e-16,-1.0
2026-01-26T13:00,78.9,18.1,58,0.5416335208368436,0.7187719590425635,710.0,0.0,21.5,-0.2588190451025208,-0.9659258262890683
2026-01-26T14:00,76.6,18.7,55,1.2990381056766578,0.7500000000000007,780.0,0.0,26.6,-0.4999999999999997,-0.8660254037844388
2026-01-26T15:00,76.6,18.8,54,-0.9271838545667874,-0.37460659341591196,790.0,0.0,39.3,-0.7071067811865471,-0.7071067811865479
2026-01-26T16:00,78.9,18.5,56,-2.1346505978071924,-0.532228170319269,765.0,0.0,57.6,-0.8660254037844385,-0.5000000000000004
2026-01-26T17:00,110.4,17.0,69,-3.730183297101123,-0.7250741824308706,130.0,0.0,81.4,-0.9659258262890683,-0.25881904510252063
2026-01-26T18:00,143.0,16.2,73,-2.3334523779156067,2.3334523779156067,60.0,0.0,102.5,-1.0,-1.8369701987210297e-16
2026-01-26T19:00,170.9,15.2,77,-2.8772616073430908,3.1955227495527945,65.0,0.0,131.3,-0.9659258262890684,0.2588190451025203
2026-01-26T20:00,190.0,14.2,79,0.5162337346327613,3.2593715239639547,40.0,0.0,150.4,-0.8660254037844386,0.5000000000000001
2026-01-26T21:00,216.1,13.4,77,-0.5416335208368435,-0.7187719590425635,10.0,0.0,151.3,-0.7071067811865477,0.7071067811865474
2026-01-26T22:00,237.0,12.6,79,-2.3403318451813457,-2.182394752199995,30.0,0.0,142.5,-0.5000000000000004,0.8660254037844384
2026-01-26T23:00,233.8,12.9,77,-0.8571673007021123,0.5150380749100543,20.0,0.0,131.6,-0.25881904510252157,0.9659258262890681
2026-01-27T00:00,211.4,12.2,80,-4.1,-2.5105259382520737e-16,50.0,0.0,120.0,0.0,1.0
2026-01-27T01:00,204.0,11.6,83,-3.616017032810471,1.4609657143220571,40.0,0.0,106.2,0.25881904510252074,0.9659258262890683
2026-01-27T02:00,196.0,11.1,86,-5.595274945651685,1.0876112736463055,55.0,0.0,94.2,0.49999999999999994,0.8660254037844387
2026-01-27T03:00,176.0,11.3,83,-6.824958041162064,1.957025226300693,80.0,0.0,85.5,0.7071067811865476,0.7071067811865476
2026-01-27T04:00,156.9,11.4,81,-6.635131558740833,4.645969134443473,110.0,0.0,78.4,0.8660254037844386,0.5000000000000001
2026-01-27T05:00,123.9,11.2,81,-5.610850442641478,5.418335289580179,110.0,0.0,52.7,0.9659258262890683,0.25881904510252074
2026-01-27T06:00,116.6,11.4,79,-5.945158603819154,5.353044850870866,125.0,0.0,53.2,1.0,6.123233995736766e-17
2026-01-27T07:00,116.9,11.5,80,-6.62549748676885,4.3026483766187145,130.0,0.0,53.6,0.9659258262890683,-0.25881904510252063
2026-01-27T08:00,115.5,12.7,79,-8.415481852474713,2.572871001560083,160.0,0.0,51.7,0.8660254037844387,-0.4999999999999998
2026-01-27T09:00,110.6,13.9,75,-2.475670171853926,-0.34793275240016364,215.0,0.8,45.7,0.7071067811865476,-0.7071067811865475
2026-01-27T10:00,102.7,14.7,77,-3.039955112660544,-4.341505834731656,230.0,9.5,37.4,0.49999999999999994,-0.8660254037844387
2026-01-27T11:00,91.7,15.9,77,-6.45031148009286,5.22335924571365,340.0,0.0,30.6,0.258819045102521,-0.9659258262890682
2026-01-27T12:00,85.2,18.1,73,-9.183506924963657,5.090501012586539,550.0,0.1,26.1,1.2246467991473532e-16,-1.0
2026-01-27T13:00,85.4,19.3,72,-10.358493124876576,10.003080534609563,625.0,0.0,23.1,-0.2588190451025208,-0.9659258262890683
2026-01-27T14:00,85.2,19.7,72,-9.65386886137305,9.002378352824978,690.0,0.0,22.1,-0.4999999999999997,-0.8660254037844388
2026-01-27T15:00,84.1,19.2,75,-7.36337872686537,7.625001883589704,750.0,0.2,24.5,-0.7071067811865471,-0.7071067811865479
2026-01-27T16:00,84.3,18.8,78,-10.41315927692194,12.40991997852744,760.0,0.0,28.9,-0.8660254037844385,-0.5000000000000004
2026-01-27T17:00,102.0,15.9,91,-7.573555455601127,3.8589192477861474,445.0,0.0,31.3,-0.9659258262890683,-0.25881904510252063
2026-01-27T18:00,103.4,15.0,93,-9.2,-5.633375276077824e-16,390.0,1.3,34.7,-1.0,-1.8369701987210297e-16
2026-01-27T19:00,107.6,14.5,92,-10.110759989510939,1.9653326523784116,305.0,0.4,39.4,-0.9659258262890684,0.2588190451025203
2026-01-27T20:00,114.3,14.4,91,-9.508898117504765,2.3708345768767445,290.0,0.0,43.6,-0.8660254037844386,0.5000000000000001
2026-01-27T21:00,123.9,14.4,92,-6.9609657139470205,4.520503990624725,215.0,0.0,47.4,-0.7071067811865477,0.7071067811865474
2026-01-27T22:00,127.6,13.8,95,-7.399718206905066,3.294566808913982,185.0,0.0,50.6,-0.5000000000000004,0.8660254037844384
2026-01-27T23:00,125.7,13.3,96,-8.123117854302127,4.319138377630196,250.0,0.0,51.1,-0.25881904510252157,0.9659258262890681
2026-01-28T00:00,119.0,12.4,97,-3.2076234870781244,1.6343657990623683,155.0,0.1,47.0,0.0,1.0
2026-01-28T01:00,117.1,13.0,93,-1.6617774435648518,-0.9211382784680405,75.0,3.5,40.1,0.25881904510252074,0.9659258262890683
2026-01-28T02:00,118.3,12.2,96,-3.9949172656194643,-0.9222993228098461,115.0,1.1,34.2,0.49999999999999994,0.8660254037844387
2026-01-28T03:00,116.4,12.3,95,0.565685424949238,0.5656854249492381,25.0,2.9,30.2,0.7071067811865476,0.7071067811865476
2026-01-28T04:00,114.3,12.5,94,4.543366366737633,0.7195985391850627,70.0,0.0,27.2,0.8660254037844386,0.5000000000000001
2026-01-28T05:00,85.4,11.7,95,5.796466796710755,-0.20241708087450744,75.0,0.0,21.0,0.9659258262890683,0.25881904510252074
2026-01-28T06:00,74.7,12.5,97,7.762365810207973,-1.9353751647973394,200.0,0.0,23.0,1.0,6.123233995736766e-17
2026-01-28T07:00,81.5,12.7,98,5.400153994423308,-3.244739871933341,265.0,0.0,25.6,0.9659258262890683,-0.25881904510252063
2026-01-28T08:00,67.5,13.4,94,6.128355544951825,-5.142300877492314,325.0,0.0,26.3,0.8660254037844387,-0.4999999999999998
2026-01-28T09:00,48.8,13.9,91,5.088655421583794,-7.54424191025088,380.0,0.0,23.2,0.7071067811865476,-0.7071067811865475
2026-01-28T10:00,47.5,14.4,88,1.8386064065574756,-7.3742475196975725,455.0,0.0,18.2,0.49999999999999994,-0.8660254037844387
2026-01-28T11:00,44.0,16.0,81,1.941142838268905,-7.244443697168013,590.0,0.0,14.1,0.258819045102521,-0.9659258262890682
2026-01-28T12:00,44.5,16.8,76,0.3140157374576662,-5.991777208527443,790.0,0.0,11.5,1.2246467991473532e-16,-1.0
2026-01-28T13:00,44.2,17.7,70,0.8773091119410747,-3.800043252662417,995.0,0.0,9.9,-0.2588190451025208,-0.9659258262890683
2026-01-28T14:00,41.2,18.2,66,2.341947850564616,-3.6062834421653234,1110.0,0.0,10.7,-0.4999999999999997,-0.8660254037844388
2026-01-28T15:00,37.8,18.4,63,3.7924468971505836,-4.519662214401969,1210.0,0.0,15.2,-0.7071067811865471,-0.7071067811865479
2026-01-28T16:00,35.3,18.0,63,5.745333323392336,-4.820907072649044,1120.0,0.0,22.2,-0.8660254037844385,-0.5000000000000004
2026-01-28T17:00,77.1,16.9,71,4.694574752607446,-1.9927287552952946,470.0,0.0,36.3,-0.9659258262890683,-0.25881904510252063
2026-01-28T18:00,93.6,15.2,79,3.9429695832297162,-2.369175144586249,150.0,0.0,42.9,-1.0,-1.8369701987210297e-16
2026-01-28T19:00,102.0,14.5,83,3.7476659402887025,-3.7476659402887007,205.0,0.0,51.9,-0.9659258262890684,0.2588190451025203
2026-01-28T20:00,108.7,13.6,86,3.808015211139157,-3.083669916144204,145.0,0.0,57.6,-0.8660254037844386,0.5000000000000001
2026-01-28T21:00,113.2,12.8,87,4.149853686436957,-2.206516345093685,110.0,0.0,57.4,-0.7071067811865477,0.7071067811865474
2026-01-28T22:00,117.3,12.2,88,4.142271840535982,-1.7582900782017308,85.0,0.0,53.9,-0.5000000000000004,0.8660254037844384
2026-01-28T23:00,118.0,11.8,93,4.694574752607446,-1.9927287552952946,90.0,0.0,49.0,-0.25881904510252157,0.9659258262890681
2026-01-29T00:00,111.8,12.0,93,5.19975752126163,-3.3767620170931654,115.0,0.0,42.7,0.0,1.0
2026-01-29T01:00,104.5,11.8,94,5.989766325354698,-4.51361267364036,135.0,0.0,35.0,0.25881904510252074,0.9659258262890683
2026-01-29T02:00,99.2,11.5,95,6.471301149883035,-4.531253847173264,145.0,0.0,28.5,0.49999999999999994,0.8660254037844387
2026-01-29T03:00,96.4,10.9,96,6.1059462923262675,-3.8154187024790738,150.0,0.0,23.5,0.7071067811865476,0.7071067811865476
2026-01-29T04:00,95.5,10.4,96,5.5123126250167696,-3.4444752175158304,140.0,0.0,19.7,0.8660254037844386,0.5000000000000001
2026-01-29T05:00,94.5,10.5,100,5.94741400854789,-3.2967054176750934,135.0,0.0,17.9,0.9659258262890683,0.25881904510252074
2026-01-29T06:00,95.7,10.6,100,5.572523087054836,-2.71790111009228,130.0,0.0,22.7,1.0,6.123233995736766e-17
2026-01-29T07:00,102.4,10.8,99,6.535062985480412,-2.5085756468171025,140.0,0.0,29.1,0.9659258262890683,-0.25881904510252063
2026-01-29T08:00,110.4,11.1,99,6.978569960182204,-3.254160615403387,130.0,0.0,32.0,0.8660254037844387,-0.4999999999999998
2026-01-29T09:00,105.9,11.9,94,8.247400862033514,-3.845826181840366,155.0,0.0,28.0,0.7071067811865476,-0.7071067811865475
2026-01-29T10:00,96.6,13.8,88,7.703616189811523,-3.5922552247959465,305.0,0.0,20.5,0.49999999999999994,-0.8660254037844387
2026-01-29T11:00,78.7,15.3,80,7.722505385345874,-6.033482458191454,545.0,0.0,14.5,0.258819045102521,-0.9659258262890682
2026-01-29T12:00,64.0,16.8,71,5.945158603819157,-5.353044850870862,680.0,0.0,11.2,1.2246467991473532e-16,-1.0
2026-01-29T13:00,57.5,17.7,67,5.752478501329069,-4.494328769877307,715.0,0.0,9.4,-0.2588190451025208,-0.9659258262890683
2026-01-29T14:00,53.6,18.3,66,5.745333323392336,-4.820907072649044,755.0,0.0,10.1,-0.4999999999999997,-0.8660254037844388
2026-01-29T15:00,51.5,18.4,64,4.842188356443738,-5.192611281496111,780.0,0.0,14.5,-0.7071067811865471,-0.7071067811865479
2026-01-29T16:00,50.2,18.0,67,4.705788684431238,-5.046340541172278,750.0,0.0,21.4,-0.8660254037844385,-0.5000000000000004
2026-01-29T17:00,69.4,16.1,77,4.9026844359614605,-4.113840701993851,585.0,0.0,33.6,-0.9659258262890683,-0.25881904510252063
2026-01-29T18:00,76.8,14.3,84,3.773547901113861,-3.280295144952535,200.0,0.0,40.3,-1.0,-1.8369701987210297e-16
2026-01-29T19:00,82.7,13.9,85,4.341505834731656,-3.039955112660544,160.0,0.0,49.3,-0.9659258262890684,0.2588190451025203
2026-01-29T20:00,87.8,13.4,86,4.633233925779514,-2.3607505986456427,125.0,0.0,55.1,-0.8660254037844386,0.5000000000000001
2026-01-29T21:00,91.3,12.4,89,4.727592877996585,-1.6278407722857815,90.0,0.0,54.9,-0.7071067811865477,0.7071067811865474
2026-01-29T22:00,94.3,11.7,91,3.9793803482641996,-2.6841259366595858,75.0,0.0,51.5,-0.5000000000000004,0.8660254037844384
2026-01-29T23:00,92.9,11.1,92,4.325677631722434,-1.2403681011764973,65.0,0.0,46.9,-0.25881904510252157,0.9659258262890681
2026-01-30T00:00,89.2,10.8,93,4.727592877996585,-1.6278407722857815,70.0,0.0,41.2,0.0,1.0
2026-01-30T01:00,86.8,10.3,94,4.998560818879258,-1.4333142502483969,70.0,0.0,34.3,0.25881904510252074,0.9659258262890683
2026-01-30T02:00,82.9,10.1,94,4.853487850015503,-2.3672041926610183,75.0,0.0,28.5,0.49999999999999994,0.8660254037844387
2026-01-30T03:00,79.2,10.4,92,5.94741400854789,-3.2967054176750934,100.0,0.0,23.8,0.7071067811865476,0.7071067811865476
2026-01-30T04:00,76.6,10.5,91,6.148780366869514,-3.5500000000000007,125.0,0.0,20.2,0.8660254037844386,0.5000000000000001
2026-01-30T05:00,82.7,9.7,94,3.964183272437243,-2.8801477362331176,70.0,0.0,23.2,0.9659258262890683,0.25881904510252074
2026-01-30T06:00,80.8,8.9,94,4.097502390778292,-0.14308793648025525,50.0,0.0,31.3,1.0,6.123233995736766e-17
2026-01-30T07:00,94.3,8.5,95,3.405867957774029,1.4457051754103132,35.0,0.0,41.9,0.9659258262890683,-0.25881904510252063
2026-01-30T08:00,114.8,10.8,92,7.198903405126018,-0.12565732634843854,80.0,0.0,46.7,0.8660254037844387,-0.4999999999999998
2026-01-30T09:00,100.1,12.7,89,5.955276909847932,-0.7312160604308862,165.0,0.0,39.8,0.7071067811865476,-0.7071067811865475
2026-01-30T10:00,81.3,14.8,80,6.311611389356034,-1.9296532511700621,260.0,0.0,27.0,0.49999999999999994,-0.8660254037844387
2026-01-30T11:00,67.1,16.6,73,6.334974456515424,-2.1813066348629473,405.0,0.0,16.9,0.258819045102521,-0.9659258262890682
2026-01-30T12:00,56.7,18.1,65,5.767663311155833,-1.9859657421886534,505.0,0.0,12.1,1.2246467991473532e-16,-1.0
2026-01-30T13:00,51.5,19.0,61,4.886401628086723,-1.7785047452934788,590.0,0.0,10.0,-0.2588190451025208,-0.9659258262890683
2026-01-30T14:00,48.8,19.5,59,4.998560818879258,-1.4333142502483969,680.0,0.0,11.5,-0.4999999999999997,-0.8660254037844388
2026-01-30T15:00,48.8,19.5,58,5.601482558983211,-2.150207697271802,725.0,0.0,17.6,-0.7071067811865471,-0.7071067811865479
2026-01-30T16:00,49.7,18.9,61,4.989636535454861,-2.542346798541461,705.0,0.0,27.3,-0.8660254037844385,-0.5000000000000004
2026-01-30T17:00,73.6,17.6,75,3.562827284806144,-1.586272907995619,330.0,0.0,50.7,-0.9659258262890683,-0.25881904510252063
2026-01-30T18:00,93.1,16.1,78,2.295131414311285,-0.7016920913345681,35.0,0.0,61.9,-1.0,-1.8369701987210297e-16
2026-01-30T19:00,112.0,15.3,80,0.1854101966249686,-0.570633909777092,15.0,0.0,77.3,-0.9659258262890684,0.2588190451025203
2026-01-30T20:00,135.5,14.4,83,-0.497422543533025,0.335515742082448,10.0,0.0,89.3,-0.8660254037844386,0.5000000000000001
2026-01-30T21:00,157.9,13.6,86,-0.37460659341591224,0.9271838545667873,15.0,0.0,94.9,-0.7071067811865477,0.7071067811865474
2026-01-30T22:00,177.4,12.9,87,-0.1720779115442541,1.0864571746546514,15.0,0.0,97.0,-0.5000000000000004,0.8660254037844384
2026-01-30T23:00,188.1,12.6,89,-0.7263847995832751,1.4256104387013886,15.0,0.0,96.4,-0.25881904510252157,0.9659258262890681
2026-01-31T00:00,187.2,12.0,91,-1.2618681599723012,1.8021344974357822,20.0,0.0,92.2,0.0,1.0
2026-01-31T01:00,198.4,10.9,99,-1.4474368994146258,1.7874357113510329,15.0,0.0,85.3,0.25881904510252074,0.9659258262890683
2026-01-31T02:00,210.5,10.5,99,-1.4888192274619831,0.18280401510772104,15.0,0.0,78.9,0.49999999999999994,0.8660254037844387
2026-01-31T03:00,204.4,10.0,100,-1.7669289302057951,-0.34345619167778085,20.0,0.0,74.0,0.7071067811865476,0.7071067811865476
2026-01-31T04:00,193.2,10.3,99,-2.1729143493093033,-0.34415582308850806,35.0,0.0,69.5,0.8660254037844386,0.5000000000000001
2026-01-31T05:00,158.8,9.2,100,-1.9701167210421069,2.5216344115415104,20.0,0.0,56.4,0.9659258262890683,0.25881904510252074
2026-01-31T06:00,152.7,9.4,100,-2.3640322608201663,1.846984425976975,10.0,0.0,56.1,1.0,6.123233995736766e-17
2026-01-31T07:00,156.0,9.6,99,-3.632020578756357,0.7059932828932158,60.0,0.0,55.7,0.9659258262890683,-0.25881904510252063
2026-01-31T08:00,166.7,10.6,98,-3.9945181390182953,0.20934382497177537,75.0,0.0,55.0,0.8660254037844387,-0.4999999999999998
2026-01-31T09:00,163.4,12.0,96,-1.9777952441812454,2.1209257346955943,95.0,0.0,54.6,0.7071067811865476,-0.7071067811865475
2026-01-31T10:00,155.5,14.3,92,-4.153481053042993,1.1129218939408396,150.0,0.0,54.1,0.49999999999999994,-0.8660254037844387
2026-01-31T11:00,143.9,16.8,79,-5.430978635369398,2.3053136580867157,325.0,0.0,51.7,0.258819045102521,-0.9659258262890682
2026-01-31T12:00,119.2,18.3,70,-6.675723752880869,2.697167472594567,435.0,0.0,44.6,1.2246467991473532e-16,-1.0
2026-01-31T13:00,99.4,19.3,63,-7.370111179653168,3.5946434036704353,550.0,0.0,35.7,-0.2588190451025208,-0.9659258262890683
2026-01-31T14:00,89.9,19.8,62,-7.395354150763454,3.7681211478382384,600.0,0.0,32.3,-0.4999999999999997,-0.8660254037844388
2026-01-31T15:00,85.4,19.9,63,-6.120754566205426,2.725135508607862,665.0,0.0,38.4,-0.7071067811865471,-0.7071067811865479
2026-01-31T16:00,85.9,19.5,66,-6.5254160666638805,3.0428514845330352,665.0,0.0,50.0,-0.8660254037844385,-0.5000000000000004
2026-01-31T17:00,130.9,17.7,75,-6.962792376456429,4.875399708983893,450.0,0.0,58.2,-0.9659258262890683,-0.25881904510252063
2026-01-31T18:00,141.6,16.2,82,-5.5921244347685395,4.692349550711738,325.0,0.0,63.9,-1.0,-1.8369701987210297e-16
2026-01-31T19:00,149.9,15.4,86,-5.750880114781586,4.656970893768796,220.0,0.0,71.6,-0.9659258262890684,0.2588190451025203
2026-01-31T20:00,155.1,14.8,88,-6.146483878132432,4.802159507540135,175.0,0.0,75.2,-0.8660254037844386,0.5000000000000001
2026-01-31T21:00,155.5,14.5,89,-6.114388302878535,5.9045961489014775,185.0,0.0,72.0,-0.7071067811865477,0.7071067811865474
2026-01-31T22:00,152.7,14.1,90,-6.698091405657137,5.233122540268096,170.0,0.0,64.9,-0.5000000000000004,0.8660254037844384
2026-01-31T23:00,149.9,13.9,90,-8.066499534731049,3.259077362718435,165.0,0.0,56.4,-0.25881904510252157,0.9659258262890681
2026-02-01T00:00,147.1,13.3,91,-1.9798989873223332,1.9798989873223327,115.0,0.3,46.0,0.0,1.0
2026-02-01T01:00,118.7,13.7,86,-2.2574263096700937,12.802500789158705,180.0,3.7,34.3,0.25881904510252074,0.9659258262890683
2026-02-01T02:00,88.9,13.8,83,-9.583626120567512,7.22178027782458,190.0,0.7,25.1,0.49999999999999994,0.8660254037844387
2026-02-01T03:00,68.0,12.7,84,-3.405867957774029,1.4457051754103132,85.0,4.2,19.4,0.7071067811865476,0.7071067811865476
2026-02-01T04:00,58.4,12.4,87,-1.445705175410313,-3.4058679577740296,50.0,0.0,16.3,0.8660254037844386,0.5000000000000001
2026-02-01T05:00,85.4,13.0,94,-5.416335208368434,7.187719590425637,135.0,4.1,18.5,0.9659258262890683,0.25881904510252074
2026-02-01T06:00,90.1,12.9,93,-5.020458146424487,5.020458146424486,100.0,0.2,25.0,1.0,6.123233995736766e-17
2026-02-01T07:00,98.7,12.9,92,-7.2126268812288625,4.864978260195496,125.0,0.0,33.9,0.9659258262890683,-0.25881904510252063
2026-02-01T08:00,106.6,14.0,90,-8.989264706052534,2.748294024393725,145.0,0.0,39.3,0.8660254037844387,-0.4999999999999998
2026-02-01T09:00,111.8,15.5,88,-4.444954010110747,2.8865868855796433,175.0,0.0,38.3,0.7071067811865476,-0.7071067811865475
2026-02-01T10:00,103.8,17.6,80,-5.0159053651246746,3.644268564213333,300.0,0.0,33.8,0.49999999999999994,-0.8660254037844387
2026-02-01T11:00,89.2,18.3,72,-5.720809726210201,6.817795543758904,440.0,0.0,29.6,0.258819045102521,-0.9659258262890682
2026-02-01T12:00,76.8,19.3,68,-4.34533796671228,6.953994388482692,560.0,0.0,25.2,1.2246467991473532e-16,-1.0
2026-02-01T13:00,69.4,20.1,67,-3.7597779468433967,6.257321295125419,625.0,0.0,21.0,-0.2588190451025208,-0.9659258262890683
2026-02-01T14:00,66.6,20.7,66,-2.7239429984372814,5.346039145130207,725.0,0.0,21.8,-0.4999999999999997,-0.8660254037844388
2026-02-01T15:00,65.9,20.8,66,-1.1129218939408403,4.153481053042993,740.0,0.0,30.4,-0.7071067811865471,-0.7071067811865479
2026-02-01T16:00,69.4,20.6,68,-0.17794225122600893,3.395340418165551,735.0,0.0,43.9,-0.8660254037844385,-0.5000000000000004
2026-02-01T17:00,109.7,19.4,78,0.18840944247459684,3.595066325116466,155.0,0.0,65.3,-0.9659258262890683,-0.25881904510252063
2026-02-01T18:00,144.8,17.6,83,2.119677056932819,3.3921923846257043,65.0,0.0,82.2,-1.0,-1.8369701987210297e-16
2026-02-01T19:00,177.0,16.7,87,1.7894172911063895,2.652920232176134,40.0,0.0,105.0,-0.9659258262890684,0.2588190451025203
2026-02-01T20:00,203.5,15.9,89,1.1109406435904314,2.8940993221413254,20.0,0.0,118.7,-0.8660254037844386,0.5000000000000001
2026-02-01T21:00,219.3,15.4,90,1.0832670416736871,1.437543918085127,15.0,0.0,115.8,-0.7071067811865477,0.7071067811865474
2026-02-01T22:00,232.4,15.0,91,1.2496402047198147,0.35832856256209855,15.0,0.0,103.8,-0.5000000000000004,0.8660254037844384
2026-02-01T23:00,225.4,14.3,95,-0.20229377385796402,2.89293574575349,20.0,0.0,90.6,-0.25881904510252157,0.9659258262890681
2026-02-02T00:00,185.8,14.2,95,0.335515742082448,0.497422543533025,10.0,0.0,77.4,0.0,1.0
2026-02-02T01:00,152.7,13.8,98,3.606244584051393,-3.606244584051391,35.0,0.0,62.9,0.25881904510252074,0.9659258262890683
2026-02-02T02:00,132.2,13.5,100,1.610808351688423,-3.986890574637185,70.0,0.0,51.6,0.49999999999999994,0.8660254037844387
2026-02-02T03:00,121.1,12.8,100,5.388445916248355e-16,-2.2,80.0,0.0,45.2,0.7071067811865476,0.7071067811865476
2026-02-02T04:00,115.5,12.7,99,0.7071067811865477,-0.7071067811865474,60.0,0.0,41.9,0.8660254037844386,0.5000000000000001
2026-02-02T05:00,136.0,13.2,97,2.8783838397598336,-0.35342109587492826,60.0,0.0,41.0,0.9659258262890683,0.25881904510252074
2026-02-02T06:00,148.1,13.4,95,2.5,4.592425496802574e-16,80.0,0.0,42.3,1.0,6.123233995736766e-17
2026-02-02T07:00,168.1,13.2,95,3.020547200834229,0.6973482684659823,80.0,0.0,43.9,0.9659258262890683,-0.25881904510252063
2026-02-02T08:00,162.5,13.5,97,4.097502390778292,-0.14308793648025525,95.0,0.0,43.5,0.8660254037844387,-0.4999999999999998
2026-02-02T09:00,158.3,14.2,96,5.938045474676907,-2.6437881799926983,115.0,0.0,39.9,0.7071067811865476,-0.7071067811865475
2026-02-02T10:00,142.0,15.4,93,7.151875502157309,-3.8027196585657124,175.0,0.0,34.4,0.49999999999999994,-0.8660254037844387
2026-02-02T11:00,117.3,16.3,89,7.729628798172836,-3.7699918623860653,315.0,0.0,28.7,0.258819045102521,-0.9659258262890682
2026-02-02T12:00,92.7,17.8,82,7.3780184365609065,-4.61029759882888,570.0,0.0,21.7,1.2246467991473532e-16,-1.0
2026-02-02T13:00,82.7,18.8,74,6.148529157249601,-4.467167917422794,725.0,0.0,14.6,-0.2588190451025208,-0.9659258262890683
2026-02-02T14:00,80.1,19.5,69,5.786826918823428,-3.758009341603684,730.0,0.0,12.0,-0.4999999999999997,-0.8660254037844388
2026-02-02T15:00,80.1,19.7,68,5.702441754805555,-2.9055391983330985,740.0,0.0,17.2,-0.7071067811865471,-0.7071067811865479
2026-02-02T16:00,82.0,19.4,69,5.9697437120620656,-3.0417363482549624,725.0,0.0,27.0,-0.8660254037844385,-0.5000000000000004
2026-02-02T17:00,129.9,17.5,76,5.766727053863697,-3.6034509967857917,475.0,0.0,40.6,-0.9659258262890683,-0.25881904510252063
2026-02-02T18:00,140.6,16.0,83,5.200352165796243,-1.7906248495143597,185.0,0.0,44.7,-1.0,-1.8369701987210297e-16
2026-02-02T19:00,145.8,15.5,86,5.601482558983211,-2.150207697271802,155.0,0.0,50.3,-0.9659258262890684,0.2588190451025203
2026-02-02T20:00,148.1,14.7,88,5.450217200558268,-1.98371683128888,125.0,0.0,53.8,-0.8660254037844386,0.5000000000000001
2026-02-02T21:00,149.5,14.1,90,5.544186462636859,-2.017918845621447,110.0,0.0,53.6,-0.7071067811865477,0.7071067811865474
2026-02-02T22:00,153.2,13.4,92,5.200352165796243,-1.7906248495143597,90.0,0.0,51.3,-0.5000000000000004,0.8660254037844384
2026-02-02T23:00,153.7,13.0,95,4.727592877996585,-1.6278407722857815,70.0,0.0,48.2,-0.25881904510252157,0.9659258262890681
2026-02-03T00:00,149.5,12.9,95,4.694574752607446,-1.9927287552952946,75.0,0.0,44.5,0.0,1.0
2026-02-03T01:00,145.8,12.3,95,4.544133273360677,-2.315351548671688,70.0,0.0,39.9,0.25881904510252074,0.9659258262890683
2026-02-03T02:00,140.2,11.9,95,3.3807403920117394,-0.905866657858821,50.0,0.0,35.6,0.49999999999999994,0.8660254037844387
2026-02-03T03:00,134.6,11.5,96,4.515485043859253,-0.8777213787321074,50.0,0.0,31.1,0.7071067811865476,0.7071067811865476
2026-02-03T04:00,129.5,10.4,97,4.87715425541148,-1.4910956940859572,50.0,0.0,26.7,0.8660254037844386,0.5000000000000001
2026-02-03T05:00,157.4,10.7,100,5.370418234988676,-0.5644537016453262,45.0,0.0,30.6,0.9659258262890683,0.25881904510252074
2026-02-03T06:00,147.1,10.4,99,6.282413974065049,-1.2211775704098888,70.0,0.0,29.9,1.0,6.123233995736766e-17
2026-02-03T07:00,143.0,10.5,98,6.311611389356034,-1.9296532511700621,75.0,0.0,29.0,0.9659258262890683,-0.25881904510252063
2026-02-03T08:00,135.5,11.3,98,4.548022477124857,-2.5210100252809537,85.0,0.0,27.9,0.8660254037844387,-0.4999999999999998
2026-02-03T09:00,128.1,12.1,98,2.8678964048465345,-2.4930243101639267,45.0,0.0,26.9,0.7071067811865476,-0.7071067811865475
2026-02-03T10:00,128.1,14.6,89,2.192031021678298,-2.192031021678297,200.0,0.0,25.8,0.49999999999999994,-0.8660254037844387
2026-02-03T11:00,115.3,16.3,82,2.8670321550114712,-2.007517527228661,365.0,0.0,23.9,0.258819045102521,-0.9659258262890682
2026-02-03T12:00,99.0,17.9,74,3.6062834421653243,-2.3419478505646145,605.0,0.0,19.6,1.2246467991473532e-16,-1.0
2026-02-03T13:00,85.4,18.8,65,3.747131395609605,-4.161611022673408,745.0,0.0,14.5,-0.2588190451025208,-0.9659258262890683
2026-02-03T14:00,78.5,19.4,61,2.1727182418122917,-5.377666356487366,850.0,0.0,13.0,-0.4999999999999997,-0.8660254037844388
2026-02-03T15:00,74.7,19.6,58,1.2371589869371955,-3.592970587277404,945.0,0.0,16.8,-0.7071067811865471,-0.7071067811865479
2026-02-03T16:00,73.8,19.4,57,1.0549740469210396,-2.4853631043215887,915.0,0.0,24.3,-0.8660254037844385,-0.5000000000000004
2026-02-03T17:00,112.2,18.6,65,1.6564291101348998,-0.3824167923845704,35.0,0.0,45.1,-0.9659258262890683,-0.25881904510252063
2026-02-03T18:00,145.3,17.1,66,2.0098000068137227,-0.8948206147667596,35.0,0.0,60.8,-1.0,-1.8369701987210297e-16
2026-02-03T19:00,171.8,16.2,69,0.8959198738632519,-2.333951066243004,40.0,0.0,82.2,-0.9659258262890684,0.2588190451025203
2026-02-03T20:00,189.5,15.6,74,-1.1109406435904308,-2.8940993221413254,50.0,0.0,96.5,-0.8660254037844386,0.5000000000000001
2026-02-03T21:00,203.0,15.1,77,-2.1649947956686737,-2.4905416147351476,55.0,0.0,97.7,-0.7071067811865477,0.7071067811865474
2026-02-03T22:00,216.1,14.5,79,-2.3334523779156067,-2.3334523779156067,55.0,0.0,91.8,-0.5000000000000004,0.8660254037844384
2026-02-03T23:00,204.4,14.1,82,-1.0624665165944192,-1.5751713878545792,30.0,0.0,84.1,-0.25881904510252157,0.9659258262890681
2026-02-04T00:00,182.1,13.5,83,0.8999026535611554,-1.0724622203665688,20.0,0.0,75.8,0.0,1.0
2026-02-04T01:00,168.1,12.5,88,2.293625724009177,-1.6060140217829288,30.0,0.0,65.7,0.25881904510252074,0.9659258262890683
2026-02-04T02:00,157.4,11.7,91,2.192031021678298,-2.192031021678297,30.0,0.0,55.7,0.49999999999999994,0.8660254037844387
2026-02-04T03:00,151.3,11.4,92,2.192031021678298,-2.192031021678297,30.0,0.0,45.0,0.7071067811865476,0.7071067811865476
2026-02-04T04:00,145.8,11.1,92,1.939691332565162,-2.6697560814373262,35.0,0.0,34.4,0.8660254037844386,0.5000000000000001
2026-02-04T05:00,156.0,11.1,93,2.028567656355356,-4.35027737777592,55.0,0.0,26.2,0.9659258262890683,0.25881904510252074
2026-02-04T06:00,153.7,10.8,93,1.7785047452934768,-4.886401628086724,55.0,0.0,29.5,1.0,6.123233995736766e-17
2026-02-04T07:00,163.4,10.7,93,1.3976228435536118,-5.215999461960969,65.0,0.0,33.8,0.9659258262890683,-0.25881904510252063
2026-02-04T08:00,168.1,12.7,88,1.2201888273138024,-7.703969056642074,110.0,0.0,35.4,0.8660254037844387,-0.4999999999999998
2026-02-04T09:00,152.7,14.8,84,2.0187277199793305,-3.796674649293386,195.0,0.0,31.8,0.7071067811865476,-0.7071067811865475
2026-02-04T10:00,136.0,17.0,76,3.4373623976101007,-3.2053922922937437,400.0,0.0,25.5,0.49999999999999994,-0.8660254037844387
2026-02-04T11:00,123.4,18.2,66,5.570233901165144,-3.900319767187113,640.0,0.0,19.8,0.258819045102521,-0.9659258262890682
2026-02-04T12:00,100.6,19.2,60,6.468947631383074,-4.874701687531588,775.0,0.0,15.1,1.2246467991473532e-16,-1.0
2026-02-04T13:00,81.3,19.9,56,6.9481289374114485,-5.235790701422816,895.0,0.0,11.0,-0.2588190451025208,-0.9659258262890683
2026-02-04T14:00,69.8,20.2,54,7.396153886183169,-6.429378484106969,1015.0,0.0,9.5,-0.4999999999999997,-0.8660254037844388
2026-02-04T15:00,61.9,20.1,54,6.8076520304981765,-7.049530043318779,1005.0,0.0,12.1,-0.7071067811865471,-0.7071067811865479
2026-02-04T16:00,58.1,19.5,56,6.289827699773267,-6.985561359487506,900.0,0.0,17.3,-0.8660254037844385,-0.5000000000000004
2026-02-04T17:00,82.7,18.5,62,5.914454374844575,-3.553762716879374,445.0,0.0,25.9,-0.9659258262890683,-0.25881904510252063
2026-02-04T18:00,89.4,16.6,71,6.304850211054155,-2.5473248352282014,195.0,0.0,30.8,-1.0,-1.8369701987210297e-16
2026-02-04T19:00,90.1,15.8,76,6.35148348882184,-2.696044786575987,165.0,0.0,37.4,-0.9659258262890684,0.2588190451025203
2026-02-04T20:00,89.9,15.1,79,7.754854749236545,-1.5073910634747065,140.0,0.0,41.3,-0.8660254037844386,0.5000000000000001
2026-02-04T21:00,89.6,14.4,81,8.147505622615611,-1.5837146616253246,155.0,0.0,40.5,-0.7071067811865477,0.7071067811865474
2026-02-04T22:00,89.4,13.7,83,7.3750448896746725,-2.539431604765819,150.0,0.0,36.9,-0.5000000000000004,0.8660254037844384
2026-02-04T23:00,87.8,13.4,85,6.8611605237942275,-2.7720887912777488,130.0,0.0,32.7,-0.25881904510252157,0.9659258262890681
2026-02-05T00:00,84.3,13.2,86,7.942356035034263,-2.734772497440113,150.0,0.0,27.7,0.0,1.0
2026-02-05T01:00,82.0,12.7,87,8.113776940828176,-2.1740799788611707,140.0,0.0,22.0,0.25881904510252074,0.9659258262890683
2026-02-05T02:00,80.3,12.3,88,8.306962106085988,-2.2258437878816744,140.0,0.0,17.5,0.49999999999999994,0.8660254037844387
2026-02-05T03:00,78.5,11.9,88,8.500147271343803,-2.277607596902179,140.0,0.0,14.6,0.7071067811865476,0.7071067811865476
2026-02-05T04:00,76.6,11.5,89,8.651355263444868,-2.4807362023529946,145.0,0.0,13.0,0.8660254037844386,0.5000000000000001
2026-02-05T05:00,77.8,11.0,88,9.360633898433239,-3.2231247291258476,185.0,0.0,13.9,0.9659258262890683,0.25881904510252074
2026-02-05T06:00,77.1,10.7,88,8.495581881124535,-3.2611483408622335,180.0,0.0,18.6,1.0,6.123233995736766e-17
2026-02-05T07:00,81.7,10.6,87,8.122149710525655,-3.117801161044113,165.0,0.0,24.8,0.9659258262890683,-0.25881904510252063
2026-02-05T08:00,86.8,11.8,85,9.06164160250269,-2.092044805397944,180.0,0.0,27.9,0.8660254037844387,-0.4999999999999998
2026-02-05T09:00,87.3,13.8,79,7.047077676653386,-0.8652723381765485,235.0,0.0,25.0,0.7071067811865476,-0.7071067811865475
2026-02-05T10:00,82.4,16.0,72,6.98294835181877,-0.48829531620887656,325.0,0.0,19.1,0.49999999999999994,-0.8660254037844387
2026-02-05T11:00,73.8,18.5,63,8.516305391177506,-1.196888668256563,560.0,0.0,14.0,0.258819045102521,-0.9659258262890682
2026-02-05T12:00,58.4,20.0,54,9.360633898433239,-3.2231247291258476,745.0,0.0,10.6,1.2246467991473532e-16,-1.0
2026-02-05T13:00,45.3,20.9,48,9.735430472951268,-3.9333692308670756,900.0,0.0,8.1,-0.2588190451025208,-0.9659258262890683
2026-02-05T14:00,37.7,21.3,44,10.246575028166232,-5.220890747004787,1030.0,0.0,7.8,-0.4999999999999997,-0.8660254037844388
2026-02-05T15:00,32.8,21.0,45,10.09177234426147,-6.306039244375136,1035.0,0.0,10.4,-0.7071067811865471,-0.7071067811865479
2026-02-05T16:00,32.4,20.4,48,9.171690117512602,-5.510907401537579,990.0,0.0,15.1,-0.8660254037844385,-0.5000000000000004
2026-02-05T17:00,42.0,19.1,55,6.798696465013739,-3.6149310334513562,585.0,0.0,22.8,-0.9659258262890683,-0.25881904510252063
2026-02-05T18:00,54.1,16.7,67,5.597566125692133,-3.1027815695765586,185.0,0.0,30.5,-1.0,-1.8369701987210297e-16
2026-02-05T19:00,63.6,15.8,72,5.597566125692133,-3.1027815695765586,140.0,0.0,40.8,-0.9659258262890684,0.2588190451025203
2026-02-05T20:00,69.8,15.3,72,5.9697437120620656,-3.0417363482549624,125.0,0.0,46.9,-0.8660254037844386,0.5000000000000001
2026-02-05T21:00,73.1,14.8,72,6.122337949975769,-3.393667341724361,125.0,0.0,45.1,-0.7071067811865477,0.7071067811865474
2026-02-05T22:00,75.9,14.1,73,5.975575286112627,-3.450000000000001,120.0,0.0,39.1,-0.5000000000000004,0.8660254037844384
2026-02-05T23:00,77.1,13.3,78,5.932040705574502,-2.8932495688079105,110.0,0.0,33.0,-0.25881904510252157,0.9659258262890681
2026-02-06T00:00,75.9,13.1,77,6.120754566205427,-2.7251355086078584,110.0,0.0,27.8,0.0,1.0
2026-02-06T01:00,75.7,12.5,79,5.991656052659468,-1.9468070645621676,100.0,0.0,22.6,0.25881904510252074,0.9659258262890683
2026-02-06T02:00,75.4,12.1,80,6.161630814881531,-2.3652284669989823,100.0,0.0,18.5,0.49999999999999994,0.8660254037844387
2026-02-06T03:00,75.0,11.8,81,6.628421028130132,-2.5444124417716325,105.0,0.0,15.7,0.7071067811865476,0.7071067811865476
2026-02-06T04:00,74.3,11.5,81,6.807733744315082,-2.3440907120915253,105.0,0.0,14.0,0.8660254037844386,0.5000000000000001
2026-02-06T05:00,71.9,11.1,83,7.956175162946187,-0.8362277061412239,115.0,0.0,13.8,0.9659258262890683,0.25881904510252074
2026-02-06T06:00,71.2,10.9,83,8.794639277768043,-0.3071155709820113,125.0,0.0,18.0,1.0,6.123233995736766e-17
2026-02-06T07:00,74.3,10.8,83,9.886432394070281,-0.5181259668051451,140.0,0.0,23.5,0.9659258262890683,-0.25881904510252063
2026-02-06T08:00,75.9,12.4,76,11.157380618627549,-0.9761443187737683,175.0,0.0,26.2,0.8660254037844387,-0.4999999999999998
2026-02-06T09:00,78.0,14.7,71,9.387117626692994,-0.49195798868367313,230.0,0.0,23.3,0.7071067811865476,-0.7071067811865475
2026-02-06T10:00,73.6,17.3,63,9.158712103013537,-1.614928052302449,355.0,0.0,17.5,0.49999999999999994,-0.8660254037844387
2026-02-06T11:00,64.0,20.2,55,10.620633706159065,-2.4519664923481277,685.0,0.0,12.6,0.258819045102521,-0.9659258262890682
2026-02-06T12:00,51.3,21.8,47,11.874512609536483,-5.040431557511628,920.0,0.0,9.4,1.2246467991473532e-16,-1.0
2026-02-06T13:00,42.8,22.5,44,12.594523782807297,-6.981258531547257,1050.0,0.0,7.1,-0.2588190451025208,-0.9659258262890683
2026-02-06T14:00,38.8,22.6,45,11.573653837646855,-7.516018683207368,1075.0,0.0,7.1,-0.4999999999999997,-0.8660254037844388
2026-02-06T15:00,38.0,22.3,48,10.436319227436824,-7.5824297545729005,1035.0,0.0,10.4,-0.7071067811865471,-0.7071067811865479
2026-02-06T16:00,39.6,21.7,52,9.837357915414541,-6.147063465105174,970.0,0.0,15.9,-0.8660254037844385,-0.5000000000000004
2026-02-06T17:00,37.3,20.5,56,7.929958065276476,-4.040515447681965,680.0,0.0,21.8,-0.9659258262890683,-0.25881904510252063
2026-02-06T18:00,46.2,18.6,65,6.978569960182204,-3.254160615403387,300.0,0.0,26.6,-1.0,-1.8369701987210297e-16
2026-02-06T19:00,53.4,17.7,71,6.357222668584275,-3.380195252058411,200.0,0.0,33.0,-0.9659258262890684,0.2588190451025203
2026-02-06T20:00,57.0,17.1,71,6.8515909323195086,-3.050524823068498,170.0,0.0,36.5,-0.8660254037844386,0.5000000000000001
2026-02-06T21:00,58.0,16.6,71,6.472185832831528,-3.5875911898228963,150.0,0.0,34.4,-0.7071067811865477,0.7071067811865474
2026-02-06T22:00,58.0,16.1,71,5.9840239032186755,-4.8457670110837485,145.0,0.0,29.4,-0.5000000000000004,0.8660254037844384
2026-02-06T23:00,56.5,15.8,73,5.584850893648515,-4.854836814529753,150.0,0.0,24.6,-0.25881904510252157,0.9659258262890681
2026-02-07T00:00,53.2,15.1,74,5.936336673094982,-3.7094348496324328,130.0,0.0,20.8,0.0,1.0
2026-02-07T01:00,51.5,14.5,77,6.500981366049177,-1.6208767005177718,115.0,0.0,17.2,0.25881904510252074,0.9659258262890683
2026-02-07T02:00,51.1,13.9,79,6.848568446325122,-0.840898469495519,110.0,0.0,14.6,0.49999999999999994,0.8660254037844387
2026-02-07T03:00,51.1,13.3,82,8.069177054543138,0.7059615162560318,110.0,0.0,13.1,0.7071067811865476,0.7071067811865476
2026-02-07T04:00,51.6,12.7,84,8.95069705831446,0.9407561694088802,115.0,0.0,12.6,0.8660254037844386,0.5000000000000001
2026-02-07T05:00,53.7,12.6,86,9.394273773979501,-0.32805526900351206,135.0,0.0,11.5,0.9659258262890683,0.25881904510252074
2026-02-07T06:00,55.5,12.5,86,8.987963899415753,-1.423553631866099,150.0,0.0,16.4,1.0,6.123233995736766e-17
2026-02-07T07:00,60.8,12.5,86,9.364230162062409,-0.8192639818279842,150.0,0.0,22.8,0.9659258262890683,-0.25881904510252063
2026-02-07T08:00,64.7,13.8,83,10.485610114923025,0.5495275405509152,190.0,0.0,26.1,0.8660254037844387,-0.4999999999999998
2026-02-07T09:00,67.8,16.1,75,8.498705408829325,-0.1483454547169066,290.0,0.0,23.2,0.7071067811865476,-0.7071067811865475
2026-02-07T10:00,64.3,18.5,67,8.441993777649909,-1.6409573602382879,460.0,0.0,17.0,0.49999999999999994,-0.8660254037844387
2026-02-07T11:00,56.1,20.8,59,10.036011667287923,-2.3169958597418088,740.0,0.0,11.9,0.258819045102521,-0.9659258262890682
2026-02-07T12:00,49.1,22.3,53,10.246252127810505,-4.997431073395482,985.0,0.0,8.9,1.2246467991473532e-16,-1.0
2026-02-07T13:00,44.0,23.3,47,11.583084814448783,-5.901876496614106,1115.0,0.0,6.9,-0.2588190451025208,-0.9659258262890683
2026-02-07T14:00,43.1,23.6,46,13.212272480597754,-6.444055857799437,1190.0,0.0,6.8,-0.4999999999999997,-0.8660254037844388
2026-02-07T15:00,43.4,23.5,45,13.454198515244357,-6.855256546067154,1175.0,0.0,9.6,-0.7071067811865471,-0.7071067811865479
2026-02-07T16:00,44.8,22.8,48,12.008087262881409,-6.38481325388811,1020.0,0.0,14.3,-0.8660254037844385,-0.5000000000000004
2026-02-07T17:00,47.6,21.6,53,8.793322753073648,-3.027783836451554,840.0,0.0,20.1,-0.9659258262890683,-0.25881904510252063
2026-02-07T18:00,55.3,19.7,63,7.433921765576922,-1.5801288502149715,420.0,0.0,24.1,-1.0,-1.8369701987210297e-16
2026-02-07T19:00,63.3,18.8,67,7.531736525650303,-1.6009200192967477,300.0,0.0,29.5,-0.9659258262890684,0.2588190451025203
2026-02-07T20:00,67.8,18.4,64,8.437373076557765,-3.4089200000847986,280.0,0.0,32.6,-0.8660254037844386,0.5000000000000001
2026-02-07T21:00,70.1,17.6,66,6.294882287801463,-5.097495167503683,205.0,0.0,31.6,-0.7071067811865477,0.7071067811865474
2026-02-07T22:00,71.2,16.8,72,3.9657931768074195,-6.600188215406264,205.0,0.0,28.4,-0.5000000000000004,0.8660254037844384
2026-02-07T23:00,68.9,16.0,79,3.758009341603686,-5.786826918823426,205.0,0.0,25.1,-0.25881904510252157,0.9659258262890681
2026-02-08T00:00,63.8,15.5,79,4.0923421574339285,-5.430721468321591,195.0,0.0,21.9,0.0,1.0
2026-02-08T01:00,59.8,14.8,77,4.680663690362691,-4.364789504399991,175.0,0.0,18.7,0.25881904510252074,0.9659258262890683
2026-02-08T02:00,57.0,14.1,76,5.015905365124675,-3.6442685642133323,150.0,0.0,16.4,0.49999999999999994,0.8660254037844387
2026-02-08T03:00,55.5,13.5,77,5.400153994423308,-3.244739871933341,140.0,0.0,15.4,0.7071067811865476,0.7071067811865476
2026-02-08T04:00,55.2,12.7,79,6.139662026197737,-0.8628732259524059,110.0,0.0,15.5,0.8660254037844386,0.5000000000000001
2026-02-08T05:00,48.8,11.9,82,6.302769619278132,-1.111348337068352,105.0,0.0,15.2,0.9659258262890683,0.25881904510252074
2026-02-08T06:00,49.1,11.6,82,7.210124886344506,-1.141971594793684,110.0,0.0,20.6,1.0,6.123233995736766e-17
2026-02-08T07:00,55.6,11.4,81,7.922144549932563,-1.1133848076805237,115.0,0.0,27.8,0.9659258262890683,-0.25881904510252063
2026-02-08T08:00,62.4,13.0,76,9.49421285668141,-0.3315452186737622,150.0,0.0,31.2,0.8660254037844387,-0.4999999999999998
2026-02-08T09:00,61.2,15.4,66,6.98294835181877,-0.48829531620887656,240.0,0.0,27.1,0.7071067811865476,-0.7071067811865475
2026-02-08T10:00,54.1,17.9,56,7.18909659698912,-1.2676316969685888,415.0,0.0,19.1,0.49999999999999994,-0.8660254037844387
2026-02-08T11:00,43.5,20.6,46,8.983110184488337,-2.407017119453439,765.0,0.0,12.6,0.258819045102521,-0.9659258262890682
2026-02-08T12:00,34.0,21.9,40,9.866290942540092,-4.392755745218638,925.0,0.0,9.1,1.2246467991473532e-16,-1.0
2026-02-08T13:00,28.5,22.6,35,10.861957270738799,-4.610627316173428,1025.0,0.0,7.1,-0.2588190451025208,-0.9659258262890683
2026-02-08T14:00,25.6,22.8,36,10.06649331855067,-4.909756844037666,1055.0,0.0,7.5,-0.4999999999999997,-0.8660254037844388
2026-02-08T15:00,25.6,22.5,38,8.989309819258116,-5.617144200871969,1035.0,0.0,10.6,-0.7071067811865471,-0.7071067811865479
2026-02-08T16:00,27.1,21.9,40,8.31452281681049,-4.995869326627525,975.0,0.0,16.2,-0.8660254037844385,-0.5000000000000004
2026-02-08T17:00,43.5,20.5,45,6.71318188675515,-2.31153389664581,755.0,0.0,23.0,-0.9659258262890683,-0.25881904510252063
2026-02-08T18:00,56.1,18.1,55,5.21599946196097,-1.3976228435536098,160.0,0.0,30.8,-1.0,-1.8369701987210297e-16
2026-02-08T19:00,64.0,17.1,60,5.3989495089621515,-1.0494494745709981,115.0,0.0,41.5,-0.9659258262890684,0.2588190451025203
2026-02-08T20:00,69.2,16.2,63,5.355306633392998,-1.6372815464473256,95.0,0.0,48.9,-0.8660254037844386,0.5000000000000001
2026-02-08T21:00,73.8,15.7,65,5.259676157796695,-1.608044375975052,70.0,0.0,50.1,-0.7071067811865477,0.7071067811865474
2026-02-08T22:00,78.9,15.3,65,4.374859974957706,-1.421478174124757,50.0,0.0,48.1,-0.5000000000000004,0.8660254037844384
2026-02-08T23:00,83.4,14.7,70,4.543366366737634,-0.719598539185061,40.0,0.0,45.8,-0.25881904510252157,0.9659258262890681
2026-02-09T00:00,85.7,14.1,70,4.097502390778292,-0.14308793648025525,35.0,0.0,43.6,0.0,1.0
2026-02-09T01:00,89.6,13.3,73,4.3,7.898971854500428e-16,35.0,0.0,41.2,0.25881904510252074,0.9659258262890683
2026-02-09T02:00,95.5,12.5,76,3.8,6.980486755139912e-16,30.0,0.0,40.3,0.49999999999999994,0.8660254037844387
2026-02-09T03:00,102.2,11.8,78,3.268289766190284,-0.9371670097777979,30.0,0.0,42.0,0.7071067811865476,0.7071067811865476
2026-02-09T04:00,108.7,10.9,81,3.785539852748633,-0.33119182244109996,30.0,0.0,45.1,0.8660254037844386,0.5000000000000001
2026-02-09T05:00,108.3,10.5,86,3.994917265619464,0.9222993228098475,30.0,0.0,40.0,0.9659258262890683,0.25881904510252074
2026-02-09T06:00,117.3,11.0,85,3.590094187221187,0.8951110137187709,30.0,0.0,49.6,1.0,6.123233995736766e-17
2026-02-09T07:00,137.8,11.2,85,3.748920614159444,1.0749856876862955,35.0,0.0,62.2,0.9659258262890683,-0.25881904510252063
2026-02-09T08:00,157.9,13.0,77,4.366330768241984,1.088648530198505,40.0,0.0,67.3,0.8660254037844387,-0.4999999999999998
2026-02-09T09:00,126.7,15.9,68,-2.4492935982947065e-17,0.2,75.0,0.0,57.8,0.7071067811865476,-0.7071067811865475
2026-02-09T10:00,96.2,19.2,52,-1.661777443564852,0.9211382784680403,250.0,0.0,40.7,0.49999999999999994,-0.8660254037844387
2026-02-09T11:00,82.2,21.7,41,-3.593859795212817,2.7081676041842178,665.0,0.0,27.4,0.258819045102521,-0.9659258262890682
2026-02-09T12:00,69.2,23.2,36,-3.8080152111391583,3.0836699161442027,930.0,0.0,21.8,1.2246467991473532e-16,-1.0
2026-02-09T13:00,59.8,23.7,35,-4.150902691225246,3.6083246594477894,1090.0,0.0,19.9,-0.2588190451025208,-0.9659258262890683
2026-02-09T14:00,51.8,24.0,36,-5.199757521261629,3.376762017093168,1165.0,0.0,20.5,-0.4999999999999997,-0.8660254037844388
2026-02-09T15:00,46.9,23.9,38,-5.743020914704153,3.450755101897364,1185.0,0.0,21.2,-0.7071067811865471,-0.7071067811865479
2026-02-09T16:00,45.6,23.2,41,-6.8220337156872874,3.7815150379214284,755.0,0.0,24.4,-0.8660254037844385,-0.5000000000000004
2026-02-09T17:00,88.2,22.0,42,-6.45031148009286,5.22335924571365,345.0,0.0,51.8,-0.9659258262890683,-0.25881904510252063
2026-02-09T18:00,121.1,20.2,48,-4.092342157433928,5.430721468321591,195.0,0.0,73.0,-1.0,-1.8369701987210297e-16
2026-02-09T19:00,149.5,18.3,57,-3.467247315869577,2.7089104914328965,85.0,0.0,101.8,-0.9659258262890684,0.2588190451025203
2026-02-09T20:00,163.0,17.2,63,-4.871850323926176,1.1247552717193252,75.0,0.0,120.4,-0.8660254037844386,0.5000000000000001
2026-02-09T21:00,161.6,16.2,66,-4.109485782932578,2.668731271573633,70.0,0.0,119.9,-0.7071067811865477,0.7071067811865474
2026-02-09T22:00,155.1,15.5,68,-3.6062445840513924,3.606244584051392,65.0,0.0,109.1,-0.5000000000000004,0.8660254037844384
2026-02-09T23:00,149.0,14.9,75,-4.301844607269802,3.739536465245891,65.0,0.0,96.6,-0.25881904510252157,0.9659258262890681
2026-02-10T00:00,141.6,14.1,79,-4.457269963650984,2.6781979895322823,65.0,0.0,83.8,0.0,1.0
2026-02-10T01:00,138.8,13.6,80,-4.998560818879258,1.433314250248395,60.0,0.0,69.4,0.25881904510252074,0.9659258262890683
2026-02-10T02:00,139.2,13.0,80,-4.374859974957706,1.4214781741247577,55.0,0.0,57.7,0.49999999999999994,0.8660254037844387
2026-02-10T03:00,142.0,12.6,80,-4.466457682385949,-0.5484120453231637,55.0,0.0,50.2,0.7071067811865476,0.7071067811865476
2026-02-10T04:00,144.4,12.4,80,-5.6,-3.429011037612589e-16,60.0,0.0,45.5,0.8660254037844386,0.5000000000000001
2026-02-10T05:00,150.4,11.8,86,-3.0399551126605435,4.341505834731657,60.0,0.0,50.6,0.9659258262890683,0.25881904510252074
2026-02-10T06:00,144.8,11.7,86,-2.4999999999999996,4.330127018922194,65.0,0.0,53.1,1.0,6.123233995736766e-17
2026-02-10T07:00,148.5,11.6,86,-2.1918557339453866,4.493970231495835,60.0,0.0,56.1,0.9659258262890683,-0.25881904510252063
2026-02-10T08:00,143.9,13.8,76,-4.8329970613050515,3.3841009744711728,80.0,0.0,55.3,0.8660254037844387,-0.4999999999999998
2026-02-10T09:00,129.0,17.0,63,-3.600102662948872,2.163159914622228,150.0,0.0,47.0,0.7071067811865476,-0.7071067811865475
2026-02-10T10:00,111.3,20.2,52,-3.7900386099347103,3.412566092430177,310.0,0.0,34.9,0.49999999999999994,-0.8660254037844387
2026-02-10T11:00,85.0,22.7,43,-1.9859657421886552,5.767663311155832,545.0,0.0,25.3,0.258819045102521,-0.9659258262890682
2026-02-10T12:00,66.1,25.0,35,-0.20241708087450663,5.796466796710755,875.0,0.0,20.3,1.2246467991473532e-16,-1.0
2026-02-10T13:00,56.2,26.2,30,0.1814773828530047,5.196832300499298,1235.0,0.0,17.8,-0.2588190451025208,-0.9659258262890683
2026-02-10T14:00,49.6,26.9,27,1.1129218939408394,4.153481053042993,1840.0,0.0,18.0,-0.4999999999999997,-0.8660254037844388
2026-02-10T15:00,45.5,27.2,26,1.4553618446362617,2.737137537862673,2200.0,0.0,19.6,-0.7071067811865471,-0.7071067811865479
2026-02-10T16:00,45.6,26.9,25,0.7500000000000002,1.299038105676658,2240.0,0.0,23.9,-0.8660254037844385,-0.5000000000000004
2026-02-10T17:00,79.4,25.1,34,-5.897894718880741,-4.129750341727532,690.0,0.0,31.8,-0.9659258262890683,-0.25881904510252063
2026-02-10T18:00,109.7,22.9,47,-6.333405421104029,-1.462181853235122,410.0,0.0,50.5,-1.0,-1.8369701987210297e-16
2026-02-10T19:00,129.9,21.3,54,-3.7489206141594438,-1.0749856876862967,225.0,0.0,75.9,-0.9659258262890684,0.2588190451025203
2026-02-10T20:00,134.1,20.2,60,-3.8,-2.326828918379971e-16,160.0,0.0,91.1,-0.8660254037844386,0.5000000000000001
2026-02-10T21:00,130.9,19.3,65,-4.497258721585931,0.1570477351612543,135.0,0.0,86.8,-0.7071067811865477,0.7071067811865474
2026-02-10T22:00,128.1,18.6,68,-5.596588631306936,0.19543718153400533,115.0,0.0,72.3,-0.5000000000000004,0.8660254037844384
2026-02-10T23:00,127.6,17.5,76,-4.326372811226469,1.836436303899587,80.0,0.0,59.5,-0.25881904510252157,0.9659258262890681
2026-02-11T00:00,126.2,16.6,79,-3.399054047475671,2.2926909042300614,55.0,0.0,52.5,0.0,1.0
2026-02-11T01:00,128.1,16.2,80,-2.165063509461097,1.2499999999999996,40.0,0.0,47.2,0.25881904510252074,0.9659258262890683
2026-02-11T02:00,131.8,16.3,79,-0.7499999999999999,-1.299038105676658,35.0,0.0,42.5,0.49999999999999994,0.8660254037844387
2026-02-11T03:00,136.0,16.0,80,0.7423384793347556,-3.215421213791276,40.0,0.0,37.6,0.7071067811865476,0.7071067811865476
2026-02-11T04:00,132.2,15.3,82,2.499280409439629,-0.7166571251241984,35.0,0.0,33.3,0.8660254037844386,0.5000000000000001
2026-02-11T05:00,112.2,14.7,84,4.886401628086724,1.7785047452934766,70.0,0.0,24.1,0.9659258262890683,0.25881904510252074
2026-02-11T06:00,111.5,14.6,84,4.326372811226469,1.836436303899587,55.0,0.0,30.5,1.0,6.123233995736766e-17
2026-02-11T07:00,120.6,15.2,81,4.685893304218873,1.4326213531414118,55.0,0.0,39.0,0.9659258262890683,-0.25881904510252063
2026-02-11T08:00,123.4,17.2,71,5.450217200558269,1.9837168312888775,70.0,0.0,42.6,0.8660254037844387,-0.4999999999999998
2026-02-11T09:00,110.1,20.2,58,3.8334504482270066,-2.88871211112983,165.0,0.0,36.8,0.7071067811865476,-0.7071067811865475
2026-02-11T10:00,91.3,23.0,46,6.058844364480902,-3.087135398228917,415.0,0.0,26.0,0.49999999999999994,-0.8660254037844387
2026-02-11T11:00,71.0,25.1,37,8.089146416692504,-3.9453403211016966,890.0,0.0,17.0,0.258819045102521,-0.9659258262890682
2026-02-11T12:00,53.2,26.4,32,6.836932394392029,-6.156001578501491,1160.0,0.0,11.8,1.2246467991473532e-16,-1.0
2026-02-11T13:00,45.9,27.0,32,6.356135949603362,-7.849174210715402,1450.0,0.0,8.3,-0.2588190451025208,-0.9659258262890683
2026-02-11T14:00,41.6,27.1,31,7.134942467520589,-8.503093318620653,1805.0,0.0,6.9,-0.4999999999999997,-0.8660254037844388
2026-02-11T15:00,38.9,26.8,32,7.300116536178119,-9.014893152900859,1695.0,0.0,8.2,-0.7071067811865471,-0.7071067811865479
2026-02-11T16:00,37.6,25.9,36,6.653486661672139,-9.502163713752301,1305.0,0.0,11.6,-0.8660254037844385,-0.5000000000000004
2026-02-11T17:00,39.8,24.7,39,5.827637674660788,-8.973775077016036,995.0,0.0,15.1,-0.9659258262890683,-0.25881904510252063
2026-02-11T18:00,41.1,23.2,46,4.645969134443477,-6.635131558740832,730.0,0.0,19.1,-1.0,-1.8369701987210297e-16
2026-02-11T19:00,42.1,22.2,52,3.9657931768074195,-6.600188215406264,575.0,0.0,24.5,-0.9659258262890684,0.2588190451025203
2026-02-11T20:00,42.7,21.1,56,3.6149310334513594,-6.798696465013738,430.0,0.0,28.2,-0.8660254037844386,0.5000000000000001
2026-02-11T21:00,43.9,20.3,56,3.221616703376846,-7.97378114927437,355.0,0.0,28.7,-0.7071067811865477,0.7071067811865474
2026-02-11T22:00,46.9,19.3,57,3.2945668089139812,-7.399718206905067,310.0,0.0,27.5,-0.5000000000000004,0.8660254037844384
2026-02-11T23:00,48.3,18.5,60,3.5922552247959434,-7.703616189811525,290.0,0.0,25.6,-0.25881904510252157,0.9659258262890681
2026-02-12T00:00,47.4,17.7,61,4.361704647071823,-6.466493065929326,265.0,0.0,23.0,0.0,1.0
2026-02-12T01:00,47.4,17.0,62,4.683914244512007,-5.20201377834176,225.0,0.0,19.7,0.25881904510252074,0.9659258262890683
2026-02-12T02:00,47.6,16.2,63,4.896019557178916,-3.964718463613976,180.0,0.0,17.1,0.49999999999999994,0.8660254037844387
2026-02-12T03:00,47.6,15.4,65,5.173093386554199,-3.2325075118225484,160.0,0.0,15.2,0.7071067811865476,0.7071067811865476
2026-02-12T04:00,48.4,14.5,68,5.601482558983211,-2.150207697271802,130.0,0.0,14.1,0.8660254037844386,0.5000000000000001
2026-02-12T05:00,51.1,14.1,76,7.374247519697573,-1.8386064065574723,160.0,0.0,16.7,0.9659258262890683,0.25881904510252074
2026-02-12T06:00,51.6,13.4,80,6.436742446820207,-0.9046251562404255,140.0,0.0,21.7,1.0,6.123233995736766e-17
2026-02-12T07:00,57.5,13.0,82,6.873743416833045,-0.6013746249588394,115.0,0.0,28.2,0.9659258262890683,-0.25881904510252063
2026-02-12T08:00,64.7,14.5,74,7.9,1.4512064569896135e-15,165.0,0.0,31.1,0.8660254037844387,-0.4999999999999998
2026-02-12T09:00,62.9,17.0,63,7.598842483188573,0.13263828892335458,255.0,0.0,26.8,0.7071067811865476,-0.7071067811865475
2026-02-12T10:00,58.6,19.7,53,7.969557584733964,-0.6972459419812631,425.0,0.0,18.9,0.49999999999999994,-0.8660254037844387
2026-02-12T11:00,49.6,22.2,46,8.829691109111568,-2.2014892499569734,990.0,0.0,12.3,0.258819045102521,-0.9659258262890682
2026-02-12T12:00,32.0,24.0,35,11.412678195541844,-3.7082039324993668,1205.0,0.0,8.8,1.2246467991473532e-16,-1.0
2026-02-12T13:00,27.1,24.8,28,11.682516567541521,-4.720043077040491,1275.0,0.0,6.6,-0.2588190451025208,-0.9659258262890683
2026-02-12T14:00,25.7,25.1,27,11.497079796628164,-4.645121758357308,1275.0,0.0,6.1,-0.4999999999999997,-0.8660254037844388
2026-02-12T15:00,25.3,24.8,28,10.6428168620681,-4.085394624816424,1250.0,0.0,7.0,-0.7071067811865471,-0.7071067811865479
2026-02-12T16:00,25.1,24.2,30,8.808181653731838,-4.296037238532959,1205.0,0.0,9.6,-0.8660254037844385,-0.5000000000000004
2026-02-12T17:00,32.9,22.7,37,8.273435647318816,-5.7931220071455645,1065.0,0.0,15.3,-0.9659258262890683,-0.25881904510252063
2026-02-12T18:00,43.5,21.2,42,5.7440206600621275,-4.173275291276558,670.0,0.0,24.0,-1.0,-1.8369701987210297e-16
2026-02-12T19:00,53.0,20.3,47,5.032023407672545,-3.26783421009016,470.0,0.0,35.9,-0.9659258262890684,0.2588190451025203
2026-02-12T20:00,59.8,19.3,53,5.062776693988423,-2.149021206691004,275.0,0.0,44.7,-0.8660254037844386,0.5000000000000001
2026-02-12T21:00,64.5,18.2,57,4.330127018922193,-2.5000000000000004,170.0,0.0,47.8,-0.7071067811865477,0.7071067811865474
2026-02-12T22:00,69.4,17.8,56,4.350277377775919,-2.028567656355358,115.0,0.0,47.7,-0.5000000000000004,0.8660254037844384
2026-02-12T23:00,72.6,17.3,58,5.595274945651684,-1.087611273646307,115.0,0.0,46.0,-0.25881904510252157,0.9659258262890681
2026-02-13T00:00,71.5,16.7,59,5.728592375451799,-0.9073198972333378,105.0,0.0,42.3,0.0,1.0
2026-02-13T01:00,70.3,15.9,62,5.926130043570827,-0.938606790241384,105.0,0.0,37.0,0.25881904510252074,0.9659258262890683
2026-02-13T02:00,68.0,15.2,65,5.977168188550474,-0.5229344564859473,90.0,0.0,32.3,0.49999999999999994,0.8660254037844387
2026-02-13T03:00,65.9,14.7,67,5.918803930283579,-1.4757235631579713,95.0,0.0,28.6,0.7071067811865476,0.7071067811865476
2026-02-13T04:00,65.2,13.8,70,4.852313536833695,-0.6819481947043208,85.0,0.0,25.5,0.8660254037844386,0.5000000000000001
2026-02-13T05:00,56.8,13.2,79,5.2395969218903815,-1.3063782362382041,90.0,0.0,19.4,0.9659258262890683,0.25881904510252074
2026-02-13T06:00,58.9,12.8,79,4.852313536833695,-0.6819481947043208,90.0,0.0,25.3,1.0,6.123233995736766e-17
2026-02-13T07:00,65.4,12.7,78,5.977168188550474,0.5229344564859495,85.0,0.0,33.0,0.9659258262890683,-0.25881904510252063
2026-02-13T08:00,70.1,14.4,68,6.664888201394572,1.7858514112073924,115.0,0.0,36.5,0.8660254037844387,-0.4999999999999998
2026-02-13T09:00,67.1,17.2,55,6.5187430479279085,1.0324674692655247,190.0,0.0,31.7,0.7071067811865476,-0.7071067811865475
2026-02-13T10:00,58.4,20.0,44,7.741859982802312,0.950580878560148,405.0,0.0,22.6,0.49999999999999994,-0.8660254037844387
2026-02-13T11:00,48.4,22.5,37,9.698522643016995,0.16928834244164992,820.0,0.0,15.0,0.258819045102521,-0.9659258262890682
2026-02-13T12:00,38.6,24.0,32,8.60769888645749,-1.8296228791962832,970.0,0.0,10.6,1.2246467991473532e-16,-1.0
2026-02-13T13:00,31.4,24.9,30,7.5175409662872665,-2.736161146605352,1120.0,0.0,7.6,-0.2588190451025208,-0.9659258262890683
2026-02-13T14:00,28.6,25.4,29,6.41524697415625,-3.268731598124736,1220.0,0.0,6.8,-0.4999999999999997,-0.8660254037844388
2026-02-13T15:00,27.8,25.5,30,6.472185832831528,-3.5875911898228963,1270.0,0.0,7.6,-0.7071067811865471,-0.7071067811865479
2026-02-13T16:00,28.2,24.9,32,6.357222668584275,-3.380195252058411,1185.0,0.0,10.6,-0.8660254037844385,-0.5000000000000004
2026-02-13T17:00,34.8,23.6,33,6.771649583831596,-3.4503277980205542,965.0,0.0,20.9,-0.9659258262890683,-0.25881904510252063
2026-02-13T18:00,51.7,22.0,39,5.21599946196097,-1.3976228435536098,340.0,0.0,33.4,-1.0,-1.8369701987210297e-16
2026-02-13T19:00,63.3,20.6,48,4.2973805561821115,0.15006783582075325,135.0,0.0,50.6,-0.9659258262890684,0.2588190451025203
2026-02-13T20:00,71.5,19.3,55,2.89293574575349,0.20229377385796418,65.0,0.0,63.4,-0.8660254037844386,0.5000000000000001
2026-02-13T21:00,79.9,19.2,57,0.7,1.2858791391047207e-16,35.0,0.0,68.6,-0.7071067811865477,0.7071067811865474
2026-02-13T22:00,89.4,18.8,56,-0.7,-4.286263797015736e-17,40.0,0.0,69.4,-0.5000000000000004,0.8660254037844384
2026-02-13T23:00,94.3,18.6,62,-0.5,-3.061616997868383e-17,25.0,0.0,66.3,-0.25881904510252157,0.9659258262890681
2026-02-14T00:00,90.8,18.2,59,0.5447885996874563,-1.0692078290260414,60.0,0.0,57.2,0.0,1.0
2026-02-14T01:00,84.5,17.3,61,1.800051331474436,-1.0815799573111138,45.0,0.0,44.3,0.25881904510252074,0.9659258262890683
2026-02-14T02:00,80.1,15.7,68,3.1974091017491038,-1.4235782507652992,40.0,0.0,34.4,0.49999999999999994,0.8660254037844387
2026-02-14T03:00,80.1,14.3,74,4.476372742448746,-1.993009551071419,45.0,0.0,30.0,0.7071067811865476,0.7071067811865476
2026-02-14T04:00,83.4,13.4,77,4.303849443228745,-0.9148114395981416,40.0,0.0,28.6,0.8660254037844386,0.5000000000000001
2026-02-14T05:00,90.3,12.8,84,4.168693836893553,0.5118512423016182,35.0,0.0,31.2,0.9659258262890683,0.25881904510252074
2026-02-14T06:00,94.8,12.6,84,4.283637201794505,0.37476969381493047,45.0,0.0,37.0,1.0,6.123233995736766e-17
2026-02-14T07:00,106.6,12.5,81,5.7285923754517984,0.90731989723334,55.0,0.0,44.5,0.9659258262890683,-0.25881904510252063
2026-02-14T08:00,105.7,14.6,69,6.695040511304376,1.6692610796377079,85.0,0.0,46.7,0.8660254037844387,-0.4999999999999998
2026-02-14T09:00,92.2,17.9,54,5.767570175629914,1.6538241349019933,150.0,0.0,38.6,0.7071067811865476,-0.7071067811865475
2026-02-14T10:00,71.2,21.5,41,6.992135046386677,1.2329020614352053,315.0,0.0,25.1,0.49999999999999994,-0.8660254037844387
2026-02-14T11:00,57.7,24.0,33,8.25453173155667,0.8675862451215229,780.0,0.0,14.4,0.258819045102521,-0.9659258262890682
2026-02-14T12:00,47.7,25.6,29,8.516305391177506,-1.196888668256563,1135.0,0.0,9.4,1.2246467991473532e-16,-1.0
2026-02-14T13:00,36.9,26.4,28,8.98242646819351,-3.092897467342985,1375.0,0.0,7.1,-0.2588190451025208,-0.9659258262890683
2026-02-14T14:00,32.5,26.9,26,9.52721689077117,-4.646734155964221,1575.0,0.0,6.6,-0.4999999999999997,-0.8660254037844388
2026-02-14T15:00,30.5,26.5,29,10.157474375747396,-5.175491697030832,1525.0,0.0,7.3,-0.7071067811865471,-0.7071067811865479
2026-02-14T16:00,29.8,25.8,33,9.318163667954531,-4.148713759373157,1360.0,0.0,9.7,-0.8660254037844385,-0.5000000000000004
2026-02-14T17:00,34.5,24.7,33,9.00666419935816,-5.200000000000001,1075.0,0.0,14.4,-0.9659258262890683,-0.25881904510252063
2026-02-14T18:00,44.9,23.3,37,6.710401705727846,-3.567983877172767,660.0,0.0,23.2,-1.0,-1.8369701987210297e-16
2026-02-14T19:00,55.9,22.2,42,5.421022142882376,-1.7613968679371992,265.0,0.0,35.2,-0.9659258262890684,0.2588190451025203
2026-02-14T20:00,61.5,21.1,47,4.32637281122647,-1.8364363038995855,140.0,0.0,42.6,-0.8660254037844386,0.5000000000000001
2026-02-14T21:00,64.0,20.5,50,3.740566961760986,-3.612223526386786,130.0,0.0,41.3,-0.7071067811865477,0.7071067811865474
2026-02-14T22:00,66.8,20.1,52,3.263005819225988,-4.176456994115626,130.0,0.0,35.4,-0.5000000000000004,0.8660254037844384
2026-02-14T23:00,68.2,19.0,60,4.374859974957706,-1.421478174124757,90.0,0.0,29.9,-0.25881904510252157,0.9659258262890681
2026-02-15T00:00,67.5,17.7,65,4.6971368869897505,-0.16402763450175603,60.0,0.0,26.2,0.0,1.0
2026-02-15T01:00,68.0,16.6,70,4.168693836893553,-0.5118512423016203,50.0,0.0,22.8,0.25881904510252074,0.9659258262890683
2026-02-15T02:00,70.3,15.8,74,4.2973805561821115,-0.1500678358207555,50.0,0.0,20.8,0.49999999999999994,0.8660254037844387
2026-02-15T03:00,74.7,15.2,76,4.8880638462731385,0.34180672134621537,60.0,0.0,20.4,0.7071067811865476,0.7071067811865476
2026-02-15T04:00,78.9,14.5,78,5.1715138559150216,0.5435480089917974,65.0,0.0,21.3,0.8660254037844386,0.5000000000000001
2026-02-15T05:00,78.7,13.5,87,4.8880638462731385,0.34180672134621537,50.0,0.0,20.8,0.9659258262890683,0.25881904510252074
2026-02-15T06:00,78.2,13.6,85,4.82555798975982,-0.8508760705679569,55.0,0.0,26.9,1.0,6.123233995736766e-17
2026-02-15T07:00,82.7,13.9,83,5.087576656325104,-0.3557580160950386,50.0,0.0,34.9,0.9659258262890683,-0.25881904510252063
2026-02-15T08:00,85.7,16.4,71,5.9,1.0838124172454077e-15,90.0,0.0,38.2,0.8660254037844387,-0.4999999999999998
2026-02-15T09:00,82.4,19.9,57,5.2,9.552245033349355e-16,185.0,0.0,32.5,0.7071067811865476,-0.7071067811865475
2026-02-15T10:00,72.6,22.9,46,7.061105457114741,-0.7421520892003362,420.0,0.0,22.1,0.49999999999999994,-0.8660254037844387
2026-02-15T11:00,57.9,25.3,39,9.506573459919075,-1.3360617692166283,1020.0,0.0,13.6,0.258819045102521,-0.9659258262890682
2026-02-15T12:00,44.0,26.8,33,11.325289159640393,-1.9969540431696946,1200.0,0.0,9.1,1.2246467991473532e-16,-1.0
2026-02-15T13:00,37.4,27.7,30,11.916173811447718,-2.1011429497698524,1805.0,0.0,6.4,-0.2588190451025208,-0.9659258262890683
2026-02-15T14:00,32.8,28.1,26,11.880887663355542,-3.1834742547609998,1925.0,0.0,5.5,-0.4999999999999997,-0.8660254037844388
2026-02-15T15:00,29.8,27.9,26,11.18234218735231,-4.070039705575461,1905.0,0.0,5.8,-0.7071067811865471,-0.7071067811865479
2026-02-15T16:00,28.9,27.3,26,10.331908772217808,-4.817848183843975,1755.0,0.0,7.9,-0.8660254037844385,-0.5000000000000004
2026-02-15T17:00,33.3,26.1,28,7.973781149274371,-3.2216167033768426,935.0,0.0,13.9,-0.9659258262890683,-0.25881904510252063
2026-02-15T18:00,42.4,23.9,36,3.604268994871564,-2.523736319944603,205.0,0.0,24.2,-1.0,-1.8369701987210297e-16
2026-02-15T19:00,54.2,23.1,40,0.8986815955253299,-2.1171611629406124,100.0,0.0,38.4,-0.9659258262890684,0.2588190451025203
2026-02-15T20:00,62.9,22.5,42,-1.0724622203665692,-0.8999026535611551,55.0,0.0,48.8,-0.8660254037844386,0.5000000000000001
2026-02-15T21:00,69.8,21.4,45,-0.7117525274902332,1.7616493236768958,35.0,0.0,52.0,-0.7071067811865477,0.7071067811865474
2026-02-15T22:00,76.8,20.3,49,-0.5322281703192691,2.1346505978071924,45.0,0.0,51.4,-0.5000000000000004,0.8660254037844384
2026-02-15T23:00,83.4,19.9,53,-0.497422543533025,-0.33551574208244805,25.0,0.0,50.1,-0.25881904510252157,0.9659258262890681
